ISO-10303-21;
HEADER;
/****************************************************************
 * Generated by software with PDE/Lib inside                    *
 * PDElib Version v51a, created Thu 01/14/2010                  *
 * ITI Transcendata (http://www.transcendata.com/)              *
 ****************************************************************/
FILE_DESCRIPTION((''),'2;1');
FILE_NAME('C:\\Users\\luca brazzarola\\Desktop\\POSTERIORE ALTA.stp','2014-10-02T09:34:58',('Luca Brazzarola'),(''),'Autodesk Inventor 2011','Autodesk Inventor 2011','');
FILE_SCHEMA(('AUTOMOTIVE_DESIGN { 1 0 10303 214 1 1 1 1 }'));
ENDSEC;
DATA;
#5=APPLICATION_CONTEXT('automotive design');
#6=APPLICATION_PROTOCOL_DEFINITION('International Standard','automotive_design',2001,#5);
#7=PRODUCT_CONTEXT('',#5,'mechanical');
#8=PRODUCT('ENG-016438','ENG-016438',$,(#7));
#9=PRODUCT_RELATED_PRODUCT_CATEGORY('part',$,(#8));
#10=PRODUCT_DEFINITION_FORMATION('',$,#8);
#11=PRODUCT_DEFINITION_CONTEXT('part definition',#5,'design');
#12=PRODUCT_DEFINITION('',$,#10,#11);
#18=(NAMED_UNIT(*)PLANE_ANGLE_UNIT()SI_UNIT($,.RADIAN.));
#19=DIMENSIONAL_EXPONENTS(0.0,0.0,0.0,0.0,0.0,0.0,0.0);
#20=PLANE_ANGLE_MEASURE_WITH_UNIT(PLANE_ANGLE_MEASURE(0.017453292500000),#18);
#24=(CONVERSION_BASED_UNIT('DEGREE',#20)NAMED_UNIT(#19)PLANE_ANGLE_UNIT());
#28=(NAMED_UNIT(*)SI_UNIT($,.STERADIAN.)SOLID_ANGLE_UNIT());
#32=(LENGTH_UNIT()NAMED_UNIT(*)SI_UNIT(.MILLI.,.METRE.));
#34=UNCERTAINTY_MEASURE_WITH_UNIT(LENGTH_MEASURE(0.010000000000000),#32,'DISTANCE_ACCURACY_VALUE','');
#36=(GEOMETRIC_REPRESENTATION_CONTEXT(3)GLOBAL_UNCERTAINTY_ASSIGNED_CONTEXT((#34))GLOBAL_UNIT_ASSIGNED_CONTEXT((#24,#28,#32))REPRESENTATION_CONTEXT('None','None'));
#37=AXIS2_PLACEMENT_3D('',#38,#39,#40);
#38=CARTESIAN_POINT('',(0.0,0.0,0.0));
#39=DIRECTION('',(0.0,0.0,1.0));
#40=DIRECTION('',(1.0,0.0,0.0));
#41=SHAPE_REPRESENTATION('',(#37),#36);
#42=PRODUCT_DEFINITION_SHAPE('','',#12);
#43=SHAPE_DEFINITION_REPRESENTATION(#42,#41);
#49=(NAMED_UNIT(*)PLANE_ANGLE_UNIT()SI_UNIT($,.RADIAN.));
#50=DIMENSIONAL_EXPONENTS(0.0,0.0,0.0,0.0,0.0,0.0,0.0);
#51=PLANE_ANGLE_MEASURE_WITH_UNIT(PLANE_ANGLE_MEASURE(0.017453292500000),#49);
#55=(CONVERSION_BASED_UNIT('DEGREE',#51)NAMED_UNIT(#50)PLANE_ANGLE_UNIT());
#59=(NAMED_UNIT(*)SI_UNIT($,.STERADIAN.)SOLID_ANGLE_UNIT());
#63=(LENGTH_UNIT()NAMED_UNIT(*)SI_UNIT(.MILLI.,.METRE.));
#65=UNCERTAINTY_MEASURE_WITH_UNIT(LENGTH_MEASURE(0.000001000000000),#63,'DISTANCE_ACCURACY_VALUE','');
#67=(GEOMETRIC_REPRESENTATION_CONTEXT(3)GLOBAL_UNCERTAINTY_ASSIGNED_CONTEXT((#65))GLOBAL_UNIT_ASSIGNED_CONTEXT((#55,#59,#63))REPRESENTATION_CONTEXT('','3D'));
#68=CARTESIAN_POINT('',(351.650235489665930,812.304388824648070,-609.842242174796980));
#69=DIRECTION('',(0.0,1.0,0.0));
#70=DIRECTION('',(-1.0,0.0,0.0));
#71=AXIS2_PLACEMENT_3D('',#68,#69,#70);
#72=CYLINDRICAL_SURFACE('',#71,15.0);
#73=CARTESIAN_POINT('',(366.650235489665930,857.678336216642040,-609.842242174796980));
#74=VERTEX_POINT('',#73);
#75=CARTESIAN_POINT('',(351.650235489665930,857.678336216642040,-609.842242174796980));
#76=DIRECTION('',(0.0,-1.0,0.0));
#77=DIRECTION('',(-1.0,0.0,0.0));
#78=AXIS2_PLACEMENT_3D('',#75,#76,#77);
#79=CIRCLE('',#78,15.0);
#80=EDGE_CURVE('',#74,#74,#79,.T.);
#81=ORIENTED_EDGE('',*,*,#80,.F.);
#82=EDGE_LOOP('',(#81));
#83=FACE_OUTER_BOUND('',#82,.T.);
#84=CARTESIAN_POINT('',(366.650235489665930,856.678336216642040,-609.842242174796980));
#85=VERTEX_POINT('',#84);
#86=CARTESIAN_POINT('',(351.650235489665930,856.678336216642040,-609.842242174796980));
#87=DIRECTION('',(0.0,1.0,0.0));
#88=DIRECTION('',(-1.0,0.0,0.0));
#89=AXIS2_PLACEMENT_3D('',#86,#87,#88);
#90=CIRCLE('',#89,15.0);
#91=EDGE_CURVE('',#85,#85,#90,.T.);
#92=ORIENTED_EDGE('',*,*,#91,.F.);
#93=EDGE_LOOP('',(#92));
#94=FACE_BOUND('',#93,.T.);
#95=ADVANCED_FACE('',(#83,#94),#72,.F.);
#96=CARTESIAN_POINT('',(351.650235489665930,812.304388824648070,-337.842242174797040));
#97=DIRECTION('',(0.0,1.0,0.0));
#98=DIRECTION('',(-1.0,0.0,0.0));
#99=AXIS2_PLACEMENT_3D('',#96,#97,#98);
#100=CYLINDRICAL_SURFACE('',#99,15.0);
#101=CARTESIAN_POINT('',(366.650235489665930,857.678336216642040,-337.842242174797040));
#102=VERTEX_POINT('',#101);
#103=CARTESIAN_POINT('',(351.650235489665930,857.678336216642040,-337.842242174797040));
#104=DIRECTION('',(0.0,-1.0,0.0));
#105=DIRECTION('',(-1.0,0.0,0.0));
#106=AXIS2_PLACEMENT_3D('',#103,#104,#105);
#107=CIRCLE('',#106,15.0);
#108=EDGE_CURVE('',#102,#102,#107,.T.);
#109=ORIENTED_EDGE('',*,*,#108,.F.);
#110=EDGE_LOOP('',(#109));
#111=FACE_OUTER_BOUND('',#110,.T.);
#112=CARTESIAN_POINT('',(366.650235489665930,856.678336216642040,-337.842242174797040));
#113=VERTEX_POINT('',#112);
#114=CARTESIAN_POINT('',(351.650235489665930,856.678336216642040,-337.842242174797040));
#115=DIRECTION('',(0.0,1.0,0.0));
#116=DIRECTION('',(-1.0,0.0,0.0));
#117=AXIS2_PLACEMENT_3D('',#114,#115,#116);
#118=CIRCLE('',#117,15.0);
#119=EDGE_CURVE('',#113,#113,#118,.T.);
#120=ORIENTED_EDGE('',*,*,#119,.F.);
#121=EDGE_LOOP('',(#120));
#122=FACE_BOUND('',#121,.T.);
#123=ADVANCED_FACE('',(#111,#122),#100,.F.);
#124=CARTESIAN_POINT('',(228.241555576860520,853.178336216642040,-790.322489500956070));
#125=DIRECTION('',(0.0,-1.0,0.0));
#126=DIRECTION('',(1.0,0.0,0.0));
#127=AXIS2_PLACEMENT_3D('',#124,#125,#126);
#128=CYLINDRICAL_SURFACE('',#127,17.500000000000004);
#129=CARTESIAN_POINT('',(210.741555576860520,870.678336216642040,-790.322489500956070));
#130=VERTEX_POINT('',#129);
#131=CARTESIAN_POINT('',(228.241555576860520,870.678336216642040,-790.322489500956070));
#132=DIRECTION('',(0.0,1.0,0.0));
#133=DIRECTION('',(1.0,0.0,0.0));
#134=AXIS2_PLACEMENT_3D('',#131,#132,#133);
#135=CIRCLE('',#134,17.500000000000004);
#136=EDGE_CURVE('',#130,#130,#135,.T.);
#137=ORIENTED_EDGE('',*,*,#136,.F.);
#138=EDGE_LOOP('',(#137));
#139=FACE_OUTER_BOUND('',#138,.T.);
#140=CARTESIAN_POINT('',(210.741555576860520,871.678336216642040,-790.322489500956070));
#141=VERTEX_POINT('',#140);
#142=CARTESIAN_POINT('',(228.241555576860520,871.678336216642040,-790.322489500956070));
#143=DIRECTION('',(0.0,-1.0,0.0));
#144=DIRECTION('',(1.0,0.0,0.0));
#145=AXIS2_PLACEMENT_3D('',#142,#143,#144);
#146=CIRCLE('',#145,17.500000000000004);
#147=EDGE_CURVE('',#141,#141,#146,.T.);
#148=ORIENTED_EDGE('',*,*,#147,.F.);
#149=EDGE_LOOP('',(#148));
#150=FACE_BOUND('',#149,.T.);
#151=ADVANCED_FACE('',(#139,#150),#128,.F.);
#152=CARTESIAN_POINT('',(436.158700208123040,850.758740269635840,-1189.906121249016000));
#153=DIRECTION('',(-0.707106781186548,0.707106781186548,0.0));
#154=DIRECTION('',(0.0,0.0,1.0));
#155=AXIS2_PLACEMENT_3D('',#152,#153,#154);
#156=PLANE('',#155);
#157=CARTESIAN_POINT('',(436.158700210192530,850.758740271705390,-882.602823212878210));
#158=VERTEX_POINT('',#157);
#159=CARTESIAN_POINT('',(449.280020554700230,863.880060616213430,-882.602823212878210));
#160=VERTEX_POINT('',#159);
#161=CARTESIAN_POINT('',(436.158700210192480,850.758740271705510,-882.602823212817040));
#162=DIRECTION('',(0.707106781186549,0.707106781186546,0.0));
#163=VECTOR('',#162,18.556349187444994);
#164=LINE('',#161,#163);
#165=EDGE_CURVE('',#158,#160,#164,.T.);
#166=ORIENTED_EDGE('',*,*,#165,.F.);
#167=CARTESIAN_POINT('',(436.158700208123040,850.758740269635840,-883.602823222154940));
#168=VERTEX_POINT('',#167);
#169=CARTESIAN_POINT('',(436.158700208123040,850.758740269635840,-883.602823222154940));
#170=DIRECTION('',(0.0,0.0,1.0));
#171=VECTOR('',#170,1.000000009276846);
#172=LINE('',#169,#171);
#173=EDGE_CURVE('',#168,#158,#172,.T.);
#174=ORIENTED_EDGE('',*,*,#173,.F.);
#175=CARTESIAN_POINT('',(449.280020552630500,863.880060614143870,-883.602823222129930));
#176=VERTEX_POINT('',#175);
#177=CARTESIAN_POINT('',(449.280020552630670,863.880060614143760,-883.602823222129930));
#178=DIRECTION('',(-0.707106781186544,-0.707106781186551,0.0));
#179=VECTOR('',#178,18.556349187444873);
#180=LINE('',#177,#179);
#181=EDGE_CURVE('',#176,#168,#180,.T.);
#182=ORIENTED_EDGE('',*,*,#181,.F.);
#183=CARTESIAN_POINT('',(449.280020552630500,863.880060614143870,-882.602823212878210));
#184=DIRECTION('',(0.0,0.0,-1.0));
#185=VECTOR('',#184,1.000000009251721);
#186=LINE('',#183,#185);
#187=EDGE_CURVE('',#160,#176,#186,.T.);
#188=ORIENTED_EDGE('',*,*,#187,.F.);
#189=EDGE_LOOP('',(#166,#174,#182,#188));
#190=FACE_OUTER_BOUND('',#189,.T.);
#191=ADVANCED_FACE('',(#190),#156,.F.);
#192=CARTESIAN_POINT('',(436.921084776521070,863.117676034569970,-882.602823212817040));
#193=DIRECTION('',(0.0,0.0,-1.0));
#194=DIRECTION('',(-1.0,0.0,0.0));
#195=AXIS2_PLACEMENT_3D('',#192,#193,#194);
#196=PLANE('',#195);
#197=ORIENTED_EDGE('',*,*,#165,.T.);
#198=CARTESIAN_POINT('',(443.481744958735590,869.678336215663990,-882.602823212890260));
#199=VERTEX_POINT('',#198);
#200=CARTESIAN_POINT('',(443.481744958648330,869.678336215576790,-882.602823212927090));
#201=DIRECTION('',(0.707106781186547,-0.707106781186547,1.386425E-014));
#202=VECTOR('',#201,8.199999988655094);
#203=LINE('',#200,#202);
#204=EDGE_CURVE('',#199,#160,#203,.T.);
#205=ORIENTED_EDGE('',*,*,#204,.F.);
#206=CARTESIAN_POINT('',(430.360424614228010,856.557015871156300,-882.602823212890260));
#207=VERTEX_POINT('',#206);
#208=CARTESIAN_POINT('',(443.481744961231190,869.678336213168340,-882.602823212817040));
#209=DIRECTION('',(-0.707106781186549,-0.707106781186546,0.0));
#210=VECTOR('',#209,18.556349187444674);
#211=LINE('',#208,#210);
#212=EDGE_CURVE('',#199,#207,#211,.T.);
#213=ORIENTED_EDGE('',*,*,#212,.T.);
#214=CARTESIAN_POINT('',(430.360424614140640,856.557015871068870,-882.602823212927090));
#215=DIRECTION('',(0.707106781186544,-0.707106781186551,1.386425E-014));
#216=VECTOR('',#215,8.199999988655055);
#217=LINE('',#214,#216);
#218=EDGE_CURVE('',#207,#158,#217,.T.);
#219=ORIENTED_EDGE('',*,*,#218,.T.);
#220=EDGE_LOOP('',(#197,#205,#213,#219));
#221=FACE_OUTER_BOUND('',#220,.T.);
#222=ADVANCED_FACE('',(#221),#196,.F.);
#223=CARTESIAN_POINT('',(430.360424610780460,856.557015870703030,-883.102823217541070));
#224=DIRECTION('',(0.707106781186551,0.707106781186545,-5.268356E-009));
#225=DIRECTION('',(-7.450581E-009,5.849050E-025,-1.0));
#226=AXIS2_PLACEMENT_3D('',#223,#224,#225);
#227=PLANE('',#226);
#228=ORIENTED_EDGE('',*,*,#173,.T.);
#229=ORIENTED_EDGE('',*,*,#218,.F.);
#230=CARTESIAN_POINT('',(430.360424610619130,856.557015867547420,-883.602823222146300));
#231=VERTEX_POINT('',#230);
#232=CARTESIAN_POINT('',(430.360424612643380,856.557015872566470,-882.602823212890260));
#233=DIRECTION('',(-3.725290E-009,-3.725404E-009,-1.0));
#234=VECTOR('',#233,1.000000009256041);
#235=LINE('',#232,#234);
#236=EDGE_CURVE('',#207,#231,#235,.T.);
#237=ORIENTED_EDGE('',*,*,#236,.T.);
#238=CARTESIAN_POINT('',(430.360424610415350,856.557015867343690,-883.602823222154940));
#239=DIRECTION('',(0.707106781186544,-0.707106781186551,1.386425E-014));
#240=VECTOR('',#239,8.199999988655213);
#241=LINE('',#238,#240);
#242=EDGE_CURVE('',#231,#168,#241,.T.);
#243=ORIENTED_EDGE('',*,*,#242,.T.);
#244=EDGE_LOOP('',(#228,#229,#237,#243));
#245=FACE_OUTER_BOUND('',#244,.T.);
#246=ADVANCED_FACE('',(#245),#227,.F.);
#247=CARTESIAN_POINT('',(303.026615125183980,863.880060606692950,-1189.906121249016000));
#248=DIRECTION('',(0.707106781186548,0.707106781186548,0.0));
#249=DIRECTION('',(0.0,0.0,-1.0));
#250=AXIS2_PLACEMENT_3D('',#247,#248,#249);
#251=PLANE('',#250);
#252=CARTESIAN_POINT('',(303.026615123114420,863.880060608762510,-882.602823213076820));
#253=VERTEX_POINT('',#252);
#254=CARTESIAN_POINT('',(316.147935465828310,850.758740266048330,-882.602823213089320));
#255=VERTEX_POINT('',#254);
#256=CARTESIAN_POINT('',(303.026615123114480,863.880060608762510,-882.602823213263950));
#257=DIRECTION('',(0.707106781186544,-0.707106781186550,0.0));
#258=VECTOR('',#257,18.556349184908129);
#259=LINE('',#256,#258);
#260=EDGE_CURVE('',#253,#255,#259,.T.);
#261=ORIENTED_EDGE('',*,*,#260,.F.);
#262=CARTESIAN_POINT('',(303.026615125183980,863.880060606692950,-883.602823206350080));
#263=VERTEX_POINT('',#262);
#264=CARTESIAN_POINT('',(303.026615125183980,863.880060606692950,-883.602823206350080));
#265=DIRECTION('',(0.0,0.0,1.0));
#266=VECTOR('',#265,0.999999993273264);
#267=LINE('',#264,#266);
#268=EDGE_CURVE('',#263,#253,#267,.T.);
#269=ORIENTED_EDGE('',*,*,#268,.F.);
#270=CARTESIAN_POINT('',(316.147935469691500,850.758740262185030,-883.602823205814050));
#271=VERTEX_POINT('',#270);
#272=CARTESIAN_POINT('',(316.147935469691790,850.758740262185260,-883.602823205814050));
#273=DIRECTION('',(-0.707106781186551,0.707106781186544,0.0));
#274=VECTOR('',#273,18.556349187444873);
#275=LINE('',#272,#274);
#276=EDGE_CURVE('',#271,#263,#275,.T.);
#277=ORIENTED_EDGE('',*,*,#276,.F.);
#278=CARTESIAN_POINT('',(316.147935469691500,850.758740262185030,-882.602823213089320));
#279=DIRECTION('',(0.0,0.0,-1.0));
#280=VECTOR('',#279,0.999999992724725);
#281=LINE('',#278,#280);
#282=EDGE_CURVE('',#255,#271,#281,.T.);
#283=ORIENTED_EDGE('',*,*,#282,.F.);
#284=EDGE_LOOP('',(#261,#269,#277,#283));
#285=FACE_OUTER_BOUND('',#284,.T.);
#286=ADVANCED_FACE('',(#285),#251,.F.);
#287=CARTESIAN_POINT('',(315.385550908744560,863.117676042020090,-882.602823213263950));
#288=DIRECTION('',(0.0,0.0,-1.0));
#289=DIRECTION('',(-1.0,0.0,0.0));
#290=AXIS2_PLACEMENT_3D('',#287,#288,#289);
#291=PLANE('',#290);
#292=ORIENTED_EDGE('',*,*,#260,.T.);
#293=CARTESIAN_POINT('',(321.946211072083200,856.557015879885740,-882.602823213041460));
#294=VERTEX_POINT('',#293);
#295=CARTESIAN_POINT('',(321.946211072286990,856.557015879682010,-882.602823212927090));
#296=DIRECTION('',(-0.707106781186534,-0.707106781186561,0.0));
#297=VECTOR('',#296,8.200000006104432);
#298=LINE('',#295,#297);
#299=EDGE_CURVE('',#294,#255,#298,.T.);
#300=ORIENTED_EDGE('',*,*,#299,.F.);
#301=CARTESIAN_POINT('',(308.824890731266860,869.678336220925080,-882.602823213042940));
#302=VERTEX_POINT('',#301);
#303=CARTESIAN_POINT('',(321.946211071524710,856.557015879327310,-882.602823213263950));
#304=DIRECTION('',(-0.707106781186549,0.707106781186546,0.0));
#305=VECTOR('',#304,18.556349182382110);
#306=LINE('',#303,#305);
#307=EDGE_CURVE('',#294,#302,#306,.T.);
#308=ORIENTED_EDGE('',*,*,#307,.T.);
#309=CARTESIAN_POINT('',(308.824890731616220,869.678336220575830,-882.602823212927090));
#310=DIRECTION('',(-0.707106781186541,-0.707106781186554,0.0));
#311=VECTOR('',#310,8.200000006261915);
#312=LINE('',#309,#311);
#313=EDGE_CURVE('',#302,#253,#312,.T.);
#314=ORIENTED_EDGE('',*,*,#313,.T.);
#315=EDGE_LOOP('',(#292,#300,#308,#314));
#316=FACE_OUTER_BOUND('',#315,.T.);
#317=ADVANCED_FACE('',(#316),#291,.F.);
#318=CARTESIAN_POINT('',(308.824890733702030,869.678336218937030,-883.102823209638930));
#319=DIRECTION('',(0.707106781186551,-0.707106781186545,5.268356E-009));
#320=DIRECTION('',(7.450581E-009,5.849050E-025,-1.0));
#321=AXIS2_PLACEMENT_3D('',#318,#319,#320);
#322=PLANE('',#321);
#323=ORIENTED_EDGE('',*,*,#268,.T.);
#324=ORIENTED_EDGE('',*,*,#313,.F.);
#325=CARTESIAN_POINT('',(308.824890735026090,869.678336216942510,-883.602823206167730));
#326=VERTEX_POINT('',#325);
#327=CARTESIAN_POINT('',(308.824890731839500,869.678336220799110,-882.602823213042940));
#328=DIRECTION('',(3.725290E-009,-3.725177E-009,-1.0));
#329=VECTOR('',#328,0.999999993124902);
#330=LINE('',#327,#329);
#331=EDGE_CURVE('',#302,#326,#330,.T.);
#332=ORIENTED_EDGE('',*,*,#331,.T.);
#333=CARTESIAN_POINT('',(308.824890735229810,869.678336216738900,-883.602823206350080));
#334=DIRECTION('',(-0.707106781186548,-0.707106781186548,0.0));
#335=VECTOR('',#334,8.200000006103950);
#336=LINE('',#333,#335);
#337=EDGE_CURVE('',#326,#263,#336,.T.);
#338=ORIENTED_EDGE('',*,*,#337,.T.);
#339=EDGE_LOOP('',(#323,#324,#332,#338));
#340=FACE_OUTER_BOUND('',#339,.T.);
#341=ADVANCED_FACE('',(#340),#322,.F.);
#342=CARTESIAN_POINT('',(315.385550908744560,863.117676042020090,-883.602823205814050));
#343=DIRECTION('',(0.0,0.0,1.0));
#344=DIRECTION('',(1.0,0.0,0.0));
#345=AXIS2_PLACEMENT_3D('',#342,#343,#344);
#346=PLANE('',#345);
#347=ORIENTED_EDGE('',*,*,#276,.T.);
#348=ORIENTED_EDGE('',*,*,#337,.F.);
#349=CARTESIAN_POINT('',(321.946211079300950,856.557015872667760,-883.602823206166700));
#350=VERTEX_POINT('',#349);
#351=CARTESIAN_POINT('',(308.824890734467770,869.678336216384200,-883.602823205814050));
#352=DIRECTION('',(0.707106781186546,-0.707106781186549,0.0));
#353=VECTOR('',#352,18.556349187115480);
#354=LINE('',#351,#353);
#355=EDGE_CURVE('',#326,#350,#354,.T.);
#356=ORIENTED_EDGE('',*,*,#355,.T.);
#357=CARTESIAN_POINT('',(321.946211079737620,856.557015872231090,-883.602823206350080));
#358=DIRECTION('',(-0.707106781186551,-0.707106781186544,0.0));
#359=VECTOR('',#358,8.200000006104313);
#360=LINE('',#357,#359);
#361=EDGE_CURVE('',#350,#271,#360,.T.);
#362=ORIENTED_EDGE('',*,*,#361,.T.);
#363=EDGE_LOOP('',(#347,#348,#356,#362));
#364=FACE_OUTER_BOUND('',#363,.T.);
#365=ADVANCED_FACE('',(#364),#346,.F.);
#366=CARTESIAN_POINT('',(321.946211076346970,856.557015876291080,-883.102823209638930));
#367=DIRECTION('',(-0.707106781186550,0.707106781186545,-0.000000010536712));
#368=DIRECTION('',(-0.000000014901161,1.169810E-024,1.000000000000000));
#369=AXIS2_PLACEMENT_3D('',#366,#367,#368);
#370=PLANE('',#369);
#371=ORIENTED_EDGE('',*,*,#282,.T.);
#372=ORIENTED_EDGE('',*,*,#361,.F.);
#373=CARTESIAN_POINT('',(321.946211080072600,856.557015872566470,-883.602823206166700));
#374=DIRECTION('',(-7.450581E-009,7.450581E-009,1.0));
#375=VECTOR('',#374,0.999999993125243);
#376=LINE('',#373,#375);
#377=EDGE_CURVE('',#350,#294,#376,.T.);
#378=ORIENTED_EDGE('',*,*,#377,.T.);
#379=ORIENTED_EDGE('',*,*,#299,.T.);
#380=EDGE_LOOP('',(#371,#372,#378,#379));
#381=FACE_OUTER_BOUND('',#380,.T.);
#382=ADVANCED_FACE('',(#381),#370,.F.);
#383=CARTESIAN_POINT('',(315.385550902230530,863.117676050408020,-881.602823212926980));
#384=DIRECTION('',(0.707106781186548,-0.707106781186548,0.0));
#385=DIRECTION('',(0.707106781186547,0.707106781186547,0.0));
#386=AXIS2_PLACEMENT_3D('',#383,#384,#385);
#387=CYLINDRICAL_SURFACE('',#386,1.000000000000001);
#388=ORIENTED_EDGE('',*,*,#307,.F.);
#389=CARTESIAN_POINT('',(322.653317858448530,857.264122663256330,-881.602823212926980));
#390=VERTEX_POINT('',#389);
#391=CARTESIAN_POINT('',(321.946211072622020,856.557015880017050,-881.602823212926980));
#392=DIRECTION('',(-0.707106781186547,0.707106781186547,0.0));
#393=DIRECTION('',(0.707106781186547,0.707106781186547,0.0));
#394=AXIS2_PLACEMENT_3D('',#391,#392,#393);
#395=CIRCLE('',#394,1.000000000000001);
#396=EDGE_CURVE('',#390,#294,#395,.T.);
#397=ORIENTED_EDGE('',*,*,#396,.F.);
#398=CARTESIAN_POINT('',(309.531997516799720,870.385443004905030,-881.602823212926980));
#399=VERTEX_POINT('',#398);
#400=CARTESIAN_POINT('',(322.653317874223030,857.264122679030950,-881.602823212926980));
#401=DIRECTION('',(-0.707106781186548,0.707106781186548,0.0));
#402=VECTOR('',#401,18.556349183401561);
#403=LINE('',#400,#402);
#404=EDGE_CURVE('',#390,#399,#403,.T.);
#405=ORIENTED_EDGE('',*,*,#404,.T.);
#406=CARTESIAN_POINT('',(308.824890731839500,869.678336220799110,-881.602823212926980));
#407=DIRECTION('',(-0.707106781186547,0.707106781186547,0.0));
#408=DIRECTION('',(0.707106781186547,0.707106781186547,0.0));
#409=AXIS2_PLACEMENT_3D('',#406,#407,#408);
#410=CIRCLE('',#409,1.000000000000001);
#411=EDGE_CURVE('',#399,#302,#410,.T.);
#412=ORIENTED_EDGE('',*,*,#411,.T.);
#413=EDGE_LOOP('',(#388,#397,#405,#412));
#414=FACE_OUTER_BOUND('',#413,.T.);
#415=ADVANCED_FACE('',(#414),#387,.F.);
#416=CARTESIAN_POINT('',(309.885550903156510,870.738996388391120,-881.602823212926980));
#417=DIRECTION('',(0.707106777461257,-0.707106784911838,0.0));
#418=DIRECTION('',(0.0,0.0,-1.0));
#419=AXIS2_PLACEMENT_3D('',#416,#417,#418);
#420=PLANE('',#419);
#421=ORIENTED_EDGE('',*,*,#331,.F.);
#422=ORIENTED_EDGE('',*,*,#411,.F.);
#423=CARTESIAN_POINT('',(310.239104297523400,871.092549780351990,-881.602823212926980));
#424=VERTEX_POINT('',#423);
#425=CARTESIAN_POINT('',(309.531997516372660,870.385443005332040,-881.602823212926980));
#426=DIRECTION('',(0.707106784911781,0.707106777461314,0.0));
#427=VECTOR('',#426,0.999999995614240);
#428=LINE('',#425,#427);
#429=EDGE_CURVE('',#399,#424,#428,.T.);
#430=ORIENTED_EDGE('',*,*,#429,.T.);
#431=CARTESIAN_POINT('',(308.824890735565020,869.678336217074050,-881.602823212926980));
#432=DIRECTION('',(-0.707106781186548,0.707106781186548,0.0));
#433=DIRECTION('',(0.707106781186548,0.707106781186548,0.0));
#434=AXIS2_PLACEMENT_3D('',#431,#432,#433);
#435=CIRCLE('',#434,1.999999993422451);
#436=EDGE_CURVE('',#424,#326,#435,.T.);
#437=ORIENTED_EDGE('',*,*,#436,.T.);
#438=EDGE_LOOP('',(#421,#422,#430,#437));
#439=FACE_OUTER_BOUND('',#438,.T.);
#440=ADVANCED_FACE('',(#439),#420,.F.);
#441=CARTESIAN_POINT('',(315.385550907818470,863.117676044819970,-881.602823212926980));
#442=DIRECTION('',(0.707106781186548,-0.707106781186548,0.0));
#443=DIRECTION('',(0.707106781186548,0.707106781186548,0.0));
#444=AXIS2_PLACEMENT_3D('',#441,#442,#443);
#445=CYLINDRICAL_SURFACE('',#444,1.999999993422451);
#446=ORIENTED_EDGE('',*,*,#355,.F.);
#447=ORIENTED_EDGE('',*,*,#436,.F.);
#448=CARTESIAN_POINT('',(323.360424641765520,857.971229436109520,-881.602823212926980));
#449=VERTEX_POINT('',#448);
#450=CARTESIAN_POINT('',(310.239104309128890,871.092549791957480,-881.602823212926980));
#451=DIRECTION('',(0.707106781186547,-0.707106781186547,0.0));
#452=VECTOR('',#451,18.556349187069380);
#453=LINE('',#450,#452);
#454=EDGE_CURVE('',#424,#449,#453,.T.);
#455=ORIENTED_EDGE('',*,*,#454,.T.);
#456=CARTESIAN_POINT('',(321.946211080072490,856.557015872566010,-881.602823212926980));
#457=DIRECTION('',(-0.707106781186548,0.707106781186548,0.0));
#458=DIRECTION('',(0.707106781186548,0.707106781186548,0.0));
#459=AXIS2_PLACEMENT_3D('',#456,#457,#458);
#460=CIRCLE('',#459,1.999999993422451);
#461=EDGE_CURVE('',#449,#350,#460,.T.);
#462=ORIENTED_EDGE('',*,*,#461,.T.);
#463=EDGE_LOOP('',(#446,#447,#455,#462));
#464=FACE_OUTER_BOUND('',#463,.T.);
#465=ADVANCED_FACE('',(#464),#445,.T.);
#466=CARTESIAN_POINT('',(323.006871245801450,857.617676045746070,-881.602823212926980));
#467=DIRECTION('',(-0.707106773735967,0.707106788637128,0.0));
#468=DIRECTION('',(0.0,0.0,1.0));
#469=AXIS2_PLACEMENT_3D('',#466,#467,#468);
#470=PLANE('',#469);
#471=ORIENTED_EDGE('',*,*,#377,.F.);
#472=ORIENTED_EDGE('',*,*,#461,.F.);
#473=CARTESIAN_POINT('',(322.653317857154950,857.264122664549860,-881.602823212926980));
#474=DIRECTION('',(0.707106788637157,0.707106773735938,0.0));
#475=VECTOR('',#474,0.999999995613878);
#476=LINE('',#473,#475);
#477=EDGE_CURVE('',#390,#449,#476,.T.);
#478=ORIENTED_EDGE('',*,*,#477,.F.);
#479=ORIENTED_EDGE('',*,*,#396,.T.);
#480=EDGE_LOOP('',(#471,#472,#478,#479));
#481=FACE_OUTER_BOUND('',#480,.T.);
#482=ADVANCED_FACE('',(#481),#470,.F.);
#483=CARTESIAN_POINT('',(294.039104348387980,871.178336217999000,-881.602823212926980));
#484=DIRECTION('',(0.0,0.0,1.0));
#485=DIRECTION('',(1.0,0.0,0.0));
#486=AXIS2_PLACEMENT_3D('',#483,#484,#485);
#487=PLANE('',#486);
#488=ORIENTED_EDGE('',*,*,#477,.T.);
#489=CARTESIAN_POINT('',(324.067531417539040,857.678336217456830,-881.602823212926980));
#490=VERTEX_POINT('',#489);
#491=CARTESIAN_POINT('',(324.067531417539040,858.678336216642040,-881.602823212926980));
#492=DIRECTION('',(0.0,0.0,1.0));
#493=DIRECTION('',(-0.382683432365070,-0.923879532511295,0.0));
#494=AXIS2_PLACEMENT_3D('',#491,#492,#493);
#495=CIRCLE('',#494,1.000000000000000);
#496=EDGE_CURVE('',#449,#490,#495,.T.);
#497=ORIENTED_EDGE('',*,*,#496,.T.);
#498=CARTESIAN_POINT('',(324.067531417539040,856.678336217456830,-881.602823212926980));
#499=VERTEX_POINT('',#498);
#500=CARTESIAN_POINT('',(324.067531417539040,857.678336217456720,-881.602823212926980));
#501=DIRECTION('',(0.0,-1.0,0.0));
#502=VECTOR('',#501,0.999999999999886);
#503=LINE('',#500,#502);
#504=EDGE_CURVE('',#490,#499,#503,.T.);
#505=ORIENTED_EDGE('',*,*,#504,.T.);
#506=CARTESIAN_POINT('',(324.067531417539040,858.678336216642040,-881.602823212926980));
#507=DIRECTION('',(0.0,0.0,-1.0));
#508=DIRECTION('',(-0.382683432365092,-0.923879532511286,0.0));
#509=AXIS2_PLACEMENT_3D('',#506,#507,#508);
#510=CIRCLE('',#509,2.000000000000000);
#511=EDGE_CURVE('',#499,#390,#510,.T.);
#512=ORIENTED_EDGE('',*,*,#511,.T.);
#513=EDGE_LOOP('',(#488,#497,#505,#512));
#514=FACE_OUTER_BOUND('',#513,.T.);
#515=ADVANCED_FACE('',(#514),#487,.F.);
#516=CARTESIAN_POINT('',(303.824890730420010,865.478336217979860,-882.352823212954950));
#517=DIRECTION('',(-0.707106781187899,0.707106781185196,0.0));
#518=DIRECTION('',(0.0,0.0,1.0));
#519=AXIS2_PLACEMENT_3D('',#516,#517,#518);
#520=PLANE('',#519);
#521=CARTESIAN_POINT('',(299.824890730420010,861.478336217964970,-882.602823211604000));
#522=VERTEX_POINT('',#521);
#523=CARTESIAN_POINT('',(307.824890730420010,869.478336217996000,-882.602823211574100));
#524=VERTEX_POINT('',#523);
#525=CARTESIAN_POINT('',(299.824890730419610,861.478336217965310,-882.602823211604350));
#526=DIRECTION('',(0.707106781185196,0.707106781187899,2.703071E-012));
#527=VECTOR('',#526,11.313708499006706);
#528=LINE('',#525,#527);
#529=EDGE_CURVE('',#522,#524,#528,.T.);
#530=ORIENTED_EDGE('',*,*,#529,.F.);
#531=CARTESIAN_POINT('',(299.824890730420010,861.478336217964970,-883.602823211604000));
#532=VERTEX_POINT('',#531);
#533=CARTESIAN_POINT('',(299.824890730420010,861.478336217964970,-883.602823211604000));
#534=DIRECTION('',(0.0,0.0,1.0));
#535=VECTOR('',#534,0.999999999999886);
#536=LINE('',#533,#535);
#537=EDGE_CURVE('',#532,#522,#536,.T.);
#538=ORIENTED_EDGE('',*,*,#537,.F.);
#539=CARTESIAN_POINT('',(307.824890730420010,869.478336217996000,-883.602823211573990));
#540=VERTEX_POINT('',#539);
#541=CARTESIAN_POINT('',(307.824890730419840,869.478336217996230,-883.602823211573880));
#542=DIRECTION('',(-0.707106781185198,-0.707106781187896,-2.693023E-012));
#543=VECTOR('',#542,11.313708499006747);
#544=LINE('',#541,#543);
#545=EDGE_CURVE('',#540,#532,#544,.T.);
#546=ORIENTED_EDGE('',*,*,#545,.F.);
#547=CARTESIAN_POINT('',(307.824890730420010,869.478336217996000,-882.602823211574100));
#548=DIRECTION('',(0.0,0.0,-1.0));
#549=VECTOR('',#548,1.0);
#550=LINE('',#547,#549);
#551=EDGE_CURVE('',#524,#540,#550,.T.);
#552=ORIENTED_EDGE('',*,*,#551,.F.);
#553=EDGE_LOOP('',(#530,#538,#546,#552));
#554=FACE_OUTER_BOUND('',#553,.T.);
#555=ADVANCED_FACE('',(#554),#520,.F.);
#556=CARTESIAN_POINT('',(307.824890730420010,871.178336217999000,-881.602823212926980));
#557=DIRECTION('',(-1.0,0.0,0.0));
#558=DIRECTION('',(0.0,0.0,1.0));
#559=AXIS2_PLACEMENT_3D('',#556,#557,#558);
#560=PLANE('',#559);
#561=ORIENTED_EDGE('',*,*,#551,.T.);
#562=CARTESIAN_POINT('',(307.824890730420010,869.678336217995820,-883.602823212024650));
#563=VERTEX_POINT('',#562);
#564=CARTESIAN_POINT('',(307.824890730420010,869.678336217995930,-883.602823211573990));
#565=DIRECTION('',(0.0,-1.0,0.0));
#566=VECTOR('',#565,0.199999999999818);
#567=LINE('',#564,#566);
#568=EDGE_CURVE('',#563,#540,#567,.T.);
#569=ORIENTED_EDGE('',*,*,#568,.F.);
#570=CARTESIAN_POINT('',(307.824890730421370,871.678336217065180,-881.602823212926980));
#571=VERTEX_POINT('',#570);
#572=CARTESIAN_POINT('',(307.824890730425520,869.678336217996050,-881.602823212926980));
#573=DIRECTION('',(-1.0,0.0,0.0));
#574=DIRECTION('',(0.0,1.0,0.0));
#575=AXIS2_PLACEMENT_3D('',#572,#573,#574);
#576=CIRCLE('',#575,2.0);
#577=EDGE_CURVE('',#571,#563,#576,.T.);
#578=ORIENTED_EDGE('',*,*,#577,.F.);
#579=CARTESIAN_POINT('',(307.824890730421370,870.678336217065180,-881.602823212926980));
#580=VERTEX_POINT('',#579);
#581=CARTESIAN_POINT('',(307.824890730420010,870.678336217065070,-881.602823212926980));
#582=DIRECTION('',(0.0,1.0,0.0));
#583=VECTOR('',#582,1.000000000000114);
#584=LINE('',#581,#583);
#585=EDGE_CURVE('',#580,#571,#584,.T.);
#586=ORIENTED_EDGE('',*,*,#585,.F.);
#587=CARTESIAN_POINT('',(307.824890730420010,869.678336217995820,-882.602823212024650));
#588=VERTEX_POINT('',#587);
#589=CARTESIAN_POINT('',(307.824890730425520,869.678336217996050,-881.602823212926980));
#590=DIRECTION('',(-1.0,0.0,0.0));
#591=DIRECTION('',(0.0,1.0,0.0));
#592=AXIS2_PLACEMENT_3D('',#589,#590,#591);
#593=CIRCLE('',#592,1.0);
#594=EDGE_CURVE('',#580,#588,#593,.T.);
#595=ORIENTED_EDGE('',*,*,#594,.T.);
#596=CARTESIAN_POINT('',(307.824890730420010,869.678336217995930,-882.602823211574100));
#597=DIRECTION('',(0.0,-1.0,0.0));
#598=VECTOR('',#597,0.199999999999818);
#599=LINE('',#596,#598);
#600=EDGE_CURVE('',#588,#524,#599,.T.);
#601=ORIENTED_EDGE('',*,*,#600,.T.);
#602=EDGE_LOOP('',(#561,#569,#578,#586,#595,#601));
#603=FACE_OUTER_BOUND('',#602,.T.);
#604=ADVANCED_FACE('',(#603),#560,.F.);
#605=CARTESIAN_POINT('',(131.233223153644190,869.678336217320980,-882.602823212248040));
#606=DIRECTION('',(3.822387E-012,1.460105E-023,-1.0));
#607=DIRECTION('',(-1.0,0.0,-3.822387E-012));
#608=AXIS2_PLACEMENT_3D('',#605,#606,#607);
#609=PLANE('',#608);
#610=ORIENTED_EDGE('',*,*,#529,.T.);
#611=ORIENTED_EDGE('',*,*,#600,.F.);
#612=CARTESIAN_POINT('',(-46.358444423135296,869.678336216642040,-882.602823212927090));
#613=VERTEX_POINT('',#612);
#614=CARTESIAN_POINT('',(307.824890730420010,869.678336217995710,-882.602823211573310));
#615=DIRECTION('',(-1.0,-3.822587E-012,-3.822587E-012));
#616=VECTOR('',#615,354.183335153555280);
#617=LINE('',#614,#616);
#618=EDGE_CURVE('',#588,#613,#617,.T.);
#619=ORIENTED_EDGE('',*,*,#618,.T.);
#620=CARTESIAN_POINT('',(-46.358444423097097,861.478336216641990,-882.602823212927090));
#621=VERTEX_POINT('',#620);
#622=CARTESIAN_POINT('',(-46.358444423135296,869.678336216642040,-882.602823212927090));
#623=DIRECTION('',(3.818734E-012,-1.0,0.0));
#624=VECTOR('',#623,8.199999999999932);
#625=LINE('',#622,#624);
#626=EDGE_CURVE('',#613,#621,#625,.T.);
#627=ORIENTED_EDGE('',*,*,#626,.T.);
#628=CARTESIAN_POINT('',(299.824890730420010,861.478336217965080,-882.602823211604000));
#629=DIRECTION('',(-1.0,-3.822584E-012,-3.822255E-012));
#630=VECTOR('',#629,346.183335153517080);
#631=LINE('',#628,#630);
#632=EDGE_CURVE('',#522,#621,#631,.T.);
#633=ORIENTED_EDGE('',*,*,#632,.F.);
#634=EDGE_LOOP('',(#610,#611,#619,#627,#633));
#635=FACE_OUTER_BOUND('',#634,.T.);
#636=ADVANCED_FACE('',(#635),#609,.F.);
#637=CARTESIAN_POINT('',(436.921084772795550,863.117676030844000,-883.602823222129930));
#638=DIRECTION('',(0.0,0.0,1.0));
#639=DIRECTION('',(1.0,0.0,0.0));
#640=AXIS2_PLACEMENT_3D('',#637,#638,#639);
#641=PLANE('',#640);
#642=ORIENTED_EDGE('',*,*,#181,.T.);
#643=ORIENTED_EDGE('',*,*,#242,.F.);
#644=CARTESIAN_POINT('',(443.481744955126490,869.678336212055000,-883.602823222146300));
#645=VERTEX_POINT('',#644);
#646=CARTESIAN_POINT('',(430.360424613114670,856.557015865051880,-883.602823222129930));
#647=DIRECTION('',(0.707106781186548,0.707106781186548,0.0));
#648=VECTOR('',#647,18.556349187444471);
#649=LINE('',#646,#648);
#650=EDGE_CURVE('',#231,#645,#649,.T.);
#651=ORIENTED_EDGE('',*,*,#650,.T.);
#652=CARTESIAN_POINT('',(443.481744954922590,869.678336211851050,-883.602823222154940));
#653=DIRECTION('',(0.707106781186548,-0.707106781186548,1.386425E-014));
#654=VECTOR('',#653,8.199999988654932);
#655=LINE('',#652,#654);
#656=EDGE_CURVE('',#645,#176,#655,.T.);
#657=ORIENTED_EDGE('',*,*,#656,.T.);
#658=EDGE_LOOP('',(#642,#643,#651,#657));
#659=FACE_OUTER_BOUND('',#658,.T.);
#660=ADVANCED_FACE('',(#659),#641,.F.);
#661=CARTESIAN_POINT('',(443.481744955288040,869.678336215210950,-883.102823216223900));
#662=DIRECTION('',(-0.707106781186551,-0.707106781186545,5.268356E-009));
#663=DIRECTION('',(7.450581E-009,-5.849050E-025,1.0));
#664=AXIS2_PLACEMENT_3D('',#661,#662,#663);
#665=PLANE('',#664);
#666=ORIENTED_EDGE('',*,*,#187,.T.);
#667=ORIENTED_EDGE('',*,*,#656,.F.);
#668=CARTESIAN_POINT('',(443.481744953425560,869.678336213348980,-883.602823222146300));
#669=DIRECTION('',(3.725233E-009,3.725404E-009,1.0));
#670=VECTOR('',#669,1.000000009256041);
#671=LINE('',#668,#670);
#672=EDGE_CURVE('',#645,#199,#671,.T.);
#673=ORIENTED_EDGE('',*,*,#672,.T.);
#674=ORIENTED_EDGE('',*,*,#204,.T.);
#675=EDGE_LOOP('',(#666,#667,#673,#674));
#676=FACE_OUTER_BOUND('',#675,.T.);
#677=ADVANCED_FACE('',(#676),#665,.F.);
#678=CARTESIAN_POINT('',(436.921084784897000,863.117676044819970,-881.602823212926980));
#679=DIRECTION('',(0.707106781186548,0.707106781186548,0.0));
#680=DIRECTION('',(-0.707106781186547,0.707106781186547,1.137568E-013));
#681=AXIS2_PLACEMENT_3D('',#678,#679,#680);
#682=CYLINDRICAL_SURFACE('',#681,1.000000000000001);
#683=ORIENTED_EDGE('',*,*,#212,.F.);
#684=CARTESIAN_POINT('',(442.774638177525730,870.385442995413770,-881.602823212926980));
#685=VERTEX_POINT('',#684);
#686=CARTESIAN_POINT('',(443.481744957151080,869.678336217074050,-881.602823212926980));
#687=DIRECTION('',(-0.707106781186547,-0.707106781186547,0.0));
#688=DIRECTION('',(-0.707106781186547,0.707106781186547,1.137568E-013));
#689=AXIS2_PLACEMENT_3D('',#686,#687,#688);
#690=CIRCLE('',#689,1.000000000000001);
#691=EDGE_CURVE('',#685,#199,#690,.T.);
#692=ORIENTED_EDGE('',*,*,#691,.F.);
#693=CARTESIAN_POINT('',(429.653317833283720,857.264122651171760,-881.602823212926980));
#694=VERTEX_POINT('',#693);
#695=CARTESIAN_POINT('',(442.774638188403970,870.385442984535530,-881.602823212926980));
#696=DIRECTION('',(-0.707106781186548,-0.707106781186548,0.0));
#697=VECTOR('',#696,18.556349187069056);
#698=LINE('',#695,#697);
#699=EDGE_CURVE('',#685,#694,#698,.T.);
#700=ORIENTED_EDGE('',*,*,#699,.T.);
#701=CARTESIAN_POINT('',(430.360424612643500,856.557015872566010,-881.602823212926980));
#702=DIRECTION('',(-0.707106781186547,-0.707106781186547,0.0));
#703=DIRECTION('',(-0.707106781186547,0.707106781186547,1.137568E-013));
#704=AXIS2_PLACEMENT_3D('',#701,#702,#703);
#705=CIRCLE('',#704,1.000000000000001);
#706=EDGE_CURVE('',#694,#207,#705,.T.);
#707=ORIENTED_EDGE('',*,*,#706,.T.);
#708=EDGE_LOOP('',(#683,#692,#700,#707));
#709=FACE_OUTER_BOUND('',#708,.T.);
#710=ADVANCED_FACE('',(#709),#682,.F.);
#711=CARTESIAN_POINT('',(429.299764435738500,857.617676045746070,-881.602823212926980));
#712=DIRECTION('',(0.707106777461257,0.707106784911838,5.993113E-022));
#713=DIRECTION('',(0.0,0.0,-1.0));
#714=AXIS2_PLACEMENT_3D('',#711,#712,#713);
#715=PLANE('',#714);
#716=ORIENTED_EDGE('',*,*,#236,.F.);
#717=ORIENTED_EDGE('',*,*,#706,.F.);
#718=CARTESIAN_POINT('',(428.946211047035600,857.971229430460770,-881.602823212926980));
#719=VERTEX_POINT('',#718);
#720=CARTESIAN_POINT('',(428.946211047166910,857.971229430592080,-881.602823212926980));
#721=DIRECTION('',(0.707106784911809,-0.707106777461286,0.0));
#722=VECTOR('',#721,1.000000002237347);
#723=LINE('',#720,#722);
#724=EDGE_CURVE('',#719,#694,#723,.T.);
#725=ORIENTED_EDGE('',*,*,#724,.F.);
#726=CARTESIAN_POINT('',(430.360424608918040,856.557015868841060,-881.602823212926980));
#727=DIRECTION('',(-0.707106781186548,-0.707106781186548,0.0));
#728=DIRECTION('',(-0.707106781186548,0.707106781186548,1.137568E-013));
#729=AXIS2_PLACEMENT_3D('',#726,#727,#728);
#730=CIRCLE('',#729,2.000000009227517);
#731=EDGE_CURVE('',#719,#231,#730,.T.);
#732=ORIENTED_EDGE('',*,*,#731,.T.);
#733=EDGE_LOOP('',(#716,#717,#725,#732));
#734=FACE_OUTER_BOUND('',#733,.T.);
#735=ADVANCED_FACE('',(#734),#715,.F.);
#736=CARTESIAN_POINT('',(436.921084781172060,863.117676041095020,-881.602823212926980));
#737=DIRECTION('',(0.707106781186548,0.707106781186548,0.0));
#738=DIRECTION('',(-0.707106781186548,0.707106781186548,1.137568E-013));
#739=AXIS2_PLACEMENT_3D('',#736,#737,#738);
#740=CYLINDRICAL_SURFACE('',#739,2.000000009227517);
#741=ORIENTED_EDGE('',*,*,#650,.F.);
#742=ORIENTED_EDGE('',*,*,#731,.F.);
#743=CARTESIAN_POINT('',(442.067531390885510,871.092549774310560,-881.602823212926980));
#744=VERTEX_POINT('',#743);
#745=CARTESIAN_POINT('',(428.946211064947250,857.971229412549060,-881.602823212926980));
#746=DIRECTION('',(0.707106781186544,0.707106781186551,0.0));
#747=VECTOR('',#746,18.556349186514453);
#748=LINE('',#745,#747);
#749=EDGE_CURVE('',#719,#744,#748,.T.);
#750=ORIENTED_EDGE('',*,*,#749,.T.);
#751=CARTESIAN_POINT('',(443.481744953425560,869.678336213348080,-881.602823212926980));
#752=DIRECTION('',(-0.707106781186548,-0.707106781186548,0.0));
#753=DIRECTION('',(-0.707106781186548,0.707106781186548,1.137568E-013));
#754=AXIS2_PLACEMENT_3D('',#751,#752,#753);
#755=CIRCLE('',#754,2.000000009227517);
#756=EDGE_CURVE('',#744,#645,#755,.T.);
#757=ORIENTED_EDGE('',*,*,#756,.T.);
#758=EDGE_LOOP('',(#741,#742,#750,#757));
#759=FACE_OUTER_BOUND('',#758,.T.);
#760=ADVANCED_FACE('',(#759),#740,.T.);
#761=CARTESIAN_POINT('',(442.421084780245960,870.738996390253080,-881.602823212926980));
#762=DIRECTION('',(-0.707106777461257,-0.707106784911838,-5.993113E-022));
#763=DIRECTION('',(0.0,0.0,1.0));
#764=AXIS2_PLACEMENT_3D('',#761,#762,#763);
#765=PLANE('',#764);
#766=ORIENTED_EDGE('',*,*,#672,.F.);
#767=ORIENTED_EDGE('',*,*,#756,.F.);
#768=CARTESIAN_POINT('',(442.067531391674490,871.092549775099430,-881.602823212926980));
#769=DIRECTION('',(0.707106784911838,-0.707106777461257,0.0));
#770=VECTOR('',#769,1.000000002237226);
#771=LINE('',#768,#770);
#772=EDGE_CURVE('',#744,#685,#771,.T.);
#773=ORIENTED_EDGE('',*,*,#772,.T.);
#774=ORIENTED_EDGE('',*,*,#691,.T.);
#775=EDGE_LOOP('',(#766,#767,#773,#774));
#776=FACE_OUTER_BOUND('',#775,.T.);
#777=ADVANCED_FACE('',(#776),#765,.F.);
#778=CARTESIAN_POINT('',(294.039104348387980,871.178336217999000,-881.602823212926980));
#779=DIRECTION('',(0.0,0.0,1.0));
#780=DIRECTION('',(1.0,0.0,0.0));
#781=AXIS2_PLACEMENT_3D('',#778,#779,#780);
#782=PLANE('',#781);
#783=ORIENTED_EDGE('',*,*,#724,.T.);
#784=CARTESIAN_POINT('',(428.239104266196990,856.678336217317790,-881.602823212926980));
#785=VERTEX_POINT('',#784);
#786=CARTESIAN_POINT('',(428.239104265874460,858.678336216642040,-881.602823212926980));
#787=DIRECTION('',(0.0,0.0,-1.0));
#788=DIRECTION('',(0.382683432365092,-0.923879532511286,0.0));
#789=AXIS2_PLACEMENT_3D('',#786,#787,#788);
#790=CIRCLE('',#789,2.000000000000000);
#791=EDGE_CURVE('',#694,#785,#790,.T.);
#792=ORIENTED_EDGE('',*,*,#791,.T.);
#793=CARTESIAN_POINT('',(428.239104260757360,857.678336217319270,-881.602823212926980));
#794=VERTEX_POINT('',#793);
#795=CARTESIAN_POINT('',(428.239104260275550,857.678336217319160,-881.602823212926980));
#796=DIRECTION('',(5.599077E-009,-1.0,0.0));
#797=VECTOR('',#796,1.000000000001478);
#798=LINE('',#795,#797);
#799=EDGE_CURVE('',#794,#785,#798,.T.);
#800=ORIENTED_EDGE('',*,*,#799,.F.);
#801=CARTESIAN_POINT('',(428.239104260275550,858.678336216642040,-881.602823212926980));
#802=DIRECTION('',(0.0,0.0,1.0));
#803=DIRECTION('',(0.382683432365070,-0.923879532511295,0.0));
#804=AXIS2_PLACEMENT_3D('',#801,#802,#803);
#805=CIRCLE('',#804,1.000000000000000);
#806=EDGE_CURVE('',#794,#719,#805,.T.);
#807=ORIENTED_EDGE('',*,*,#806,.T.);
#808=EDGE_LOOP('',(#783,#792,#800,#807));
#809=FACE_OUTER_BOUND('',#808,.T.);
#810=ADVANCED_FACE('',(#809),#782,.F.);
#811=CARTESIAN_POINT('',(448.481744950883520,865.478336217885040,-883.102823528678980));
#812=DIRECTION('',(0.707106781202721,0.707106781170374,-2.815791E-009));
#813=DIRECTION('',(-3.982129E-009,-2.924525E-025,-1.0));
#814=AXIS2_PLACEMENT_3D('',#811,#812,#813);
#815=PLANE('',#814);
#816=CARTESIAN_POINT('',(452.481744948801070,861.478336217793980,-883.602823213132980));
#817=VERTEX_POINT('',#816);
#818=CARTESIAN_POINT('',(444.481744948983530,869.478336217975990,-883.602823212950060));
#819=VERTEX_POINT('',#818);
#820=CARTESIAN_POINT('',(452.481744948800670,861.478336217793530,-883.602823213133430));
#821=DIRECTION('',(-0.707106781170377,0.707106781202718,1.617823E-011));
#822=VECTOR('',#821,11.313708498984399);
#823=LINE('',#820,#822);
#824=EDGE_CURVE('',#817,#819,#823,.T.);
#825=ORIENTED_EDGE('',*,*,#824,.F.);
#826=CARTESIAN_POINT('',(452.481744952783060,861.478336217793980,-882.602823211775100));
#827=VERTEX_POINT('',#826);
#828=CARTESIAN_POINT('',(452.481744952783060,861.478336217793980,-882.602823211775100));
#829=DIRECTION('',(-3.982109E-009,0.0,-1.0));
#830=VECTOR('',#829,1.000000001357762);
#831=LINE('',#828,#830);
#832=EDGE_CURVE('',#827,#817,#831,.T.);
#833=ORIENTED_EDGE('',*,*,#832,.F.);
#834=CARTESIAN_POINT('',(444.481744952965980,869.478336217975990,-882.602823211592980));
#835=VERTEX_POINT('',#834);
#836=CARTESIAN_POINT('',(444.481744952966100,869.478336217976110,-882.602823211592410));
#837=DIRECTION('',(0.707106781170367,-0.707106781202728,-1.617823E-011));
#838=VECTOR('',#837,11.313708498984077);
#839=LINE('',#836,#838);
#840=EDGE_CURVE('',#835,#827,#839,.T.);
#841=ORIENTED_EDGE('',*,*,#840,.F.);
#842=CARTESIAN_POINT('',(444.481744948983990,869.478336217975990,-883.602823212950060));
#843=DIRECTION('',(3.982166E-009,0.0,1.0));
#844=VECTOR('',#843,1.000000001357080);
#845=LINE('',#842,#844);
#846=EDGE_CURVE('',#819,#835,#845,.T.);
#847=ORIENTED_EDGE('',*,*,#846,.F.);
#848=EDGE_LOOP('',(#825,#833,#841,#847));
#849=FACE_OUTER_BOUND('',#848,.T.);
#850=ADVANCED_FACE('',(#849),#815,.F.);
#851=CARTESIAN_POINT('',(294.039104348124970,861.478336221417070,-883.102823209508870));
#852=DIRECTION('',(2.287151E-011,1.0,0.0));
#853=DIRECTION('',(0.0,0.0,1.0));
#854=AXIS2_PLACEMENT_3D('',#851,#852,#853);
#855=PLANE('',#854);
#856=ORIENTED_EDGE('',*,*,#832,.T.);
#857=CARTESIAN_POINT('',(502.841555576676740,861.478336216641760,-883.602823213379450));
#858=VERTEX_POINT('',#857);
#859=CARTESIAN_POINT('',(452.481744948801070,861.478336217793870,-883.602823213133210));
#860=DIRECTION('',(1.0,-2.286839E-011,-2.287065E-011));
#861=VECTOR('',#860,50.359810627875731);
#862=LINE('',#859,#861);
#863=EDGE_CURVE('',#817,#858,#862,.T.);
#864=ORIENTED_EDGE('',*,*,#863,.T.);
#865=CARTESIAN_POINT('',(502.841555576608020,861.478336216641990,-882.602823212927090));
#866=VERTEX_POINT('',#865);
#867=CARTESIAN_POINT('',(502.841555576584940,861.478336216641990,-883.602823213379450));
#868=DIRECTION('',(2.307843E-011,0.0,1.0));
#869=VECTOR('',#868,1.000000000452474);
#870=LINE('',#867,#869);
#871=EDGE_CURVE('',#858,#866,#870,.T.);
#872=ORIENTED_EDGE('',*,*,#871,.T.);
#873=CARTESIAN_POINT('',(502.841555576608020,861.478336216641540,-882.602823212927660));
#874=DIRECTION('',(-1.0,2.287516E-011,2.287516E-011));
#875=VECTOR('',#874,50.359810623824956);
#876=LINE('',#873,#875);
#877=EDGE_CURVE('',#866,#827,#876,.T.);
#878=ORIENTED_EDGE('',*,*,#877,.T.);
#879=EDGE_LOOP('',(#856,#864,#872,#878));
#880=FACE_OUTER_BOUND('',#879,.T.);
#881=ADVANCED_FACE('',(#880),#855,.F.);
#882=CARTESIAN_POINT('',(473.161650264903980,869.678336217320980,-882.602823212249060));
#883=DIRECTION('',(-2.287151E-011,5.231580E-022,-1.0));
#884=DIRECTION('',(-1.0,0.0,2.287151E-011));
#885=AXIS2_PLACEMENT_3D('',#882,#883,#884);
#886=PLANE('',#885);
#887=ORIENTED_EDGE('',*,*,#840,.T.);
#888=ORIENTED_EDGE('',*,*,#877,.F.);
#889=CARTESIAN_POINT('',(502.841555576837040,869.678336216642040,-882.602823212927090));
#890=VERTEX_POINT('',#889);
#891=CARTESIAN_POINT('',(502.841555576837040,869.678336216642040,-882.602823212927090));
#892=DIRECTION('',(-2.286908E-011,-1.0,0.0));
#893=VECTOR('',#892,8.199999999999932);
#894=LINE('',#891,#893);
#895=EDGE_CURVE('',#890,#866,#894,.T.);
#896=ORIENTED_EDGE('',*,*,#895,.F.);
#897=CARTESIAN_POINT('',(444.481744954740580,869.678336217976490,-882.602823212037490));
#898=VERTEX_POINT('',#897);
#899=CARTESIAN_POINT('',(502.841555576837040,869.678336216641360,-882.602823212927660));
#900=DIRECTION('',(-1.0,2.287186E-011,2.287186E-011));
#901=VECTOR('',#900,58.359810622096461);
#902=LINE('',#899,#901);
#903=EDGE_CURVE('',#890,#898,#902,.T.);
#904=ORIENTED_EDGE('',*,*,#903,.T.);
#905=CARTESIAN_POINT('',(444.481744952970470,869.678336217976490,-882.602823211592980));
#906=DIRECTION('',(-2.273737E-011,-1.0,0.0));
#907=VECTOR('',#906,0.200000000000500);
#908=LINE('',#905,#907);
#909=EDGE_CURVE('',#898,#835,#908,.T.);
#910=ORIENTED_EDGE('',*,*,#909,.T.);
#911=EDGE_LOOP('',(#887,#888,#896,#904,#910));
#912=FACE_OUTER_BOUND('',#911,.T.);
#913=ADVANCED_FACE('',(#912),#886,.F.);
#914=CARTESIAN_POINT('',(473.161650262900930,869.678336217320980,-883.602823213606030));
#915=DIRECTION('',(2.287151E-011,-5.231580E-022,1.0));
#916=DIRECTION('',(1.0,0.0,-2.287151E-011));
#917=AXIS2_PLACEMENT_3D('',#914,#915,#916);
#918=PLANE('',#917);
#919=ORIENTED_EDGE('',*,*,#824,.T.);
#920=CARTESIAN_POINT('',(444.481744952528060,869.678336217976950,-883.602823212942330));
#921=VERTEX_POINT('',#920);
#922=CARTESIAN_POINT('',(444.481744948988020,869.678336217976950,-883.602823212950060));
#923=DIRECTION('',(-2.273737E-011,-1.0,0.0));
#924=VECTOR('',#923,0.200000000000955);
#925=LINE('',#922,#924);
#926=EDGE_CURVE('',#921,#819,#925,.T.);
#927=ORIENTED_EDGE('',*,*,#926,.F.);
#928=CARTESIAN_POINT('',(502.841555576829360,869.678336216641810,-883.602823213379450));
#929=VERTEX_POINT('',#928);
#930=CARTESIAN_POINT('',(444.481744952528120,869.678336217976830,-883.602823212950280));
#931=DIRECTION('',(1.0,-2.286991E-011,-2.286991E-011));
#932=VECTOR('',#931,58.359810624301247);
#933=LINE('',#930,#932);
#934=EDGE_CURVE('',#921,#929,#933,.T.);
#935=ORIENTED_EDGE('',*,*,#934,.T.);
#936=CARTESIAN_POINT('',(502.841555576814070,869.678336216641920,-883.602823212926980));
#937=DIRECTION('',(-2.286908E-011,-1.0,0.0));
#938=VECTOR('',#937,8.200000000000159);
#939=LINE('',#936,#938);
#940=EDGE_CURVE('',#929,#858,#939,.T.);
#941=ORIENTED_EDGE('',*,*,#940,.T.);
#942=ORIENTED_EDGE('',*,*,#863,.F.);
#943=EDGE_LOOP('',(#919,#927,#935,#941,#942));
#944=FACE_OUTER_BOUND('',#943,.T.);
#945=ADVANCED_FACE('',(#944),#918,.F.);
#946=CARTESIAN_POINT('',(473.161650264903980,869.678336217320980,-881.602823212926980));
#947=DIRECTION('',(1.0,-2.287151E-011,0.0));
#948=DIRECTION('',(2.287151E-011,1.0,2.270943E-013));
#949=AXIS2_PLACEMENT_3D('',#946,#947,#948);
#950=CYLINDRICAL_SURFACE('',#949,1.0);
#951=ORIENTED_EDGE('',*,*,#903,.F.);
#952=CARTESIAN_POINT('',(502.841555576860060,870.678336216642040,-881.602823212926980));
#953=VERTEX_POINT('',#952);
#954=CARTESIAN_POINT('',(502.841555576837040,869.678336216642040,-881.602823212926980));
#955=DIRECTION('',(-1.0,2.287151E-011,0.0));
#956=DIRECTION('',(2.287151E-011,1.0,2.270943E-013));
#957=AXIS2_PLACEMENT_3D('',#954,#955,#956);
#958=CIRCLE('',#957,1.0);
#959=EDGE_CURVE('',#953,#890,#958,.T.);
#960=ORIENTED_EDGE('',*,*,#959,.F.);
#961=CARTESIAN_POINT('',(444.481744953491560,870.678336217059150,-881.602823212926980));
#962=VERTEX_POINT('',#961);
#963=CARTESIAN_POINT('',(444.481744953491560,870.678336216642040,-881.602823212926980));
#964=DIRECTION('',(1.0,0.0,0.0));
#965=VECTOR('',#964,58.359810623368503);
#966=LINE('',#963,#965);
#967=EDGE_CURVE('',#962,#953,#966,.T.);
#968=ORIENTED_EDGE('',*,*,#967,.F.);
#969=CARTESIAN_POINT('',(444.481744956953040,869.678336217976950,-881.602823212926980));
#970=DIRECTION('',(-1.0,-3.959144E-009,-9.042932E-022));
#971=DIRECTION('',(-3.959144E-009,1.0,2.270943E-013));
#972=AXIS2_PLACEMENT_3D('',#969,#970,#971);
#973=CIRCLE('',#972,1.0);
#974=EDGE_CURVE('',#962,#898,#973,.T.);
#975=ORIENTED_EDGE('',*,*,#974,.T.);
#976=EDGE_LOOP('',(#951,#960,#968,#975));
#977=FACE_OUTER_BOUND('',#976,.T.);
#978=ADVANCED_FACE('',(#977),#950,.F.);
#979=CARTESIAN_POINT('',(444.481744950979530,869.678336217976950,-883.102823216909090));
#980=DIRECTION('',(1.0,-2.287379E-011,-3.982129E-009));
#981=DIRECTION('',(-3.982129E-009,0.0,-1.0));
#982=AXIS2_PLACEMENT_3D('',#979,#980,#981);
#983=PLANE('',#982);
#984=ORIENTED_EDGE('',*,*,#846,.T.);
#985=ORIENTED_EDGE('',*,*,#909,.F.);
#986=ORIENTED_EDGE('',*,*,#974,.F.);
#987=CARTESIAN_POINT('',(444.481744949715050,871.678336217535390,-881.602823212926980));
#988=VERTEX_POINT('',#987);
#989=CARTESIAN_POINT('',(444.481744949034410,871.678336217535500,-881.602823212926980));
#990=DIRECTION('',(3.959144E-009,-1.0,0.0));
#991=VECTOR('',#990,1.000000000476348);
#992=LINE('',#989,#991);
#993=EDGE_CURVE('',#988,#962,#992,.T.);
#994=ORIENTED_EDGE('',*,*,#993,.F.);
#995=CARTESIAN_POINT('',(444.481744956953040,869.678336217976950,-881.602823212926980));
#996=DIRECTION('',(-1.0,-3.959144E-009,-9.042932E-022));
#997=DIRECTION('',(-3.959144E-009,1.0,2.270943E-013));
#998=AXIS2_PLACEMENT_3D('',#995,#996,#997);
#999=CIRCLE('',#998,2.0);
#1000=EDGE_CURVE('',#988,#921,#999,.T.);
#1001=ORIENTED_EDGE('',*,*,#1000,.T.);
#1002=ORIENTED_EDGE('',*,*,#926,.T.);
#1003=EDGE_LOOP('',(#984,#985,#986,#994,#1001,#1002));
#1004=FACE_OUTER_BOUND('',#1003,.T.);
#1005=ADVANCED_FACE('',(#1004),#983,.F.);
#1006=CARTESIAN_POINT('',(473.161650262900930,869.678336217320980,-881.602823212926980));
#1007=DIRECTION('',(1.0,-2.287151E-011,0.0));
#1008=DIRECTION('',(2.287151E-011,1.0,2.270943E-013));
#1009=AXIS2_PLACEMENT_3D('',#1006,#1007,#1008);
#1010=CYLINDRICAL_SURFACE('',#1009,2.0);
#1011=ORIENTED_EDGE('',*,*,#934,.F.);
#1012=ORIENTED_EDGE('',*,*,#1000,.F.);
#1013=CARTESIAN_POINT('',(502.841555576859950,871.678336216913520,-881.602823212926980));
#1014=VERTEX_POINT('',#1013);
#1015=CARTESIAN_POINT('',(444.481744949715050,871.678336218000030,-881.602823212926980));
#1016=DIRECTION('',(1.0,0.0,0.0));
#1017=VECTOR('',#1016,58.359810627144896);
#1018=LINE('',#1015,#1017);
#1019=EDGE_CURVE('',#988,#1014,#1018,.T.);
#1020=ORIENTED_EDGE('',*,*,#1019,.T.);
#1021=CARTESIAN_POINT('',(502.841555576814070,869.678336216642040,-881.602823212926980));
#1022=DIRECTION('',(-1.0,2.287151E-011,0.0));
#1023=DIRECTION('',(2.287151E-011,1.0,2.270943E-013));
#1024=AXIS2_PLACEMENT_3D('',#1021,#1022,#1023);
#1025=CIRCLE('',#1024,2.0);
#1026=EDGE_CURVE('',#1014,#929,#1025,.T.);
#1027=ORIENTED_EDGE('',*,*,#1026,.T.);
#1028=EDGE_LOOP('',(#1011,#1012,#1020,#1027));
#1029=FACE_OUTER_BOUND('',#1028,.T.);
#1030=ADVANCED_FACE('',(#1029),#1010,.T.);
#1031=CARTESIAN_POINT('',(502.841555576860060,871.178336216642040,-881.602823212926980));
#1032=DIRECTION('',(-1.0,0.0,0.0));
#1033=DIRECTION('',(0.0,0.0,1.0));
#1034=AXIS2_PLACEMENT_3D('',#1031,#1032,#1033);
#1035=PLANE('',#1034);
#1036=ORIENTED_EDGE('',*,*,#1026,.F.);
#1037=CARTESIAN_POINT('',(502.841555576860060,870.678336216642040,-881.602823212926980));
#1038=DIRECTION('',(-2.273737E-013,1.0,0.0));
#1039=VECTOR('',#1038,1.000000000271484);
#1040=LINE('',#1037,#1039);
#1041=EDGE_CURVE('',#953,#1014,#1040,.T.);
#1042=ORIENTED_EDGE('',*,*,#1041,.F.);
#1043=ORIENTED_EDGE('',*,*,#959,.T.);
#1044=ORIENTED_EDGE('',*,*,#895,.T.);
#1045=ORIENTED_EDGE('',*,*,#871,.F.);
#1046=ORIENTED_EDGE('',*,*,#940,.F.);
#1047=EDGE_LOOP('',(#1036,#1042,#1043,#1044,#1045,#1046));
#1048=FACE_OUTER_BOUND('',#1047,.T.);
#1049=ADVANCED_FACE('',(#1048),#1035,.F.);
#1050=CARTESIAN_POINT('',(294.039104348387980,871.178336217999000,-881.602823212926980));
#1051=DIRECTION('',(0.0,0.0,1.0));
#1052=DIRECTION('',(1.0,0.0,0.0));
#1053=AXIS2_PLACEMENT_3D('',#1050,#1051,#1052);
#1054=PLANE('',#1053);
#1055=ORIENTED_EDGE('',*,*,#1041,.T.);
#1056=CARTESIAN_POINT('',(504.841555576860060,869.678336216642040,-881.602823212926980));
#1057=VERTEX_POINT('',#1056);
#1058=CARTESIAN_POINT('',(502.841555576860060,869.678336216642040,-881.602823212926980));
#1059=DIRECTION('',(0.0,0.0,-1.0));
#1060=DIRECTION('',(0.0,1.0,0.0));
#1061=AXIS2_PLACEMENT_3D('',#1058,#1059,#1060);
#1062=CIRCLE('',#1061,2.0);
#1063=EDGE_CURVE('',#1014,#1057,#1062,.T.);
#1064=ORIENTED_EDGE('',*,*,#1063,.T.);
#1065=CARTESIAN_POINT('',(504.841555576860060,861.478336227135060,-881.602823212926980));
#1066=VERTEX_POINT('',#1065);
#1067=CARTESIAN_POINT('',(504.841555576860060,869.678336216642040,-881.602823212926980));
#1068=DIRECTION('',(0.0,-1.0,0.0));
#1069=VECTOR('',#1068,8.199999989506978);
#1070=LINE('',#1067,#1069);
#1071=EDGE_CURVE('',#1057,#1066,#1070,.T.);
#1072=ORIENTED_EDGE('',*,*,#1071,.T.);
#1073=CARTESIAN_POINT('',(503.841555576860060,861.478336227135060,-881.602823212926980));
#1074=VERTEX_POINT('',#1073);
#1075=CARTESIAN_POINT('',(503.841555576860060,861.478336227135060,-881.602823212926980));
#1076=DIRECTION('',(1.0,0.0,0.0));
#1077=VECTOR('',#1076,1.0);
#1078=LINE('',#1075,#1077);
#1079=EDGE_CURVE('',#1074,#1066,#1078,.T.);
#1080=ORIENTED_EDGE('',*,*,#1079,.F.);
#1081=CARTESIAN_POINT('',(503.841555576860060,869.678336216642040,-881.602823212926980));
#1082=VERTEX_POINT('',#1081);
#1083=CARTESIAN_POINT('',(503.841555576860060,869.678336216642040,-881.602823212926980));
#1084=DIRECTION('',(0.0,-1.0,0.0));
#1085=VECTOR('',#1084,8.199999989506978);
#1086=LINE('',#1083,#1085);
#1087=EDGE_CURVE('',#1082,#1074,#1086,.T.);
#1088=ORIENTED_EDGE('',*,*,#1087,.F.);
#1089=CARTESIAN_POINT('',(502.841555576860060,869.678336216642040,-881.602823212926980));
#1090=DIRECTION('',(0.0,0.0,-1.0));
#1091=DIRECTION('',(0.0,1.0,0.0));
#1092=AXIS2_PLACEMENT_3D('',#1089,#1090,#1091);
#1093=CIRCLE('',#1092,1.0);
#1094=EDGE_CURVE('',#953,#1082,#1093,.T.);
#1095=ORIENTED_EDGE('',*,*,#1094,.F.);
#1096=EDGE_LOOP('',(#1055,#1064,#1072,#1080,#1088,#1095));
#1097=FACE_OUTER_BOUND('',#1096,.T.);
#1098=ADVANCED_FACE('',(#1097),#1054,.F.);
#1099=CARTESIAN_POINT('',(294.039104348387980,871.178336217999000,-881.602823212926980));
#1100=DIRECTION('',(0.0,0.0,1.0));
#1101=DIRECTION('',(1.0,0.0,0.0));
#1102=AXIS2_PLACEMENT_3D('',#1099,#1100,#1101);
#1103=PLANE('',#1102);
#1104=ORIENTED_EDGE('',*,*,#772,.F.);
#1105=CARTESIAN_POINT('',(443.481744949034520,871.678336216642040,-881.602823212926980));
#1106=VERTEX_POINT('',#1105);
#1107=CARTESIAN_POINT('',(443.481744949034520,869.678336212683010,-881.602823212926980));
#1108=DIRECTION('',(0.0,0.0,-1.0));
#1109=DIRECTION('',(-0.382683432365092,0.923879532511286,0.0));
#1110=AXIS2_PLACEMENT_3D('',#1107,#1108,#1109);
#1111=CIRCLE('',#1110,2.000000003959155);
#1112=EDGE_CURVE('',#744,#1106,#1111,.T.);
#1113=ORIENTED_EDGE('',*,*,#1112,.T.);
#1114=CARTESIAN_POINT('',(443.481744949034520,871.678336216642040,-881.602823212926980));
#1115=DIRECTION('',(1.0,0.0,0.0));
#1116=VECTOR('',#1115,1.000000000680473);
#1117=LINE('',#1114,#1116);
#1118=EDGE_CURVE('',#1106,#988,#1117,.T.);
#1119=ORIENTED_EDGE('',*,*,#1118,.T.);
#1120=ORIENTED_EDGE('',*,*,#993,.T.);
#1121=CARTESIAN_POINT('',(443.481744952994060,870.678336216642040,-881.602823212926980));
#1122=VERTEX_POINT('',#1121);
#1123=CARTESIAN_POINT('',(444.481744953491560,870.678336216642040,-881.602823212926980));
#1124=DIRECTION('',(-1.0,0.0,0.0));
#1125=VECTOR('',#1124,1.000000000497494);
#1126=LINE('',#1123,#1125);
#1127=EDGE_CURVE('',#962,#1122,#1126,.T.);
#1128=ORIENTED_EDGE('',*,*,#1127,.T.);
#1129=CARTESIAN_POINT('',(443.481744952994060,869.678336216642040,-881.602823212926980));
#1130=DIRECTION('',(0.0,0.0,1.0));
#1131=DIRECTION('',(-0.382683432365070,0.923879532511295,0.0));
#1132=AXIS2_PLACEMENT_3D('',#1129,#1130,#1131);
#1133=CIRCLE('',#1132,1.000000000000000);
#1134=EDGE_CURVE('',#1122,#685,#1133,.T.);
#1135=ORIENTED_EDGE('',*,*,#1134,.T.);
#1136=EDGE_LOOP('',(#1104,#1113,#1119,#1120,#1128,#1135));
#1137=FACE_OUTER_BOUND('',#1136,.T.);
#1138=ADVANCED_FACE('',(#1137),#1103,.F.);
#1139=CARTESIAN_POINT('',(376.153317838907470,855.678336217999910,-883.602823212926980));
#1140=DIRECTION('',(0.0,0.0,1.0));
#1141=DIRECTION('',(1.0,0.0,0.0));
#1142=AXIS2_PLACEMENT_3D('',#1139,#1140,#1141);
#1143=PLANE('',#1142);
#1144=CARTESIAN_POINT('',(324.067531417539040,847.478336217998960,-883.602823212926980));
#1145=VERTEX_POINT('',#1144);
#1146=CARTESIAN_POINT('',(428.239104260275550,847.478336217998960,-883.602823212926980));
#1147=VERTEX_POINT('',#1146);
#1148=CARTESIAN_POINT('',(324.067531417539040,847.478336217998960,-883.602823212926980));
#1149=DIRECTION('',(1.0,0.0,0.0));
#1150=VECTOR('',#1149,104.171572842736510);
#1151=LINE('',#1148,#1150);
#1152=EDGE_CURVE('',#1145,#1147,#1151,.T.);
#1153=ORIENTED_EDGE('',*,*,#1152,.F.);
#1154=CARTESIAN_POINT('',(324.067531417539040,855.678336217999910,-883.602823212926980));
#1155=VERTEX_POINT('',#1154);
#1156=CARTESIAN_POINT('',(324.067531417539040,855.678336217999910,-883.602823212926980));
#1157=DIRECTION('',(0.0,-1.0,0.0));
#1158=VECTOR('',#1157,8.200000000000955);
#1159=LINE('',#1156,#1158);
#1160=EDGE_CURVE('',#1155,#1145,#1159,.T.);
#1161=ORIENTED_EDGE('',*,*,#1160,.F.);
#1162=CARTESIAN_POINT('',(428.239104260275550,855.678336217999910,-883.602823212926980));
#1163=VERTEX_POINT('',#1162);
#1164=CARTESIAN_POINT('',(324.067531417539040,855.678336217999910,-883.602823212926980));
#1165=DIRECTION('',(1.0,0.0,0.0));
#1166=VECTOR('',#1165,104.171572842736510);
#1167=LINE('',#1164,#1166);
#1168=EDGE_CURVE('',#1155,#1163,#1167,.T.);
#1169=ORIENTED_EDGE('',*,*,#1168,.T.);
#1170=CARTESIAN_POINT('',(428.239104260275550,855.678336217999910,-883.602823212926980));
#1171=DIRECTION('',(0.0,-1.0,0.0));
#1172=VECTOR('',#1171,8.200000000000955);
#1173=LINE('',#1170,#1172);
#1174=EDGE_CURVE('',#1163,#1147,#1173,.T.);
#1175=ORIENTED_EDGE('',*,*,#1174,.T.);
#1176=EDGE_LOOP('',(#1153,#1161,#1169,#1175));
#1177=FACE_OUTER_BOUND('',#1176,.T.);
#1178=ADVANCED_FACE('',(#1177),#1143,.F.);
#1179=CARTESIAN_POINT('',(376.153317841707010,855.678336217999910,-882.602823212927090));
#1180=DIRECTION('',(0.0,0.0,-1.0));
#1181=DIRECTION('',(-1.0,0.0,0.0));
#1182=AXIS2_PLACEMENT_3D('',#1179,#1180,#1181);
#1183=PLANE('',#1182);
#1184=CARTESIAN_POINT('',(428.239104265874460,847.478336217998960,-882.602823212927090));
#1185=VERTEX_POINT('',#1184);
#1186=CARTESIAN_POINT('',(324.067531417539040,847.478336217998960,-882.602823212927090));
#1187=VERTEX_POINT('',#1186);
#1188=CARTESIAN_POINT('',(428.239104265874460,847.478336217998960,-882.602823212927090));
#1189=DIRECTION('',(-1.0,0.0,0.0));
#1190=VECTOR('',#1189,104.171572848335420);
#1191=LINE('',#1188,#1190);
#1192=EDGE_CURVE('',#1185,#1187,#1191,.T.);
#1193=ORIENTED_EDGE('',*,*,#1192,.F.);
#1194=CARTESIAN_POINT('',(428.239104265874460,855.678336217999910,-882.602823212927090));
#1195=VERTEX_POINT('',#1194);
#1196=CARTESIAN_POINT('',(428.239104265874460,855.678336217999910,-882.602823212927090));
#1197=DIRECTION('',(0.0,-1.0,0.0));
#1198=VECTOR('',#1197,8.200000000000955);
#1199=LINE('',#1196,#1198);
#1200=EDGE_CURVE('',#1195,#1185,#1199,.T.);
#1201=ORIENTED_EDGE('',*,*,#1200,.F.);
#1202=CARTESIAN_POINT('',(324.067531417539040,855.678336217999910,-882.602823212927090));
#1203=VERTEX_POINT('',#1202);
#1204=CARTESIAN_POINT('',(428.239104265874460,855.678336217999910,-882.602823212927090));
#1205=DIRECTION('',(-1.0,0.0,0.0));
#1206=VECTOR('',#1205,104.171572848335420);
#1207=LINE('',#1204,#1206);
#1208=EDGE_CURVE('',#1195,#1203,#1207,.T.);
#1209=ORIENTED_EDGE('',*,*,#1208,.T.);
#1210=CARTESIAN_POINT('',(324.067531417539040,855.678336217999910,-882.602823212927090));
#1211=DIRECTION('',(0.0,-1.0,0.0));
#1212=VECTOR('',#1211,8.200000000000955);
#1213=LINE('',#1210,#1212);
#1214=EDGE_CURVE('',#1203,#1187,#1213,.T.);
#1215=ORIENTED_EDGE('',*,*,#1214,.T.);
#1216=EDGE_LOOP('',(#1193,#1201,#1209,#1215));
#1217=FACE_OUTER_BOUND('',#1216,.T.);
#1218=ADVANCED_FACE('',(#1217),#1183,.F.);
#1219=CARTESIAN_POINT('',(376.153317841707010,855.678336217999910,-881.602823212926980));
#1220=DIRECTION('',(1.0,0.0,0.0));
#1221=DIRECTION('',(0.0,1.0,0.0));
#1222=AXIS2_PLACEMENT_3D('',#1219,#1220,#1221);
#1223=CYLINDRICAL_SURFACE('',#1222,1.0);
#1224=ORIENTED_EDGE('',*,*,#1208,.F.);
#1225=CARTESIAN_POINT('',(428.239104265874460,855.678336217999910,-881.602823212926980));
#1226=DIRECTION('',(-1.0,0.0,0.0));
#1227=DIRECTION('',(0.0,1.0,0.0));
#1228=AXIS2_PLACEMENT_3D('',#1225,#1226,#1227);
#1229=CIRCLE('',#1228,1.0);
#1230=EDGE_CURVE('',#785,#1195,#1229,.T.);
#1231=ORIENTED_EDGE('',*,*,#1230,.F.);
#1232=CARTESIAN_POINT('',(428.239104266196990,856.678336218000030,-881.602823212926980));
#1233=DIRECTION('',(-1.0,0.0,0.0));
#1234=VECTOR('',#1233,104.171572848657950);
#1235=LINE('',#1232,#1234);
#1236=EDGE_CURVE('',#785,#499,#1235,.T.);
#1237=ORIENTED_EDGE('',*,*,#1236,.T.);
#1238=CARTESIAN_POINT('',(324.067531417539040,855.678336217999910,-881.602823212926980));
#1239=DIRECTION('',(-1.0,0.0,0.0));
#1240=DIRECTION('',(0.0,1.0,0.0));
#1241=AXIS2_PLACEMENT_3D('',#1238,#1239,#1240);
#1242=CIRCLE('',#1241,1.0);
#1243=EDGE_CURVE('',#499,#1203,#1242,.T.);
#1244=ORIENTED_EDGE('',*,*,#1243,.T.);
#1245=EDGE_LOOP('',(#1224,#1231,#1237,#1244));
#1246=FACE_OUTER_BOUND('',#1245,.T.);
#1247=ADVANCED_FACE('',(#1246),#1223,.F.);
#1248=CARTESIAN_POINT('',(324.067531417539040,857.178336217999000,-881.602823212926980));
#1249=DIRECTION('',(1.0,0.0,0.0));
#1250=DIRECTION('',(0.0,0.0,-1.0));
#1251=AXIS2_PLACEMENT_3D('',#1248,#1249,#1250);
#1252=PLANE('',#1251);
#1253=ORIENTED_EDGE('',*,*,#1243,.F.);
#1254=ORIENTED_EDGE('',*,*,#504,.F.);
#1255=CARTESIAN_POINT('',(324.067531417539040,855.678336217999910,-881.602823212926980));
#1256=DIRECTION('',(-1.0,0.0,0.0));
#1257=DIRECTION('',(0.0,1.0,0.0));
#1258=AXIS2_PLACEMENT_3D('',#1255,#1256,#1257);
#1259=CIRCLE('',#1258,2.0);
#1260=EDGE_CURVE('',#490,#1155,#1259,.T.);
#1261=ORIENTED_EDGE('',*,*,#1260,.T.);
#1262=ORIENTED_EDGE('',*,*,#1160,.T.);
#1263=CARTESIAN_POINT('',(324.067531417539040,847.478336217998960,-882.602823212927090));
#1264=DIRECTION('',(0.0,0.0,-1.0));
#1265=VECTOR('',#1264,0.999999999999886);
#1266=LINE('',#1263,#1265);
#1267=EDGE_CURVE('',#1187,#1145,#1266,.T.);
#1268=ORIENTED_EDGE('',*,*,#1267,.F.);
#1269=ORIENTED_EDGE('',*,*,#1214,.F.);
#1270=EDGE_LOOP('',(#1253,#1254,#1261,#1262,#1268,#1269));
#1271=FACE_OUTER_BOUND('',#1270,.T.);
#1272=ADVANCED_FACE('',(#1271),#1252,.F.);
#1273=CARTESIAN_POINT('',(376.153317838907470,855.678336217999910,-881.602823212926980));
#1274=DIRECTION('',(1.0,0.0,0.0));
#1275=DIRECTION('',(0.0,1.0,0.0));
#1276=AXIS2_PLACEMENT_3D('',#1273,#1274,#1275);
#1277=CYLINDRICAL_SURFACE('',#1276,2.0);
#1278=ORIENTED_EDGE('',*,*,#1168,.F.);
#1279=ORIENTED_EDGE('',*,*,#1260,.F.);
#1280=CARTESIAN_POINT('',(324.067531417539040,857.678336217999910,-881.602823212926980));
#1281=DIRECTION('',(1.0,0.0,0.0));
#1282=VECTOR('',#1281,104.171572843218310);
#1283=LINE('',#1280,#1282);
#1284=EDGE_CURVE('',#490,#794,#1283,.T.);
#1285=ORIENTED_EDGE('',*,*,#1284,.T.);
#1286=CARTESIAN_POINT('',(428.239104260275550,855.678336217999910,-881.602823212926980));
#1287=DIRECTION('',(-1.0,0.0,0.0));
#1288=DIRECTION('',(0.0,1.0,0.0));
#1289=AXIS2_PLACEMENT_3D('',#1286,#1287,#1288);
#1290=CIRCLE('',#1289,2.0);
#1291=EDGE_CURVE('',#794,#1163,#1290,.T.);
#1292=ORIENTED_EDGE('',*,*,#1291,.T.);
#1293=EDGE_LOOP('',(#1278,#1279,#1285,#1292));
#1294=FACE_OUTER_BOUND('',#1293,.T.);
#1295=ADVANCED_FACE('',(#1294),#1277,.T.);
#1296=CARTESIAN_POINT('',(428.239104263074980,855.678336217999910,-883.102823212926980));
#1297=DIRECTION('',(-1.0,0.0,5.599077E-009));
#1298=DIRECTION('',(5.599077E-009,0.0,1.0));
#1299=AXIS2_PLACEMENT_3D('',#1296,#1297,#1298);
#1300=PLANE('',#1299);
#1301=ORIENTED_EDGE('',*,*,#1291,.F.);
#1302=ORIENTED_EDGE('',*,*,#799,.T.);
#1303=ORIENTED_EDGE('',*,*,#1230,.T.);
#1304=ORIENTED_EDGE('',*,*,#1200,.T.);
#1305=CARTESIAN_POINT('',(428.239104260275550,847.478336217998960,-883.602823212926980));
#1306=DIRECTION('',(5.599077E-009,0.0,1.0));
#1307=VECTOR('',#1306,1.0);
#1308=LINE('',#1305,#1307);
#1309=EDGE_CURVE('',#1147,#1185,#1308,.T.);
#1310=ORIENTED_EDGE('',*,*,#1309,.F.);
#1311=ORIENTED_EDGE('',*,*,#1174,.F.);
#1312=EDGE_LOOP('',(#1301,#1302,#1303,#1304,#1310,#1311));
#1313=FACE_OUTER_BOUND('',#1312,.T.);
#1314=ADVANCED_FACE('',(#1313),#1300,.F.);
#1315=CARTESIAN_POINT('',(294.039104348387980,847.478336217998960,-897.102823212926980));
#1316=DIRECTION('',(0.0,1.0,0.0));
#1317=DIRECTION('',(0.0,0.0,1.0));
#1318=AXIS2_PLACEMENT_3D('',#1315,#1316,#1317);
#1319=PLANE('',#1318);
#1320=ORIENTED_EDGE('',*,*,#1267,.T.);
#1321=ORIENTED_EDGE('',*,*,#1152,.T.);
#1322=ORIENTED_EDGE('',*,*,#1309,.T.);
#1323=ORIENTED_EDGE('',*,*,#1192,.T.);
#1324=EDGE_LOOP('',(#1320,#1321,#1322,#1323));
#1325=FACE_OUTER_BOUND('',#1324,.T.);
#1326=ADVANCED_FACE('',(#1325),#1319,.F.);
#1327=CARTESIAN_POINT('',(131.233223153648000,869.678336217320980,-883.602823212248040));
#1328=DIRECTION('',(-3.822387E-012,-1.460105E-023,1.0));
#1329=DIRECTION('',(1.0,0.0,3.822387E-012));
#1330=AXIS2_PLACEMENT_3D('',#1327,#1328,#1329);
#1331=PLANE('',#1330);
#1332=ORIENTED_EDGE('',*,*,#545,.T.);
#1333=CARTESIAN_POINT('',(-46.358444423093289,861.478336216641990,-883.602823212926980));
#1334=VERTEX_POINT('',#1333);
#1335=CARTESIAN_POINT('',(-46.358444423093289,861.478336216641760,-883.602823212927320));
#1336=DIRECTION('',(1.0,3.822584E-012,3.822584E-012));
#1337=VECTOR('',#1336,346.183335153513330);
#1338=LINE('',#1335,#1337);
#1339=EDGE_CURVE('',#1334,#532,#1338,.T.);
#1340=ORIENTED_EDGE('',*,*,#1339,.F.);
#1341=CARTESIAN_POINT('',(-46.358444423131495,869.678336216642040,-883.602823212926980));
#1342=VERTEX_POINT('',#1341);
#1343=CARTESIAN_POINT('',(-46.358444423131495,869.678336216642040,-883.602823212926980));
#1344=DIRECTION('',(3.818734E-012,-1.0,0.0));
#1345=VECTOR('',#1344,8.199999999999932);
#1346=LINE('',#1343,#1345);
#1347=EDGE_CURVE('',#1342,#1334,#1346,.T.);
#1348=ORIENTED_EDGE('',*,*,#1347,.F.);
#1349=CARTESIAN_POINT('',(-46.358444423131488,869.678336216641810,-883.602823212927320));
#1350=DIRECTION('',(1.0,3.822587E-012,3.822587E-012));
#1351=VECTOR('',#1350,354.183335153551520);
#1352=LINE('',#1349,#1351);
#1353=EDGE_CURVE('',#1342,#563,#1352,.T.);
#1354=ORIENTED_EDGE('',*,*,#1353,.T.);
#1355=ORIENTED_EDGE('',*,*,#568,.T.);
#1356=EDGE_LOOP('',(#1332,#1340,#1348,#1354,#1355));
#1357=FACE_OUTER_BOUND('',#1356,.T.);
#1358=ADVANCED_FACE('',(#1357),#1331,.F.);
#1359=CARTESIAN_POINT('',(131.233223153644190,869.678336217320980,-881.602823212926980));
#1360=DIRECTION('',(1.0,3.822387E-012,0.0));
#1361=DIRECTION('',(-3.822387E-012,1.0,0.0));
#1362=AXIS2_PLACEMENT_3D('',#1359,#1360,#1361);
#1363=CYLINDRICAL_SURFACE('',#1362,1.0);
#1364=ORIENTED_EDGE('',*,*,#618,.F.);
#1365=ORIENTED_EDGE('',*,*,#594,.F.);
#1366=CARTESIAN_POINT('',(-46.358444423139098,870.678336216642040,-881.602823212926980));
#1367=VERTEX_POINT('',#1366);
#1368=CARTESIAN_POINT('',(307.824890730421370,870.678336216642040,-881.602823212926980));
#1369=DIRECTION('',(-1.0,0.0,0.0));
#1370=VECTOR('',#1369,354.183335153560510);
#1371=LINE('',#1368,#1370);
#1372=EDGE_CURVE('',#580,#1367,#1371,.T.);
#1373=ORIENTED_EDGE('',*,*,#1372,.T.);
#1374=CARTESIAN_POINT('',(-46.358444423135296,869.678336216642040,-881.602823212926980));
#1375=DIRECTION('',(-1.0,-3.822387E-012,0.0));
#1376=DIRECTION('',(-3.822387E-012,1.0,0.0));
#1377=AXIS2_PLACEMENT_3D('',#1374,#1375,#1376);
#1378=CIRCLE('',#1377,1.0);
#1379=EDGE_CURVE('',#1367,#613,#1378,.T.);
#1380=ORIENTED_EDGE('',*,*,#1379,.T.);
#1381=EDGE_LOOP('',(#1364,#1365,#1373,#1380));
#1382=FACE_OUTER_BOUND('',#1381,.T.);
#1383=ADVANCED_FACE('',(#1382),#1363,.F.);
#1384=CARTESIAN_POINT('',(-46.358444423139098,871.178336216642040,-881.602823212926980));
#1385=DIRECTION('',(1.0,0.0,0.0));
#1386=DIRECTION('',(0.0,0.0,-1.0));
#1387=AXIS2_PLACEMENT_3D('',#1384,#1385,#1386);
#1388=PLANE('',#1387);
#1389=ORIENTED_EDGE('',*,*,#1379,.F.);
#1390=CARTESIAN_POINT('',(-46.358444423139098,871.678336216642040,-881.602823212926980));
#1391=VERTEX_POINT('',#1390);
#1392=CARTESIAN_POINT('',(-46.358444423139190,870.678336216642040,-881.602823212926980));
#1393=DIRECTION('',(0.0,1.0,0.0));
#1394=VECTOR('',#1393,1.0);
#1395=LINE('',#1392,#1394);
#1396=EDGE_CURVE('',#1367,#1391,#1395,.T.);
#1397=ORIENTED_EDGE('',*,*,#1396,.T.);
#1398=CARTESIAN_POINT('',(-46.358444423131495,869.678336216642040,-881.602823212926980));
#1399=DIRECTION('',(-1.0,-3.822387E-012,0.0));
#1400=DIRECTION('',(-3.822387E-012,1.0,0.0));
#1401=AXIS2_PLACEMENT_3D('',#1398,#1399,#1400);
#1402=CIRCLE('',#1401,2.0);
#1403=EDGE_CURVE('',#1391,#1342,#1402,.T.);
#1404=ORIENTED_EDGE('',*,*,#1403,.T.);
#1405=ORIENTED_EDGE('',*,*,#1347,.T.);
#1406=CARTESIAN_POINT('',(-46.358444423097190,861.478336216641990,-882.602823212927090));
#1407=DIRECTION('',(3.815614E-012,0.0,-1.0));
#1408=VECTOR('',#1407,0.999999999999886);
#1409=LINE('',#1406,#1408);
#1410=EDGE_CURVE('',#621,#1334,#1409,.T.);
#1411=ORIENTED_EDGE('',*,*,#1410,.F.);
#1412=ORIENTED_EDGE('',*,*,#626,.F.);
#1413=EDGE_LOOP('',(#1389,#1397,#1404,#1405,#1411,#1412));
#1414=FACE_OUTER_BOUND('',#1413,.T.);
#1415=ADVANCED_FACE('',(#1414),#1388,.F.);
#1416=CARTESIAN_POINT('',(131.233223153648000,869.678336217320980,-881.602823212926980));
#1417=DIRECTION('',(1.0,3.822387E-012,0.0));
#1418=DIRECTION('',(-3.822387E-012,1.0,0.0));
#1419=AXIS2_PLACEMENT_3D('',#1416,#1417,#1418);
#1420=CYLINDRICAL_SURFACE('',#1419,2.0);
#1421=ORIENTED_EDGE('',*,*,#1353,.F.);
#1422=ORIENTED_EDGE('',*,*,#1403,.F.);
#1423=CARTESIAN_POINT('',(307.824890730421370,871.678336216642040,-881.602823212926980));
#1424=DIRECTION('',(-1.0,0.0,0.0));
#1425=VECTOR('',#1424,354.183335153560510);
#1426=LINE('',#1423,#1425);
#1427=EDGE_CURVE('',#571,#1391,#1426,.T.);
#1428=ORIENTED_EDGE('',*,*,#1427,.F.);
#1429=ORIENTED_EDGE('',*,*,#577,.T.);
#1430=EDGE_LOOP('',(#1421,#1422,#1428,#1429));
#1431=FACE_OUTER_BOUND('',#1430,.T.);
#1432=ADVANCED_FACE('',(#1431),#1420,.T.);
#1433=CARTESIAN_POINT('',(294.039104348387980,871.178336217999000,-881.602823212926980));
#1434=DIRECTION('',(0.0,0.0,1.0));
#1435=DIRECTION('',(1.0,0.0,0.0));
#1436=AXIS2_PLACEMENT_3D('',#1433,#1434,#1435);
#1437=PLANE('',#1436);
#1438=ORIENTED_EDGE('',*,*,#429,.F.);
#1439=CARTESIAN_POINT('',(308.824890730146020,870.678336216642040,-881.602823212926980));
#1440=VERTEX_POINT('',#1439);
#1441=CARTESIAN_POINT('',(308.824890730420010,869.678336216642040,-881.602823212926980));
#1442=DIRECTION('',(0.0,0.0,1.0));
#1443=DIRECTION('',(0.382683432365070,0.923879532511295,0.0));
#1444=AXIS2_PLACEMENT_3D('',#1441,#1442,#1443);
#1445=CIRCLE('',#1444,1.000000000000000);
#1446=EDGE_CURVE('',#399,#1440,#1445,.T.);
#1447=ORIENTED_EDGE('',*,*,#1446,.T.);
#1448=CARTESIAN_POINT('',(308.824890730146020,870.678336216642040,-881.602823212926980));
#1449=DIRECTION('',(-1.0,0.0,0.0));
#1450=VECTOR('',#1449,0.999999999724594);
#1451=LINE('',#1448,#1450);
#1452=EDGE_CURVE('',#1440,#580,#1451,.T.);
#1453=ORIENTED_EDGE('',*,*,#1452,.T.);
#1454=ORIENTED_EDGE('',*,*,#585,.T.);
#1455=CARTESIAN_POINT('',(308.824890730420010,871.678336216642040,-881.602823212926980));
#1456=VERTEX_POINT('',#1455);
#1457=CARTESIAN_POINT('',(307.824890730421370,871.678336216642040,-881.602823212926980));
#1458=DIRECTION('',(1.0,0.0,0.0));
#1459=VECTOR('',#1458,0.999999999998636);
#1460=LINE('',#1457,#1459);
#1461=EDGE_CURVE('',#571,#1456,#1460,.T.);
#1462=ORIENTED_EDGE('',*,*,#1461,.T.);
#1463=CARTESIAN_POINT('',(308.824890730420010,869.678336216642040,-881.602823212926980));
#1464=DIRECTION('',(0.0,0.0,-1.0));
#1465=DIRECTION('',(0.382683432365092,0.923879532511286,0.0));
#1466=AXIS2_PLACEMENT_3D('',#1463,#1464,#1465);
#1467=CIRCLE('',#1466,2.000000000000000);
#1468=EDGE_CURVE('',#1456,#424,#1467,.T.);
#1469=ORIENTED_EDGE('',*,*,#1468,.T.);
#1470=EDGE_LOOP('',(#1438,#1447,#1453,#1454,#1462,#1469));
#1471=FACE_OUTER_BOUND('',#1470,.T.);
#1472=ADVANCED_FACE('',(#1471),#1437,.F.);
#1473=CARTESIAN_POINT('',(294.039104348432030,861.478336217943020,-883.102823212983820));
#1474=DIRECTION('',(-3.822387E-012,1.0,0.0));
#1475=DIRECTION('',(0.0,0.0,1.0));
#1476=AXIS2_PLACEMENT_3D('',#1473,#1474,#1475);
#1477=PLANE('',#1476);
#1478=ORIENTED_EDGE('',*,*,#537,.T.);
#1479=ORIENTED_EDGE('',*,*,#632,.T.);
#1480=ORIENTED_EDGE('',*,*,#1410,.T.);
#1481=ORIENTED_EDGE('',*,*,#1339,.T.);
#1482=EDGE_LOOP('',(#1478,#1479,#1480,#1481));
#1483=FACE_OUTER_BOUND('',#1482,.T.);
#1484=ADVANCED_FACE('',(#1483),#1477,.F.);
#1485=CARTESIAN_POINT('',(294.039104348387980,871.178336217999000,-881.602823212926980));
#1486=DIRECTION('',(0.0,0.0,1.0));
#1487=DIRECTION('',(1.0,0.0,0.0));
#1488=AXIS2_PLACEMENT_3D('',#1485,#1486,#1487);
#1489=PLANE('',#1488);
#1490=ORIENTED_EDGE('',*,*,#1396,.F.);
#1491=CARTESIAN_POINT('',(-47.358444423139105,869.678336216642040,-881.602823212926980));
#1492=VERTEX_POINT('',#1491);
#1493=CARTESIAN_POINT('',(-46.358444423139098,869.678336216642040,-881.602823212926980));
#1494=DIRECTION('',(0.0,0.0,1.0));
#1495=DIRECTION('',(0.0,1.0,0.0));
#1496=AXIS2_PLACEMENT_3D('',#1493,#1494,#1495);
#1497=CIRCLE('',#1496,1.0);
#1498=EDGE_CURVE('',#1367,#1492,#1497,.T.);
#1499=ORIENTED_EDGE('',*,*,#1498,.T.);
#1500=CARTESIAN_POINT('',(-47.358444423139105,861.478336227135060,-881.602823212926980));
#1501=VERTEX_POINT('',#1500);
#1502=CARTESIAN_POINT('',(-47.358444423139105,869.678336216642040,-881.602823212926980));
#1503=DIRECTION('',(0.0,-1.0,0.0));
#1504=VECTOR('',#1503,8.199999989506978);
#1505=LINE('',#1502,#1504);
#1506=EDGE_CURVE('',#1492,#1501,#1505,.T.);
#1507=ORIENTED_EDGE('',*,*,#1506,.T.);
#1508=CARTESIAN_POINT('',(-48.358444423139098,861.478336227135060,-881.602823212926980));
#1509=VERTEX_POINT('',#1508);
#1510=CARTESIAN_POINT('',(-48.358444423139098,861.478336227135060,-881.602823212926980));
#1511=DIRECTION('',(1.0,0.0,0.0));
#1512=VECTOR('',#1511,0.999999999999993);
#1513=LINE('',#1510,#1512);
#1514=EDGE_CURVE('',#1509,#1501,#1513,.T.);
#1515=ORIENTED_EDGE('',*,*,#1514,.F.);
#1516=CARTESIAN_POINT('',(-48.358444423139098,869.678336216642040,-881.602823212926980));
#1517=VERTEX_POINT('',#1516);
#1518=CARTESIAN_POINT('',(-48.358444423139098,869.678336216642040,-881.602823212926980));
#1519=DIRECTION('',(0.0,-1.0,0.0));
#1520=VECTOR('',#1519,8.199999989506978);
#1521=LINE('',#1518,#1520);
#1522=EDGE_CURVE('',#1517,#1509,#1521,.T.);
#1523=ORIENTED_EDGE('',*,*,#1522,.F.);
#1524=CARTESIAN_POINT('',(-46.358444423139098,869.678336216642040,-881.602823212926980));
#1525=DIRECTION('',(0.0,0.0,1.0));
#1526=DIRECTION('',(0.0,1.0,0.0));
#1527=AXIS2_PLACEMENT_3D('',#1524,#1525,#1526);
#1528=CIRCLE('',#1527,2.0);
#1529=EDGE_CURVE('',#1391,#1517,#1528,.T.);
#1530=ORIENTED_EDGE('',*,*,#1529,.F.);
#1531=EDGE_LOOP('',(#1490,#1499,#1507,#1515,#1523,#1530));
#1532=FACE_OUTER_BOUND('',#1531,.T.);
#1533=ADVANCED_FACE('',(#1532),#1489,.F.);
#1534=CARTESIAN_POINT('',(436.158700208123040,850.758740269635840,35.307070858429853));
#1535=DIRECTION('',(0.707106781186548,-0.707106781186548,0.0));
#1536=DIRECTION('',(0.0,0.0,-1.0));
#1537=AXIS2_PLACEMENT_3D('',#1534,#1535,#1536);
#1538=PLANE('',#1537);
#1539=CARTESIAN_POINT('',(436.158700210164910,850.758740271677880,-271.796227177712300));
#1540=VERTEX_POINT('',#1539);
#1541=CARTESIAN_POINT('',(449.280020554672660,863.880060616185690,-271.796227177712300));
#1542=VERTEX_POINT('',#1541);
#1543=CARTESIAN_POINT('',(436.158700210164910,850.758740271677880,-271.796227177769540));
#1544=DIRECTION('',(0.707106781186547,0.707106781186547,0.0));
#1545=VECTOR('',#1544,18.556349187444955);
#1546=LINE('',#1543,#1545);
#1547=EDGE_CURVE('',#1540,#1542,#1546,.T.);
#1548=ORIENTED_EDGE('',*,*,#1547,.T.);
#1549=CARTESIAN_POINT('',(449.280020552382100,863.880060613895350,-270.796227168456600));
#1550=VERTEX_POINT('',#1549);
#1551=CARTESIAN_POINT('',(449.280020552630500,863.880060614143870,-271.796227177712240));
#1552=DIRECTION('',(0.0,0.0,1.0));
#1553=VECTOR('',#1552,1.000000009255700);
#1554=LINE('',#1551,#1553);
#1555=EDGE_CURVE('',#1542,#1550,#1554,.T.);
#1556=ORIENTED_EDGE('',*,*,#1555,.T.);
#1557=CARTESIAN_POINT('',(436.158700207874460,850.758740269387320,-270.796227168440230));
#1558=VERTEX_POINT('',#1557);
#1559=CARTESIAN_POINT('',(449.280020552382210,863.880060613895240,-270.796227168456540));
#1560=DIRECTION('',(-0.707106781186546,-0.707106781186549,0.0));
#1561=VECTOR('',#1560,18.556349187444916);
#1562=LINE('',#1559,#1561);
#1563=EDGE_CURVE('',#1550,#1558,#1562,.T.);
#1564=ORIENTED_EDGE('',*,*,#1563,.T.);
#1565=CARTESIAN_POINT('',(436.158700208123040,850.758740269635840,-270.796227168440230));
#1566=DIRECTION('',(0.0,0.0,-1.0));
#1567=VECTOR('',#1566,1.000000009272014);
#1568=LINE('',#1565,#1567);
#1569=EDGE_CURVE('',#1558,#1540,#1568,.T.);
#1570=ORIENTED_EDGE('',*,*,#1569,.T.);
#1571=EDGE_LOOP('',(#1548,#1556,#1564,#1570));
#1572=FACE_OUTER_BOUND('',#1571,.T.);
#1573=ADVANCED_FACE('',(#1572),#1538,.T.);
#1574=CARTESIAN_POINT('',(436.921084776521070,863.117676034569970,-271.796227177769540));
#1575=DIRECTION('',(0.0,0.0,-1.0));
#1576=DIRECTION('',(-1.0,0.0,0.0));
#1577=AXIS2_PLACEMENT_3D('',#1574,#1575,#1576);
#1578=PLANE('',#1577);
#1579=ORIENTED_EDGE('',*,*,#1547,.F.);
#1580=CARTESIAN_POINT('',(430.360424614210560,856.557015871138790,-271.796227177696100));
#1581=VERTEX_POINT('',#1580);
#1582=CARTESIAN_POINT('',(430.360424614140640,856.557015871068870,-271.796227177658980));
#1583=DIRECTION('',(0.707106781186547,-0.707106781186547,-2.079637E-014));
#1584=VECTOR('',#1583,8.199999988655094);
#1585=LINE('',#1582,#1584);
#1586=EDGE_CURVE('',#1581,#1540,#1585,.T.);
#1587=ORIENTED_EDGE('',*,*,#1586,.F.);
#1588=CARTESIAN_POINT('',(443.481744958718200,869.678336215646600,-271.796227177696100));
#1589=VERTEX_POINT('',#1588);
#1590=CARTESIAN_POINT('',(443.481744961213790,869.678336213151060,-271.796227177769540));
#1591=DIRECTION('',(-0.707106781186544,-0.707106781186551,0.0));
#1592=VECTOR('',#1591,18.556349187444873);
#1593=LINE('',#1590,#1592);
#1594=EDGE_CURVE('',#1589,#1581,#1593,.T.);
#1595=ORIENTED_EDGE('',*,*,#1594,.F.);
#1596=CARTESIAN_POINT('',(443.481744958648280,869.678336215576790,-271.796227177658980));
#1597=DIRECTION('',(0.707106781186554,-0.707106781186541,-2.079637E-014));
#1598=VECTOR('',#1597,8.199999988655335);
#1599=LINE('',#1596,#1598);
#1600=EDGE_CURVE('',#1589,#1542,#1599,.T.);
#1601=ORIENTED_EDGE('',*,*,#1600,.T.);
#1602=EDGE_LOOP('',(#1579,#1587,#1595,#1601));
#1603=FACE_OUTER_BOUND('',#1602,.T.);
#1604=ADVANCED_FACE('',(#1603),#1578,.T.);
#1605=CARTESIAN_POINT('',(430.360424610780460,856.557015870703030,-271.496227173045500));
#1606=DIRECTION('',(-0.707106781186551,-0.707106781186545,-5.268356E-009));
#1607=DIRECTION('',(-7.450581E-009,5.849050E-025,1.0));
#1608=AXIS2_PLACEMENT_3D('',#1605,#1606,#1607);
#1609=PLANE('',#1608);
#1610=ORIENTED_EDGE('',*,*,#1569,.F.);
#1611=CARTESIAN_POINT('',(430.360424610598780,856.557015867527070,-270.796227168440000));
#1612=VERTEX_POINT('',#1611);
#1613=CARTESIAN_POINT('',(430.360424610415350,856.557015867343690,-270.796227168431530));
#1614=DIRECTION('',(0.707106781186544,-0.707106781186551,-1.386425E-014));
#1615=VECTOR('',#1614,8.199999988655213);
#1616=LINE('',#1613,#1615);
#1617=EDGE_CURVE('',#1612,#1558,#1616,.T.);
#1618=ORIENTED_EDGE('',*,*,#1617,.F.);
#1619=CARTESIAN_POINT('',(430.360424612643380,856.557015872566470,-271.796227177696100));
#1620=DIRECTION('',(-3.725290E-009,-3.725404E-009,1.0));
#1621=VECTOR('',#1620,1.000000009256098);
#1622=LINE('',#1619,#1621);
#1623=EDGE_CURVE('',#1581,#1612,#1622,.T.);
#1624=ORIENTED_EDGE('',*,*,#1623,.F.);
#1625=ORIENTED_EDGE('',*,*,#1586,.T.);
#1626=EDGE_LOOP('',(#1610,#1618,#1624,#1625));
#1627=FACE_OUTER_BOUND('',#1626,.T.);
#1628=ADVANCED_FACE('',(#1627),#1609,.T.);
#1629=CARTESIAN_POINT('',(303.026615125183980,863.880060606692950,35.307070858429853));
#1630=DIRECTION('',(-0.707106781186548,-0.707106781186548,0.0));
#1631=DIRECTION('',(0.0,0.0,1.0));
#1632=AXIS2_PLACEMENT_3D('',#1629,#1630,#1631);
#1633=PLANE('',#1632);
#1634=CARTESIAN_POINT('',(303.026615123142050,863.880060608735110,-271.796227177496690));
#1635=VERTEX_POINT('',#1634);
#1636=CARTESIAN_POINT('',(316.147935465846730,850.758740266030140,-271.796227177492540));
#1637=VERTEX_POINT('',#1636);
#1638=CARTESIAN_POINT('',(303.026615123141990,863.880060608734990,-271.796227177322010));
#1639=DIRECTION('',(0.707106781186544,-0.707106781186551,0.0));
#1640=VECTOR('',#1639,18.556349184895105);
#1641=LINE('',#1638,#1640);
#1642=EDGE_CURVE('',#1635,#1637,#1641,.T.);
#1643=ORIENTED_EDGE('',*,*,#1642,.T.);
#1644=CARTESIAN_POINT('',(316.147935470188320,850.758740261688330,-270.796227184772420));
#1645=VERTEX_POINT('',#1644);
#1646=CARTESIAN_POINT('',(316.147935469691500,850.758740262185030,-271.796227177492540));
#1647=DIRECTION('',(0.0,0.0,1.0));
#1648=VECTOR('',#1647,0.999999992720120);
#1649=LINE('',#1646,#1648);
#1650=EDGE_CURVE('',#1637,#1645,#1649,.T.);
#1651=ORIENTED_EDGE('',*,*,#1650,.T.);
#1652=CARTESIAN_POINT('',(303.026615125432220,863.880060606444890,-270.796227184415440));
#1653=VERTEX_POINT('',#1652);
#1654=CARTESIAN_POINT('',(316.147935470188540,850.758740261688560,-270.796227184772480));
#1655=DIRECTION('',(-0.707106781186552,0.707106781186543,0.0));
#1656=VECTOR('',#1655,18.556349187796371);
#1657=LINE('',#1654,#1656);
#1658=EDGE_CURVE('',#1645,#1653,#1657,.T.);
#1659=ORIENTED_EDGE('',*,*,#1658,.T.);
#1660=CARTESIAN_POINT('',(303.026615125183980,863.880060606692950,-270.796227184415440));
#1661=DIRECTION('',(0.0,0.0,-1.0));
#1662=VECTOR('',#1661,0.999999993081246);
#1663=LINE('',#1660,#1662);
#1664=EDGE_CURVE('',#1653,#1635,#1663,.T.);
#1665=ORIENTED_EDGE('',*,*,#1664,.T.);
#1666=EDGE_LOOP('',(#1643,#1651,#1659,#1665));
#1667=FACE_OUTER_BOUND('',#1666,.T.);
#1668=ADVANCED_FACE('',(#1667),#1633,.T.);
#1669=CARTESIAN_POINT('',(315.385550908744560,863.117676042020090,-271.796227177322010));
#1670=DIRECTION('',(0.0,0.0,-1.0));
#1671=DIRECTION('',(-1.0,0.0,0.0));
#1672=AXIS2_PLACEMENT_3D('',#1669,#1670,#1671);
#1673=PLANE('',#1672);
#1674=ORIENTED_EDGE('',*,*,#1642,.F.);
#1675=CARTESIAN_POINT('',(308.824890731336720,869.678336220855270,-271.796227177543130));
#1676=VERTEX_POINT('',#1675);
#1677=CARTESIAN_POINT('',(308.824890731616160,869.678336220575830,-271.796227177658980));
#1678=DIRECTION('',(-0.707106781186541,-0.707106781186555,0.0));
#1679=VECTOR('',#1678,8.200000006261753);
#1680=LINE('',#1677,#1679);
#1681=EDGE_CURVE('',#1676,#1635,#1680,.T.);
#1682=ORIENTED_EDGE('',*,*,#1681,.F.);
#1683=CARTESIAN_POINT('',(321.946211071746690,856.557015880445530,-271.796227177537840));
#1684=VERTEX_POINT('',#1683);
#1685=CARTESIAN_POINT('',(321.946211071076560,856.557015879775350,-271.796227177322010));
#1686=DIRECTION('',(-0.707106781186546,0.707106781186549,0.0));
#1687=VECTOR('',#1686,18.556349181649530);
#1688=LINE('',#1685,#1687);
#1689=EDGE_CURVE('',#1684,#1676,#1688,.T.);
#1690=ORIENTED_EDGE('',*,*,#1689,.F.);
#1691=CARTESIAN_POINT('',(321.946211072398570,856.557015879793650,-271.796227177658980));
#1692=DIRECTION('',(-0.707106781186530,-0.707106781186565,0.0));
#1693=VECTOR('',#1692,8.200000006262115);
#1694=LINE('',#1691,#1693);
#1695=EDGE_CURVE('',#1684,#1637,#1694,.T.);
#1696=ORIENTED_EDGE('',*,*,#1695,.T.);
#1697=EDGE_LOOP('',(#1674,#1682,#1690,#1696));
#1698=FACE_OUTER_BOUND('',#1697,.T.);
#1699=ADVANCED_FACE('',(#1698),#1673,.T.);
#1700=CARTESIAN_POINT('',(308.824890733702030,869.678336218937030,-271.496227180947980));
#1701=DIRECTION('',(-0.707106781186551,0.707106781186545,5.268356E-009));
#1702=DIRECTION('',(7.450581E-009,5.849050E-025,1.0));
#1703=AXIS2_PLACEMENT_3D('',#1700,#1701,#1702);
#1704=PLANE('',#1703);
#1705=ORIENTED_EDGE('',*,*,#1664,.F.);
#1706=CARTESIAN_POINT('',(308.824890735046490,869.678336216922160,-270.796227184418850));
#1707=VERTEX_POINT('',#1706);
#1708=CARTESIAN_POINT('',(308.824890735229870,869.678336216738900,-270.796227184237010));
#1709=DIRECTION('',(-0.707106781186548,-0.707106781186548,0.0));
#1710=VECTOR('',#1709,8.200000006103950);
#1711=LINE('',#1708,#1710);
#1712=EDGE_CURVE('',#1707,#1653,#1711,.T.);
#1713=ORIENTED_EDGE('',*,*,#1712,.F.);
#1714=CARTESIAN_POINT('',(308.824890731839500,869.678336220799110,-271.796227177543130));
#1715=DIRECTION('',(3.725290E-009,-3.725177E-009,1.0));
#1716=VECTOR('',#1715,0.999999993124334);
#1717=LINE('',#1714,#1716);
#1718=EDGE_CURVE('',#1676,#1707,#1717,.T.);
#1719=ORIENTED_EDGE('',*,*,#1718,.F.);
#1720=ORIENTED_EDGE('',*,*,#1681,.T.);
#1721=EDGE_LOOP('',(#1705,#1713,#1719,#1720));
#1722=FACE_OUTER_BOUND('',#1721,.T.);
#1723=ADVANCED_FACE('',(#1722),#1704,.T.);
#1724=CARTESIAN_POINT('',(316.239104292793000,863.678336216642040,-612.495278932833120));
#1725=DIRECTION('',(-0.707106781186548,-0.707106781186548,0.0));
#1726=DIRECTION('',(0.0,0.0,1.0));
#1727=AXIS2_PLACEMENT_3D('',#1724,#1725,#1726);
#1728=PLANE('',#1727);
#1729=CARTESIAN_POINT('',(309.531997516799720,870.385443004905030,-272.796227177658980));
#1730=VERTEX_POINT('',#1729);
#1731=CARTESIAN_POINT('',(309.531997511606510,870.385442997828020,-881.602823212926980));
#1732=DIRECTION('',(0.0,0.0,1.0));
#1733=VECTOR('',#1732,608.806596035268060);
#1734=LINE('',#1731,#1733);
#1735=EDGE_CURVE('',#399,#1730,#1734,.T.);
#1736=ORIENTED_EDGE('',*,*,#1735,.F.);
#1737=ORIENTED_EDGE('',*,*,#404,.F.);
#1738=CARTESIAN_POINT('',(322.653317858448530,857.264122663256330,-272.796227177658980));
#1739=VERTEX_POINT('',#1738);
#1740=CARTESIAN_POINT('',(322.653317855165990,857.264122654269040,-272.796227177658920));
#1741=DIRECTION('',(0.0,0.0,-1.0));
#1742=VECTOR('',#1741,608.806596035268060);
#1743=LINE('',#1740,#1742);
#1744=EDGE_CURVE('',#1739,#390,#1743,.T.);
#1745=ORIENTED_EDGE('',*,*,#1744,.F.);
#1746=CARTESIAN_POINT('',(322.653317874223030,857.264122679030950,-272.796227177658980));
#1747=DIRECTION('',(-0.707106781186548,0.707106781186548,0.0));
#1748=VECTOR('',#1747,18.556349183401561);
#1749=LINE('',#1746,#1748);
#1750=EDGE_CURVE('',#1739,#1730,#1749,.T.);
#1751=ORIENTED_EDGE('',*,*,#1750,.T.);
#1752=EDGE_LOOP('',(#1736,#1737,#1745,#1751));
#1753=FACE_OUTER_BOUND('',#1752,.T.);
#1754=ADVANCED_FACE('',(#1753),#1728,.T.);
#1755=CARTESIAN_POINT('',(324.067531417539040,858.678336216642040,-612.495278932833120));
#1756=DIRECTION('',(0.0,0.0,-1.0));
#1757=DIRECTION('',(-0.382683432365092,-0.923879532511286,0.0));
#1758=AXIS2_PLACEMENT_3D('',#1755,#1756,#1757);
#1759=CYLINDRICAL_SURFACE('',#1758,2.000000000000000);
#1760=ORIENTED_EDGE('',*,*,#1744,.T.);
#1761=ORIENTED_EDGE('',*,*,#511,.F.);
#1762=CARTESIAN_POINT('',(324.067531417539040,856.678336217456720,-272.796227177658980));
#1763=VERTEX_POINT('',#1762);
#1764=CARTESIAN_POINT('',(324.067531417539040,856.678336216642040,-881.602823212926980));
#1765=DIRECTION('',(0.0,0.0,1.0));
#1766=VECTOR('',#1765,608.806596035268060);
#1767=LINE('',#1764,#1766);
#1768=EDGE_CURVE('',#499,#1763,#1767,.T.);
#1769=ORIENTED_EDGE('',*,*,#1768,.T.);
#1770=CARTESIAN_POINT('',(324.067531417539040,858.678336216642040,-272.796227177658980));
#1771=DIRECTION('',(0.0,0.0,-1.0));
#1772=DIRECTION('',(-0.382683432365092,-0.923879532511286,0.0));
#1773=AXIS2_PLACEMENT_3D('',#1770,#1771,#1772);
#1774=CIRCLE('',#1773,2.000000000000000);
#1775=EDGE_CURVE('',#1763,#1739,#1774,.T.);
#1776=ORIENTED_EDGE('',*,*,#1775,.T.);
#1777=EDGE_LOOP('',(#1760,#1761,#1769,#1776));
#1778=FACE_OUTER_BOUND('',#1777,.T.);
#1779=ADVANCED_FACE('',(#1778),#1759,.T.);
#1780=CARTESIAN_POINT('',(376.153317880513500,856.678336216642040,-612.495278932833120));
#1781=DIRECTION('',(0.0,-1.0,0.0));
#1782=DIRECTION('',(0.0,0.0,-1.0));
#1783=AXIS2_PLACEMENT_3D('',#1780,#1781,#1782);
#1784=PLANE('',#1783);
#1785=ORIENTED_EDGE('',*,*,#1768,.F.);
#1786=ORIENTED_EDGE('',*,*,#1236,.F.);
#1787=CARTESIAN_POINT('',(428.239104266232860,856.678336217348030,-272.796227177658980));
#1788=VERTEX_POINT('',#1787);
#1789=CARTESIAN_POINT('',(428.239104265874460,856.678336216642040,-272.796227177658920));
#1790=DIRECTION('',(0.0,0.0,-1.0));
#1791=VECTOR('',#1790,608.806596035268060);
#1792=LINE('',#1789,#1791);
#1793=EDGE_CURVE('',#1788,#785,#1792,.T.);
#1794=ORIENTED_EDGE('',*,*,#1793,.F.);
#1795=CARTESIAN_POINT('',(428.239104266232860,856.678336218000030,-272.796227177658980));
#1796=DIRECTION('',(-1.0,0.0,0.0));
#1797=VECTOR('',#1796,104.171572848693810);
#1798=LINE('',#1795,#1797);
#1799=EDGE_CURVE('',#1788,#1763,#1798,.T.);
#1800=ORIENTED_EDGE('',*,*,#1799,.T.);
#1801=EDGE_LOOP('',(#1785,#1786,#1794,#1800));
#1802=FACE_OUTER_BOUND('',#1801,.T.);
#1803=ORIENTED_EDGE('',*,*,#91,.T.);
#1804=EDGE_LOOP('',(#1803));
#1805=FACE_BOUND('',#1804,.T.);
#1806=ORIENTED_EDGE('',*,*,#119,.T.);
#1807=EDGE_LOOP('',(#1806));
#1808=FACE_BOUND('',#1807,.T.);
#1809=ADVANCED_FACE('',(#1802,#1805,#1808),#1784,.T.);
#1810=CARTESIAN_POINT('',(428.239104265874460,858.678336216642040,-612.495278932833120));
#1811=DIRECTION('',(0.0,0.0,1.0));
#1812=DIRECTION('',(0.382683432365092,-0.923879532511286,0.0));
#1813=AXIS2_PLACEMENT_3D('',#1810,#1811,#1812);
#1814=CYLINDRICAL_SURFACE('',#1813,2.000000000000000);
#1815=ORIENTED_EDGE('',*,*,#1793,.T.);
#1816=ORIENTED_EDGE('',*,*,#791,.F.);
#1817=CARTESIAN_POINT('',(429.653317833283720,857.264122651171760,-272.796227177658980));
#1818=VERTEX_POINT('',#1817);
#1819=CARTESIAN_POINT('',(429.653317828247510,857.264122654269040,-881.602823212926980));
#1820=DIRECTION('',(0.0,0.0,1.0));
#1821=VECTOR('',#1820,608.806596035268060);
#1822=LINE('',#1819,#1821);
#1823=EDGE_CURVE('',#694,#1818,#1822,.T.);
#1824=ORIENTED_EDGE('',*,*,#1823,.T.);
#1825=CARTESIAN_POINT('',(428.239104265874460,858.678336216642040,-272.796227177658980));
#1826=DIRECTION('',(0.0,0.0,-1.0));
#1827=DIRECTION('',(0.382683432365092,-0.923879532511286,0.0));
#1828=AXIS2_PLACEMENT_3D('',#1825,#1826,#1827);
#1829=CIRCLE('',#1828,2.000000000000000);
#1830=EDGE_CURVE('',#1818,#1788,#1829,.T.);
#1831=ORIENTED_EDGE('',*,*,#1830,.T.);
#1832=EDGE_LOOP('',(#1815,#1816,#1824,#1831));
#1833=FACE_OUTER_BOUND('',#1832,.T.);
#1834=ADVANCED_FACE('',(#1833),#1814,.T.);
#1835=CARTESIAN_POINT('',(436.067531410024000,863.678336236044970,-612.495278932833120));
#1836=DIRECTION('',(0.707106781186548,-0.707106781186548,0.0));
#1837=DIRECTION('',(0.0,0.0,-1.0));
#1838=AXIS2_PLACEMENT_3D('',#1835,#1836,#1837);
#1839=PLANE('',#1838);
#1840=ORIENTED_EDGE('',*,*,#1823,.F.);
#1841=ORIENTED_EDGE('',*,*,#699,.F.);
#1842=CARTESIAN_POINT('',(442.774638177525730,870.385442995413770,-272.796227177659150));
#1843=VERTEX_POINT('',#1842);
#1844=CARTESIAN_POINT('',(442.774638171807060,870.385442997828020,-881.602823212926980));
#1845=DIRECTION('',(0.0,0.0,1.0));
#1846=VECTOR('',#1845,608.806596035267830);
#1847=LINE('',#1844,#1846);
#1848=EDGE_CURVE('',#685,#1843,#1847,.T.);
#1849=ORIENTED_EDGE('',*,*,#1848,.T.);
#1850=CARTESIAN_POINT('',(442.774638188403970,870.385442984535530,-272.796227177658980));
#1851=DIRECTION('',(-0.707106781186548,-0.707106781186548,0.0));
#1852=VECTOR('',#1851,18.556349187069056);
#1853=LINE('',#1850,#1852);
#1854=EDGE_CURVE('',#1843,#1818,#1853,.T.);
#1855=ORIENTED_EDGE('',*,*,#1854,.T.);
#1856=EDGE_LOOP('',(#1840,#1841,#1849,#1855));
#1857=FACE_OUTER_BOUND('',#1856,.T.);
#1858=ADVANCED_FACE('',(#1857),#1839,.T.);
#1859=CARTESIAN_POINT('',(443.481744952994060,869.678336216642040,-612.495278932833120));
#1860=DIRECTION('',(0.0,0.0,1.0));
#1861=DIRECTION('',(-0.382683432365070,0.923879532511295,0.0));
#1862=AXIS2_PLACEMENT_3D('',#1859,#1860,#1861);
#1863=CYLINDRICAL_SURFACE('',#1862,1.000000000000000);
#1864=ORIENTED_EDGE('',*,*,#1848,.F.);
#1865=ORIENTED_EDGE('',*,*,#1134,.F.);
#1866=CARTESIAN_POINT('',(443.481744952994060,870.678336216642040,-272.796227177658980));
#1867=VERTEX_POINT('',#1866);
#1868=CARTESIAN_POINT('',(443.481744952994060,870.678336216642040,-881.602823212926980));
#1869=DIRECTION('',(0.0,0.0,1.0));
#1870=VECTOR('',#1869,608.806596035267940);
#1871=LINE('',#1868,#1870);
#1872=EDGE_CURVE('',#1122,#1867,#1871,.T.);
#1873=ORIENTED_EDGE('',*,*,#1872,.T.);
#1874=CARTESIAN_POINT('',(443.481744952994060,869.678336216642040,-272.796227177658980));
#1875=DIRECTION('',(0.0,0.0,1.0));
#1876=DIRECTION('',(-0.382683432365070,0.923879532511295,0.0));
#1877=AXIS2_PLACEMENT_3D('',#1874,#1875,#1876);
#1878=CIRCLE('',#1877,1.000000000000000);
#1879=EDGE_CURVE('',#1867,#1843,#1878,.T.);
#1880=ORIENTED_EDGE('',*,*,#1879,.T.);
#1881=EDGE_LOOP('',(#1864,#1865,#1873,#1880));
#1882=FACE_OUTER_BOUND('',#1881,.T.);
#1883=ADVANCED_FACE('',(#1882),#1863,.F.);
#1884=CARTESIAN_POINT('',(458.267531390621000,870.678336216642040,-578.142337300342890));
#1885=DIRECTION('',(0.0,-1.0,0.0));
#1886=DIRECTION('',(0.0,0.0,-1.0));
#1887=AXIS2_PLACEMENT_3D('',#1884,#1885,#1886);
#1888=PLANE('',#1887);
#1889=ORIENTED_EDGE('',*,*,#1872,.F.);
#1890=ORIENTED_EDGE('',*,*,#1127,.F.);
#1891=ORIENTED_EDGE('',*,*,#967,.T.);
#1892=CARTESIAN_POINT('',(502.841555576860060,870.678336216642040,-272.796227177658980));
#1893=VERTEX_POINT('',#1892);
#1894=CARTESIAN_POINT('',(502.841555576860060,870.678336216642040,-881.602823212926980));
#1895=DIRECTION('',(0.0,0.0,1.0));
#1896=VECTOR('',#1895,608.806596035267940);
#1897=LINE('',#1894,#1896);
#1898=EDGE_CURVE('',#953,#1893,#1897,.T.);
#1899=ORIENTED_EDGE('',*,*,#1898,.T.);
#1900=CARTESIAN_POINT('',(497.841555576860000,870.678336216642040,-272.796227177658980));
#1901=VERTEX_POINT('',#1900);
#1902=CARTESIAN_POINT('',(502.841555576860060,870.678336216642040,-272.796227177658980));
#1903=DIRECTION('',(-1.0,0.0,0.0));
#1904=VECTOR('',#1903,5.000000000000057);
#1905=LINE('',#1902,#1904);
#1906=EDGE_CURVE('',#1893,#1901,#1905,.T.);
#1907=ORIENTED_EDGE('',*,*,#1906,.T.);
#1908=CARTESIAN_POINT('',(444.481744953392020,870.678336217059150,-272.796227177658980));
#1909=VERTEX_POINT('',#1908);
#1910=CARTESIAN_POINT('',(444.481744953392020,870.678336216642040,-272.796227177658980));
#1911=DIRECTION('',(1.0,0.0,0.0));
#1912=VECTOR('',#1911,53.359810623467979);
#1913=LINE('',#1910,#1912);
#1914=EDGE_CURVE('',#1909,#1901,#1913,.T.);
#1915=ORIENTED_EDGE('',*,*,#1914,.F.);
#1916=CARTESIAN_POINT('',(444.481744953392020,870.678336216642040,-272.796227177658980));
#1917=DIRECTION('',(-1.0,0.0,0.0));
#1918=VECTOR('',#1917,1.000000000397961);
#1919=LINE('',#1916,#1918);
#1920=EDGE_CURVE('',#1909,#1867,#1919,.T.);
#1921=ORIENTED_EDGE('',*,*,#1920,.T.);
#1922=EDGE_LOOP('',(#1889,#1890,#1891,#1899,#1907,#1915,#1921));
#1923=FACE_OUTER_BOUND('',#1922,.T.);
#1924=ADVANCED_FACE('',(#1923),#1888,.T.);
#1925=CARTESIAN_POINT('',(502.841555576860060,869.678336216642040,-578.142337300342890));
#1926=DIRECTION('',(0.0,0.0,1.0));
#1927=DIRECTION('',(0.0,1.0,0.0));
#1928=AXIS2_PLACEMENT_3D('',#1925,#1926,#1927);
#1929=CYLINDRICAL_SURFACE('',#1928,1.0);
#1930=ORIENTED_EDGE('',*,*,#1094,.T.);
#1931=CARTESIAN_POINT('',(503.841555576860060,869.678336216642040,-272.796227177658980));
#1932=VERTEX_POINT('',#1931);
#1933=CARTESIAN_POINT('',(503.841555576860060,869.678336216642040,-881.602823212926980));
#1934=DIRECTION('',(0.0,0.0,1.0));
#1935=VECTOR('',#1934,608.806596035267940);
#1936=LINE('',#1933,#1935);
#1937=EDGE_CURVE('',#1082,#1932,#1936,.T.);
#1938=ORIENTED_EDGE('',*,*,#1937,.T.);
#1939=CARTESIAN_POINT('',(502.841555576860060,869.678336216642040,-272.796227177658980));
#1940=DIRECTION('',(0.0,0.0,-1.0));
#1941=DIRECTION('',(0.0,1.0,0.0));
#1942=AXIS2_PLACEMENT_3D('',#1939,#1940,#1941);
#1943=CIRCLE('',#1942,1.0);
#1944=EDGE_CURVE('',#1893,#1932,#1943,.T.);
#1945=ORIENTED_EDGE('',*,*,#1944,.F.);
#1946=ORIENTED_EDGE('',*,*,#1898,.F.);
#1947=EDGE_LOOP('',(#1930,#1938,#1945,#1946));
#1948=FACE_OUTER_BOUND('',#1947,.T.);
#1949=ADVANCED_FACE('',(#1948),#1929,.F.);
#1950=CARTESIAN_POINT('',(503.841555576860060,869.678336216642040,-578.142337300342890));
#1951=DIRECTION('',(-1.0,0.0,0.0));
#1952=DIRECTION('',(0.0,0.0,1.0));
#1953=AXIS2_PLACEMENT_3D('',#1950,#1951,#1952);
#1954=PLANE('',#1953);
#1955=ORIENTED_EDGE('',*,*,#1937,.F.);
#1956=ORIENTED_EDGE('',*,*,#1087,.T.);
#1957=CARTESIAN_POINT('',(503.841555576860060,861.478336227135060,-272.796227177658980));
#1958=VERTEX_POINT('',#1957);
#1959=CARTESIAN_POINT('',(503.841555576860060,861.478336227135060,-881.602823212926980));
#1960=DIRECTION('',(0.0,0.0,1.0));
#1961=VECTOR('',#1960,608.806596035267940);
#1962=LINE('',#1959,#1961);
#1963=EDGE_CURVE('',#1074,#1958,#1962,.T.);
#1964=ORIENTED_EDGE('',*,*,#1963,.T.);
#1965=CARTESIAN_POINT('',(503.841555576860060,869.678336216642040,-272.796227177658980));
#1966=DIRECTION('',(0.0,-1.0,0.0));
#1967=VECTOR('',#1966,8.199999989506978);
#1968=LINE('',#1965,#1967);
#1969=EDGE_CURVE('',#1932,#1958,#1968,.T.);
#1970=ORIENTED_EDGE('',*,*,#1969,.F.);
#1971=EDGE_LOOP('',(#1955,#1956,#1964,#1970));
#1972=FACE_OUTER_BOUND('',#1971,.T.);
#1973=ADVANCED_FACE('',(#1972),#1954,.T.);
#1974=CARTESIAN_POINT('',(433.867531401113470,861.478336227135060,337.295993067708990));
#1975=DIRECTION('',(0.0,-1.0,0.0));
#1976=DIRECTION('',(0.0,0.0,-1.0));
#1977=AXIS2_PLACEMENT_3D('',#1974,#1975,#1976);
#1978=PLANE('',#1977);
#1979=ORIENTED_EDGE('',*,*,#1963,.F.);
#1980=ORIENTED_EDGE('',*,*,#1079,.T.);
#1981=CARTESIAN_POINT('',(504.841555576860060,861.478336227135060,-272.796227177658980));
#1982=VERTEX_POINT('',#1981);
#1983=CARTESIAN_POINT('',(504.841555576860060,861.478336227135060,-881.602823212926980));
#1984=DIRECTION('',(0.0,0.0,1.0));
#1985=VECTOR('',#1984,608.806596035267940);
#1986=LINE('',#1983,#1985);
#1987=EDGE_CURVE('',#1066,#1982,#1986,.T.);
#1988=ORIENTED_EDGE('',*,*,#1987,.T.);
#1989=CARTESIAN_POINT('',(503.841555576860060,861.478336227135060,-272.796227177658980));
#1990=DIRECTION('',(1.0,0.0,0.0));
#1991=VECTOR('',#1990,1.0);
#1992=LINE('',#1989,#1991);
#1993=EDGE_CURVE('',#1958,#1982,#1992,.T.);
#1994=ORIENTED_EDGE('',*,*,#1993,.F.);
#1995=EDGE_LOOP('',(#1979,#1980,#1988,#1994));
#1996=FACE_OUTER_BOUND('',#1995,.T.);
#1997=ADVANCED_FACE('',(#1996),#1978,.T.);
#1998=CARTESIAN_POINT('',(504.841555576860060,869.678336216642040,-578.142337300342890));
#1999=DIRECTION('',(1.0,0.0,0.0));
#2000=DIRECTION('',(0.0,0.0,-1.0));
#2001=AXIS2_PLACEMENT_3D('',#1998,#1999,#2000);
#2002=PLANE('',#2001);
#2003=ORIENTED_EDGE('',*,*,#1987,.F.);
#2004=ORIENTED_EDGE('',*,*,#1071,.F.);
#2005=CARTESIAN_POINT('',(504.841555576860060,869.678336216642040,-272.796227177658980));
#2006=VERTEX_POINT('',#2005);
#2007=CARTESIAN_POINT('',(504.841555576860060,869.678336216642040,-881.602823212926980));
#2008=DIRECTION('',(0.0,0.0,1.0));
#2009=VECTOR('',#2008,608.806596035267940);
#2010=LINE('',#2007,#2009);
#2011=EDGE_CURVE('',#1057,#2006,#2010,.T.);
#2012=ORIENTED_EDGE('',*,*,#2011,.T.);
#2013=CARTESIAN_POINT('',(504.841555576860060,869.678336216642040,-272.796227177658980));
#2014=DIRECTION('',(0.0,-1.0,0.0));
#2015=VECTOR('',#2014,8.199999989506978);
#2016=LINE('',#2013,#2015);
#2017=EDGE_CURVE('',#2006,#1982,#2016,.T.);
#2018=ORIENTED_EDGE('',*,*,#2017,.T.);
#2019=EDGE_LOOP('',(#2003,#2004,#2012,#2018));
#2020=FACE_OUTER_BOUND('',#2019,.T.);
#2021=ADVANCED_FACE('',(#2020),#2002,.T.);
#2022=CARTESIAN_POINT('',(502.841555576860060,869.678336216642040,-578.142337300342890));
#2023=DIRECTION('',(0.0,0.0,1.0));
#2024=DIRECTION('',(0.0,1.0,0.0));
#2025=AXIS2_PLACEMENT_3D('',#2022,#2023,#2024);
#2026=CYLINDRICAL_SURFACE('',#2025,2.0);
#2027=ORIENTED_EDGE('',*,*,#2011,.F.);
#2028=ORIENTED_EDGE('',*,*,#1063,.F.);
#2029=CARTESIAN_POINT('',(502.841555576860060,871.678336216642040,-272.796227177658980));
#2030=VERTEX_POINT('',#2029);
#2031=CARTESIAN_POINT('',(502.841555576860060,871.678336216642040,-881.602823212926980));
#2032=DIRECTION('',(0.0,0.0,1.0));
#2033=VECTOR('',#2032,608.806596035267940);
#2034=LINE('',#2031,#2033);
#2035=EDGE_CURVE('',#1014,#2030,#2034,.T.);
#2036=ORIENTED_EDGE('',*,*,#2035,.T.);
#2037=CARTESIAN_POINT('',(502.841555576860060,869.678336216642040,-272.796227177658980));
#2038=DIRECTION('',(0.0,0.0,-1.0));
#2039=DIRECTION('',(0.0,1.0,0.0));
#2040=AXIS2_PLACEMENT_3D('',#2037,#2038,#2039);
#2041=CIRCLE('',#2040,2.0);
#2042=EDGE_CURVE('',#2030,#2006,#2041,.T.);
#2043=ORIENTED_EDGE('',*,*,#2042,.T.);
#2044=EDGE_LOOP('',(#2027,#2028,#2036,#2043));
#2045=FACE_OUTER_BOUND('',#2044,.T.);
#2046=ADVANCED_FACE('',(#2045),#2026,.T.);
#2047=CARTESIAN_POINT('',(458.267531390621000,871.678336216642040,-578.142337300342890));
#2048=DIRECTION('',(0.0,1.0,0.0));
#2049=DIRECTION('',(0.0,0.0,1.0));
#2050=AXIS2_PLACEMENT_3D('',#2047,#2048,#2049);
#2051=PLANE('',#2050);
#2052=ORIENTED_EDGE('',*,*,#1019,.F.);
#2053=ORIENTED_EDGE('',*,*,#1118,.F.);
#2054=CARTESIAN_POINT('',(443.481744949034520,871.678336216642040,-272.796227177658980));
#2055=VERTEX_POINT('',#2054);
#2056=CARTESIAN_POINT('',(443.481744949034520,871.678336216642040,-881.602823212926980));
#2057=DIRECTION('',(0.0,0.0,1.0));
#2058=VECTOR('',#2057,608.806596035267940);
#2059=LINE('',#2056,#2058);
#2060=EDGE_CURVE('',#1106,#2055,#2059,.T.);
#2061=ORIENTED_EDGE('',*,*,#2060,.T.);
#2062=CARTESIAN_POINT('',(444.481744949647010,871.678336217535270,-272.796227177658980));
#2063=VERTEX_POINT('',#2062);
#2064=CARTESIAN_POINT('',(443.481744949034520,871.678336216642040,-272.796227177658980));
#2065=DIRECTION('',(1.0,0.0,0.0));
#2066=VECTOR('',#2065,1.000000000612488);
#2067=LINE('',#2064,#2066);
#2068=EDGE_CURVE('',#2055,#2063,#2067,.T.);
#2069=ORIENTED_EDGE('',*,*,#2068,.T.);
#2070=CARTESIAN_POINT('',(497.841555576860000,871.678336217349740,-272.796227177658980));
#2071=VERTEX_POINT('',#2070);
#2072=CARTESIAN_POINT('',(444.481744949647070,871.678336218000030,-272.796227177658980));
#2073=DIRECTION('',(1.0,0.0,0.0));
#2074=VECTOR('',#2073,53.359810627212937);
#2075=LINE('',#2072,#2074);
#2076=EDGE_CURVE('',#2063,#2071,#2075,.T.);
#2077=ORIENTED_EDGE('',*,*,#2076,.T.);
#2078=CARTESIAN_POINT('',(497.841555576860000,871.678336216642040,-272.796227177658980));
#2079=DIRECTION('',(1.0,0.0,0.0));
#2080=VECTOR('',#2079,5.000000000000057);
#2081=LINE('',#2078,#2080);
#2082=EDGE_CURVE('',#2071,#2030,#2081,.T.);
#2083=ORIENTED_EDGE('',*,*,#2082,.T.);
#2084=ORIENTED_EDGE('',*,*,#2035,.F.);
#2085=EDGE_LOOP('',(#2052,#2053,#2061,#2069,#2077,#2083,#2084));
#2086=FACE_OUTER_BOUND('',#2085,.T.);
#2087=ADVANCED_FACE('',(#2086),#2051,.T.);
#2088=CARTESIAN_POINT('',(443.481744949034520,869.678336212683010,-612.495278932833120));
#2089=DIRECTION('',(0.0,0.0,1.0));
#2090=DIRECTION('',(-0.382683432365092,0.923879532511286,0.0));
#2091=AXIS2_PLACEMENT_3D('',#2088,#2089,#2090);
#2092=CYLINDRICAL_SURFACE('',#2091,2.000000003959155);
#2093=ORIENTED_EDGE('',*,*,#2060,.F.);
#2094=ORIENTED_EDGE('',*,*,#1112,.F.);
#2095=CARTESIAN_POINT('',(442.067531390885510,871.092549774310560,-272.796227177659150));
#2096=VERTEX_POINT('',#2095);
#2097=CARTESIAN_POINT('',(442.067531383862050,871.092549777854970,-881.602823212926980));
#2098=DIRECTION('',(0.0,0.0,1.0));
#2099=VECTOR('',#2098,608.806596035267830);
#2100=LINE('',#2097,#2099);
#2101=EDGE_CURVE('',#744,#2096,#2100,.T.);
#2102=ORIENTED_EDGE('',*,*,#2101,.T.);
#2103=CARTESIAN_POINT('',(443.481744949034520,869.678336212683010,-272.796227177658980));
#2104=DIRECTION('',(0.0,0.0,-1.0));
#2105=DIRECTION('',(-0.382683432365092,0.923879532511286,0.0));
#2106=AXIS2_PLACEMENT_3D('',#2103,#2104,#2105);
#2107=CIRCLE('',#2106,2.000000003959155);
#2108=EDGE_CURVE('',#2096,#2055,#2107,.T.);
#2109=ORIENTED_EDGE('',*,*,#2108,.T.);
#2110=EDGE_LOOP('',(#2093,#2094,#2102,#2109));
#2111=FACE_OUTER_BOUND('',#2110,.T.);
#2112=ADVANCED_FACE('',(#2111),#2092,.T.);
#2113=CARTESIAN_POINT('',(315.385550908744560,863.117676042020090,-270.796227184772480));
#2114=DIRECTION('',(0.0,0.0,1.0));
#2115=DIRECTION('',(1.0,0.0,0.0));
#2116=AXIS2_PLACEMENT_3D('',#2113,#2114,#2115);
#2117=PLANE('',#2116);
#2118=ORIENTED_EDGE('',*,*,#1658,.F.);
#2119=CARTESIAN_POINT('',(321.946211079344660,856.557015872624110,-270.796227184419880));
#2120=VERTEX_POINT('',#2119);
#2121=CARTESIAN_POINT('',(321.946211079737620,856.557015872231200,-270.796227184237010));
#2122=DIRECTION('',(-0.707106781186544,-0.707106781186551,0.0));
#2123=VECTOR('',#2122,8.200000006104393);
#2124=LINE('',#2121,#2123);
#2125=EDGE_CURVE('',#2120,#1645,#2124,.T.);
#2126=ORIENTED_EDGE('',*,*,#2125,.F.);
#2127=CARTESIAN_POINT('',(308.824890734488120,869.678336216363850,-270.796227184772480));
#2128=DIRECTION('',(0.707106781186546,-0.707106781186549,0.0));
#2129=VECTOR('',#2128,18.556349187148442);
#2130=LINE('',#2127,#2129);
#2131=EDGE_CURVE('',#1707,#2120,#2130,.T.);
#2132=ORIENTED_EDGE('',*,*,#2131,.F.);
#2133=ORIENTED_EDGE('',*,*,#1712,.T.);
#2134=EDGE_LOOP('',(#2118,#2126,#2132,#2133));
#2135=FACE_OUTER_BOUND('',#2134,.T.);
#2136=ADVANCED_FACE('',(#2135),#2117,.T.);
#2137=CARTESIAN_POINT('',(321.946211076346970,856.557015876291080,-271.496227180947980));
#2138=DIRECTION('',(0.707106781186550,-0.707106781186545,-0.000000010536712));
#2139=DIRECTION('',(-0.000000014901161,1.169810E-024,-1.000000000000000));
#2140=AXIS2_PLACEMENT_3D('',#2137,#2138,#2139);
#2141=PLANE('',#2140);
#2142=ORIENTED_EDGE('',*,*,#1650,.F.);
#2143=ORIENTED_EDGE('',*,*,#1695,.F.);
#2144=CARTESIAN_POINT('',(321.946211080072600,856.557015872566470,-270.796227184419880));
#2145=DIRECTION('',(-7.450581E-009,7.450581E-009,-1.0));
#2146=VECTOR('',#2145,0.999999993118024);
#2147=LINE('',#2144,#2146);
#2148=EDGE_CURVE('',#2120,#1684,#2147,.T.);
#2149=ORIENTED_EDGE('',*,*,#2148,.F.);
#2150=ORIENTED_EDGE('',*,*,#2125,.T.);
#2151=EDGE_LOOP('',(#2142,#2143,#2149,#2150));
#2152=FACE_OUTER_BOUND('',#2151,.T.);
#2153=ADVANCED_FACE('',(#2152),#2141,.T.);
#2154=CARTESIAN_POINT('',(315.385550902230530,863.117676050408020,-272.796227177658980));
#2155=DIRECTION('',(-0.707106781186548,0.707106781186548,0.0));
#2156=DIRECTION('',(0.707106781186547,0.707106781186547,0.0));
#2157=AXIS2_PLACEMENT_3D('',#2154,#2155,#2156);
#2158=CYLINDRICAL_SURFACE('',#2157,1.000000000000001);
#2159=ORIENTED_EDGE('',*,*,#1689,.T.);
#2160=CARTESIAN_POINT('',(308.824890731839500,869.678336220799110,-272.796227177658980));
#2161=DIRECTION('',(0.707106781186547,-0.707106781186547,0.0));
#2162=DIRECTION('',(0.707106781186547,0.707106781186547,0.0));
#2163=AXIS2_PLACEMENT_3D('',#2160,#2161,#2162);
#2164=CIRCLE('',#2163,1.000000000000001);
#2165=EDGE_CURVE('',#1730,#1676,#2164,.T.);
#2166=ORIENTED_EDGE('',*,*,#2165,.F.);
#2167=ORIENTED_EDGE('',*,*,#1750,.F.);
#2168=CARTESIAN_POINT('',(321.946211072622020,856.557015880017050,-272.796227177658980));
#2169=DIRECTION('',(0.707106781186547,-0.707106781186547,0.0));
#2170=DIRECTION('',(0.707106781186547,0.707106781186547,0.0));
#2171=AXIS2_PLACEMENT_3D('',#2168,#2169,#2170);
#2172=CIRCLE('',#2171,1.000000000000001);
#2173=EDGE_CURVE('',#1739,#1684,#2172,.T.);
#2174=ORIENTED_EDGE('',*,*,#2173,.T.);
#2175=EDGE_LOOP('',(#2159,#2166,#2167,#2174));
#2176=FACE_OUTER_BOUND('',#2175,.T.);
#2177=ADVANCED_FACE('',(#2176),#2158,.F.);
#2178=CARTESIAN_POINT('',(309.885550903156510,870.738996388391120,-272.996227177658970));
#2179=DIRECTION('',(-0.707106777461257,0.707106784911838,0.0));
#2180=DIRECTION('',(0.0,0.0,1.0));
#2181=AXIS2_PLACEMENT_3D('',#2178,#2179,#2180);
#2182=PLANE('',#2181);
#2183=ORIENTED_EDGE('',*,*,#1718,.T.);
#2184=CARTESIAN_POINT('',(310.239104297523340,871.092549780352100,-272.796227177658980));
#2185=VERTEX_POINT('',#2184);
#2186=CARTESIAN_POINT('',(308.824890735565020,869.678336217074050,-272.796227177658980));
#2187=DIRECTION('',(0.707106781186548,-0.707106781186548,0.0));
#2188=DIRECTION('',(0.707106781186548,0.707106781186548,0.0));
#2189=AXIS2_PLACEMENT_3D('',#2186,#2187,#2188);
#2190=CIRCLE('',#2189,1.999999993422451);
#2191=EDGE_CURVE('',#2185,#1707,#2190,.T.);
#2192=ORIENTED_EDGE('',*,*,#2191,.F.);
#2193=CARTESIAN_POINT('',(309.531997516372660,870.385443005332040,-272.796227177658980));
#2194=DIRECTION('',(0.707106784911781,0.707106777461314,0.0));
#2195=VECTOR('',#2194,0.999999995614240);
#2196=LINE('',#2193,#2195);
#2197=EDGE_CURVE('',#1730,#2185,#2196,.T.);
#2198=ORIENTED_EDGE('',*,*,#2197,.F.);
#2199=ORIENTED_EDGE('',*,*,#2165,.T.);
#2200=EDGE_LOOP('',(#2183,#2192,#2198,#2199));
#2201=FACE_OUTER_BOUND('',#2200,.T.);
#2202=ADVANCED_FACE('',(#2201),#2182,.T.);
#2203=CARTESIAN_POINT('',(315.385550907818470,863.117676044819970,-272.796227177658980));
#2204=DIRECTION('',(-0.707106781186548,0.707106781186548,0.0));
#2205=DIRECTION('',(0.707106781186548,0.707106781186548,0.0));
#2206=AXIS2_PLACEMENT_3D('',#2203,#2204,#2205);
#2207=CYLINDRICAL_SURFACE('',#2206,1.999999993422451);
#2208=ORIENTED_EDGE('',*,*,#2131,.T.);
#2209=CARTESIAN_POINT('',(323.360424641765460,857.971229436109520,-272.796227177658980));
#2210=VERTEX_POINT('',#2209);
#2211=CARTESIAN_POINT('',(321.946211080072490,856.557015872566010,-272.796227177658980));
#2212=DIRECTION('',(0.707106781186548,-0.707106781186548,0.0));
#2213=DIRECTION('',(0.707106781186548,0.707106781186548,0.0));
#2214=AXIS2_PLACEMENT_3D('',#2211,#2212,#2213);
#2215=CIRCLE('',#2214,1.999999993422451);
#2216=EDGE_CURVE('',#2210,#2120,#2215,.T.);
#2217=ORIENTED_EDGE('',*,*,#2216,.F.);
#2218=CARTESIAN_POINT('',(310.239104309128780,871.092549791957480,-272.796227177658980));
#2219=DIRECTION('',(0.707106781186549,-0.707106781186546,0.0));
#2220=VECTOR('',#2219,18.556349187069419);
#2221=LINE('',#2218,#2220);
#2222=EDGE_CURVE('',#2185,#2210,#2221,.T.);
#2223=ORIENTED_EDGE('',*,*,#2222,.F.);
#2224=ORIENTED_EDGE('',*,*,#2191,.T.);
#2225=EDGE_LOOP('',(#2208,#2217,#2223,#2224));
#2226=FACE_OUTER_BOUND('',#2225,.T.);
#2227=ADVANCED_FACE('',(#2226),#2207,.T.);
#2228=CARTESIAN_POINT('',(323.006871245801450,857.617676045746070,-272.996227177658970));
#2229=DIRECTION('',(0.707106773735967,-0.707106788637128,0.0));
#2230=DIRECTION('',(0.0,0.0,-1.0));
#2231=AXIS2_PLACEMENT_3D('',#2228,#2229,#2230);
#2232=PLANE('',#2231);
#2233=ORIENTED_EDGE('',*,*,#2148,.T.);
#2234=ORIENTED_EDGE('',*,*,#2173,.F.);
#2235=CARTESIAN_POINT('',(322.653317857154950,857.264122664549860,-272.796227177658980));
#2236=DIRECTION('',(0.707106788637128,0.707106773735967,0.0));
#2237=VECTOR('',#2236,0.999999995613838);
#2238=LINE('',#2235,#2237);
#2239=EDGE_CURVE('',#1739,#2210,#2238,.T.);
#2240=ORIENTED_EDGE('',*,*,#2239,.T.);
#2241=ORIENTED_EDGE('',*,*,#2216,.T.);
#2242=EDGE_LOOP('',(#2233,#2234,#2240,#2241));
#2243=FACE_OUTER_BOUND('',#2242,.T.);
#2244=ADVANCED_FACE('',(#2243),#2232,.T.);
#2245=CARTESIAN_POINT('',(294.039104348387980,871.178336217999000,-272.796227177658980));
#2246=DIRECTION('',(0.0,0.0,1.0));
#2247=DIRECTION('',(1.0,0.0,0.0));
#2248=AXIS2_PLACEMENT_3D('',#2245,#2246,#2247);
#2249=PLANE('',#2248);
#2250=ORIENTED_EDGE('',*,*,#2239,.F.);
#2251=ORIENTED_EDGE('',*,*,#1775,.F.);
#2252=CARTESIAN_POINT('',(324.067531417539040,857.678336217456720,-272.796227177658980));
#2253=VERTEX_POINT('',#2252);
#2254=CARTESIAN_POINT('',(324.067531417539040,857.678336217456600,-272.796227177658980));
#2255=DIRECTION('',(0.0,-1.0,0.0));
#2256=VECTOR('',#2255,0.999999999999886);
#2257=LINE('',#2254,#2256);
#2258=EDGE_CURVE('',#2253,#1763,#2257,.T.);
#2259=ORIENTED_EDGE('',*,*,#2258,.F.);
#2260=CARTESIAN_POINT('',(324.067531417539040,858.678336216642040,-272.796227177658980));
#2261=DIRECTION('',(0.0,0.0,1.0));
#2262=DIRECTION('',(-0.382683432365070,-0.923879532511295,0.0));
#2263=AXIS2_PLACEMENT_3D('',#2260,#2261,#2262);
#2264=CIRCLE('',#2263,1.000000000000000);
#2265=EDGE_CURVE('',#2210,#2253,#2264,.T.);
#2266=ORIENTED_EDGE('',*,*,#2265,.F.);
#2267=EDGE_LOOP('',(#2250,#2251,#2259,#2266));
#2268=FACE_OUTER_BOUND('',#2267,.T.);
#2269=ADVANCED_FACE('',(#2268),#2249,.T.);
#2270=CARTESIAN_POINT('',(303.824890730420010,865.478336217979860,-272.246227177631060));
#2271=DIRECTION('',(0.707106781187899,-0.707106781185196,0.0));
#2272=DIRECTION('',(0.0,0.0,-1.0));
#2273=AXIS2_PLACEMENT_3D('',#2270,#2271,#2272);
#2274=PLANE('',#2273);
#2275=CARTESIAN_POINT('',(299.824890730420010,861.478336217964970,-271.796227178982520));
#2276=VERTEX_POINT('',#2275);
#2277=CARTESIAN_POINT('',(307.824890730420010,869.478336217996000,-271.796227179013040));
#2278=VERTEX_POINT('',#2277);
#2279=CARTESIAN_POINT('',(299.824890730419610,861.478336217965310,-271.796227178982630));
#2280=DIRECTION('',(0.707106781185196,0.707106781187899,-2.703071E-012));
#2281=VECTOR('',#2280,11.313708499006706);
#2282=LINE('',#2279,#2281);
#2283=EDGE_CURVE('',#2276,#2278,#2282,.T.);
#2284=ORIENTED_EDGE('',*,*,#2283,.T.);
#2285=CARTESIAN_POINT('',(307.824890730420010,869.478336217996000,-270.796227179013040));
#2286=VERTEX_POINT('',#2285);
#2287=CARTESIAN_POINT('',(307.824890730420010,869.478336217996000,-271.796227179013040));
#2288=DIRECTION('',(0.0,0.0,1.0));
#2289=VECTOR('',#2288,1.0);
#2290=LINE('',#2287,#2289);
#2291=EDGE_CURVE('',#2278,#2286,#2290,.T.);
#2292=ORIENTED_EDGE('',*,*,#2291,.T.);
#2293=CARTESIAN_POINT('',(299.824890730420010,861.478336217964970,-270.796227178982520));
#2294=VERTEX_POINT('',#2293);
#2295=CARTESIAN_POINT('',(307.824890730419840,869.478336217996230,-270.796227179013210));
#2296=DIRECTION('',(-0.707106781185198,-0.707106781187896,2.703071E-012));
#2297=VECTOR('',#2296,11.313708499006747);
#2298=LINE('',#2295,#2297);
#2299=EDGE_CURVE('',#2286,#2294,#2298,.T.);
#2300=ORIENTED_EDGE('',*,*,#2299,.T.);
#2301=CARTESIAN_POINT('',(299.824890730420010,861.478336217964970,-270.796227178982520));
#2302=DIRECTION('',(0.0,0.0,-1.0));
#2303=VECTOR('',#2302,1.0);
#2304=LINE('',#2301,#2303);
#2305=EDGE_CURVE('',#2294,#2276,#2304,.T.);
#2306=ORIENTED_EDGE('',*,*,#2305,.T.);
#2307=EDGE_LOOP('',(#2284,#2292,#2300,#2306));
#2308=FACE_OUTER_BOUND('',#2307,.T.);
#2309=ADVANCED_FACE('',(#2308),#2274,.T.);
#2310=CARTESIAN_POINT('',(307.824890730420010,871.178336217999000,-272.996227177658970));
#2311=DIRECTION('',(1.0,0.0,0.0));
#2312=DIRECTION('',(0.0,0.0,-1.0));
#2313=AXIS2_PLACEMENT_3D('',#2310,#2311,#2312);
#2314=PLANE('',#2313);
#2315=ORIENTED_EDGE('',*,*,#2291,.F.);
#2316=CARTESIAN_POINT('',(307.824890730420010,869.678336217995820,-271.796227178561650));
#2317=VERTEX_POINT('',#2316);
#2318=CARTESIAN_POINT('',(307.824890730420010,869.678336217995930,-271.796227179013040));
#2319=DIRECTION('',(0.0,-1.0,0.0));
#2320=VECTOR('',#2319,0.199999999999818);
#2321=LINE('',#2318,#2320);
#2322=EDGE_CURVE('',#2317,#2278,#2321,.T.);
#2323=ORIENTED_EDGE('',*,*,#2322,.F.);
#2324=CARTESIAN_POINT('',(307.824890730421370,870.678336217065180,-272.796227177658980));
#2325=VERTEX_POINT('',#2324);
#2326=CARTESIAN_POINT('',(307.824890730425520,869.678336217996050,-272.796227177658980));
#2327=DIRECTION('',(1.0,0.0,0.0));
#2328=DIRECTION('',(0.0,1.0,0.0));
#2329=AXIS2_PLACEMENT_3D('',#2326,#2327,#2328);
#2330=CIRCLE('',#2329,1.0);
#2331=EDGE_CURVE('',#2325,#2317,#2330,.T.);
#2332=ORIENTED_EDGE('',*,*,#2331,.F.);
#2333=CARTESIAN_POINT('',(307.824890730421370,871.678336217065180,-272.796227177658980));
#2334=VERTEX_POINT('',#2333);
#2335=CARTESIAN_POINT('',(307.824890730420010,870.678336217065070,-272.796227177658980));
#2336=DIRECTION('',(0.0,1.0,0.0));
#2337=VECTOR('',#2336,1.000000000000114);
#2338=LINE('',#2335,#2337);
#2339=EDGE_CURVE('',#2325,#2334,#2338,.T.);
#2340=ORIENTED_EDGE('',*,*,#2339,.T.);
#2341=CARTESIAN_POINT('',(307.824890730420010,869.678336217995820,-270.796227178561710));
#2342=VERTEX_POINT('',#2341);
#2343=CARTESIAN_POINT('',(307.824890730425520,869.678336217996050,-272.796227177658980));
#2344=DIRECTION('',(1.0,0.0,0.0));
#2345=DIRECTION('',(0.0,1.0,0.0));
#2346=AXIS2_PLACEMENT_3D('',#2343,#2344,#2345);
#2347=CIRCLE('',#2346,2.0);
#2348=EDGE_CURVE('',#2334,#2342,#2347,.T.);
#2349=ORIENTED_EDGE('',*,*,#2348,.T.);
#2350=CARTESIAN_POINT('',(307.824890730420010,869.678336217995930,-270.796227179013040));
#2351=DIRECTION('',(0.0,-1.0,0.0));
#2352=VECTOR('',#2351,0.199999999999818);
#2353=LINE('',#2350,#2352);
#2354=EDGE_CURVE('',#2342,#2286,#2353,.T.);
#2355=ORIENTED_EDGE('',*,*,#2354,.T.);
#2356=EDGE_LOOP('',(#2315,#2323,#2332,#2340,#2349,#2355));
#2357=FACE_OUTER_BOUND('',#2356,.T.);
#2358=ADVANCED_FACE('',(#2357),#2314,.T.);
#2359=CARTESIAN_POINT('',(131.233223153644190,869.678336217320980,-271.796227178338030));
#2360=DIRECTION('',(-3.822387E-012,-1.460105E-023,-1.0));
#2361=DIRECTION('',(-1.0,0.0,3.822387E-012));
#2362=AXIS2_PLACEMENT_3D('',#2359,#2360,#2361);
#2363=PLANE('',#2362);
#2364=ORIENTED_EDGE('',*,*,#2283,.F.);
#2365=CARTESIAN_POINT('',(-41.358444423139105,861.478336216661090,-271.796227177678470));
#2366=VERTEX_POINT('',#2365);
#2367=CARTESIAN_POINT('',(299.824890730420010,861.478336217965080,-271.796227178982630));
#2368=DIRECTION('',(-1.0,-3.821957E-012,3.822290E-012));
#2369=VECTOR('',#2368,341.183335153559140);
#2370=LINE('',#2367,#2369);
#2371=EDGE_CURVE('',#2276,#2366,#2370,.T.);
#2372=ORIENTED_EDGE('',*,*,#2371,.T.);
#2373=CARTESIAN_POINT('',(-41.358444423139105,869.678336216661020,-271.796227177678470));
#2374=VERTEX_POINT('',#2373);
#2375=CARTESIAN_POINT('',(-41.358444423139105,869.678336216661020,-271.796227177678470));
#2376=DIRECTION('',(0.0,-1.0,0.0));
#2377=VECTOR('',#2376,8.199999999999932);
#2378=LINE('',#2375,#2377);
#2379=EDGE_CURVE('',#2374,#2366,#2378,.T.);
#2380=ORIENTED_EDGE('',*,*,#2379,.F.);
#2381=CARTESIAN_POINT('',(307.824890730420010,869.678336217995710,-271.796227179013210));
#2382=DIRECTION('',(-1.0,-3.822300E-012,3.822463E-012));
#2383=VECTOR('',#2382,349.183335153559140);
#2384=LINE('',#2381,#2383);
#2385=EDGE_CURVE('',#2317,#2374,#2384,.T.);
#2386=ORIENTED_EDGE('',*,*,#2385,.F.);
#2387=ORIENTED_EDGE('',*,*,#2322,.T.);
#2388=EDGE_LOOP('',(#2364,#2372,#2380,#2386,#2387));
#2389=FACE_OUTER_BOUND('',#2388,.T.);
#2390=ADVANCED_FACE('',(#2389),#2363,.T.);
#2391=CARTESIAN_POINT('',(436.921084772795550,863.117676030844000,-270.796227168456540));
#2392=DIRECTION('',(0.0,0.0,1.0));
#2393=DIRECTION('',(1.0,0.0,0.0));
#2394=AXIS2_PLACEMENT_3D('',#2391,#2392,#2393);
#2395=PLANE('',#2394);
#2396=ORIENTED_EDGE('',*,*,#1563,.F.);
#2397=CARTESIAN_POINT('',(443.481744955106020,869.678336212034650,-270.796227168440000));
#2398=VERTEX_POINT('',#2397);
#2399=CARTESIAN_POINT('',(443.481744954922480,869.678336211851160,-270.796227168431530));
#2400=DIRECTION('',(0.707106781186547,-0.707106781186547,-1.386425E-014));
#2401=VECTOR('',#2400,8.199999988655094);
#2402=LINE('',#2399,#2401);
#2403=EDGE_CURVE('',#2398,#1550,#2402,.T.);
#2404=ORIENTED_EDGE('',*,*,#2403,.F.);
#2405=CARTESIAN_POINT('',(430.360424613094320,856.557015865031530,-270.796227168456540));
#2406=DIRECTION('',(0.707106781186548,0.707106781186548,0.0));
#2407=VECTOR('',#2406,18.556349187444471);
#2408=LINE('',#2405,#2407);
#2409=EDGE_CURVE('',#1612,#2398,#2408,.T.);
#2410=ORIENTED_EDGE('',*,*,#2409,.F.);
#2411=ORIENTED_EDGE('',*,*,#1617,.T.);
#2412=EDGE_LOOP('',(#2396,#2404,#2410,#2411));
#2413=FACE_OUTER_BOUND('',#2412,.T.);
#2414=ADVANCED_FACE('',(#2413),#2395,.T.);
#2415=CARTESIAN_POINT('',(443.481744955288040,869.678336215210950,-271.496227174362500));
#2416=DIRECTION('',(0.707106781186551,0.707106781186545,5.268356E-009));
#2417=DIRECTION('',(7.450581E-009,-5.849050E-025,-1.0));
#2418=AXIS2_PLACEMENT_3D('',#2415,#2416,#2417);
#2419=PLANE('',#2418);
#2420=ORIENTED_EDGE('',*,*,#1555,.F.);
#2421=ORIENTED_EDGE('',*,*,#1600,.F.);
#2422=CARTESIAN_POINT('',(443.481744953425560,869.678336213348980,-270.796227168440000));
#2423=DIRECTION('',(3.725233E-009,3.725404E-009,-1.0));
#2424=VECTOR('',#2423,1.000000009256155);
#2425=LINE('',#2422,#2424);
#2426=EDGE_CURVE('',#2398,#1589,#2425,.T.);
#2427=ORIENTED_EDGE('',*,*,#2426,.F.);
#2428=ORIENTED_EDGE('',*,*,#2403,.T.);
#2429=EDGE_LOOP('',(#2420,#2421,#2427,#2428));
#2430=FACE_OUTER_BOUND('',#2429,.T.);
#2431=ADVANCED_FACE('',(#2430),#2419,.T.);
#2432=CARTESIAN_POINT('',(436.921084784897000,863.117676044819970,-272.796227177658980));
#2433=DIRECTION('',(-0.707106781186548,-0.707106781186548,0.0));
#2434=DIRECTION('',(-0.707106781186547,0.707106781186547,-1.137568E-013));
#2435=AXIS2_PLACEMENT_3D('',#2432,#2433,#2434);
#2436=CYLINDRICAL_SURFACE('',#2435,1.000000000000001);
#2437=ORIENTED_EDGE('',*,*,#1594,.T.);
#2438=CARTESIAN_POINT('',(430.360424612643500,856.557015872566010,-272.796227177658980));
#2439=DIRECTION('',(0.707106781186547,0.707106781186547,0.0));
#2440=DIRECTION('',(-0.707106781186547,0.707106781186547,-1.137568E-013));
#2441=AXIS2_PLACEMENT_3D('',#2438,#2439,#2440);
#2442=CIRCLE('',#2441,1.000000000000001);
#2443=EDGE_CURVE('',#1818,#1581,#2442,.T.);
#2444=ORIENTED_EDGE('',*,*,#2443,.F.);
#2445=ORIENTED_EDGE('',*,*,#1854,.F.);
#2446=CARTESIAN_POINT('',(443.481744957151080,869.678336217074050,-272.796227177658980));
#2447=DIRECTION('',(0.707106781186547,0.707106781186547,0.0));
#2448=DIRECTION('',(-0.707106781186547,0.707106781186547,-1.137568E-013));
#2449=AXIS2_PLACEMENT_3D('',#2446,#2447,#2448);
#2450=CIRCLE('',#2449,1.000000000000001);
#2451=EDGE_CURVE('',#1843,#1589,#2450,.T.);
#2452=ORIENTED_EDGE('',*,*,#2451,.T.);
#2453=EDGE_LOOP('',(#2437,#2444,#2445,#2452));
#2454=FACE_OUTER_BOUND('',#2453,.T.);
#2455=ADVANCED_FACE('',(#2454),#2436,.F.);
#2456=CARTESIAN_POINT('',(429.299764435738500,857.617676045746070,-272.996227177658970));
#2457=DIRECTION('',(-0.707106777461257,-0.707106784911838,5.993113E-022));
#2458=DIRECTION('',(0.0,0.0,1.0));
#2459=AXIS2_PLACEMENT_3D('',#2456,#2457,#2458);
#2460=PLANE('',#2459);
#2461=ORIENTED_EDGE('',*,*,#1623,.T.);
#2462=CARTESIAN_POINT('',(428.946211047035600,857.971229430460770,-272.796227177658980));
#2463=VERTEX_POINT('',#2462);
#2464=CARTESIAN_POINT('',(430.360424608918040,856.557015868841060,-272.796227177658980));
#2465=DIRECTION('',(0.707106781186548,0.707106781186548,0.0));
#2466=DIRECTION('',(-0.707106781186548,0.707106781186548,-1.137568E-013));
#2467=AXIS2_PLACEMENT_3D('',#2464,#2465,#2466);
#2468=CIRCLE('',#2467,2.000000009227517);
#2469=EDGE_CURVE('',#2463,#1612,#2468,.T.);
#2470=ORIENTED_EDGE('',*,*,#2469,.F.);
#2471=CARTESIAN_POINT('',(428.946211047166910,857.971229430592080,-272.796227177658980));
#2472=DIRECTION('',(0.707106784911809,-0.707106777461286,0.0));
#2473=VECTOR('',#2472,1.000000002237347);
#2474=LINE('',#2471,#2473);
#2475=EDGE_CURVE('',#2463,#1818,#2474,.T.);
#2476=ORIENTED_EDGE('',*,*,#2475,.T.);
#2477=ORIENTED_EDGE('',*,*,#2443,.T.);
#2478=EDGE_LOOP('',(#2461,#2470,#2476,#2477));
#2479=FACE_OUTER_BOUND('',#2478,.T.);
#2480=ADVANCED_FACE('',(#2479),#2460,.T.);
#2481=CARTESIAN_POINT('',(436.921084781172060,863.117676041095020,-272.796227177658980));
#2482=DIRECTION('',(-0.707106781186548,-0.707106781186548,0.0));
#2483=DIRECTION('',(-0.707106781186548,0.707106781186548,-1.137568E-013));
#2484=AXIS2_PLACEMENT_3D('',#2481,#2482,#2483);
#2485=CYLINDRICAL_SURFACE('',#2484,2.000000009227517);
#2486=ORIENTED_EDGE('',*,*,#2409,.T.);
#2487=CARTESIAN_POINT('',(443.481744953425560,869.678336213348080,-272.796227177658980));
#2488=DIRECTION('',(0.707106781186548,0.707106781186548,0.0));
#2489=DIRECTION('',(-0.707106781186548,0.707106781186548,-1.137568E-013));
#2490=AXIS2_PLACEMENT_3D('',#2487,#2488,#2489);
#2491=CIRCLE('',#2490,2.000000009227517);
#2492=EDGE_CURVE('',#2096,#2398,#2491,.T.);
#2493=ORIENTED_EDGE('',*,*,#2492,.F.);
#2494=CARTESIAN_POINT('',(428.946211064947250,857.971229412549060,-272.796227177658980));
#2495=DIRECTION('',(0.707106781186544,0.707106781186551,0.0));
#2496=VECTOR('',#2495,18.556349186514453);
#2497=LINE('',#2494,#2496);
#2498=EDGE_CURVE('',#2463,#2096,#2497,.T.);
#2499=ORIENTED_EDGE('',*,*,#2498,.F.);
#2500=ORIENTED_EDGE('',*,*,#2469,.T.);
#2501=EDGE_LOOP('',(#2486,#2493,#2499,#2500));
#2502=FACE_OUTER_BOUND('',#2501,.T.);
#2503=ADVANCED_FACE('',(#2502),#2485,.T.);
#2504=CARTESIAN_POINT('',(442.421084780245960,870.738996390253080,-272.996227177658970));
#2505=DIRECTION('',(0.707106777461257,0.707106784911838,-5.993113E-022));
#2506=DIRECTION('',(0.0,0.0,-1.0));
#2507=AXIS2_PLACEMENT_3D('',#2504,#2505,#2506);
#2508=PLANE('',#2507);
#2509=ORIENTED_EDGE('',*,*,#2426,.T.);
#2510=ORIENTED_EDGE('',*,*,#2451,.F.);
#2511=CARTESIAN_POINT('',(442.067531391674490,871.092549775099430,-272.796227177659490));
#2512=DIRECTION('',(0.707106784911838,-0.707106777461257,0.0));
#2513=VECTOR('',#2512,1.000000002237226);
#2514=LINE('',#2511,#2513);
#2515=EDGE_CURVE('',#2096,#1843,#2514,.T.);
#2516=ORIENTED_EDGE('',*,*,#2515,.F.);
#2517=ORIENTED_EDGE('',*,*,#2492,.T.);
#2518=EDGE_LOOP('',(#2509,#2510,#2516,#2517));
#2519=FACE_OUTER_BOUND('',#2518,.T.);
#2520=ADVANCED_FACE('',(#2519),#2508,.T.);
#2521=CARTESIAN_POINT('',(294.039104348387980,871.178336217999000,-272.796227177658980));
#2522=DIRECTION('',(0.0,0.0,1.0));
#2523=DIRECTION('',(1.0,0.0,0.0));
#2524=AXIS2_PLACEMENT_3D('',#2521,#2522,#2523);
#2525=PLANE('',#2524);
#2526=ORIENTED_EDGE('',*,*,#2475,.F.);
#2527=CARTESIAN_POINT('',(428.239104260709150,857.678336217319160,-272.796227177658980));
#2528=VERTEX_POINT('',#2527);
#2529=CARTESIAN_POINT('',(428.239104260275550,858.678336216642040,-272.796227177658980));
#2530=DIRECTION('',(0.0,0.0,1.0));
#2531=DIRECTION('',(0.382683432365070,-0.923879532511295,0.0));
#2532=AXIS2_PLACEMENT_3D('',#2529,#2530,#2531);
#2533=CIRCLE('',#2532,1.000000000000000);
#2534=EDGE_CURVE('',#2528,#2463,#2533,.T.);
#2535=ORIENTED_EDGE('',*,*,#2534,.F.);
#2536=CARTESIAN_POINT('',(428.239104260275550,857.678336217319040,-272.796227177658980));
#2537=DIRECTION('',(5.599077E-009,-1.0,0.0));
#2538=VECTOR('',#2537,0.999999999971010);
#2539=LINE('',#2536,#2538);
#2540=EDGE_CURVE('',#2528,#1788,#2539,.T.);
#2541=ORIENTED_EDGE('',*,*,#2540,.T.);
#2542=ORIENTED_EDGE('',*,*,#1830,.F.);
#2543=EDGE_LOOP('',(#2526,#2535,#2541,#2542));
#2544=FACE_OUTER_BOUND('',#2543,.T.);
#2545=ADVANCED_FACE('',(#2544),#2525,.T.);
#2546=CARTESIAN_POINT('',(448.481744950883520,865.478336217885040,-271.496226861907470));
#2547=DIRECTION('',(-0.707106781202721,-0.707106781170374,-2.815791E-009));
#2548=DIRECTION('',(-3.982129E-009,-2.924525E-025,1.0));
#2549=AXIS2_PLACEMENT_3D('',#2546,#2547,#2548);
#2550=PLANE('',#2549);
#2551=CARTESIAN_POINT('',(452.481744948801070,861.478336217793980,-270.796227177453490));
#2552=VERTEX_POINT('',#2551);
#2553=CARTESIAN_POINT('',(444.481744948983530,869.478336217975990,-270.796227177636520));
#2554=VERTEX_POINT('',#2553);
#2555=CARTESIAN_POINT('',(452.481744948800670,861.478336217793530,-270.796227177453600));
#2556=DIRECTION('',(-0.707106781170377,0.707106781202718,-1.617321E-011));
#2557=VECTOR('',#2556,11.313708498984399);
#2558=LINE('',#2555,#2557);
#2559=EDGE_CURVE('',#2552,#2554,#2558,.T.);
#2560=ORIENTED_EDGE('',*,*,#2559,.T.);
#2561=CARTESIAN_POINT('',(444.481744952965980,869.478336217975990,-271.796227178994000));
#2562=VERTEX_POINT('',#2561);
#2563=CARTESIAN_POINT('',(444.481744948983990,869.478336217975990,-270.796227177636520));
#2564=DIRECTION('',(3.982166E-009,0.0,-1.0));
#2565=VECTOR('',#2564,1.000000001357478);
#2566=LINE('',#2563,#2565);
#2567=EDGE_CURVE('',#2554,#2562,#2566,.T.);
#2568=ORIENTED_EDGE('',*,*,#2567,.T.);
#2569=CARTESIAN_POINT('',(452.481744952783060,861.478336217793980,-271.796227178811020));
#2570=VERTEX_POINT('',#2569);
#2571=CARTESIAN_POINT('',(444.481744952966100,869.478336217976110,-271.796227178994120));
#2572=DIRECTION('',(0.707106781170367,-0.707106781202728,1.617321E-011));
#2573=VECTOR('',#2572,11.313708498984077);
#2574=LINE('',#2571,#2573);
#2575=EDGE_CURVE('',#2562,#2570,#2574,.T.);
#2576=ORIENTED_EDGE('',*,*,#2575,.T.);
#2577=CARTESIAN_POINT('',(452.481744952783060,861.478336217793980,-271.796227178811020));
#2578=DIRECTION('',(-3.982109E-009,0.0,1.0));
#2579=VECTOR('',#2578,1.000000001357535);
#2580=LINE('',#2577,#2579);
#2581=EDGE_CURVE('',#2570,#2552,#2580,.T.);
#2582=ORIENTED_EDGE('',*,*,#2581,.T.);
#2583=EDGE_LOOP('',(#2560,#2568,#2576,#2582));
#2584=FACE_OUTER_BOUND('',#2583,.T.);
#2585=ADVANCED_FACE('',(#2584),#2550,.T.);
#2586=CARTESIAN_POINT('',(294.039104348124970,861.478336221417070,-271.496227181076960));
#2587=DIRECTION('',(-2.287151E-011,-1.0,0.0));
#2588=DIRECTION('',(0.0,0.0,-1.0));
#2589=AXIS2_PLACEMENT_3D('',#2586,#2587,#2588);
#2590=PLANE('',#2589);
#2591=ORIENTED_EDGE('',*,*,#2581,.F.);
#2592=CARTESIAN_POINT('',(497.841555576860000,861.478336216756020,-271.796227177773520));
#2593=VERTEX_POINT('',#2592);
#2594=CARTESIAN_POINT('',(497.841555576860000,861.478336216755910,-271.796227177773400));
#2595=DIRECTION('',(-1.0,2.287280E-011,-2.287155E-011));
#2596=VECTOR('',#2595,45.359810624076943);
#2597=LINE('',#2594,#2596);
#2598=EDGE_CURVE('',#2593,#2570,#2597,.T.);
#2599=ORIENTED_EDGE('',*,*,#2598,.F.);
#2600=CARTESIAN_POINT('',(497.841555576860000,861.478336216756020,-270.796227176415980));
#2601=VERTEX_POINT('',#2600);
#2602=CARTESIAN_POINT('',(497.841555576860000,861.478336216756020,-270.796227176415980));
#2603=DIRECTION('',(0.0,0.0,-1.0));
#2604=VECTOR('',#2603,1.000000001357535);
#2605=LINE('',#2602,#2604);
#2606=EDGE_CURVE('',#2601,#2593,#2605,.T.);
#2607=ORIENTED_EDGE('',*,*,#2606,.F.);
#2608=CARTESIAN_POINT('',(452.481744948801070,861.478336217793870,-270.796227177453430));
#2609=DIRECTION('',(1.0,-2.287030E-011,2.287155E-011));
#2610=VECTOR('',#2609,45.359810628058938);
#2611=LINE('',#2608,#2610);
#2612=EDGE_CURVE('',#2552,#2601,#2611,.T.);
#2613=ORIENTED_EDGE('',*,*,#2612,.F.);
#2614=EDGE_LOOP('',(#2591,#2599,#2607,#2613));
#2615=FACE_OUTER_BOUND('',#2614,.T.);
#2616=ADVANCED_FACE('',(#2615),#2590,.T.);
#2617=CARTESIAN_POINT('',(473.161650264903980,869.678336217320980,-271.796227178338030));
#2618=DIRECTION('',(2.287151E-011,-5.231580E-022,-1.0));
#2619=DIRECTION('',(-1.0,0.0,-2.287151E-011));
#2620=AXIS2_PLACEMENT_3D('',#2617,#2618,#2619);
#2621=PLANE('',#2620);
#2622=ORIENTED_EDGE('',*,*,#2575,.F.);
#2623=CARTESIAN_POINT('',(444.481744954711020,869.678336217976490,-271.796227178548920));
#2624=VERTEX_POINT('',#2623);
#2625=CARTESIAN_POINT('',(444.481744952970470,869.678336217976490,-271.796227178994000));
#2626=DIRECTION('',(-2.273737E-011,-1.0,0.0));
#2627=VECTOR('',#2626,0.200000000000500);
#2628=LINE('',#2625,#2627);
#2629=EDGE_CURVE('',#2624,#2562,#2628,.T.);
#2630=ORIENTED_EDGE('',*,*,#2629,.F.);
#2631=CARTESIAN_POINT('',(497.841555576860000,869.678336216755950,-271.796227177773520));
#2632=VERTEX_POINT('',#2631);
#2633=CARTESIAN_POINT('',(497.841555576860000,869.678336216755840,-271.796227177773400));
#2634=DIRECTION('',(-1.0,2.287167E-011,-2.287061E-011));
#2635=VECTOR('',#2634,53.359810622148984);
#2636=LINE('',#2633,#2635);
#2637=EDGE_CURVE('',#2632,#2624,#2636,.T.);
#2638=ORIENTED_EDGE('',*,*,#2637,.F.);
#2639=CARTESIAN_POINT('',(497.841555576860000,869.678336216755950,-271.796227177773520));
#2640=DIRECTION('',(0.0,-1.0,0.0));
#2641=VECTOR('',#2640,8.199999999999932);
#2642=LINE('',#2639,#2641);
#2643=EDGE_CURVE('',#2632,#2593,#2642,.T.);
#2644=ORIENTED_EDGE('',*,*,#2643,.T.);
#2645=ORIENTED_EDGE('',*,*,#2598,.T.);
#2646=EDGE_LOOP('',(#2622,#2630,#2638,#2644,#2645));
#2647=FACE_OUTER_BOUND('',#2646,.T.);
#2648=ADVANCED_FACE('',(#2647),#2621,.T.);
#2649=CARTESIAN_POINT('',(316.653317817234490,864.678336254573990,-612.495278932833120));
#2650=DIRECTION('',(0.707106781186548,0.707106781186548,0.0));
#2651=DIRECTION('',(0.0,0.0,-1.0));
#2652=AXIS2_PLACEMENT_3D('',#2649,#2650,#2651);
#2653=PLANE('',#2652);
#2654=CARTESIAN_POINT('',(323.360424636352490,857.971229435455030,-881.602823212926980));
#2655=DIRECTION('',(0.0,0.0,1.0));
#2656=VECTOR('',#2655,608.806596035268060);
#2657=LINE('',#2654,#2656);
#2658=EDGE_CURVE('',#449,#2210,#2657,.T.);
#2659=ORIENTED_EDGE('',*,*,#2658,.F.);
#2660=ORIENTED_EDGE('',*,*,#454,.F.);
#2661=CARTESIAN_POINT('',(310.239104292793000,871.092549779015030,-881.602823212926980));
#2662=DIRECTION('',(0.0,0.0,1.0));
#2663=VECTOR('',#2662,608.806596035268060);
#2664=LINE('',#2661,#2663);
#2665=EDGE_CURVE('',#424,#2185,#2664,.T.);
#2666=ORIENTED_EDGE('',*,*,#2665,.T.);
#2667=ORIENTED_EDGE('',*,*,#2222,.T.);
#2668=EDGE_LOOP('',(#2659,#2660,#2666,#2667));
#2669=FACE_OUTER_BOUND('',#2668,.T.);
#2670=ADVANCED_FACE('',(#2669),#2653,.T.);
#2671=CARTESIAN_POINT('',(308.824890730420010,869.678336216642040,-612.495278932833120));
#2672=DIRECTION('',(0.0,0.0,-1.0));
#2673=DIRECTION('',(0.382683432365092,0.923879532511286,0.0));
#2674=AXIS2_PLACEMENT_3D('',#2671,#2672,#2673);
#2675=CYLINDRICAL_SURFACE('',#2674,2.000000000000000);
#2676=ORIENTED_EDGE('',*,*,#2665,.F.);
#2677=ORIENTED_EDGE('',*,*,#1468,.F.);
#2678=CARTESIAN_POINT('',(308.824890730420010,871.678336216642040,-272.796227177658980));
#2679=VERTEX_POINT('',#2678);
#2680=CARTESIAN_POINT('',(308.824890730420010,871.678336216642040,-881.602823212926980));
#2681=DIRECTION('',(0.0,0.0,1.0));
#2682=VECTOR('',#2681,608.806596035267940);
#2683=LINE('',#2680,#2682);
#2684=EDGE_CURVE('',#1456,#2679,#2683,.T.);
#2685=ORIENTED_EDGE('',*,*,#2684,.T.);
#2686=CARTESIAN_POINT('',(308.824890730420010,869.678336216642040,-272.796227177658980));
#2687=DIRECTION('',(0.0,0.0,-1.0));
#2688=DIRECTION('',(0.382683432365092,0.923879532511286,0.0));
#2689=AXIS2_PLACEMENT_3D('',#2686,#2687,#2688);
#2690=CIRCLE('',#2689,2.000000000000000);
#2691=EDGE_CURVE('',#2679,#2185,#2690,.T.);
#2692=ORIENTED_EDGE('',*,*,#2691,.T.);
#2693=EDGE_LOOP('',(#2676,#2677,#2685,#2692));
#2694=FACE_OUTER_BOUND('',#2693,.T.);
#2695=ADVANCED_FACE('',(#2694),#2675,.T.);
#2696=CARTESIAN_POINT('',(294.039104348387980,871.678336216642040,-578.142337300342890));
#2697=DIRECTION('',(0.0,1.0,0.0));
#2698=DIRECTION('',(0.0,0.0,1.0));
#2699=AXIS2_PLACEMENT_3D('',#2696,#2697,#2698);
#2700=PLANE('',#2699);
#2701=ORIENTED_EDGE('',*,*,#2684,.F.);
#2702=ORIENTED_EDGE('',*,*,#1461,.F.);
#2703=ORIENTED_EDGE('',*,*,#1427,.T.);
#2704=CARTESIAN_POINT('',(-46.358444423139098,871.678336216642040,-272.796227177658980));
#2705=VERTEX_POINT('',#2704);
#2706=CARTESIAN_POINT('',(-46.358444423139098,871.678336216642040,-881.602823212926980));
#2707=DIRECTION('',(0.0,0.0,1.0));
#2708=VECTOR('',#2707,608.806596035267940);
#2709=LINE('',#2706,#2708);
#2710=EDGE_CURVE('',#1391,#2705,#2709,.T.);
#2711=ORIENTED_EDGE('',*,*,#2710,.T.);
#2712=CARTESIAN_POINT('',(-41.358444423139105,871.678336216642040,-272.796227177658980));
#2713=VERTEX_POINT('',#2712);
#2714=CARTESIAN_POINT('',(-46.358444423139090,871.678336216642040,-272.796227177658980));
#2715=DIRECTION('',(1.0,0.0,0.0));
#2716=VECTOR('',#2715,4.999999999999986);
#2717=LINE('',#2714,#2716);
#2718=EDGE_CURVE('',#2705,#2713,#2717,.T.);
#2719=ORIENTED_EDGE('',*,*,#2718,.T.);
#2720=CARTESIAN_POINT('',(307.824890730421370,871.678336216642040,-272.796227177658980));
#2721=DIRECTION('',(-1.0,0.0,0.0));
#2722=VECTOR('',#2721,349.183335153560510);
#2723=LINE('',#2720,#2722);
#2724=EDGE_CURVE('',#2334,#2713,#2723,.T.);
#2725=ORIENTED_EDGE('',*,*,#2724,.F.);
#2726=CARTESIAN_POINT('',(307.824890730421370,871.678336216642040,-272.796227177658980));
#2727=DIRECTION('',(1.0,0.0,0.0));
#2728=VECTOR('',#2727,0.999999999998636);
#2729=LINE('',#2726,#2728);
#2730=EDGE_CURVE('',#2334,#2679,#2729,.T.);
#2731=ORIENTED_EDGE('',*,*,#2730,.T.);
#2732=EDGE_LOOP('',(#2701,#2702,#2703,#2711,#2719,#2725,#2731));
#2733=FACE_OUTER_BOUND('',#2732,.T.);
#2734=ORIENTED_EDGE('',*,*,#147,.T.);
#2735=EDGE_LOOP('',(#2734));
#2736=FACE_BOUND('',#2735,.T.);
#2737=ADVANCED_FACE('',(#2733,#2736),#2700,.T.);
#2738=CARTESIAN_POINT('',(-46.358444423139098,869.678336216642040,-578.142337300342890));
#2739=DIRECTION('',(0.0,0.0,-1.0));
#2740=DIRECTION('',(0.0,1.0,0.0));
#2741=AXIS2_PLACEMENT_3D('',#2738,#2739,#2740);
#2742=CYLINDRICAL_SURFACE('',#2741,2.0);
#2743=ORIENTED_EDGE('',*,*,#1529,.T.);
#2744=CARTESIAN_POINT('',(-48.358444423139098,869.678336216642040,-272.796227177658980));
#2745=VERTEX_POINT('',#2744);
#2746=CARTESIAN_POINT('',(-48.358444423139098,869.678336216642040,-881.602823212926980));
#2747=DIRECTION('',(0.0,0.0,1.0));
#2748=VECTOR('',#2747,608.806596035267940);
#2749=LINE('',#2746,#2748);
#2750=EDGE_CURVE('',#1517,#2745,#2749,.T.);
#2751=ORIENTED_EDGE('',*,*,#2750,.T.);
#2752=CARTESIAN_POINT('',(-46.358444423139098,869.678336216642040,-272.796227177658980));
#2753=DIRECTION('',(0.0,0.0,1.0));
#2754=DIRECTION('',(0.0,1.0,0.0));
#2755=AXIS2_PLACEMENT_3D('',#2752,#2753,#2754);
#2756=CIRCLE('',#2755,2.0);
#2757=EDGE_CURVE('',#2705,#2745,#2756,.T.);
#2758=ORIENTED_EDGE('',*,*,#2757,.F.);
#2759=ORIENTED_EDGE('',*,*,#2710,.F.);
#2760=EDGE_LOOP('',(#2743,#2751,#2758,#2759));
#2761=FACE_OUTER_BOUND('',#2760,.T.);
#2762=ADVANCED_FACE('',(#2761),#2742,.T.);
#2763=CARTESIAN_POINT('',(-48.358444423139098,869.678336216642040,-578.142337300342890));
#2764=DIRECTION('',(-1.0,0.0,0.0));
#2765=DIRECTION('',(0.0,0.0,1.0));
#2766=AXIS2_PLACEMENT_3D('',#2763,#2764,#2765);
#2767=PLANE('',#2766);
#2768=ORIENTED_EDGE('',*,*,#2750,.F.);
#2769=ORIENTED_EDGE('',*,*,#1522,.T.);
#2770=CARTESIAN_POINT('',(-48.358444423139098,861.478336227135060,-272.796227177658980));
#2771=VERTEX_POINT('',#2770);
#2772=CARTESIAN_POINT('',(-48.358444423139098,861.478336227135060,-881.602823212926980));
#2773=DIRECTION('',(0.0,0.0,1.0));
#2774=VECTOR('',#2773,608.806596035267940);
#2775=LINE('',#2772,#2774);
#2776=EDGE_CURVE('',#1509,#2771,#2775,.T.);
#2777=ORIENTED_EDGE('',*,*,#2776,.T.);
#2778=CARTESIAN_POINT('',(-48.358444423139098,869.678336216642040,-272.796227177658980));
#2779=DIRECTION('',(0.0,-1.0,0.0));
#2780=VECTOR('',#2779,8.199999989506978);
#2781=LINE('',#2778,#2780);
#2782=EDGE_CURVE('',#2745,#2771,#2781,.T.);
#2783=ORIENTED_EDGE('',*,*,#2782,.F.);
#2784=EDGE_LOOP('',(#2768,#2769,#2777,#2783));
#2785=FACE_OUTER_BOUND('',#2784,.T.);
#2786=ADVANCED_FACE('',(#2785),#2767,.T.);
#2787=CARTESIAN_POINT('',(-65.207405090332003,861.478336227135060,337.295993067708990));
#2788=DIRECTION('',(0.0,-1.0,0.0));
#2789=DIRECTION('',(0.0,0.0,-1.0));
#2790=AXIS2_PLACEMENT_3D('',#2787,#2788,#2789);
#2791=PLANE('',#2790);
#2792=ORIENTED_EDGE('',*,*,#2776,.F.);
#2793=ORIENTED_EDGE('',*,*,#1514,.T.);
#2794=CARTESIAN_POINT('',(-47.358444423139105,861.478336227135060,-272.796227177658980));
#2795=VERTEX_POINT('',#2794);
#2796=CARTESIAN_POINT('',(-47.358444423139105,861.478336227135060,-881.602823212926980));
#2797=DIRECTION('',(0.0,0.0,1.0));
#2798=VECTOR('',#2797,608.806596035267940);
#2799=LINE('',#2796,#2798);
#2800=EDGE_CURVE('',#1501,#2795,#2799,.T.);
#2801=ORIENTED_EDGE('',*,*,#2800,.T.);
#2802=CARTESIAN_POINT('',(-48.358444423139098,861.478336227135060,-272.796227177658980));
#2803=DIRECTION('',(1.0,0.0,0.0));
#2804=VECTOR('',#2803,0.999999999999993);
#2805=LINE('',#2802,#2804);
#2806=EDGE_CURVE('',#2771,#2795,#2805,.T.);
#2807=ORIENTED_EDGE('',*,*,#2806,.F.);
#2808=EDGE_LOOP('',(#2792,#2793,#2801,#2807));
#2809=FACE_OUTER_BOUND('',#2808,.T.);
#2810=ADVANCED_FACE('',(#2809),#2791,.T.);
#2811=CARTESIAN_POINT('',(-47.358444423139105,869.678336216642040,-578.142337300342890));
#2812=DIRECTION('',(1.0,0.0,0.0));
#2813=DIRECTION('',(0.0,0.0,-1.0));
#2814=AXIS2_PLACEMENT_3D('',#2811,#2812,#2813);
#2815=PLANE('',#2814);
#2816=ORIENTED_EDGE('',*,*,#2800,.F.);
#2817=ORIENTED_EDGE('',*,*,#1506,.F.);
#2818=CARTESIAN_POINT('',(-47.358444423139105,869.678336216642040,-272.796227177658980));
#2819=VERTEX_POINT('',#2818);
#2820=CARTESIAN_POINT('',(-47.358444423139105,869.678336216642040,-881.602823212926980));
#2821=DIRECTION('',(0.0,0.0,1.0));
#2822=VECTOR('',#2821,608.806596035267940);
#2823=LINE('',#2820,#2822);
#2824=EDGE_CURVE('',#1492,#2819,#2823,.T.);
#2825=ORIENTED_EDGE('',*,*,#2824,.T.);
#2826=CARTESIAN_POINT('',(-47.358444423139105,869.678336216642040,-272.796227177658980));
#2827=DIRECTION('',(0.0,-1.0,0.0));
#2828=VECTOR('',#2827,8.199999989506978);
#2829=LINE('',#2826,#2828);
#2830=EDGE_CURVE('',#2819,#2795,#2829,.T.);
#2831=ORIENTED_EDGE('',*,*,#2830,.T.);
#2832=EDGE_LOOP('',(#2816,#2817,#2825,#2831));
#2833=FACE_OUTER_BOUND('',#2832,.T.);
#2834=ADVANCED_FACE('',(#2833),#2815,.T.);
#2835=CARTESIAN_POINT('',(-46.358444423139098,869.678336216642040,-578.142337300342890));
#2836=DIRECTION('',(0.0,0.0,-1.0));
#2837=DIRECTION('',(0.0,1.0,0.0));
#2838=AXIS2_PLACEMENT_3D('',#2835,#2836,#2837);
#2839=CYLINDRICAL_SURFACE('',#2838,1.0);
#2840=ORIENTED_EDGE('',*,*,#2824,.F.);
#2841=ORIENTED_EDGE('',*,*,#1498,.F.);
#2842=CARTESIAN_POINT('',(-46.358444423139098,870.678336216642040,-272.796227177658980));
#2843=VERTEX_POINT('',#2842);
#2844=CARTESIAN_POINT('',(-46.358444423139098,870.678336216642040,-881.602823212926980));
#2845=DIRECTION('',(0.0,0.0,1.0));
#2846=VECTOR('',#2845,608.806596035267940);
#2847=LINE('',#2844,#2846);
#2848=EDGE_CURVE('',#1367,#2843,#2847,.T.);
#2849=ORIENTED_EDGE('',*,*,#2848,.T.);
#2850=CARTESIAN_POINT('',(-46.358444423139098,869.678336216642040,-272.796227177658980));
#2851=DIRECTION('',(0.0,0.0,1.0));
#2852=DIRECTION('',(0.0,1.0,0.0));
#2853=AXIS2_PLACEMENT_3D('',#2850,#2851,#2852);
#2854=CIRCLE('',#2853,1.0);
#2855=EDGE_CURVE('',#2843,#2819,#2854,.T.);
#2856=ORIENTED_EDGE('',*,*,#2855,.T.);
#2857=EDGE_LOOP('',(#2840,#2841,#2849,#2856));
#2858=FACE_OUTER_BOUND('',#2857,.T.);
#2859=ADVANCED_FACE('',(#2858),#2839,.F.);
#2860=CARTESIAN_POINT('',(294.039104348387980,870.678336216642040,-578.142337300342890));
#2861=DIRECTION('',(0.0,-1.0,0.0));
#2862=DIRECTION('',(0.0,0.0,-1.0));
#2863=AXIS2_PLACEMENT_3D('',#2860,#2861,#2862);
#2864=PLANE('',#2863);
#2865=ORIENTED_EDGE('',*,*,#1372,.F.);
#2866=ORIENTED_EDGE('',*,*,#1452,.F.);
#2867=CARTESIAN_POINT('',(308.824890730146020,870.678336216642040,-272.796227177658980));
#2868=VERTEX_POINT('',#2867);
#2869=CARTESIAN_POINT('',(308.824890730420010,870.678336216642040,-881.602823212926980));
#2870=DIRECTION('',(0.0,0.0,1.0));
#2871=VECTOR('',#2870,608.806596035267940);
#2872=LINE('',#2869,#2871);
#2873=EDGE_CURVE('',#1440,#2868,#2872,.T.);
#2874=ORIENTED_EDGE('',*,*,#2873,.T.);
#2875=CARTESIAN_POINT('',(308.824890730146020,870.678336216642040,-272.796227177658980));
#2876=DIRECTION('',(-1.0,0.0,0.0));
#2877=VECTOR('',#2876,0.999999999724594);
#2878=LINE('',#2875,#2877);
#2879=EDGE_CURVE('',#2868,#2325,#2878,.T.);
#2880=ORIENTED_EDGE('',*,*,#2879,.T.);
#2881=CARTESIAN_POINT('',(-41.358444423139105,870.678336216642040,-272.796227177658980));
#2882=VERTEX_POINT('',#2881);
#2883=CARTESIAN_POINT('',(307.824890730421370,870.678336216642040,-272.796227177658980));
#2884=DIRECTION('',(-1.0,0.0,0.0));
#2885=VECTOR('',#2884,349.183335153560510);
#2886=LINE('',#2883,#2885);
#2887=EDGE_CURVE('',#2325,#2882,#2886,.T.);
#2888=ORIENTED_EDGE('',*,*,#2887,.T.);
#2889=CARTESIAN_POINT('',(-41.358444423139105,870.678336216642040,-272.796227177658980));
#2890=DIRECTION('',(-1.0,0.0,0.0));
#2891=VECTOR('',#2890,4.999999999999993);
#2892=LINE('',#2889,#2891);
#2893=EDGE_CURVE('',#2882,#2843,#2892,.T.);
#2894=ORIENTED_EDGE('',*,*,#2893,.T.);
#2895=ORIENTED_EDGE('',*,*,#2848,.F.);
#2896=EDGE_LOOP('',(#2865,#2866,#2874,#2880,#2888,#2894,#2895));
#2897=FACE_OUTER_BOUND('',#2896,.T.);
#2898=ORIENTED_EDGE('',*,*,#136,.T.);
#2899=EDGE_LOOP('',(#2898));
#2900=FACE_BOUND('',#2899,.T.);
#2901=ADVANCED_FACE('',(#2897,#2900),#2864,.T.);
#2902=CARTESIAN_POINT('',(308.824890730420010,869.678336216642040,-612.495278932833120));
#2903=DIRECTION('',(0.0,0.0,-1.0));
#2904=DIRECTION('',(0.382683432365070,0.923879532511295,0.0));
#2905=AXIS2_PLACEMENT_3D('',#2902,#2903,#2904);
#2906=CYLINDRICAL_SURFACE('',#2905,1.000000000000000);
#2907=ORIENTED_EDGE('',*,*,#2873,.F.);
#2908=ORIENTED_EDGE('',*,*,#1446,.F.);
#2909=ORIENTED_EDGE('',*,*,#1735,.T.);
#2910=CARTESIAN_POINT('',(308.824890730420010,869.678336216642040,-272.796227177658980));
#2911=DIRECTION('',(0.0,0.0,1.0));
#2912=DIRECTION('',(0.382683432365070,0.923879532511295,0.0));
#2913=AXIS2_PLACEMENT_3D('',#2910,#2911,#2912);
#2914=CIRCLE('',#2913,1.000000000000000);
#2915=EDGE_CURVE('',#1730,#2868,#2914,.T.);
#2916=ORIENTED_EDGE('',*,*,#2915,.T.);
#2917=EDGE_LOOP('',(#2907,#2908,#2909,#2916));
#2918=FACE_OUTER_BOUND('',#2917,.T.);
#2919=ADVANCED_FACE('',(#2918),#2906,.F.);
#2920=CARTESIAN_POINT('',(473.161650262900930,869.678336217320980,-270.796227176980490));
#2921=DIRECTION('',(-2.287151E-011,5.231580E-022,1.0));
#2922=DIRECTION('',(1.0,0.0,2.287151E-011));
#2923=AXIS2_PLACEMENT_3D('',#2920,#2921,#2922);
#2924=PLANE('',#2923);
#2925=ORIENTED_EDGE('',*,*,#2559,.F.);
#2926=ORIENTED_EDGE('',*,*,#2612,.T.);
#2927=CARTESIAN_POINT('',(497.841555576860000,869.678336216755950,-270.796227176830310));
#2928=VERTEX_POINT('',#2927);
#2929=CARTESIAN_POINT('',(497.841555576860000,869.678336216755950,-270.796227176415980));
#2930=DIRECTION('',(0.0,-1.0,0.0));
#2931=VECTOR('',#2930,8.199999999999932);
#2932=LINE('',#2929,#2931);
#2933=EDGE_CURVE('',#2928,#2601,#2932,.T.);
#2934=ORIENTED_EDGE('',*,*,#2933,.F.);
#2935=CARTESIAN_POINT('',(444.481744952528060,869.678336217976950,-270.796227177643970));
#2936=VERTEX_POINT('',#2935);
#2937=CARTESIAN_POINT('',(444.481744952528120,869.678336217976830,-270.796227177636410));
#2938=DIRECTION('',(1.0,-2.286954E-011,2.287167E-011));
#2939=VECTOR('',#2938,53.359810624331885);
#2940=LINE('',#2937,#2939);
#2941=EDGE_CURVE('',#2936,#2928,#2940,.T.);
#2942=ORIENTED_EDGE('',*,*,#2941,.F.);
#2943=CARTESIAN_POINT('',(444.481744948988020,869.678336217976950,-270.796227177636520));
#2944=DIRECTION('',(-2.273737E-011,-1.0,0.0));
#2945=VECTOR('',#2944,0.200000000000955);
#2946=LINE('',#2943,#2945);
#2947=EDGE_CURVE('',#2936,#2554,#2946,.T.);
#2948=ORIENTED_EDGE('',*,*,#2947,.T.);
#2949=EDGE_LOOP('',(#2925,#2926,#2934,#2942,#2948));
#2950=FACE_OUTER_BOUND('',#2949,.T.);
#2951=ADVANCED_FACE('',(#2950),#2924,.T.);
#2952=CARTESIAN_POINT('',(473.161650264903980,869.678336217320980,-272.796227177658980));
#2953=DIRECTION('',(-1.0,2.287151E-011,0.0));
#2954=DIRECTION('',(2.287151E-011,1.0,-2.270943E-013));
#2955=AXIS2_PLACEMENT_3D('',#2952,#2953,#2954);
#2956=CYLINDRICAL_SURFACE('',#2955,1.0);
#2957=ORIENTED_EDGE('',*,*,#2637,.T.);
#2958=CARTESIAN_POINT('',(444.481744956953040,869.678336217976950,-272.796227177658980));
#2959=DIRECTION('',(1.0,3.959144E-009,-9.042932E-022));
#2960=DIRECTION('',(-3.959144E-009,1.0,-2.270943E-013));
#2961=AXIS2_PLACEMENT_3D('',#2958,#2959,#2960);
#2962=CIRCLE('',#2961,1.0);
#2963=EDGE_CURVE('',#1909,#2624,#2962,.T.);
#2964=ORIENTED_EDGE('',*,*,#2963,.F.);
#2965=ORIENTED_EDGE('',*,*,#1914,.T.);
#2966=CARTESIAN_POINT('',(497.841555576824930,869.678336216755950,-272.796227177658980));
#2967=DIRECTION('',(1.0,0.0,0.0));
#2968=DIRECTION('',(0.0,1.0,-2.270943E-013));
#2969=AXIS2_PLACEMENT_3D('',#2966,#2967,#2968);
#2970=CIRCLE('',#2969,1.0);
#2971=EDGE_CURVE('',#1901,#2632,#2970,.T.);
#2972=ORIENTED_EDGE('',*,*,#2971,.T.);
#2973=EDGE_LOOP('',(#2957,#2964,#2965,#2972));
#2974=FACE_OUTER_BOUND('',#2973,.T.);
#2975=ADVANCED_FACE('',(#2974),#2956,.F.);
#2976=CARTESIAN_POINT('',(444.481744950979530,869.678336217976950,-271.496227173676970));
#2977=DIRECTION('',(-1.0,2.287379E-011,-3.982129E-009));
#2978=DIRECTION('',(-3.982129E-009,0.0,1.0));
#2979=AXIS2_PLACEMENT_3D('',#2976,#2977,#2978);
#2980=PLANE('',#2979);
#2981=ORIENTED_EDGE('',*,*,#2567,.F.);
#2982=ORIENTED_EDGE('',*,*,#2947,.F.);
#2983=CARTESIAN_POINT('',(444.481744956953040,869.678336217976950,-272.796227177658980));
#2984=DIRECTION('',(1.0,3.959144E-009,-9.042932E-022));
#2985=DIRECTION('',(-3.959144E-009,1.0,-2.270943E-013));
#2986=AXIS2_PLACEMENT_3D('',#2983,#2984,#2985);
#2987=CIRCLE('',#2986,2.0);
#2988=EDGE_CURVE('',#2063,#2936,#2987,.T.);
#2989=ORIENTED_EDGE('',*,*,#2988,.F.);
#2990=CARTESIAN_POINT('',(444.481744949034410,871.678336217535270,-272.796227177658980));
#2991=DIRECTION('',(3.959144E-009,-1.0,0.0));
#2992=VECTOR('',#2991,1.000000000476121);
#2993=LINE('',#2990,#2992);
#2994=EDGE_CURVE('',#2063,#1909,#2993,.T.);
#2995=ORIENTED_EDGE('',*,*,#2994,.T.);
#2996=ORIENTED_EDGE('',*,*,#2963,.T.);
#2997=ORIENTED_EDGE('',*,*,#2629,.T.);
#2998=EDGE_LOOP('',(#2981,#2982,#2989,#2995,#2996,#2997));
#2999=FACE_OUTER_BOUND('',#2998,.T.);
#3000=ADVANCED_FACE('',(#2999),#2980,.T.);
#3001=CARTESIAN_POINT('',(473.161650262900930,869.678336217320980,-272.796227177658980));
#3002=DIRECTION('',(-1.0,2.287151E-011,0.0));
#3003=DIRECTION('',(2.287151E-011,1.0,-2.270943E-013));
#3004=AXIS2_PLACEMENT_3D('',#3001,#3002,#3003);
#3005=CYLINDRICAL_SURFACE('',#3004,2.0);
#3006=ORIENTED_EDGE('',*,*,#2941,.T.);
#3007=CARTESIAN_POINT('',(497.841555576824930,869.678336216755950,-272.796227177658980));
#3008=DIRECTION('',(1.0,0.0,0.0));
#3009=DIRECTION('',(0.0,1.0,-2.270943E-013));
#3010=AXIS2_PLACEMENT_3D('',#3007,#3008,#3009);
#3011=CIRCLE('',#3010,2.0);
#3012=EDGE_CURVE('',#2071,#2928,#3011,.T.);
#3013=ORIENTED_EDGE('',*,*,#3012,.F.);
#3014=ORIENTED_EDGE('',*,*,#2076,.F.);
#3015=ORIENTED_EDGE('',*,*,#2988,.T.);
#3016=EDGE_LOOP('',(#3006,#3013,#3014,#3015));
#3017=FACE_OUTER_BOUND('',#3016,.T.);
#3018=ADVANCED_FACE('',(#3017),#3005,.T.);
#3019=CARTESIAN_POINT('',(497.841555576860000,871.178336216642040,-272.996227177658970));
#3020=DIRECTION('',(1.0,0.0,0.0));
#3021=DIRECTION('',(0.0,0.0,-1.0));
#3022=AXIS2_PLACEMENT_3D('',#3019,#3020,#3021);
#3023=PLANE('',#3022);
#3024=ORIENTED_EDGE('',*,*,#2933,.T.);
#3025=ORIENTED_EDGE('',*,*,#2606,.T.);
#3026=ORIENTED_EDGE('',*,*,#2643,.F.);
#3027=ORIENTED_EDGE('',*,*,#2971,.F.);
#3028=CARTESIAN_POINT('',(497.841555576860000,870.678336216642040,-272.796227177658980));
#3029=DIRECTION('',(0.0,1.0,0.0));
#3030=VECTOR('',#3029,1.000000000707587);
#3031=LINE('',#3028,#3030);
#3032=EDGE_CURVE('',#1901,#2071,#3031,.T.);
#3033=ORIENTED_EDGE('',*,*,#3032,.T.);
#3034=ORIENTED_EDGE('',*,*,#3012,.T.);
#3035=EDGE_LOOP('',(#3024,#3025,#3026,#3027,#3033,#3034));
#3036=FACE_OUTER_BOUND('',#3035,.T.);
#3037=ADVANCED_FACE('',(#3036),#3023,.T.);
#3038=CARTESIAN_POINT('',(294.039104348387980,871.178336217999000,-272.796227177658980));
#3039=DIRECTION('',(0.0,0.0,1.0));
#3040=DIRECTION('',(1.0,0.0,0.0));
#3041=AXIS2_PLACEMENT_3D('',#3038,#3039,#3040);
#3042=PLANE('',#3041);
#3043=ORIENTED_EDGE('',*,*,#1969,.T.);
#3044=ORIENTED_EDGE('',*,*,#1993,.T.);
#3045=ORIENTED_EDGE('',*,*,#2017,.F.);
#3046=ORIENTED_EDGE('',*,*,#2042,.F.);
#3047=ORIENTED_EDGE('',*,*,#2082,.F.);
#3048=ORIENTED_EDGE('',*,*,#3032,.F.);
#3049=ORIENTED_EDGE('',*,*,#1906,.F.);
#3050=ORIENTED_EDGE('',*,*,#1944,.T.);
#3051=EDGE_LOOP('',(#3043,#3044,#3045,#3046,#3047,#3048,#3049,#3050));
#3052=FACE_OUTER_BOUND('',#3051,.T.);
#3053=ADVANCED_FACE('',(#3052),#3042,.T.);
#3054=CARTESIAN_POINT('',(294.039104348387980,871.178336217999000,-272.796227177658980));
#3055=DIRECTION('',(0.0,0.0,1.0));
#3056=DIRECTION('',(1.0,0.0,0.0));
#3057=AXIS2_PLACEMENT_3D('',#3054,#3055,#3056);
#3058=PLANE('',#3057);
#3059=ORIENTED_EDGE('',*,*,#2515,.T.);
#3060=ORIENTED_EDGE('',*,*,#1879,.F.);
#3061=ORIENTED_EDGE('',*,*,#1920,.F.);
#3062=ORIENTED_EDGE('',*,*,#2994,.F.);
#3063=ORIENTED_EDGE('',*,*,#2068,.F.);
#3064=ORIENTED_EDGE('',*,*,#2108,.F.);
#3065=EDGE_LOOP('',(#3059,#3060,#3061,#3062,#3063,#3064));
#3066=FACE_OUTER_BOUND('',#3065,.T.);
#3067=ADVANCED_FACE('',(#3066),#3058,.T.);
#3068=CARTESIAN_POINT('',(376.153317838907470,855.678336217999910,-270.796227177659030));
#3069=DIRECTION('',(0.0,0.0,1.0));
#3070=DIRECTION('',(1.0,0.0,0.0));
#3071=AXIS2_PLACEMENT_3D('',#3068,#3069,#3070);
#3072=PLANE('',#3071);
#3073=CARTESIAN_POINT('',(324.067531417539040,847.478336217998960,-270.796227177659030));
#3074=VERTEX_POINT('',#3073);
#3075=CARTESIAN_POINT('',(428.239104259902210,847.478336217998960,-270.796227177659030));
#3076=VERTEX_POINT('',#3075);
#3077=CARTESIAN_POINT('',(324.067531417539040,847.478336217998960,-270.796227177659030));
#3078=DIRECTION('',(1.0,0.0,0.0));
#3079=VECTOR('',#3078,104.171572842363160);
#3080=LINE('',#3077,#3079);
#3081=EDGE_CURVE('',#3074,#3076,#3080,.T.);
#3082=ORIENTED_EDGE('',*,*,#3081,.T.);
#3083=CARTESIAN_POINT('',(428.239104259902210,855.678336217999910,-270.796227177659030));
#3084=VERTEX_POINT('',#3083);
#3085=CARTESIAN_POINT('',(428.239104260275550,855.678336217999910,-270.796227177659030));
#3086=DIRECTION('',(0.0,-1.0,0.0));
#3087=VECTOR('',#3086,8.200000000000955);
#3088=LINE('',#3085,#3087);
#3089=EDGE_CURVE('',#3084,#3076,#3088,.T.);
#3090=ORIENTED_EDGE('',*,*,#3089,.F.);
#3091=CARTESIAN_POINT('',(324.067531417539040,855.678336217999910,-270.796227177659030));
#3092=VERTEX_POINT('',#3091);
#3093=CARTESIAN_POINT('',(324.067531417539040,855.678336217999910,-270.796227177659030));
#3094=DIRECTION('',(1.0,0.0,0.0));
#3095=VECTOR('',#3094,104.171572842363160);
#3096=LINE('',#3093,#3095);
#3097=EDGE_CURVE('',#3092,#3084,#3096,.T.);
#3098=ORIENTED_EDGE('',*,*,#3097,.F.);
#3099=CARTESIAN_POINT('',(324.067531417539040,855.678336217999910,-270.796227177659030));
#3100=DIRECTION('',(0.0,-1.0,0.0));
#3101=VECTOR('',#3100,8.200000000000955);
#3102=LINE('',#3099,#3101);
#3103=EDGE_CURVE('',#3092,#3074,#3102,.T.);
#3104=ORIENTED_EDGE('',*,*,#3103,.T.);
#3105=EDGE_LOOP('',(#3082,#3090,#3098,#3104));
#3106=FACE_OUTER_BOUND('',#3105,.T.);
#3107=ADVANCED_FACE('',(#3106),#3072,.T.);
#3108=CARTESIAN_POINT('',(376.153317841707010,855.678336217999910,-271.796227177658980));
#3109=DIRECTION('',(0.0,0.0,-1.0));
#3110=DIRECTION('',(-1.0,0.0,0.0));
#3111=AXIS2_PLACEMENT_3D('',#3108,#3109,#3110);
#3112=PLANE('',#3111);
#3113=CARTESIAN_POINT('',(428.239104265501230,847.478336217998960,-271.796227177658980));
#3114=VERTEX_POINT('',#3113);
#3115=CARTESIAN_POINT('',(324.067531417539040,847.478336217998960,-271.796227177658980));
#3116=VERTEX_POINT('',#3115);
#3117=CARTESIAN_POINT('',(428.239104265501230,847.478336217998960,-271.796227177658980));
#3118=DIRECTION('',(-1.0,0.0,0.0));
#3119=VECTOR('',#3118,104.171572847962180);
#3120=LINE('',#3117,#3119);
#3121=EDGE_CURVE('',#3114,#3116,#3120,.T.);
#3122=ORIENTED_EDGE('',*,*,#3121,.T.);
#3123=CARTESIAN_POINT('',(324.067531417539040,855.678336217999910,-271.796227177658980));
#3124=VERTEX_POINT('',#3123);
#3125=CARTESIAN_POINT('',(324.067531417539040,855.678336217999910,-271.796227177658980));
#3126=DIRECTION('',(0.0,-1.0,0.0));
#3127=VECTOR('',#3126,8.200000000000955);
#3128=LINE('',#3125,#3127);
#3129=EDGE_CURVE('',#3124,#3116,#3128,.T.);
#3130=ORIENTED_EDGE('',*,*,#3129,.F.);
#3131=CARTESIAN_POINT('',(428.239104265501230,855.678336217999910,-271.796227177658980));
#3132=VERTEX_POINT('',#3131);
#3133=CARTESIAN_POINT('',(428.239104265501230,855.678336217999910,-271.796227177658980));
#3134=DIRECTION('',(-1.0,0.0,0.0));
#3135=VECTOR('',#3134,104.171572847962180);
#3136=LINE('',#3133,#3135);
#3137=EDGE_CURVE('',#3132,#3124,#3136,.T.);
#3138=ORIENTED_EDGE('',*,*,#3137,.F.);
#3139=CARTESIAN_POINT('',(428.239104265874460,855.678336217999910,-271.796227177658980));
#3140=DIRECTION('',(0.0,-1.0,0.0));
#3141=VECTOR('',#3140,8.200000000000955);
#3142=LINE('',#3139,#3141);
#3143=EDGE_CURVE('',#3132,#3114,#3142,.T.);
#3144=ORIENTED_EDGE('',*,*,#3143,.T.);
#3145=EDGE_LOOP('',(#3122,#3130,#3138,#3144));
#3146=FACE_OUTER_BOUND('',#3145,.T.);
#3147=ADVANCED_FACE('',(#3146),#3112,.T.);
#3148=CARTESIAN_POINT('',(376.153317841707010,855.678336217999910,-272.796227177658980));
#3149=DIRECTION('',(-1.0,0.0,0.0));
#3150=DIRECTION('',(0.0,1.0,0.0));
#3151=AXIS2_PLACEMENT_3D('',#3148,#3149,#3150);
#3152=CYLINDRICAL_SURFACE('',#3151,1.0);
#3153=ORIENTED_EDGE('',*,*,#3137,.T.);
#3154=CARTESIAN_POINT('',(324.067531417539040,855.678336217999910,-272.796227177658980));
#3155=DIRECTION('',(1.0,0.0,0.0));
#3156=DIRECTION('',(0.0,1.0,0.0));
#3157=AXIS2_PLACEMENT_3D('',#3154,#3155,#3156);
#3158=CIRCLE('',#3157,1.0);
#3159=EDGE_CURVE('',#1763,#3124,#3158,.T.);
#3160=ORIENTED_EDGE('',*,*,#3159,.F.);
#3161=ORIENTED_EDGE('',*,*,#1799,.F.);
#3162=CARTESIAN_POINT('',(428.239104265874460,855.678336217999910,-272.796227177658980));
#3163=DIRECTION('',(1.0,0.0,0.0));
#3164=DIRECTION('',(0.0,1.0,0.0));
#3165=AXIS2_PLACEMENT_3D('',#3162,#3163,#3164);
#3166=CIRCLE('',#3165,1.0);
#3167=EDGE_CURVE('',#1788,#3132,#3166,.T.);
#3168=ORIENTED_EDGE('',*,*,#3167,.T.);
#3169=EDGE_LOOP('',(#3153,#3160,#3161,#3168));
#3170=FACE_OUTER_BOUND('',#3169,.T.);
#3171=ADVANCED_FACE('',(#3170),#3152,.F.);
#3172=CARTESIAN_POINT('',(324.067531417539040,857.178336217999000,-272.996227177658970));
#3173=DIRECTION('',(-1.0,0.0,0.0));
#3174=DIRECTION('',(0.0,0.0,1.0));
#3175=AXIS2_PLACEMENT_3D('',#3172,#3173,#3174);
#3176=PLANE('',#3175);
#3177=ORIENTED_EDGE('',*,*,#3159,.T.);
#3178=ORIENTED_EDGE('',*,*,#3129,.T.);
#3179=CARTESIAN_POINT('',(324.067531417539040,847.478336217998960,-271.796227177658980));
#3180=DIRECTION('',(0.0,0.0,1.0));
#3181=VECTOR('',#3180,1.0);
#3182=LINE('',#3179,#3181);
#3183=EDGE_CURVE('',#3116,#3074,#3182,.T.);
#3184=ORIENTED_EDGE('',*,*,#3183,.T.);
#3185=ORIENTED_EDGE('',*,*,#3103,.F.);
#3186=CARTESIAN_POINT('',(324.067531417539040,855.678336217999910,-272.796227177658980));
#3187=DIRECTION('',(1.0,0.0,0.0));
#3188=DIRECTION('',(0.0,1.0,0.0));
#3189=AXIS2_PLACEMENT_3D('',#3186,#3187,#3188);
#3190=CIRCLE('',#3189,2.0);
#3191=EDGE_CURVE('',#2253,#3092,#3190,.T.);
#3192=ORIENTED_EDGE('',*,*,#3191,.F.);
#3193=ORIENTED_EDGE('',*,*,#2258,.T.);
#3194=EDGE_LOOP('',(#3177,#3178,#3184,#3185,#3192,#3193));
#3195=FACE_OUTER_BOUND('',#3194,.T.);
#3196=ADVANCED_FACE('',(#3195),#3176,.T.);
#3197=CARTESIAN_POINT('',(376.153317838907470,855.678336217999910,-272.796227177658980));
#3198=DIRECTION('',(-1.0,0.0,0.0));
#3199=DIRECTION('',(0.0,1.0,0.0));
#3200=AXIS2_PLACEMENT_3D('',#3197,#3198,#3199);
#3201=CYLINDRICAL_SURFACE('',#3200,2.0);
#3202=ORIENTED_EDGE('',*,*,#3097,.T.);
#3203=CARTESIAN_POINT('',(428.239104260275550,855.678336217999910,-272.796227177658980));
#3204=DIRECTION('',(1.0,0.0,0.0));
#3205=DIRECTION('',(0.0,1.0,0.0));
#3206=AXIS2_PLACEMENT_3D('',#3203,#3204,#3205);
#3207=CIRCLE('',#3206,2.0);
#3208=EDGE_CURVE('',#2528,#3084,#3207,.T.);
#3209=ORIENTED_EDGE('',*,*,#3208,.F.);
#3210=CARTESIAN_POINT('',(324.067531417539040,857.678336217999910,-272.796227177658980));
#3211=DIRECTION('',(1.0,0.0,0.0));
#3212=VECTOR('',#3211,104.171572843170170);
#3213=LINE('',#3210,#3212);
#3214=EDGE_CURVE('',#2253,#2528,#3213,.T.);
#3215=ORIENTED_EDGE('',*,*,#3214,.F.);
#3216=ORIENTED_EDGE('',*,*,#3191,.T.);
#3217=EDGE_LOOP('',(#3202,#3209,#3215,#3216));
#3218=FACE_OUTER_BOUND('',#3217,.T.);
#3219=ADVANCED_FACE('',(#3218),#3201,.T.);
#3220=CARTESIAN_POINT('',(428.239104263074980,855.678336217999910,-271.496227177658970));
#3221=DIRECTION('',(1.0,0.0,5.599077E-009));
#3222=DIRECTION('',(5.599077E-009,0.0,-1.0));
#3223=AXIS2_PLACEMENT_3D('',#3220,#3221,#3222);
#3224=PLANE('',#3223);
#3225=ORIENTED_EDGE('',*,*,#3208,.T.);
#3226=ORIENTED_EDGE('',*,*,#3089,.T.);
#3227=CARTESIAN_POINT('',(428.239104260275550,847.478336217998960,-270.796227177659030));
#3228=DIRECTION('',(5.599077E-009,0.0,-1.0));
#3229=VECTOR('',#3228,1.0);
#3230=LINE('',#3227,#3229);
#3231=EDGE_CURVE('',#3076,#3114,#3230,.T.);
#3232=ORIENTED_EDGE('',*,*,#3231,.T.);
#3233=ORIENTED_EDGE('',*,*,#3143,.F.);
#3234=ORIENTED_EDGE('',*,*,#3167,.F.);
#3235=ORIENTED_EDGE('',*,*,#2540,.F.);
#3236=EDGE_LOOP('',(#3225,#3226,#3232,#3233,#3234,#3235));
#3237=FACE_OUTER_BOUND('',#3236,.T.);
#3238=ADVANCED_FACE('',(#3237),#3224,.T.);
#3239=CARTESIAN_POINT('',(294.039104348387980,847.478336217998960,-257.496227177659020));
#3240=DIRECTION('',(0.0,-1.0,0.0));
#3241=DIRECTION('',(0.0,0.0,-1.0));
#3242=AXIS2_PLACEMENT_3D('',#3239,#3240,#3241);
#3243=PLANE('',#3242);
#3244=ORIENTED_EDGE('',*,*,#3183,.F.);
#3245=ORIENTED_EDGE('',*,*,#3121,.F.);
#3246=ORIENTED_EDGE('',*,*,#3231,.F.);
#3247=ORIENTED_EDGE('',*,*,#3081,.F.);
#3248=EDGE_LOOP('',(#3244,#3245,#3246,#3247));
#3249=FACE_OUTER_BOUND('',#3248,.T.);
#3250=ADVANCED_FACE('',(#3249),#3243,.T.);
#3251=CARTESIAN_POINT('',(131.233223153648000,869.678336217320980,-270.796227178337970));
#3252=DIRECTION('',(3.822387E-012,1.460105E-023,1.0));
#3253=DIRECTION('',(1.0,0.0,-3.822387E-012));
#3254=AXIS2_PLACEMENT_3D('',#3251,#3252,#3253);
#3255=PLANE('',#3254);
#3256=ORIENTED_EDGE('',*,*,#2299,.F.);
#3257=ORIENTED_EDGE('',*,*,#2354,.F.);
#3258=CARTESIAN_POINT('',(-41.358444423139105,869.678336216661020,-270.796227177678470));
#3259=VERTEX_POINT('',#3258);
#3260=CARTESIAN_POINT('',(-41.358444423139105,869.678336216661020,-270.796227177678470));
#3261=DIRECTION('',(1.0,3.822300E-012,-3.822463E-012));
#3262=VECTOR('',#3261,349.183335153559140);
#3263=LINE('',#3260,#3262);
#3264=EDGE_CURVE('',#3259,#2342,#3263,.T.);
#3265=ORIENTED_EDGE('',*,*,#3264,.F.);
#3266=CARTESIAN_POINT('',(-41.358444423139105,861.478336216661090,-270.796227177678470));
#3267=VERTEX_POINT('',#3266);
#3268=CARTESIAN_POINT('',(-41.358444423139105,869.678336216661020,-270.796227177678470));
#3269=DIRECTION('',(0.0,-1.0,0.0));
#3270=VECTOR('',#3269,8.199999999999932);
#3271=LINE('',#3268,#3270);
#3272=EDGE_CURVE('',#3259,#3267,#3271,.T.);
#3273=ORIENTED_EDGE('',*,*,#3272,.T.);
#3274=CARTESIAN_POINT('',(-41.358444423139105,861.478336216661090,-270.796227177678470));
#3275=DIRECTION('',(1.0,3.821957E-012,-3.822290E-012));
#3276=VECTOR('',#3275,341.183335153559140);
#3277=LINE('',#3274,#3276);
#3278=EDGE_CURVE('',#3267,#2294,#3277,.T.);
#3279=ORIENTED_EDGE('',*,*,#3278,.T.);
#3280=EDGE_LOOP('',(#3256,#3257,#3265,#3273,#3279));
#3281=FACE_OUTER_BOUND('',#3280,.T.);
#3282=ADVANCED_FACE('',(#3281),#3255,.T.);
#3283=CARTESIAN_POINT('',(131.233223153644190,869.678336217320980,-272.796227177658980));
#3284=DIRECTION('',(-1.0,-3.822387E-012,0.0));
#3285=DIRECTION('',(-3.822387E-012,1.0,0.0));
#3286=AXIS2_PLACEMENT_3D('',#3283,#3284,#3285);
#3287=CYLINDRICAL_SURFACE('',#3286,1.0);
#3288=ORIENTED_EDGE('',*,*,#2385,.T.);
#3289=CARTESIAN_POINT('',(-41.358444423133349,869.678336216661020,-272.796227177658980));
#3290=DIRECTION('',(1.0,0.0,0.0));
#3291=DIRECTION('',(0.0,1.0,0.0));
#3292=AXIS2_PLACEMENT_3D('',#3289,#3290,#3291);
#3293=CIRCLE('',#3292,1.0);
#3294=EDGE_CURVE('',#2882,#2374,#3293,.T.);
#3295=ORIENTED_EDGE('',*,*,#3294,.F.);
#3296=ORIENTED_EDGE('',*,*,#2887,.F.);
#3297=ORIENTED_EDGE('',*,*,#2331,.T.);
#3298=EDGE_LOOP('',(#3288,#3295,#3296,#3297));
#3299=FACE_OUTER_BOUND('',#3298,.T.);
#3300=ADVANCED_FACE('',(#3299),#3287,.F.);
#3301=CARTESIAN_POINT('',(-41.358444423139105,871.178336216642040,-272.996227177658970));
#3302=DIRECTION('',(-1.0,0.0,0.0));
#3303=DIRECTION('',(0.0,0.0,1.0));
#3304=AXIS2_PLACEMENT_3D('',#3301,#3302,#3303);
#3305=PLANE('',#3304);
#3306=ORIENTED_EDGE('',*,*,#2379,.T.);
#3307=CARTESIAN_POINT('',(-41.358444423139105,861.478336216661090,-271.796227177678470));
#3308=DIRECTION('',(0.0,0.0,1.0));
#3309=VECTOR('',#3308,1.0);
#3310=LINE('',#3307,#3309);
#3311=EDGE_CURVE('',#2366,#3267,#3310,.T.);
#3312=ORIENTED_EDGE('',*,*,#3311,.T.);
#3313=ORIENTED_EDGE('',*,*,#3272,.F.);
#3314=CARTESIAN_POINT('',(-41.358444423133349,869.678336216661020,-272.796227177658980));
#3315=DIRECTION('',(1.0,0.0,0.0));
#3316=DIRECTION('',(0.0,1.0,0.0));
#3317=AXIS2_PLACEMENT_3D('',#3314,#3315,#3316);
#3318=CIRCLE('',#3317,2.0);
#3319=EDGE_CURVE('',#2713,#3259,#3318,.T.);
#3320=ORIENTED_EDGE('',*,*,#3319,.F.);
#3321=CARTESIAN_POINT('',(-41.358444423139105,870.678336216642040,-272.796227177658980));
#3322=DIRECTION('',(0.0,1.0,0.0));
#3323=VECTOR('',#3322,1.0);
#3324=LINE('',#3321,#3323);
#3325=EDGE_CURVE('',#2882,#2713,#3324,.T.);
#3326=ORIENTED_EDGE('',*,*,#3325,.F.);
#3327=ORIENTED_EDGE('',*,*,#3294,.T.);
#3328=EDGE_LOOP('',(#3306,#3312,#3313,#3320,#3326,#3327));
#3329=FACE_OUTER_BOUND('',#3328,.T.);
#3330=ADVANCED_FACE('',(#3329),#3305,.T.);
#3331=CARTESIAN_POINT('',(131.233223153648000,869.678336217320980,-272.796227177658980));
#3332=DIRECTION('',(-1.0,-3.822387E-012,0.0));
#3333=DIRECTION('',(-3.822387E-012,1.0,0.0));
#3334=AXIS2_PLACEMENT_3D('',#3331,#3332,#3333);
#3335=CYLINDRICAL_SURFACE('',#3334,2.0);
#3336=ORIENTED_EDGE('',*,*,#3264,.T.);
#3337=ORIENTED_EDGE('',*,*,#2348,.F.);
#3338=ORIENTED_EDGE('',*,*,#2724,.T.);
#3339=ORIENTED_EDGE('',*,*,#3319,.T.);
#3340=EDGE_LOOP('',(#3336,#3337,#3338,#3339));
#3341=FACE_OUTER_BOUND('',#3340,.T.);
#3342=ADVANCED_FACE('',(#3341),#3335,.T.);
#3343=CARTESIAN_POINT('',(294.039104348387980,871.178336217999000,-272.796227177658980));
#3344=DIRECTION('',(0.0,0.0,1.0));
#3345=DIRECTION('',(1.0,0.0,0.0));
#3346=AXIS2_PLACEMENT_3D('',#3343,#3344,#3345);
#3347=PLANE('',#3346);
#3348=ORIENTED_EDGE('',*,*,#2197,.T.);
#3349=ORIENTED_EDGE('',*,*,#2691,.F.);
#3350=ORIENTED_EDGE('',*,*,#2730,.F.);
#3351=ORIENTED_EDGE('',*,*,#2339,.F.);
#3352=ORIENTED_EDGE('',*,*,#2879,.F.);
#3353=ORIENTED_EDGE('',*,*,#2915,.F.);
#3354=EDGE_LOOP('',(#3348,#3349,#3350,#3351,#3352,#3353));
#3355=FACE_OUTER_BOUND('',#3354,.T.);
#3356=ADVANCED_FACE('',(#3355),#3347,.T.);
#3357=CARTESIAN_POINT('',(294.039104348432030,861.478336217943020,-271.496227177602460));
#3358=DIRECTION('',(3.822387E-012,-1.0,0.0));
#3359=DIRECTION('',(0.0,0.0,-1.0));
#3360=AXIS2_PLACEMENT_3D('',#3357,#3358,#3359);
#3361=PLANE('',#3360);
#3362=ORIENTED_EDGE('',*,*,#2305,.F.);
#3363=ORIENTED_EDGE('',*,*,#3278,.F.);
#3364=ORIENTED_EDGE('',*,*,#3311,.F.);
#3365=ORIENTED_EDGE('',*,*,#2371,.F.);
#3366=EDGE_LOOP('',(#3362,#3363,#3364,#3365));
#3367=FACE_OUTER_BOUND('',#3366,.T.);
#3368=ADVANCED_FACE('',(#3367),#3361,.T.);
#3369=CARTESIAN_POINT('',(294.039104348387980,871.178336217999000,-272.796227177658980));
#3370=DIRECTION('',(0.0,0.0,1.0));
#3371=DIRECTION('',(1.0,0.0,0.0));
#3372=AXIS2_PLACEMENT_3D('',#3369,#3370,#3371);
#3373=PLANE('',#3372);
#3374=ORIENTED_EDGE('',*,*,#2782,.T.);
#3375=ORIENTED_EDGE('',*,*,#2806,.T.);
#3376=ORIENTED_EDGE('',*,*,#2830,.F.);
#3377=ORIENTED_EDGE('',*,*,#2855,.F.);
#3378=ORIENTED_EDGE('',*,*,#2893,.F.);
#3379=ORIENTED_EDGE('',*,*,#3325,.T.);
#3380=ORIENTED_EDGE('',*,*,#2718,.F.);
#3381=ORIENTED_EDGE('',*,*,#2757,.T.);
#3382=EDGE_LOOP('',(#3374,#3375,#3376,#3377,#3378,#3379,#3380,#3381));
#3383=FACE_OUTER_BOUND('',#3382,.T.);
#3384=ADVANCED_FACE('',(#3383),#3373,.T.);
#3385=CARTESIAN_POINT('',(435.653317843451480,864.678336237444910,-612.495278932833120));
#3386=DIRECTION('',(-0.707106781186548,0.707106781186548,0.0));
#3387=DIRECTION('',(0.0,0.0,1.0));
#3388=AXIS2_PLACEMENT_3D('',#3385,#3386,#3387);
#3389=PLANE('',#3388);
#3390=ORIENTED_EDGE('',*,*,#2101,.F.);
#3391=ORIENTED_EDGE('',*,*,#749,.F.);
#3392=CARTESIAN_POINT('',(428.946211041462050,857.971229435455030,-881.602823212926980));
#3393=DIRECTION('',(0.0,0.0,1.0));
#3394=VECTOR('',#3393,608.806596035268060);
#3395=LINE('',#3392,#3394);
#3396=EDGE_CURVE('',#719,#2463,#3395,.T.);
#3397=ORIENTED_EDGE('',*,*,#3396,.T.);
#3398=ORIENTED_EDGE('',*,*,#2498,.T.);
#3399=EDGE_LOOP('',(#3390,#3391,#3397,#3398));
#3400=FACE_OUTER_BOUND('',#3399,.T.);
#3401=ADVANCED_FACE('',(#3400),#3389,.T.);
#3402=CARTESIAN_POINT('',(428.239104260275550,858.678336216642040,-612.495278932833120));
#3403=DIRECTION('',(0.0,0.0,-1.0));
#3404=DIRECTION('',(0.382683432365070,-0.923879532511295,0.0));
#3405=AXIS2_PLACEMENT_3D('',#3402,#3403,#3404);
#3406=CYLINDRICAL_SURFACE('',#3405,1.000000000000000);
#3407=ORIENTED_EDGE('',*,*,#3396,.F.);
#3408=ORIENTED_EDGE('',*,*,#806,.F.);
#3409=CARTESIAN_POINT('',(428.239104260275550,857.678336216642040,-881.602823212926980));
#3410=DIRECTION('',(0.0,0.0,1.0));
#3411=VECTOR('',#3410,608.806596035268060);
#3412=LINE('',#3409,#3411);
#3413=EDGE_CURVE('',#794,#2528,#3412,.T.);
#3414=ORIENTED_EDGE('',*,*,#3413,.T.);
#3415=ORIENTED_EDGE('',*,*,#2534,.T.);
#3416=EDGE_LOOP('',(#3407,#3408,#3414,#3415));
#3417=FACE_OUTER_BOUND('',#3416,.T.);
#3418=ADVANCED_FACE('',(#3417),#3406,.F.);
#3419=CARTESIAN_POINT('',(376.153317842581490,857.678336216642040,-612.495278932833120));
#3420=DIRECTION('',(0.0,1.0,0.0));
#3421=DIRECTION('',(0.0,0.0,1.0));
#3422=AXIS2_PLACEMENT_3D('',#3419,#3420,#3421);
#3423=PLANE('',#3422);
#3424=ORIENTED_EDGE('',*,*,#3413,.F.);
#3425=ORIENTED_EDGE('',*,*,#1284,.F.);
#3426=CARTESIAN_POINT('',(324.067531417539040,857.678336216642040,-881.602823212926980));
#3427=DIRECTION('',(0.0,0.0,1.0));
#3428=VECTOR('',#3427,608.806596035268060);
#3429=LINE('',#3426,#3428);
#3430=EDGE_CURVE('',#490,#2253,#3429,.T.);
#3431=ORIENTED_EDGE('',*,*,#3430,.T.);
#3432=ORIENTED_EDGE('',*,*,#3214,.T.);
#3433=EDGE_LOOP('',(#3424,#3425,#3431,#3432));
#3434=FACE_OUTER_BOUND('',#3433,.T.);
#3435=ORIENTED_EDGE('',*,*,#80,.T.);
#3436=EDGE_LOOP('',(#3435));
#3437=FACE_BOUND('',#3436,.T.);
#3438=ORIENTED_EDGE('',*,*,#108,.T.);
#3439=EDGE_LOOP('',(#3438));
#3440=FACE_BOUND('',#3439,.T.);
#3441=ADVANCED_FACE('',(#3434,#3437,#3440),#3423,.T.);
#3442=CARTESIAN_POINT('',(324.067531417539040,858.678336216642040,-612.495278932833120));
#3443=DIRECTION('',(0.0,0.0,1.0));
#3444=DIRECTION('',(-0.382683432365070,-0.923879532511295,0.0));
#3445=AXIS2_PLACEMENT_3D('',#3442,#3443,#3444);
#3446=CYLINDRICAL_SURFACE('',#3445,1.000000000000000);
#3447=ORIENTED_EDGE('',*,*,#3430,.F.);
#3448=ORIENTED_EDGE('',*,*,#496,.F.);
#3449=ORIENTED_EDGE('',*,*,#2658,.T.);
#3450=ORIENTED_EDGE('',*,*,#2265,.T.);
#3451=EDGE_LOOP('',(#3447,#3448,#3449,#3450));
#3452=FACE_OUTER_BOUND('',#3451,.T.);
#3453=ADVANCED_FACE('',(#3452),#3446,.F.);
#3454=CLOSED_SHELL('',(#95,#123,#151,#191,#222,#246,#286,#317,#341,#365,#382,#415,#440,#465,#482,#515,#555,#604,#636,#660,#677,#710,#735,#760,#777,#810,#850,#881,#913,#945,#978,#1005,#1030,#1049,#1098,#1138,#1178,#1218,#1247,#1272,#1295,#1314,#1326,#1358,#1383,#1415,#1432,#1472,#1484,#1533,#1573,#1604,#1628,#1668,#1699,#1723,#1754,#1779,#1809,#1834,#1858,#1883,#1924,#1949,#1973,#1997,#2021,#2046,#2087,#2112,#2136,#2153,#2177,#2202,#2227,#2244,#2269,#2309,#2358,#2390,#2414,#2431,#2455,#2480,#2503,#2520,#2545,#2585,#2616,#2648,#2670,#2695,#2737,#2762,#2786,#2810,#2834,#2859,#2901,#2919,#2951,#2975,#3000,#3018,#3037,#3053,#3067,#3107,#3147,#3171,#3196,#3219,#3238,#3250,#3282,#3300,#3330,#3342,#3356,#3368,#3384,#3401,#3418,#3441,#3453));
#3455=MANIFOLD_SOLID_BREP('lamierati[500.20]',#3454);
#3456=COLOUR_RGB('',0.372549027204514,0.596078455448151,0.670588254928589);
#3457=FILL_AREA_STYLE_COLOUR('',#3456);
#3458=FILL_AREA_STYLE('',(#3457));
#3459=SURFACE_STYLE_FILL_AREA(#3458);
#3460=SURFACE_SIDE_STYLE('',(#3459));
#3461=SURFACE_STYLE_USAGE(.BOTH.,#3460);
#3462=PRESENTATION_STYLE_ASSIGNMENT((#3461));
#3463=STYLED_ITEM('',(#3462,#3471),#3455);
#3464=MECHANICAL_DESIGN_GEOMETRIC_PRESENTATION_REPRESENTATION('',(#3463),#67);
#3465=COLOUR_RGB('Default',0.752941012382507,0.752941012382507,0.752941012382507);
#3466=FILL_AREA_STYLE_COLOUR('Default',#3465);
#3467=FILL_AREA_STYLE('Default',(#3466));
#3468=SURFACE_STYLE_FILL_AREA(#3467);
#3469=SURFACE_SIDE_STYLE('Default',(#3468));
#3470=SURFACE_STYLE_USAGE(.BOTH.,#3469);
#3471=PRESENTATION_STYLE_ASSIGNMENT((#3470));
#3472=ADVANCED_BREP_SHAPE_REPRESENTATION('ABSR',(#3455),#36);
#3473=SHAPE_REPRESENTATION_RELATIONSHIP('SRR','None',#3472,#41);
ENDSEC;
END-ISO-10303-21;
