ISO-10303-21;
HEADER;
FILE_DESCRIPTION((''),'2;1');
FILE_NAME('A101348','2018-04-13T13:43:59',('db92607'),('Deere & Company'),
'CREO PARAMETRIC BY PTC INC, 2017110','CREO PARAMETRIC BY PTC INC, 2017110','');
FILE_SCHEMA(('CONFIG_CONTROL_DESIGN'));
ENDSEC;
DATA;
#1=CARTESIAN_POINT('',(0.E0,-5.E-1,-5.3975E1));
#2=DIRECTION('',(-1.E0,0.E0,0.E0));
#3=DIRECTION('',(0.E0,0.E0,-1.E0));
#4=AXIS2_PLACEMENT_3D('',#1,#2,#3);
#6=CARTESIAN_POINT('',(0.E0,-5.E-1,-5.3975E1));
#7=DIRECTION('',(-1.E0,0.E0,0.E0));
#8=DIRECTION('',(0.E0,0.E0,1.E0));
#9=AXIS2_PLACEMENT_3D('',#6,#7,#8);
#11=DIRECTION('',(0.E0,0.E0,-1.E0));
#12=VECTOR('',#11,7.493E1);
#13=CARTESIAN_POINT('',(0.E0,-2.59E1,-4.111625E2));
#14=LINE('',#13,#12);
#15=CARTESIAN_POINT('',(0.E0,-5.E-1,-4.111625E2));
#16=DIRECTION('',(-1.E0,0.E0,0.E0));
#17=DIRECTION('',(0.E0,-1.E0,0.E0));
#18=AXIS2_PLACEMENT_3D('',#15,#16,#17);
#20=DIRECTION('',(0.E0,0.E0,1.E0));
#21=VECTOR('',#20,7.493E1);
#22=CARTESIAN_POINT('',(0.E0,2.49E1,-4.860925E2));
#23=LINE('',#22,#21);
#24=CARTESIAN_POINT('',(0.E0,2.8075E1,-4.860925E2));
#25=DIRECTION('',(-1.E0,0.E0,0.E0));
#26=DIRECTION('',(0.E0,3.603067101020E-13,-1.E0));
#27=AXIS2_PLACEMENT_3D('',#24,#25,#26);
#29=DIRECTION('',(0.E0,-1.E0,0.E0));
#30=VECTOR('',#29,1.6875E1);
#31=CARTESIAN_POINT('',(0.E0,4.495E1,-4.892675E2));
#32=LINE('',#31,#30);
#33=DIRECTION('',(0.E0,0.E0,-1.E0));
#34=VECTOR('',#33,4.71805E2);
#35=CARTESIAN_POINT('',(0.E0,4.495E1,-1.74625E1));
#36=LINE('',#35,#34);
#37=DIRECTION('',(0.E0,-1.E0,0.E0));
#38=VECTOR('',#37,3.001069286141E0);
#39=CARTESIAN_POINT('',(0.E0,4.495E1,-1.74625E1));
#40=LINE('',#39,#38);
#41=CARTESIAN_POINT('',(0.E0,4.194893071386E1,-1.11125E1));
#42=DIRECTION('',(-1.E0,0.E0,0.E0));
#43=DIRECTION('',(0.E0,0.E0,-1.E0));
#44=AXIS2_PLACEMENT_3D('',#41,#42,#43);
#46=CARTESIAN_POINT('',(0.E0,-5.E-1,-5.3975E1));
#47=DIRECTION('',(-1.E0,0.E0,0.E0));
#48=DIRECTION('',(0.E0,1.612008864101E-14,1.E0));
#49=AXIS2_PLACEMENT_3D('',#46,#47,#48);
#51=CARTESIAN_POINT('',(0.E0,-5.E-1,-5.3975E1));
#52=DIRECTION('',(-1.E0,0.E0,0.E0));
#53=DIRECTION('',(0.E0,-7.036706293222E-1,7.105263157895E-1));
#54=AXIS2_PLACEMENT_3D('',#51,#52,#53);
#56=CARTESIAN_POINT('',(0.E0,-4.294893071386E1,-1.11125E1));
#57=DIRECTION('',(-1.E0,0.E0,0.E0));
#58=DIRECTION('',(0.E0,7.036706293222E-1,-7.105263157895E-1));
#59=AXIS2_PLACEMENT_3D('',#56,#57,#58);
#61=DIRECTION('',(0.E0,1.E0,1.775407630014E-14));
#62=VECTOR('',#61,2.001069286141E0);
#63=CARTESIAN_POINT('',(0.E0,-4.495E1,-1.74625E1));
#64=LINE('',#63,#62);
#65=DIRECTION('',(0.E0,0.E0,-1.E0));
#66=VECTOR('',#65,4.71805E2);
#67=CARTESIAN_POINT('',(0.E0,-4.495E1,-1.74625E1));
#68=LINE('',#67,#66);
#69=DIRECTION('',(0.E0,1.E0,0.E0));
#70=VECTOR('',#69,1.5875E1);
#71=CARTESIAN_POINT('',(0.E0,-4.495E1,-4.892675E2));
#72=LINE('',#71,#70);
#73=CARTESIAN_POINT('',(0.E0,-2.9075E1,-4.860925E2));
#74=DIRECTION('',(-1.E0,0.E0,0.E0));
#75=DIRECTION('',(0.E0,1.E0,0.E0));
#76=AXIS2_PLACEMENT_3D('',#73,#74,#75);
#78=DIRECTION('',(0.E0,0.E0,1.E0));
#79=VECTOR('',#78,1.143E2);
#80=CARTESIAN_POINT('',(0.E0,3.76E1,-2.905125E2));
#81=LINE('',#80,#79);
#82=CARTESIAN_POINT('',(0.E0,-5.E-1,-2.905125E2));
#83=DIRECTION('',(-1.E0,0.E0,0.E0));
#84=DIRECTION('',(0.E0,1.E0,0.E0));
#85=AXIS2_PLACEMENT_3D('',#82,#83,#84);
#87=DIRECTION('',(0.E0,0.E0,-1.E0));
#88=VECTOR('',#87,1.143E2);
#89=CARTESIAN_POINT('',(0.E0,-3.86E1,-1.762125E2));
#90=LINE('',#89,#88);
#91=CARTESIAN_POINT('',(0.E0,-5.E-1,-1.762125E2));
#92=DIRECTION('',(-1.E0,0.E0,0.E0));
#93=DIRECTION('',(0.E0,-1.E0,0.E0));
#94=AXIS2_PLACEMENT_3D('',#91,#92,#93);
#96=DIRECTION('',(1.E0,0.E0,0.E0));
#97=VECTOR('',#96,6.35E0);
#98=CARTESIAN_POINT('',(0.E0,-5.E-1,-9.525E1));
#99=LINE('',#98,#97);
#100=DIRECTION('',(1.E0,0.E0,0.E0));
#101=VECTOR('',#100,6.35E0);
#102=CARTESIAN_POINT('',(0.E0,-5.E-1,-1.27E1));
#103=LINE('',#102,#101);
#104=DIRECTION('',(0.E0,0.E0,1.E0));
#105=VECTOR('',#104,1.143E2);
#106=CARTESIAN_POINT('',(6.35E0,3.76E1,-2.905125E2));
#107=LINE('',#106,#105);
#108=CARTESIAN_POINT('',(6.35E0,-5.E-1,-1.762125E2));
#109=DIRECTION('',(-1.E0,0.E0,0.E0));
#110=DIRECTION('',(0.E0,-1.E0,0.E0));
#111=AXIS2_PLACEMENT_3D('',#108,#109,#110);
#113=DIRECTION('',(0.E0,0.E0,-1.E0));
#114=VECTOR('',#113,1.143E2);
#115=CARTESIAN_POINT('',(6.35E0,-3.86E1,-1.762125E2));
#116=LINE('',#115,#114);
#117=CARTESIAN_POINT('',(6.35E0,-5.E-1,-2.905125E2));
#118=DIRECTION('',(-1.E0,0.E0,0.E0));
#119=DIRECTION('',(0.E0,1.E0,0.E0));
#120=AXIS2_PLACEMENT_3D('',#117,#118,#119);
#122=DIRECTION('',(0.E0,0.E0,-1.E0));
#123=VECTOR('',#122,7.493E1);
#124=CARTESIAN_POINT('',(6.35E0,-2.59E1,-4.111625E2));
#125=LINE('',#124,#123);
#126=CARTESIAN_POINT('',(6.35E0,-2.9075E1,-4.860925E2));
#127=DIRECTION('',(-1.E0,0.E0,0.E0));
#128=DIRECTION('',(0.E0,1.E0,0.E0));
#129=AXIS2_PLACEMENT_3D('',#126,#127,#128);
#131=DIRECTION('',(0.E0,1.E0,0.E0));
#132=VECTOR('',#131,1.5875E1);
#133=CARTESIAN_POINT('',(6.35E0,-4.495E1,-4.892675E2));
#134=LINE('',#133,#132);
#135=DIRECTION('',(0.E0,0.E0,-1.E0));
#136=VECTOR('',#135,4.71805E2);
#137=CARTESIAN_POINT('',(6.35E0,-4.495E1,-1.74625E1));
#138=LINE('',#137,#136);
#139=DIRECTION('',(0.E0,1.E0,1.775407630014E-14));
#140=VECTOR('',#139,2.001069286141E0);
#141=CARTESIAN_POINT('',(6.35E0,-4.495E1,-1.74625E1));
#142=LINE('',#141,#140);
#143=CARTESIAN_POINT('',(6.35E0,-4.294893071386E1,-1.11125E1));
#144=DIRECTION('',(-1.E0,0.E0,0.E0));
#145=DIRECTION('',(0.E0,7.036706293222E-1,-7.105263157895E-1));
#146=AXIS2_PLACEMENT_3D('',#143,#144,#145);
#148=CARTESIAN_POINT('',(6.35E0,-5.E-1,-5.3975E1));
#149=DIRECTION('',(-1.E0,0.E0,0.E0));
#150=DIRECTION('',(0.E0,-7.036706293222E-1,7.105263157895E-1));
#151=AXIS2_PLACEMENT_3D('',#148,#149,#150);
#153=CARTESIAN_POINT('',(6.35E0,-5.E-1,-5.3975E1));
#154=DIRECTION('',(-1.E0,0.E0,0.E0));
#155=DIRECTION('',(0.E0,1.612008864101E-14,1.E0));
#156=AXIS2_PLACEMENT_3D('',#153,#154,#155);
#158=CARTESIAN_POINT('',(6.35E0,4.194893071386E1,-1.11125E1));
#159=DIRECTION('',(-1.E0,0.E0,0.E0));
#160=DIRECTION('',(0.E0,0.E0,-1.E0));
#161=AXIS2_PLACEMENT_3D('',#158,#159,#160);
#163=DIRECTION('',(0.E0,-1.E0,0.E0));
#164=VECTOR('',#163,3.001069286141E0);
#165=CARTESIAN_POINT('',(6.35E0,4.495E1,-1.74625E1));
#166=LINE('',#165,#164);
#167=DIRECTION('',(0.E0,0.E0,-1.E0));
#168=VECTOR('',#167,4.71805E2);
#169=CARTESIAN_POINT('',(6.35E0,4.495E1,-1.74625E1));
#170=LINE('',#169,#168);
#171=DIRECTION('',(0.E0,-1.E0,0.E0));
#172=VECTOR('',#171,1.6875E1);
#173=CARTESIAN_POINT('',(6.35E0,4.495E1,-4.892675E2));
#174=LINE('',#173,#172);
#175=CARTESIAN_POINT('',(6.35E0,2.8075E1,-4.860925E2));
#176=DIRECTION('',(-1.E0,0.E0,0.E0));
#177=DIRECTION('',(0.E0,3.603067101020E-13,-1.E0));
#178=AXIS2_PLACEMENT_3D('',#175,#176,#177);
#180=DIRECTION('',(0.E0,0.E0,1.E0));
#181=VECTOR('',#180,7.493E1);
#182=CARTESIAN_POINT('',(6.35E0,2.49E1,-4.860925E2));
#183=LINE('',#182,#181);
#184=CARTESIAN_POINT('',(6.35E0,-5.E-1,-4.111625E2));
#185=DIRECTION('',(-1.E0,0.E0,0.E0));
#186=DIRECTION('',(0.E0,-1.E0,0.E0));
#187=AXIS2_PLACEMENT_3D('',#184,#185,#186);
#189=CARTESIAN_POINT('',(6.35E0,-5.E-1,-5.3975E1));
#190=DIRECTION('',(-1.E0,0.E0,0.E0));
#191=DIRECTION('',(0.E0,0.E0,-1.E0));
#192=AXIS2_PLACEMENT_3D('',#189,#190,#191);
#194=CARTESIAN_POINT('',(6.35E0,-5.E-1,-5.3975E1));
#195=DIRECTION('',(-1.E0,0.E0,0.E0));
#196=DIRECTION('',(0.E0,0.E0,1.E0));
#197=AXIS2_PLACEMENT_3D('',#194,#195,#196);
#199=DIRECTION('',(1.E0,0.E0,0.E0));
#200=VECTOR('',#199,6.35E0);
#201=CARTESIAN_POINT('',(0.E0,3.76E1,-1.762125E2));
#202=LINE('',#201,#200);
#203=DIRECTION('',(1.E0,0.E0,0.E0));
#204=VECTOR('',#203,6.35E0);
#205=CARTESIAN_POINT('',(0.E0,-3.86E1,-1.762125E2));
#206=LINE('',#205,#204);
#207=DIRECTION('',(1.E0,0.E0,0.E0));
#208=VECTOR('',#207,6.35E0);
#209=CARTESIAN_POINT('',(0.E0,-3.86E1,-2.905125E2));
#210=LINE('',#209,#208);
#211=DIRECTION('',(1.E0,0.E0,0.E0));
#212=VECTOR('',#211,6.35E0);
#213=CARTESIAN_POINT('',(0.E0,3.76E1,-2.905125E2));
#214=LINE('',#213,#212);
#215=DIRECTION('',(1.E0,0.E0,0.E0));
#216=VECTOR('',#215,6.35E0);
#217=CARTESIAN_POINT('',(0.E0,-2.59E1,-4.860925E2));
#218=LINE('',#217,#216);
#219=DIRECTION('',(1.E0,0.E0,0.E0));
#220=VECTOR('',#219,6.35E0);
#221=CARTESIAN_POINT('',(0.E0,-2.9075E1,-4.892675E2));
#222=LINE('',#221,#220);
#223=DIRECTION('',(1.E0,0.E0,0.E0));
#224=VECTOR('',#223,6.35E0);
#225=CARTESIAN_POINT('',(0.E0,-4.495E1,-4.892675E2));
#226=LINE('',#225,#224);
#227=DIRECTION('',(8.660254037844E-1,5.E-1,1.790343901128E-14));
#228=VECTOR('',#227,6.35E0);
#229=CARTESIAN_POINT('',(1.701477371938E0,-5.13E1,-4.892675E2));
#230=LINE('',#229,#228);
#231=CARTESIAN_POINT('',(1.27E1,-4.495E1,-4.892675E2));
#232=DIRECTION('',(0.E0,0.E0,1.E0));
#233=DIRECTION('',(-1.E0,0.E0,0.E0));
#234=AXIS2_PLACEMENT_3D('',#231,#232,#233);
#236=CARTESIAN_POINT('',(1.27E1,-4.495E1,-1.74625E1));
#237=DIRECTION('',(0.E0,0.E0,1.E0));
#238=DIRECTION('',(-1.E0,0.E0,0.E0));
#239=AXIS2_PLACEMENT_3D('',#236,#237,#238);
#241=CARTESIAN_POINT('',(1.27E1,-4.495E1,-1.74625E1));
#242=DIRECTION('',(0.E0,0.E0,1.E0));
#243=DIRECTION('',(-4.416781075074E-1,-8.971735893063E-1,0.E0));
#244=AXIS2_PLACEMENT_3D('',#241,#242,#243);
#246=DIRECTION('',(0.E0,0.E0,-1.E0));
#247=VECTOR('',#246,4.71805E2);
#248=CARTESIAN_POINT('',(1.27E1,-5.765E1,-1.74625E1));
#249=LINE('',#248,#247);
#250=CARTESIAN_POINT('',(1.27E1,-4.495E1,-4.892675E2));
#251=DIRECTION('',(0.E0,0.E0,1.E0));
#252=DIRECTION('',(-8.660254037844E-1,-5.E-1,0.E0));
#253=AXIS2_PLACEMENT_3D('',#250,#251,#252);
#255=DIRECTION('',(1.E0,0.E0,0.E0));
#256=VECTOR('',#255,6.35E0);
#257=CARTESIAN_POINT('',(0.E0,-4.495E1,-1.74625E1));
#258=LINE('',#257,#256);
#259=DIRECTION('',(1.E0,0.E0,0.E0));
#260=VECTOR('',#259,6.35E0);
#261=CARTESIAN_POINT('',(0.E0,-4.294893071386E1,-1.74625E1));
#262=LINE('',#261,#260);
#263=DIRECTION('',(1.E0,0.E0,0.E0));
#264=VECTOR('',#263,6.35E0);
#265=CARTESIAN_POINT('',(0.E0,-3.848062221766E1,-1.562434210526E1));
#266=LINE('',#265,#264);
#267=DIRECTION('',(1.E0,0.E0,0.E0));
#268=VECTOR('',#267,6.35E0);
#269=CARTESIAN_POINT('',(0.E0,-4.999999999997E-1,-5.732216097909E-13));
#270=LINE('',#269,#268);
#271=DIRECTION('',(1.E0,0.E0,0.E0));
#272=VECTOR('',#271,6.35E0);
#273=CARTESIAN_POINT('',(0.E0,3.748062221766E1,-1.562434210526E1));
#274=LINE('',#273,#272);
#275=DIRECTION('',(1.E0,0.E0,0.E0));
#276=VECTOR('',#275,6.35E0);
#277=CARTESIAN_POINT('',(0.E0,4.194893071386E1,-1.74625E1));
#278=LINE('',#277,#276);
#279=DIRECTION('',(1.E0,0.E0,0.E0));
#280=VECTOR('',#279,6.35E0);
#281=CARTESIAN_POINT('',(0.E0,4.495E1,-1.74625E1));
#282=LINE('',#281,#280);
#283=DIRECTION('',(4.416781570941E-1,-8.971735648947E-1,0.E0));
#284=VECTOR('',#283,6.35E0);
#285=CARTESIAN_POINT('',(7.090687404904E0,5.634410427416E1,-1.74625E1));
#286=LINE('',#285,#284);
#287=CARTESIAN_POINT('',(1.27E1,4.495E1,-4.892675E2));
#288=DIRECTION('',(0.E0,0.E0,-1.E0));
#289=DIRECTION('',(-1.E0,0.E0,0.E0));
#290=AXIS2_PLACEMENT_3D('',#287,#288,#289);
#292=CARTESIAN_POINT('',(1.27E1,4.495E1,-4.892675E2));
#293=DIRECTION('',(0.E0,0.E0,-1.E0));
#294=DIRECTION('',(-9.069399897900E-1,4.212598425197E-1,0.E0));
#295=AXIS2_PLACEMENT_3D('',#292,#293,#294);
#297=DIRECTION('',(0.E0,0.E0,-1.E0));
#298=VECTOR('',#297,4.71805E2);
#299=CARTESIAN_POINT('',(1.27E1,5.765E1,-1.74625E1));
#300=LINE('',#299,#298);
#301=CARTESIAN_POINT('',(1.27E1,4.495E1,-1.74625E1));
#302=DIRECTION('',(0.E0,0.E0,-1.E0));
#303=DIRECTION('',(-3.889476861490E-1,9.212598425197E-1,0.E0));
#304=AXIS2_PLACEMENT_3D('',#301,#302,#303);
#306=CARTESIAN_POINT('',(1.27E1,4.495E1,-1.74625E1));
#307=DIRECTION('',(0.E0,0.E0,-1.E0));
#308=DIRECTION('',(-4.416781075074E-1,8.971735893063E-1,0.E0));
#309=AXIS2_PLACEMENT_3D('',#306,#307,#308);
#311=CARTESIAN_POINT('',(1.27E1,4.495E1,-1.74625E1));
#312=DIRECTION('',(0.E0,0.E0,-1.E0));
#313=DIRECTION('',(-1.E0,0.E0,0.E0));
#314=AXIS2_PLACEMENT_3D('',#311,#312,#313);
#316=DIRECTION('',(1.E0,0.E0,0.E0));
#317=VECTOR('',#316,6.35E0);
#318=CARTESIAN_POINT('',(0.E0,4.495E1,-4.892675E2));
#319=LINE('',#318,#317);
#320=DIRECTION('',(1.E0,0.E0,0.E0));
#321=VECTOR('',#320,6.35E0);
#322=CARTESIAN_POINT('',(0.E0,2.8075E1,-4.892675E2));
#323=LINE('',#322,#321);
#324=DIRECTION('',(1.E0,0.E0,0.E0));
#325=VECTOR('',#324,6.35E0);
#326=CARTESIAN_POINT('',(0.E0,2.49E1,-4.860925E2));
#327=LINE('',#326,#325);
#328=DIRECTION('',(1.E0,0.E0,0.E0));
#329=VECTOR('',#328,6.35E0);
#330=CARTESIAN_POINT('',(0.E0,2.49E1,-4.111625E2));
#331=LINE('',#330,#329);
#332=DIRECTION('',(1.E0,0.E0,0.E0));
#333=VECTOR('',#332,6.35E0);
#334=CARTESIAN_POINT('',(0.E0,-2.59E1,-4.111625E2));
#335=LINE('',#334,#333);
#336=CARTESIAN_POINT('',(1.27E1,4.495E1,-4.892675E2));
#337=DIRECTION('',(0.E0,0.E0,-1.E0));
#338=DIRECTION('',(-1.E0,0.E0,0.E0));
#339=AXIS2_PLACEMENT_3D('',#336,#337,#338);
#341=CARTESIAN_POINT('',(1.27E1,4.495E1,-1.74625E1));
#342=DIRECTION('',(0.E0,0.E0,-1.E0));
#343=DIRECTION('',(-1.E0,0.E0,0.E0));
#344=AXIS2_PLACEMENT_3D('',#341,#342,#343);
#346=CARTESIAN_POINT('',(1.27E1,4.495E1,-1.74625E1));
#347=DIRECTION('',(0.E0,0.E0,-1.E0));
#348=DIRECTION('',(-4.416781075074E-1,8.971735893063E-1,0.E0));
#349=AXIS2_PLACEMENT_3D('',#346,#347,#348);
#351=CARTESIAN_POINT('',(1.27E1,4.495E1,-1.74625E1));
#352=DIRECTION('',(0.E0,0.E0,-1.E0));
#353=DIRECTION('',(-3.889476861490E-1,9.212598425197E-1,0.E0));
#354=AXIS2_PLACEMENT_3D('',#351,#352,#353);
#356=DIRECTION('',(0.E0,0.E0,-1.E0));
#357=VECTOR('',#356,4.71805E2);
#358=CARTESIAN_POINT('',(1.27E1,5.13E1,-1.74625E1));
#359=LINE('',#358,#357);
#360=CARTESIAN_POINT('',(1.27E1,4.495E1,-4.892675E2));
#361=DIRECTION('',(0.E0,0.E0,-1.E0));
#362=DIRECTION('',(-9.069399897900E-1,4.212598425197E-1,0.E0));
#363=AXIS2_PLACEMENT_3D('',#360,#361,#362);
#365=DIRECTION('',(3.889476861490E-1,-9.212598425197E-1,1.846292148038E-14));
#366=VECTOR('',#365,6.35E0);
#367=CARTESIAN_POINT('',(7.760364385908E0,5.665E1,-1.74625E1));
#368=LINE('',#367,#366);
#369=DIRECTION('',(0.E0,-1.E0,0.E0));
#370=VECTOR('',#369,6.35E0);
#371=CARTESIAN_POINT('',(1.27E1,5.765E1,-1.74625E1));
#372=LINE('',#371,#370);
#373=DIRECTION('',(0.E0,-1.E0,0.E0));
#374=VECTOR('',#373,6.35E0);
#375=CARTESIAN_POINT('',(7.852818677515E1,5.765E1,-1.74625E1));
#376=LINE('',#375,#374);
#377=CARTESIAN_POINT('',(4.34E1,5.765E1,-6.620033206628E2));
#378=DIRECTION('',(0.E0,-1.E0,2.131281920844E-14));
#379=DIRECTION('',(-1.E0,0.E0,0.E0));
#380=AXIS2_PLACEMENT_3D('',#377,#378,#379);
#382=DIRECTION('',(5.246840143343E-2,0.E0,-9.986225847892E-1));
#383=VECTOR('',#382,3.569802700593E2);
#384=CARTESIAN_POINT('',(1.803498634635E1,5.765E1,-6.633360180592E2));
#385=LINE('',#384,#383);
#386=CARTESIAN_POINT('',(8.170318677515E1,5.765E1,-1.0174635E3));
#387=DIRECTION('',(0.E0,-1.E0,0.E0));
#388=DIRECTION('',(-9.986225847892E-1,0.E0,-5.246840143343E-2));
#389=AXIS2_PLACEMENT_3D('',#386,#387,#388);
#391=CARTESIAN_POINT('',(7.852818677515E1,5.765E1,-1.059167816323E3));
#392=DIRECTION('',(0.E0,-1.E0,0.E0));
#393=DIRECTION('',(-7.591153616257E-2,0.E0,-9.971145564465E-1));
#394=AXIS2_PLACEMENT_3D('',#391,#392,#393);
#396=DIRECTION('',(0.E0,0.E0,1.E0));
#397=VECTOR('',#396,1.874783575688E1);
#398=CARTESIAN_POINT('',(8.170318677515E1,5.765E1,-1.059167816323E3));
#399=LINE('',#398,#397);
#400=CARTESIAN_POINT('',(7.852818677515E1,5.765E1,-1.040419980566E3));
#401=DIRECTION('',(0.E0,-1.E0,0.E0));
#402=DIRECTION('',(1.E0,0.E0,0.E0));
#403=AXIS2_PLACEMENT_3D('',#400,#401,#402);
#405=CARTESIAN_POINT('',(8.170318677515E1,5.765E1,-1.0174635E3));
#406=DIRECTION('',(0.E0,-1.E0,0.E0));
#407=DIRECTION('',(-1.E0,0.E0,0.E0));
#408=AXIS2_PLACEMENT_3D('',#405,#406,#407);
#410=DIRECTION('',(0.E0,0.E0,1.E0));
#411=VECTOR('',#410,1.7E2);
#412=CARTESIAN_POINT('',(6.170318677515E1,5.765E1,-1.0174635E3));
#413=LINE('',#412,#411);
#414=CARTESIAN_POINT('',(8.170318677515E1,5.765E1,-8.474635E2));
#415=DIRECTION('',(0.E0,-1.E0,0.E0));
#416=DIRECTION('',(-1.370010787487E-1,0.E0,9.905708982308E-1));
#417=AXIS2_PLACEMENT_3D('',#414,#415,#416);
#419=CARTESIAN_POINT('',(7.852818677515E1,5.765E1,-8.245070194335E2));
#420=DIRECTION('',(0.E0,-1.E0,0.E0));
#421=DIRECTION('',(1.370010787486E-1,0.E0,-9.905708982308E-1));
#422=AXIS2_PLACEMENT_3D('',#419,#420,#421);
#424=DIRECTION('',(0.E0,0.E0,1.E0));
#425=VECTOR('',#424,1.740870388670E2);
#426=CARTESIAN_POINT('',(8.170318677515E1,5.765E1,-8.245070194335E2));
#427=LINE('',#426,#425);
#428=CARTESIAN_POINT('',(7.852818677515E1,5.765E1,-6.504199805665E2));
#429=DIRECTION('',(0.E0,-1.E0,0.E0));
#430=DIRECTION('',(1.E0,0.E0,0.E0));
#431=AXIS2_PLACEMENT_3D('',#428,#429,#430);
#433=CARTESIAN_POINT('',(8.170318677515E1,5.765E1,-6.274635E2));
#434=DIRECTION('',(0.E0,-1.E0,0.E0));
#435=DIRECTION('',(-1.E0,0.E0,0.E0));
#436=AXIS2_PLACEMENT_3D('',#433,#434,#435);
#438=DIRECTION('',(0.E0,0.E0,1.E0));
#439=VECTOR('',#438,1.7E2);
#440=CARTESIAN_POINT('',(6.170318677515E1,5.765E1,-6.274635E2));
#441=LINE('',#440,#439);
#442=CARTESIAN_POINT('',(8.170318677515E1,5.765E1,-4.574635E2));
#443=DIRECTION('',(0.E0,-1.E0,0.E0));
#444=DIRECTION('',(-1.370010787487E-1,0.E0,9.905708982308E-1));
#445=AXIS2_PLACEMENT_3D('',#442,#443,#444);
#447=CARTESIAN_POINT('',(7.852818677515E1,5.765E1,-4.345070194335E2));
#448=DIRECTION('',(0.E0,-1.E0,0.E0));
#449=DIRECTION('',(1.370010787487E-1,0.E0,-9.905708982308E-1));
#450=AXIS2_PLACEMENT_3D('',#447,#448,#449);
#452=DIRECTION('',(0.E0,0.E0,1.E0));
#453=VECTOR('',#452,1.740870388670E2);
#454=CARTESIAN_POINT('',(8.170318677515E1,5.765E1,-4.345070194335E2));
#455=LINE('',#454,#453);
#456=CARTESIAN_POINT('',(7.852818677515E1,5.765E1,-2.604199805665E2));
#457=DIRECTION('',(0.E0,-1.E0,0.E0));
#458=DIRECTION('',(1.E0,0.E0,0.E0));
#459=AXIS2_PLACEMENT_3D('',#456,#457,#458);
#461=CARTESIAN_POINT('',(8.170318677515E1,5.765E1,-2.374635E2));
#462=DIRECTION('',(0.E0,-1.E0,0.E0));
#463=DIRECTION('',(-1.E0,0.E0,0.E0));
#464=AXIS2_PLACEMENT_3D('',#461,#462,#463);
#466=DIRECTION('',(0.E0,0.E0,1.E0));
#467=VECTOR('',#466,1.7E2);
#468=CARTESIAN_POINT('',(6.170318677515E1,5.765E1,-2.374635E2));
#469=LINE('',#468,#467);
#470=CARTESIAN_POINT('',(8.170318677515E1,5.765E1,-6.74635E1));
#471=DIRECTION('',(0.E0,-1.E0,0.E0));
#472=DIRECTION('',(-1.370010787486E-1,0.E0,9.905708982308E-1));
#473=AXIS2_PLACEMENT_3D('',#470,#471,#472);
#475=CARTESIAN_POINT('',(7.852818677515E1,5.765E1,-4.450701943350E1));
#476=DIRECTION('',(0.E0,-1.E0,0.E0));
#477=DIRECTION('',(1.370010787487E-1,0.E0,-9.905708982308E-1));
#478=AXIS2_PLACEMENT_3D('',#475,#476,#477);
#480=DIRECTION('',(0.E0,0.E0,1.E0));
#481=VECTOR('',#480,2.386951943350E1);
#482=CARTESIAN_POINT('',(8.170318677515E1,5.765E1,-4.450701943350E1));
#483=LINE('',#482,#481);
#484=CARTESIAN_POINT('',(7.852818677515E1,5.765E1,-2.06375E1));
#485=DIRECTION('',(0.E0,-1.E0,0.E0));
#486=DIRECTION('',(1.E0,0.E0,0.E0));
#487=AXIS2_PLACEMENT_3D('',#484,#485,#486);
#489=DIRECTION('',(1.E0,0.E0,0.E0));
#490=VECTOR('',#489,6.582818677515E1);
#491=CARTESIAN_POINT('',(1.27E1,5.765E1,-1.74625E1));
#492=LINE('',#491,#490);
#493=DIRECTION('',(1.E0,0.E0,1.069993766792E-13));
#494=VECTOR('',#493,2.125E0);
#495=CARTESIAN_POINT('',(1.27E1,5.765E1,-4.892675E2));
#496=LINE('',#495,#494);
#497=CARTESIAN_POINT('',(1.4825E1,5.765E1,-4.924425E2));
#498=DIRECTION('',(0.E0,-1.E0,0.E0));
#499=DIRECTION('',(1.E0,0.E0,0.E0));
#500=AXIS2_PLACEMENT_3D('',#497,#498,#499);
#502=DIRECTION('',(0.E0,0.E0,-1.E0));
#503=VECTOR('',#502,1.695608206628E2);
#504=CARTESIAN_POINT('',(1.8E1,5.765E1,-4.924425E2));
#505=LINE('',#504,#503);
#506=DIRECTION('',(0.E0,1.E0,0.E0));
#507=VECTOR('',#506,6.35E0);
#508=CARTESIAN_POINT('',(1.803498634635E1,5.13E1,-6.633360180592E2));
#509=LINE('',#508,#507);
#510=CARTESIAN_POINT('',(4.34E1,5.13E1,-6.620033206628E2));
#511=DIRECTION('',(0.E0,1.E0,-2.131281920844E-14));
#512=DIRECTION('',(-9.986225847892E-1,0.E0,-5.246840143343E-2));
#513=AXIS2_PLACEMENT_3D('',#510,#511,#512);
#515=DIRECTION('',(0.E0,0.E0,-1.E0));
#516=VECTOR('',#515,1.695608206628E2);
#517=CARTESIAN_POINT('',(1.8E1,5.13E1,-4.924425E2));
#518=LINE('',#517,#516);
#519=CARTESIAN_POINT('',(1.4825E1,5.13E1,-4.924425E2));
#520=DIRECTION('',(0.E0,-1.E0,0.E0));
#521=DIRECTION('',(1.E0,0.E0,0.E0));
#522=AXIS2_PLACEMENT_3D('',#519,#520,#521);
#524=DIRECTION('',(1.E0,0.E0,1.069993766792E-13));
#525=VECTOR('',#524,2.125E0);
#526=CARTESIAN_POINT('',(1.27E1,5.13E1,-4.892675E2));
#527=LINE('',#526,#525);
#528=DIRECTION('',(1.E0,0.E0,0.E0));
#529=VECTOR('',#528,6.582818677515E1);
#530=CARTESIAN_POINT('',(1.27E1,5.13E1,-1.74625E1));
#531=LINE('',#530,#529);
#532=CARTESIAN_POINT('',(7.852818677515E1,5.13E1,-2.06375E1));
#533=DIRECTION('',(0.E0,-1.E0,0.E0));
#534=DIRECTION('',(1.E0,0.E0,0.E0));
#535=AXIS2_PLACEMENT_3D('',#532,#533,#534);
#537=DIRECTION('',(0.E0,0.E0,1.E0));
#538=VECTOR('',#537,2.386951943350E1);
#539=CARTESIAN_POINT('',(8.170318677515E1,5.13E1,-4.450701943350E1));
#540=LINE('',#539,#538);
#541=CARTESIAN_POINT('',(7.852818677515E1,5.13E1,-4.450701943350E1));
#542=DIRECTION('',(0.E0,-1.E0,0.E0));
#543=DIRECTION('',(1.370010787487E-1,0.E0,-9.905708982308E-1));
#544=AXIS2_PLACEMENT_3D('',#541,#542,#543);
#546=CARTESIAN_POINT('',(8.170318677515E1,5.13E1,-6.74635E1));
#547=DIRECTION('',(0.E0,-1.E0,0.E0));
#548=DIRECTION('',(-1.370010787486E-1,0.E0,9.905708982308E-1));
#549=AXIS2_PLACEMENT_3D('',#546,#547,#548);
#551=DIRECTION('',(0.E0,0.E0,1.E0));
#552=VECTOR('',#551,1.7E2);
#553=CARTESIAN_POINT('',(6.170318677515E1,5.13E1,-2.374635E2));
#554=LINE('',#553,#552);
#555=CARTESIAN_POINT('',(8.170318677515E1,5.13E1,-2.374635E2));
#556=DIRECTION('',(0.E0,-1.E0,0.E0));
#557=DIRECTION('',(-1.E0,0.E0,0.E0));
#558=AXIS2_PLACEMENT_3D('',#555,#556,#557);
#560=CARTESIAN_POINT('',(7.852818677515E1,5.13E1,-2.604199805665E2));
#561=DIRECTION('',(0.E0,-1.E0,0.E0));
#562=DIRECTION('',(1.E0,0.E0,0.E0));
#563=AXIS2_PLACEMENT_3D('',#560,#561,#562);
#565=DIRECTION('',(0.E0,0.E0,1.E0));
#566=VECTOR('',#565,1.740870388670E2);
#567=CARTESIAN_POINT('',(8.170318677515E1,5.13E1,-4.345070194335E2));
#568=LINE('',#567,#566);
#569=CARTESIAN_POINT('',(7.852818677515E1,5.13E1,-4.345070194335E2));
#570=DIRECTION('',(0.E0,-1.E0,0.E0));
#571=DIRECTION('',(1.370010787487E-1,0.E0,-9.905708982308E-1));
#572=AXIS2_PLACEMENT_3D('',#569,#570,#571);
#574=CARTESIAN_POINT('',(8.170318677515E1,5.13E1,-4.574635E2));
#575=DIRECTION('',(0.E0,-1.E0,0.E0));
#576=DIRECTION('',(-1.370010787487E-1,0.E0,9.905708982308E-1));
#577=AXIS2_PLACEMENT_3D('',#574,#575,#576);
#579=DIRECTION('',(0.E0,0.E0,1.E0));
#580=VECTOR('',#579,1.7E2);
#581=CARTESIAN_POINT('',(6.170318677515E1,5.13E1,-6.274635E2));
#582=LINE('',#581,#580);
#583=CARTESIAN_POINT('',(8.170318677515E1,5.13E1,-6.274635E2));
#584=DIRECTION('',(0.E0,-1.E0,0.E0));
#585=DIRECTION('',(-1.E0,0.E0,0.E0));
#586=AXIS2_PLACEMENT_3D('',#583,#584,#585);
#588=CARTESIAN_POINT('',(7.852818677515E1,5.13E1,-6.504199805665E2));
#589=DIRECTION('',(0.E0,-1.E0,0.E0));
#590=DIRECTION('',(1.E0,0.E0,0.E0));
#591=AXIS2_PLACEMENT_3D('',#588,#589,#590);
#593=DIRECTION('',(0.E0,0.E0,1.E0));
#594=VECTOR('',#593,1.740870388670E2);
#595=CARTESIAN_POINT('',(8.170318677515E1,5.13E1,-8.245070194335E2));
#596=LINE('',#595,#594);
#597=CARTESIAN_POINT('',(7.852818677515E1,5.13E1,-8.245070194335E2));
#598=DIRECTION('',(0.E0,-1.E0,0.E0));
#599=DIRECTION('',(1.370010787486E-1,0.E0,-9.905708982308E-1));
#600=AXIS2_PLACEMENT_3D('',#597,#598,#599);
#602=CARTESIAN_POINT('',(8.170318677515E1,5.13E1,-8.474635E2));
#603=DIRECTION('',(0.E0,-1.E0,0.E0));
#604=DIRECTION('',(-1.370010787487E-1,0.E0,9.905708982308E-1));
#605=AXIS2_PLACEMENT_3D('',#602,#603,#604);
#607=DIRECTION('',(0.E0,0.E0,1.E0));
#608=VECTOR('',#607,1.7E2);
#609=CARTESIAN_POINT('',(6.170318677515E1,5.13E1,-1.0174635E3));
#610=LINE('',#609,#608);
#611=CARTESIAN_POINT('',(8.170318677515E1,5.13E1,-1.0174635E3));
#612=DIRECTION('',(0.E0,-1.E0,0.E0));
#613=DIRECTION('',(-1.E0,0.E0,0.E0));
#614=AXIS2_PLACEMENT_3D('',#611,#612,#613);
#616=CARTESIAN_POINT('',(7.852818677515E1,5.13E1,-1.040419980566E3));
#617=DIRECTION('',(0.E0,-1.E0,0.E0));
#618=DIRECTION('',(1.E0,0.E0,0.E0));
#619=AXIS2_PLACEMENT_3D('',#616,#617,#618);
#621=DIRECTION('',(0.E0,0.E0,1.E0));
#622=VECTOR('',#621,1.874783575688E1);
#623=CARTESIAN_POINT('',(8.170318677515E1,5.13E1,-1.059167816323E3));
#624=LINE('',#623,#622);
#625=CARTESIAN_POINT('',(7.852818677515E1,5.13E1,-1.059167816323E3));
#626=DIRECTION('',(0.E0,-1.E0,0.E0));
#627=DIRECTION('',(-7.591153616257E-2,0.E0,-9.971145564465E-1));
#628=AXIS2_PLACEMENT_3D('',#625,#626,#627);
#630=CARTESIAN_POINT('',(8.170318677515E1,5.13E1,-1.0174635E3));
#631=DIRECTION('',(0.E0,-1.E0,0.E0));
#632=DIRECTION('',(-9.986225847892E-1,0.E0,-5.246840143343E-2));
#633=AXIS2_PLACEMENT_3D('',#630,#631,#632);
#635=DIRECTION('',(5.246840143343E-2,0.E0,-9.986225847892E-1));
#636=VECTOR('',#635,3.569802700593E2);
#637=CARTESIAN_POINT('',(1.803498634635E1,5.13E1,-6.633360180592E2));
#638=LINE('',#637,#636);
#639=DIRECTION('',(0.E0,1.E0,1.790343901128E-14));
#640=VECTOR('',#639,6.35E0);
#641=CARTESIAN_POINT('',(1.8E1,5.13E1,-6.620033206628E2));
#642=LINE('',#641,#640);
#643=DIRECTION('',(0.E0,-1.E0,0.E0));
#644=VECTOR('',#643,6.35E0);
#645=CARTESIAN_POINT('',(1.8E1,5.765E1,-4.924425E2));
#646=LINE('',#645,#644);
#647=DIRECTION('',(0.E0,-1.E0,0.E0));
#648=VECTOR('',#647,6.35E0);
#649=CARTESIAN_POINT('',(1.4825E1,5.765E1,-4.892675E2));
#650=LINE('',#649,#648);
#651=DIRECTION('',(0.E0,-1.E0,0.E0));
#652=VECTOR('',#651,6.35E0);
#653=CARTESIAN_POINT('',(1.27E1,5.765E1,-4.892675E2));
#654=LINE('',#653,#652);
#655=DIRECTION('',(9.069399897900E-1,-4.212598425197E-1,1.790343901128E-14));
#656=VECTOR('',#655,6.35E0);
#657=CARTESIAN_POINT('',(1.181862129667E0,5.03E1,-4.892675E2));
#658=LINE('',#657,#656);
#659=DIRECTION('',(0.E0,-1.E0,0.E0));
#660=VECTOR('',#659,6.35E0);
#661=CARTESIAN_POINT('',(8.170318677515E1,5.765E1,-2.06375E1));
#662=LINE('',#661,#660);
#663=DIRECTION('',(0.E0,-1.E0,0.E0));
#664=VECTOR('',#663,6.35E0);
#665=CARTESIAN_POINT('',(8.170318677515E1,5.765E1,-4.450701943350E1));
#666=LINE('',#665,#664);
#667=DIRECTION('',(0.E0,-1.E0,0.E0));
#668=VECTOR('',#667,6.35E0);
#669=CARTESIAN_POINT('',(7.896316520018E1,5.765E1,-4.765208203538E1));
#670=LINE('',#669,#668);
#671=DIRECTION('',(0.E0,-1.E0,0.E0));
#672=VECTOR('',#671,6.35E0);
#673=CARTESIAN_POINT('',(6.170318677515E1,5.765E1,-6.74635E1));
#674=LINE('',#673,#672);
#675=DIRECTION('',(0.E0,-1.E0,0.E0));
#676=VECTOR('',#675,6.35E0);
#677=CARTESIAN_POINT('',(6.170318677515E1,5.765E1,-2.374635E2));
#678=LINE('',#677,#676);
#679=DIRECTION('',(0.E0,-1.E0,0.E0));
#680=VECTOR('',#679,6.35E0);
#681=CARTESIAN_POINT('',(7.896316520018E1,5.765E1,-2.572749179646E2));
#682=LINE('',#681,#680);
#683=DIRECTION('',(0.E0,-1.E0,0.E0));
#684=VECTOR('',#683,6.35E0);
#685=CARTESIAN_POINT('',(8.170318677515E1,5.765E1,-2.604199805665E2));
#686=LINE('',#685,#684);
#687=DIRECTION('',(0.E0,-1.E0,0.E0));
#688=VECTOR('',#687,6.35E0);
#689=CARTESIAN_POINT('',(8.170318677515E1,5.765E1,-4.345070194335E2));
#690=LINE('',#689,#688);
#691=DIRECTION('',(0.E0,-1.E0,0.E0));
#692=VECTOR('',#691,6.35E0);
#693=CARTESIAN_POINT('',(7.896316520018E1,5.765E1,-4.376520820354E2));
#694=LINE('',#693,#692);
#695=DIRECTION('',(0.E0,-1.E0,0.E0));
#696=VECTOR('',#695,6.35E0);
#697=CARTESIAN_POINT('',(6.170318677515E1,5.765E1,-4.574635E2));
#698=LINE('',#697,#696);
#699=DIRECTION('',(0.E0,-1.E0,0.E0));
#700=VECTOR('',#699,6.35E0);
#701=CARTESIAN_POINT('',(6.170318677515E1,5.765E1,-6.274635E2));
#702=LINE('',#701,#700);
#703=DIRECTION('',(0.E0,-1.E0,0.E0));
#704=VECTOR('',#703,6.35E0);
#705=CARTESIAN_POINT('',(7.896316520018E1,5.765E1,-6.472749179646E2));
#706=LINE('',#705,#704);
#707=DIRECTION('',(0.E0,-1.E0,0.E0));
#708=VECTOR('',#707,6.35E0);
#709=CARTESIAN_POINT('',(8.170318677515E1,5.765E1,-6.504199805665E2));
#710=LINE('',#709,#708);
#711=DIRECTION('',(0.E0,-1.E0,0.E0));
#712=VECTOR('',#711,6.35E0);
#713=CARTESIAN_POINT('',(8.170318677515E1,5.765E1,-8.245070194335E2));
#714=LINE('',#713,#712);
#715=DIRECTION('',(0.E0,-1.E0,0.E0));
#716=VECTOR('',#715,6.35E0);
#717=CARTESIAN_POINT('',(7.896316520018E1,5.765E1,-8.276520820354E2));
#718=LINE('',#717,#716);
#719=DIRECTION('',(0.E0,-1.E0,0.E0));
#720=VECTOR('',#719,6.35E0);
#721=CARTESIAN_POINT('',(6.170318677515E1,5.765E1,-8.474635E2));
#722=LINE('',#721,#720);
#723=DIRECTION('',(0.E0,-1.E0,0.E0));
#724=VECTOR('',#723,6.35E0);
#725=CARTESIAN_POINT('',(6.170318677515E1,5.765E1,-1.0174635E3));
#726=LINE('',#725,#724);
#727=DIRECTION('',(0.E0,-1.E0,0.E0));
#728=VECTOR('',#727,6.35E0);
#729=CARTESIAN_POINT('',(7.896316520018E1,5.765E1,-1.037274917965E3));
#730=LINE('',#729,#728);
#731=DIRECTION('',(0.E0,-1.E0,0.E0));
#732=VECTOR('',#731,6.35E0);
#733=CARTESIAN_POINT('',(8.170318677515E1,5.765E1,-1.040419980566E3));
#734=LINE('',#733,#732);
#735=DIRECTION('',(0.E0,-1.E0,0.E0));
#736=VECTOR('',#735,6.35E0);
#737=CARTESIAN_POINT('',(8.170318677515E1,5.765E1,-1.059167816323E3));
#738=LINE('',#737,#736);
#739=DIRECTION('',(0.E0,-1.E0,0.E0));
#740=VECTOR('',#739,6.35E0);
#741=CARTESIAN_POINT('',(7.828716764784E1,5.765E1,-1.062333655040E3));
#742=LINE('',#741,#740);
#743=DIRECTION('',(0.E0,-1.E0,0.E0));
#744=VECTOR('',#743,6.35E0);
#745=CARTESIAN_POINT('',(3.676517045964E1,5.765E1,-1.019824578065E3));
#746=LINE('',#745,#744);
#747=CARTESIAN_POINT('',(1.27E1,-4.495E1,-4.892675E2));
#748=DIRECTION('',(0.E0,0.E0,1.E0));
#749=DIRECTION('',(-1.E0,0.E0,0.E0));
#750=AXIS2_PLACEMENT_3D('',#747,#748,#749);
#752=CARTESIAN_POINT('',(1.27E1,-4.495E1,-4.892675E2));
#753=DIRECTION('',(0.E0,0.E0,1.E0));
#754=DIRECTION('',(-8.660254037844E-1,-5.E-1,0.E0));
#755=AXIS2_PLACEMENT_3D('',#752,#753,#754);
#757=DIRECTION('',(0.E0,0.E0,-1.E0));
#758=VECTOR('',#757,4.71805E2);
#759=CARTESIAN_POINT('',(1.27E1,-5.13E1,-1.74625E1));
#760=LINE('',#759,#758);
#761=CARTESIAN_POINT('',(1.27E1,-4.495E1,-1.74625E1));
#762=DIRECTION('',(0.E0,0.E0,1.E0));
#763=DIRECTION('',(-4.416781075074E-1,-8.971735893063E-1,0.E0));
#764=AXIS2_PLACEMENT_3D('',#761,#762,#763);
#766=CARTESIAN_POINT('',(1.27E1,-4.495E1,-1.74625E1));
#767=DIRECTION('',(0.E0,0.E0,1.E0));
#768=DIRECTION('',(-1.E0,0.E0,0.E0));
#769=AXIS2_PLACEMENT_3D('',#766,#767,#768);
#771=DIRECTION('',(0.E0,1.E0,0.E0));
#772=VECTOR('',#771,6.35E0);
#773=CARTESIAN_POINT('',(1.27E1,-5.765E1,-4.892675E2));
#774=LINE('',#773,#772);
#775=DIRECTION('',(0.E0,1.E0,0.E0));
#776=VECTOR('',#775,6.35E0);
#777=CARTESIAN_POINT('',(1.4825E1,-5.765E1,-4.892675E2));
#778=LINE('',#777,#776);
#779=DIRECTION('',(1.E0,0.E0,0.E0));
#780=VECTOR('',#779,6.582818677515E1);
#781=CARTESIAN_POINT('',(1.27E1,-5.765E1,-1.74625E1));
#782=LINE('',#781,#780);
#783=CARTESIAN_POINT('',(7.852818677515E1,-5.765E1,-2.06375E1));
#784=DIRECTION('',(0.E0,-1.E0,0.E0));
#785=DIRECTION('',(1.E0,0.E0,0.E0));
#786=AXIS2_PLACEMENT_3D('',#783,#784,#785);
#788=DIRECTION('',(0.E0,0.E0,1.E0));
#789=VECTOR('',#788,2.386951943350E1);
#790=CARTESIAN_POINT('',(8.170318677515E1,-5.765E1,-4.450701943350E1));
#791=LINE('',#790,#789);
#792=CARTESIAN_POINT('',(7.852818677515E1,-5.765E1,-4.450701943350E1));
#793=DIRECTION('',(0.E0,-1.E0,0.E0));
#794=DIRECTION('',(1.370010787487E-1,0.E0,-9.905708982308E-1));
#795=AXIS2_PLACEMENT_3D('',#792,#793,#794);
#797=CARTESIAN_POINT('',(8.170318677515E1,-5.765E1,-6.74635E1));
#798=DIRECTION('',(0.E0,-1.E0,0.E0));
#799=DIRECTION('',(-1.370010787486E-1,0.E0,9.905708982308E-1));
#800=AXIS2_PLACEMENT_3D('',#797,#798,#799);
#802=DIRECTION('',(0.E0,0.E0,1.E0));
#803=VECTOR('',#802,1.7E2);
#804=CARTESIAN_POINT('',(6.170318677515E1,-5.765E1,-2.374635E2));
#805=LINE('',#804,#803);
#806=CARTESIAN_POINT('',(8.170318677515E1,-5.765E1,-2.374635E2));
#807=DIRECTION('',(0.E0,-1.E0,0.E0));
#808=DIRECTION('',(-1.E0,0.E0,0.E0));
#809=AXIS2_PLACEMENT_3D('',#806,#807,#808);
#811=CARTESIAN_POINT('',(7.852818677515E1,-5.765E1,-2.604199805665E2));
#812=DIRECTION('',(0.E0,-1.E0,0.E0));
#813=DIRECTION('',(1.E0,0.E0,0.E0));
#814=AXIS2_PLACEMENT_3D('',#811,#812,#813);
#816=DIRECTION('',(0.E0,0.E0,1.E0));
#817=VECTOR('',#816,1.740870388670E2);
#818=CARTESIAN_POINT('',(8.170318677515E1,-5.765E1,-4.345070194335E2));
#819=LINE('',#818,#817);
#820=CARTESIAN_POINT('',(7.852818677515E1,-5.765E1,-4.345070194335E2));
#821=DIRECTION('',(0.E0,-1.E0,0.E0));
#822=DIRECTION('',(1.370010787487E-1,0.E0,-9.905708982308E-1));
#823=AXIS2_PLACEMENT_3D('',#820,#821,#822);
#825=CARTESIAN_POINT('',(8.170318677515E1,-5.765E1,-4.574635E2));
#826=DIRECTION('',(0.E0,-1.E0,0.E0));
#827=DIRECTION('',(-1.370010787487E-1,0.E0,9.905708982308E-1));
#828=AXIS2_PLACEMENT_3D('',#825,#826,#827);
#830=DIRECTION('',(0.E0,0.E0,1.E0));
#831=VECTOR('',#830,1.7E2);
#832=CARTESIAN_POINT('',(6.170318677515E1,-5.765E1,-6.274635E2));
#833=LINE('',#832,#831);
#834=CARTESIAN_POINT('',(8.170318677515E1,-5.765E1,-6.274635E2));
#835=DIRECTION('',(0.E0,-1.E0,0.E0));
#836=DIRECTION('',(-1.E0,0.E0,0.E0));
#837=AXIS2_PLACEMENT_3D('',#834,#835,#836);
#839=CARTESIAN_POINT('',(7.852818677515E1,-5.765E1,-6.504199805665E2));
#840=DIRECTION('',(0.E0,-1.E0,0.E0));
#841=DIRECTION('',(1.E0,0.E0,0.E0));
#842=AXIS2_PLACEMENT_3D('',#839,#840,#841);
#844=DIRECTION('',(0.E0,0.E0,1.E0));
#845=VECTOR('',#844,1.740870388670E2);
#846=CARTESIAN_POINT('',(8.170318677515E1,-5.765E1,-8.245070194335E2));
#847=LINE('',#846,#845);
#848=CARTESIAN_POINT('',(7.852818677515E1,-5.765E1,-8.245070194335E2));
#849=DIRECTION('',(0.E0,-1.E0,0.E0));
#850=DIRECTION('',(1.370010787486E-1,0.E0,-9.905708982308E-1));
#851=AXIS2_PLACEMENT_3D('',#848,#849,#850);
#853=CARTESIAN_POINT('',(8.170318677515E1,-5.765E1,-8.474635E2));
#854=DIRECTION('',(0.E0,-1.E0,0.E0));
#855=DIRECTION('',(-1.370010787487E-1,0.E0,9.905708982308E-1));
#856=AXIS2_PLACEMENT_3D('',#853,#854,#855);
#858=DIRECTION('',(0.E0,0.E0,1.E0));
#859=VECTOR('',#858,1.7E2);
#860=CARTESIAN_POINT('',(6.170318677515E1,-5.765E1,-1.0174635E3));
#861=LINE('',#860,#859);
#862=CARTESIAN_POINT('',(8.170318677515E1,-5.765E1,-1.0174635E3));
#863=DIRECTION('',(0.E0,-1.E0,0.E0));
#864=DIRECTION('',(-1.E0,0.E0,0.E0));
#865=AXIS2_PLACEMENT_3D('',#862,#863,#864);
#867=CARTESIAN_POINT('',(7.852818677515E1,-5.765E1,-1.040419980566E3));
#868=DIRECTION('',(0.E0,-1.E0,0.E0));
#869=DIRECTION('',(1.E0,0.E0,0.E0));
#870=AXIS2_PLACEMENT_3D('',#867,#868,#869);
#872=DIRECTION('',(0.E0,0.E0,1.E0));
#873=VECTOR('',#872,1.874783575688E1);
#874=CARTESIAN_POINT('',(8.170318677515E1,-5.765E1,-1.059167816323E3));
#875=LINE('',#874,#873);
#876=CARTESIAN_POINT('',(7.852818677515E1,-5.765E1,-1.059167816323E3));
#877=DIRECTION('',(0.E0,-1.E0,0.E0));
#878=DIRECTION('',(-7.591153616257E-2,0.E0,-9.971145564465E-1));
#879=AXIS2_PLACEMENT_3D('',#876,#877,#878);
#881=CARTESIAN_POINT('',(8.170318677515E1,-5.765E1,-1.0174635E3));
#882=DIRECTION('',(0.E0,-1.E0,0.E0));
#883=DIRECTION('',(-9.986225847892E-1,0.E0,-5.246840143343E-2));
#884=AXIS2_PLACEMENT_3D('',#881,#882,#883);
#886=DIRECTION('',(5.246840143343E-2,0.E0,-9.986225847892E-1));
#887=VECTOR('',#886,3.569802700593E2);
#888=CARTESIAN_POINT('',(1.803498634635E1,-5.765E1,-6.633360180592E2));
#889=LINE('',#888,#887);
#890=CARTESIAN_POINT('',(4.34E1,-5.765E1,-6.620033206628E2));
#891=DIRECTION('',(0.E0,1.E0,2.131281920844E-14));
#892=DIRECTION('',(-9.986225847892E-1,0.E0,-5.246840143343E-2));
#893=AXIS2_PLACEMENT_3D('',#890,#891,#892);
#895=DIRECTION('',(0.E0,0.E0,-1.E0));
#896=VECTOR('',#895,1.695608206628E2);
#897=CARTESIAN_POINT('',(1.8E1,-5.765E1,-4.924425E2));
#898=LINE('',#897,#896);
#899=CARTESIAN_POINT('',(1.4825E1,-5.765E1,-4.924425E2));
#900=DIRECTION('',(0.E0,-1.E0,0.E0));
#901=DIRECTION('',(1.E0,0.E0,0.E0));
#902=AXIS2_PLACEMENT_3D('',#899,#900,#901);
#904=DIRECTION('',(1.E0,0.E0,1.069993766792E-13));
#905=VECTOR('',#904,2.125E0);
#906=CARTESIAN_POINT('',(1.27E1,-5.765E1,-4.892675E2));
#907=LINE('',#906,#905);
#908=DIRECTION('',(0.E0,1.E0,0.E0));
#909=VECTOR('',#908,6.35E0);
#910=CARTESIAN_POINT('',(1.27E1,-5.765E1,-1.74625E1));
#911=LINE('',#910,#909);
#912=DIRECTION('',(4.416781570941E-1,8.971735648947E-1,0.E0));
#913=VECTOR('',#912,6.35E0);
#914=CARTESIAN_POINT('',(7.090687404904E0,-5.634410427416E1,-1.74625E1));
#915=LINE('',#914,#913);
#916=DIRECTION('',(1.E0,0.E0,0.E0));
#917=VECTOR('',#916,6.582818677515E1);
#918=CARTESIAN_POINT('',(1.27E1,-5.13E1,-1.74625E1));
#919=LINE('',#918,#917);
#920=DIRECTION('',(1.E0,0.E0,1.337492208490E-13));
#921=VECTOR('',#920,2.125E0);
#922=CARTESIAN_POINT('',(1.27E1,-5.13E1,-4.892675E2));
#923=LINE('',#922,#921);
#924=CARTESIAN_POINT('',(1.4825E1,-5.13E1,-4.924425E2));
#925=DIRECTION('',(0.E0,-1.E0,0.E0));
#926=DIRECTION('',(1.E0,0.E0,0.E0));
#927=AXIS2_PLACEMENT_3D('',#924,#925,#926);
#929=DIRECTION('',(0.E0,0.E0,-1.E0));
#930=VECTOR('',#929,1.695608206628E2);
#931=CARTESIAN_POINT('',(1.8E1,-5.13E1,-4.924425E2));
#932=LINE('',#931,#930);
#933=CARTESIAN_POINT('',(4.34E1,-5.13E1,-6.620033206628E2));
#934=DIRECTION('',(0.E0,-1.E0,-2.131281920844E-14));
#935=DIRECTION('',(-1.E0,0.E0,0.E0));
#936=AXIS2_PLACEMENT_3D('',#933,#934,#935);
#938=DIRECTION('',(5.246840143343E-2,0.E0,-9.986225847892E-1));
#939=VECTOR('',#938,3.569802700593E2);
#940=CARTESIAN_POINT('',(1.803498634635E1,-5.13E1,-6.633360180592E2));
#941=LINE('',#940,#939);
#942=CARTESIAN_POINT('',(8.170318677515E1,-5.13E1,-1.0174635E3));
#943=DIRECTION('',(0.E0,-1.E0,0.E0));
#944=DIRECTION('',(-9.986225847892E-1,0.E0,-5.246840143343E-2));
#945=AXIS2_PLACEMENT_3D('',#942,#943,#944);
#947=CARTESIAN_POINT('',(7.852818677515E1,-5.13E1,-1.059167816323E3));
#948=DIRECTION('',(0.E0,-1.E0,0.E0));
#949=DIRECTION('',(-7.591153616257E-2,0.E0,-9.971145564465E-1));
#950=AXIS2_PLACEMENT_3D('',#947,#948,#949);
#952=DIRECTION('',(0.E0,0.E0,1.E0));
#953=VECTOR('',#952,1.874783575688E1);
#954=CARTESIAN_POINT('',(8.170318677515E1,-5.13E1,-1.059167816323E3));
#955=LINE('',#954,#953);
#956=CARTESIAN_POINT('',(7.852818677515E1,-5.13E1,-1.040419980566E3));
#957=DIRECTION('',(0.E0,-1.E0,0.E0));
#958=DIRECTION('',(1.E0,0.E0,0.E0));
#959=AXIS2_PLACEMENT_3D('',#956,#957,#958);
#961=CARTESIAN_POINT('',(8.170318677515E1,-5.13E1,-1.0174635E3));
#962=DIRECTION('',(0.E0,-1.E0,0.E0));
#963=DIRECTION('',(-1.E0,0.E0,0.E0));
#964=AXIS2_PLACEMENT_3D('',#961,#962,#963);
#966=DIRECTION('',(0.E0,0.E0,1.E0));
#967=VECTOR('',#966,1.7E2);
#968=CARTESIAN_POINT('',(6.170318677515E1,-5.13E1,-1.0174635E3));
#969=LINE('',#968,#967);
#970=CARTESIAN_POINT('',(8.170318677515E1,-5.13E1,-8.474635E2));
#971=DIRECTION('',(0.E0,-1.E0,0.E0));
#972=DIRECTION('',(-1.370010787487E-1,0.E0,9.905708982308E-1));
#973=AXIS2_PLACEMENT_3D('',#970,#971,#972);
#975=CARTESIAN_POINT('',(7.852818677515E1,-5.13E1,-8.245070194335E2));
#976=DIRECTION('',(0.E0,-1.E0,0.E0));
#977=DIRECTION('',(1.370010787486E-1,0.E0,-9.905708982308E-1));
#978=AXIS2_PLACEMENT_3D('',#975,#976,#977);
#980=DIRECTION('',(0.E0,0.E0,1.E0));
#981=VECTOR('',#980,1.740870388670E2);
#982=CARTESIAN_POINT('',(8.170318677515E1,-5.13E1,-8.245070194335E2));
#983=LINE('',#982,#981);
#984=CARTESIAN_POINT('',(7.852818677515E1,-5.13E1,-6.504199805665E2));
#985=DIRECTION('',(0.E0,-1.E0,0.E0));
#986=DIRECTION('',(1.E0,0.E0,0.E0));
#987=AXIS2_PLACEMENT_3D('',#984,#985,#986);
#989=CARTESIAN_POINT('',(8.170318677515E1,-5.13E1,-6.274635E2));
#990=DIRECTION('',(0.E0,-1.E0,0.E0));
#991=DIRECTION('',(-1.E0,0.E0,0.E0));
#992=AXIS2_PLACEMENT_3D('',#989,#990,#991);
#994=DIRECTION('',(0.E0,0.E0,1.E0));
#995=VECTOR('',#994,1.7E2);
#996=CARTESIAN_POINT('',(6.170318677515E1,-5.13E1,-6.274635E2));
#997=LINE('',#996,#995);
#998=CARTESIAN_POINT('',(8.170318677515E1,-5.13E1,-4.574635E2));
#999=DIRECTION('',(0.E0,-1.E0,0.E0));
#1000=DIRECTION('',(-1.370010787487E-1,0.E0,9.905708982308E-1));
#1001=AXIS2_PLACEMENT_3D('',#998,#999,#1000);
#1003=CARTESIAN_POINT('',(7.852818677515E1,-5.13E1,-4.345070194335E2));
#1004=DIRECTION('',(0.E0,-1.E0,0.E0));
#1005=DIRECTION('',(1.370010787487E-1,0.E0,-9.905708982308E-1));
#1006=AXIS2_PLACEMENT_3D('',#1003,#1004,#1005);
#1008=DIRECTION('',(0.E0,0.E0,1.E0));
#1009=VECTOR('',#1008,1.740870388670E2);
#1010=CARTESIAN_POINT('',(8.170318677515E1,-5.13E1,-4.345070194335E2));
#1011=LINE('',#1010,#1009);
#1012=CARTESIAN_POINT('',(7.852818677515E1,-5.13E1,-2.604199805665E2));
#1013=DIRECTION('',(0.E0,-1.E0,0.E0));
#1014=DIRECTION('',(1.E0,0.E0,0.E0));
#1015=AXIS2_PLACEMENT_3D('',#1012,#1013,#1014);
#1017=CARTESIAN_POINT('',(8.170318677515E1,-5.13E1,-2.374635E2));
#1018=DIRECTION('',(0.E0,-1.E0,0.E0));
#1019=DIRECTION('',(-1.E0,0.E0,0.E0));
#1020=AXIS2_PLACEMENT_3D('',#1017,#1018,#1019);
#1022=DIRECTION('',(0.E0,0.E0,1.E0));
#1023=VECTOR('',#1022,1.7E2);
#1024=CARTESIAN_POINT('',(6.170318677515E1,-5.13E1,-2.374635E2));
#1025=LINE('',#1024,#1023);
#1026=CARTESIAN_POINT('',(8.170318677515E1,-5.13E1,-6.74635E1));
#1027=DIRECTION('',(0.E0,-1.E0,0.E0));
#1028=DIRECTION('',(-1.370010787486E-1,0.E0,9.905708982308E-1));
#1029=AXIS2_PLACEMENT_3D('',#1026,#1027,#1028);
#1031=CARTESIAN_POINT('',(7.852818677515E1,-5.13E1,-4.450701943350E1));
#1032=DIRECTION('',(0.E0,-1.E0,0.E0));
#1033=DIRECTION('',(1.370010787487E-1,0.E0,-9.905708982308E-1));
#1034=AXIS2_PLACEMENT_3D('',#1031,#1032,#1033);
#1036=DIRECTION('',(0.E0,0.E0,1.E0));
#1037=VECTOR('',#1036,2.386951943350E1);
#1038=CARTESIAN_POINT('',(8.170318677515E1,-5.13E1,-4.450701943350E1));
#1039=LINE('',#1038,#1037);
#1040=CARTESIAN_POINT('',(7.852818677515E1,-5.13E1,-2.06375E1));
#1041=DIRECTION('',(0.E0,-1.E0,0.E0));
#1042=DIRECTION('',(1.E0,0.E0,0.E0));
#1043=AXIS2_PLACEMENT_3D('',#1040,#1041,#1042);
#1045=DIRECTION('',(0.E0,1.E0,0.E0));
#1046=VECTOR('',#1045,6.35E0);
#1047=CARTESIAN_POINT('',(1.8E1,-5.765E1,-4.924425E2));
#1048=LINE('',#1047,#1046);
#1049=DIRECTION('',(0.E0,-1.E0,0.E0));
#1050=VECTOR('',#1049,6.35E0);
#1051=CARTESIAN_POINT('',(1.8E1,-5.13E1,-6.620033206628E2));
#1052=LINE('',#1051,#1050);
#1053=DIRECTION('',(0.E0,-1.E0,0.E0));
#1054=VECTOR('',#1053,6.35E0);
#1055=CARTESIAN_POINT('',(1.803498634635E1,-5.13E1,-6.633360180592E2));
#1056=LINE('',#1055,#1054);
#1057=DIRECTION('',(0.E0,1.E0,0.E0));
#1058=VECTOR('',#1057,6.35E0);
#1059=CARTESIAN_POINT('',(3.676517045964E1,-5.765E1,-1.019824578065E3));
#1060=LINE('',#1059,#1058);
#1061=DIRECTION('',(0.E0,1.E0,0.E0));
#1062=VECTOR('',#1061,6.35E0);
#1063=CARTESIAN_POINT('',(7.828716764784E1,-5.765E1,-1.062333655040E3));
#1064=LINE('',#1063,#1062);
#1065=DIRECTION('',(0.E0,1.E0,0.E0));
#1066=VECTOR('',#1065,6.35E0);
#1067=CARTESIAN_POINT('',(8.170318677515E1,-5.765E1,-1.059167816323E3));
#1068=LINE('',#1067,#1066);
#1069=DIRECTION('',(0.E0,1.E0,0.E0));
#1070=VECTOR('',#1069,6.35E0);
#1071=CARTESIAN_POINT('',(8.170318677515E1,-5.765E1,-1.040419980566E3));
#1072=LINE('',#1071,#1070);
#1073=DIRECTION('',(0.E0,1.E0,0.E0));
#1074=VECTOR('',#1073,6.35E0);
#1075=CARTESIAN_POINT('',(7.896316520018E1,-5.765E1,-1.037274917965E3));
#1076=LINE('',#1075,#1074);
#1077=DIRECTION('',(0.E0,1.E0,0.E0));
#1078=VECTOR('',#1077,6.35E0);
#1079=CARTESIAN_POINT('',(6.170318677515E1,-5.765E1,-1.0174635E3));
#1080=LINE('',#1079,#1078);
#1081=DIRECTION('',(0.E0,1.E0,0.E0));
#1082=VECTOR('',#1081,6.35E0);
#1083=CARTESIAN_POINT('',(6.170318677515E1,-5.765E1,-8.474635E2));
#1084=LINE('',#1083,#1082);
#1085=DIRECTION('',(0.E0,1.E0,0.E0));
#1086=VECTOR('',#1085,6.35E0);
#1087=CARTESIAN_POINT('',(7.896316520018E1,-5.765E1,-8.276520820354E2));
#1088=LINE('',#1087,#1086);
#1089=DIRECTION('',(0.E0,1.E0,0.E0));
#1090=VECTOR('',#1089,6.35E0);
#1091=CARTESIAN_POINT('',(8.170318677515E1,-5.765E1,-8.245070194335E2));
#1092=LINE('',#1091,#1090);
#1093=DIRECTION('',(0.E0,1.E0,0.E0));
#1094=VECTOR('',#1093,6.35E0);
#1095=CARTESIAN_POINT('',(8.170318677515E1,-5.765E1,-6.504199805665E2));
#1096=LINE('',#1095,#1094);
#1097=DIRECTION('',(0.E0,1.E0,0.E0));
#1098=VECTOR('',#1097,6.35E0);
#1099=CARTESIAN_POINT('',(7.896316520018E1,-5.765E1,-6.472749179646E2));
#1100=LINE('',#1099,#1098);
#1101=DIRECTION('',(0.E0,1.E0,0.E0));
#1102=VECTOR('',#1101,6.35E0);
#1103=CARTESIAN_POINT('',(6.170318677515E1,-5.765E1,-6.274635E2));
#1104=LINE('',#1103,#1102);
#1105=DIRECTION('',(0.E0,1.E0,0.E0));
#1106=VECTOR('',#1105,6.35E0);
#1107=CARTESIAN_POINT('',(6.170318677515E1,-5.765E1,-4.574635E2));
#1108=LINE('',#1107,#1106);
#1109=DIRECTION('',(0.E0,1.E0,0.E0));
#1110=VECTOR('',#1109,6.35E0);
#1111=CARTESIAN_POINT('',(7.896316520018E1,-5.765E1,-4.376520820354E2));
#1112=LINE('',#1111,#1110);
#1113=DIRECTION('',(0.E0,1.E0,0.E0));
#1114=VECTOR('',#1113,6.35E0);
#1115=CARTESIAN_POINT('',(8.170318677515E1,-5.765E1,-4.345070194335E2));
#1116=LINE('',#1115,#1114);
#1117=DIRECTION('',(0.E0,1.E0,0.E0));
#1118=VECTOR('',#1117,6.35E0);
#1119=CARTESIAN_POINT('',(8.170318677515E1,-5.765E1,-2.604199805665E2));
#1120=LINE('',#1119,#1118);
#1121=DIRECTION('',(0.E0,1.E0,0.E0));
#1122=VECTOR('',#1121,6.35E0);
#1123=CARTESIAN_POINT('',(7.896316520018E1,-5.765E1,-2.572749179646E2));
#1124=LINE('',#1123,#1122);
#1125=DIRECTION('',(0.E0,1.E0,0.E0));
#1126=VECTOR('',#1125,6.35E0);
#1127=CARTESIAN_POINT('',(6.170318677515E1,-5.765E1,-2.374635E2));
#1128=LINE('',#1127,#1126);
#1129=DIRECTION('',(0.E0,1.E0,0.E0));
#1130=VECTOR('',#1129,6.35E0);
#1131=CARTESIAN_POINT('',(6.170318677515E1,-5.765E1,-6.74635E1));
#1132=LINE('',#1131,#1130);
#1133=DIRECTION('',(0.E0,1.E0,0.E0));
#1134=VECTOR('',#1133,6.35E0);
#1135=CARTESIAN_POINT('',(7.896316520018E1,-5.765E1,-4.765208203538E1));
#1136=LINE('',#1135,#1134);
#1137=DIRECTION('',(0.E0,1.E0,0.E0));
#1138=VECTOR('',#1137,6.35E0);
#1139=CARTESIAN_POINT('',(8.170318677515E1,-5.765E1,-4.450701943350E1));
#1140=LINE('',#1139,#1138);
#1141=DIRECTION('',(0.E0,1.E0,0.E0));
#1142=VECTOR('',#1141,6.35E0);
#1143=CARTESIAN_POINT('',(8.170318677515E1,-5.765E1,-2.06375E1));
#1144=LINE('',#1143,#1142);
#1145=DIRECTION('',(0.E0,1.E0,0.E0));
#1146=VECTOR('',#1145,6.35E0);
#1147=CARTESIAN_POINT('',(7.852818677515E1,-5.765E1,-1.74625E1));
#1148=LINE('',#1147,#1146);
#1149=CARTESIAN_POINT('',(1.27E1,5.765E1,-4.892675E2));
#1150=CARTESIAN_POINT('',(1.4825E1,5.765E1,-4.892675E2));
#1151=VERTEX_POINT('',#1149);
#1152=VERTEX_POINT('',#1150);
#1153=CARTESIAN_POINT('',(1.8E1,5.765E1,-4.924425E2));
#1154=VERTEX_POINT('',#1153);
#1155=CARTESIAN_POINT('',(3.676517045964E1,5.765E1,-1.019824578065E3));
#1156=CARTESIAN_POINT('',(7.828716764784E1,5.765E1,-1.062333655040E3));
#1157=VERTEX_POINT('',#1155);
#1158=VERTEX_POINT('',#1156);
#1159=CARTESIAN_POINT('',(8.170318677515E1,5.765E1,-1.059167816323E3));
#1160=VERTEX_POINT('',#1159);
#1161=CARTESIAN_POINT('',(8.170318677515E1,5.765E1,-1.040419980566E3));
#1162=VERTEX_POINT('',#1161);
#1163=CARTESIAN_POINT('',(7.896316520018E1,5.765E1,-1.037274917965E3));
#1164=VERTEX_POINT('',#1163);
#1165=CARTESIAN_POINT('',(6.170318677515E1,5.765E1,-1.0174635E3));
#1166=VERTEX_POINT('',#1165);
#1167=CARTESIAN_POINT('',(6.170318677515E1,5.765E1,-8.474635E2));
#1168=VERTEX_POINT('',#1167);
#1169=CARTESIAN_POINT('',(7.896316520018E1,5.765E1,-8.276520820354E2));
#1170=VERTEX_POINT('',#1169);
#1171=CARTESIAN_POINT('',(8.170318677515E1,5.765E1,-8.245070194335E2));
#1172=VERTEX_POINT('',#1171);
#1173=CARTESIAN_POINT('',(8.170318677515E1,5.765E1,-6.504199805665E2));
#1174=VERTEX_POINT('',#1173);
#1175=CARTESIAN_POINT('',(7.896316520018E1,5.765E1,-6.472749179646E2));
#1176=VERTEX_POINT('',#1175);
#1177=CARTESIAN_POINT('',(6.170318677515E1,5.765E1,-6.274635E2));
#1178=VERTEX_POINT('',#1177);
#1179=CARTESIAN_POINT('',(6.170318677515E1,5.765E1,-4.574635E2));
#1180=VERTEX_POINT('',#1179);
#1181=CARTESIAN_POINT('',(7.896316520018E1,5.765E1,-4.376520820354E2));
#1182=VERTEX_POINT('',#1181);
#1183=CARTESIAN_POINT('',(8.170318677515E1,5.765E1,-4.345070194335E2));
#1184=VERTEX_POINT('',#1183);
#1185=CARTESIAN_POINT('',(8.170318677515E1,5.765E1,-2.604199805665E2));
#1186=VERTEX_POINT('',#1185);
#1187=CARTESIAN_POINT('',(7.896316520018E1,5.765E1,-2.572749179646E2));
#1188=VERTEX_POINT('',#1187);
#1189=CARTESIAN_POINT('',(6.170318677515E1,5.765E1,-2.374635E2));
#1190=VERTEX_POINT('',#1189);
#1191=CARTESIAN_POINT('',(6.170318677515E1,5.765E1,-6.74635E1));
#1192=VERTEX_POINT('',#1191);
#1193=CARTESIAN_POINT('',(7.896316520018E1,5.765E1,-4.765208203538E1));
#1194=VERTEX_POINT('',#1193);
#1195=CARTESIAN_POINT('',(8.170318677515E1,5.765E1,-4.450701943350E1));
#1196=VERTEX_POINT('',#1195);
#1197=CARTESIAN_POINT('',(8.170318677515E1,5.765E1,-2.06375E1));
#1198=VERTEX_POINT('',#1197);
#1199=CARTESIAN_POINT('',(7.852818677515E1,5.765E1,-1.74625E1));
#1200=VERTEX_POINT('',#1199);
#1201=CARTESIAN_POINT('',(1.27E1,5.765E1,-1.74625E1));
#1202=VERTEX_POINT('',#1201);
#1203=CARTESIAN_POINT('',(1.27E1,5.13E1,-4.892675E2));
#1204=CARTESIAN_POINT('',(1.4825E1,5.13E1,-4.892675E2));
#1205=VERTEX_POINT('',#1203);
#1206=VERTEX_POINT('',#1204);
#1207=CARTESIAN_POINT('',(1.8E1,5.13E1,-4.924425E2));
#1208=VERTEX_POINT('',#1207);
#1209=CARTESIAN_POINT('',(3.676517045964E1,5.13E1,-1.019824578065E3));
#1210=CARTESIAN_POINT('',(7.828716764784E1,5.13E1,-1.062333655040E3));
#1211=VERTEX_POINT('',#1209);
#1212=VERTEX_POINT('',#1210);
#1213=CARTESIAN_POINT('',(8.170318677515E1,5.13E1,-1.059167816323E3));
#1214=VERTEX_POINT('',#1213);
#1215=CARTESIAN_POINT('',(8.170318677515E1,5.13E1,-1.040419980566E3));
#1216=VERTEX_POINT('',#1215);
#1217=CARTESIAN_POINT('',(7.896316520018E1,5.13E1,-1.037274917965E3));
#1218=VERTEX_POINT('',#1217);
#1219=CARTESIAN_POINT('',(6.170318677515E1,5.13E1,-1.0174635E3));
#1220=VERTEX_POINT('',#1219);
#1221=CARTESIAN_POINT('',(6.170318677515E1,5.13E1,-8.474635E2));
#1222=VERTEX_POINT('',#1221);
#1223=CARTESIAN_POINT('',(7.896316520018E1,5.13E1,-8.276520820354E2));
#1224=VERTEX_POINT('',#1223);
#1225=CARTESIAN_POINT('',(8.170318677515E1,5.13E1,-8.245070194335E2));
#1226=VERTEX_POINT('',#1225);
#1227=CARTESIAN_POINT('',(8.170318677515E1,5.13E1,-6.504199805665E2));
#1228=VERTEX_POINT('',#1227);
#1229=CARTESIAN_POINT('',(7.896316520018E1,5.13E1,-6.472749179646E2));
#1230=VERTEX_POINT('',#1229);
#1231=CARTESIAN_POINT('',(6.170318677515E1,5.13E1,-6.274635E2));
#1232=VERTEX_POINT('',#1231);
#1233=CARTESIAN_POINT('',(6.170318677515E1,5.13E1,-4.574635E2));
#1234=VERTEX_POINT('',#1233);
#1235=CARTESIAN_POINT('',(7.896316520018E1,5.13E1,-4.376520820354E2));
#1236=VERTEX_POINT('',#1235);
#1237=CARTESIAN_POINT('',(8.170318677515E1,5.13E1,-4.345070194335E2));
#1238=VERTEX_POINT('',#1237);
#1239=CARTESIAN_POINT('',(8.170318677515E1,5.13E1,-2.604199805665E2));
#1240=VERTEX_POINT('',#1239);
#1241=CARTESIAN_POINT('',(7.896316520018E1,5.13E1,-2.572749179646E2));
#1242=VERTEX_POINT('',#1241);
#1243=CARTESIAN_POINT('',(6.170318677515E1,5.13E1,-2.374635E2));
#1244=VERTEX_POINT('',#1243);
#1245=CARTESIAN_POINT('',(6.170318677515E1,5.13E1,-6.74635E1));
#1246=VERTEX_POINT('',#1245);
#1247=CARTESIAN_POINT('',(7.896316520018E1,5.13E1,-4.765208203538E1));
#1248=VERTEX_POINT('',#1247);
#1249=CARTESIAN_POINT('',(8.170318677515E1,5.13E1,-4.450701943350E1));
#1250=VERTEX_POINT('',#1249);
#1251=CARTESIAN_POINT('',(8.170318677515E1,5.13E1,-2.06375E1));
#1252=VERTEX_POINT('',#1251);
#1253=CARTESIAN_POINT('',(7.852818677515E1,5.13E1,-1.74625E1));
#1254=VERTEX_POINT('',#1253);
#1255=CARTESIAN_POINT('',(1.27E1,5.13E1,-1.74625E1));
#1256=VERTEX_POINT('',#1255);
#1257=CARTESIAN_POINT('',(1.27E1,-5.765E1,-4.892675E2));
#1258=CARTESIAN_POINT('',(1.27E1,-5.13E1,-4.892675E2));
#1259=VERTEX_POINT('',#1257);
#1260=VERTEX_POINT('',#1258);
#1261=CARTESIAN_POINT('',(1.4825E1,-5.765E1,-4.892675E2));
#1262=VERTEX_POINT('',#1261);
#1263=CARTESIAN_POINT('',(1.8E1,-5.765E1,-4.924425E2));
#1264=VERTEX_POINT('',#1263);
#1265=CARTESIAN_POINT('',(3.676517045964E1,-5.765E1,-1.019824578065E3));
#1266=CARTESIAN_POINT('',(7.828716764784E1,-5.765E1,-1.062333655040E3));
#1267=VERTEX_POINT('',#1265);
#1268=VERTEX_POINT('',#1266);
#1269=CARTESIAN_POINT('',(8.170318677515E1,-5.765E1,-1.059167816323E3));
#1270=VERTEX_POINT('',#1269);
#1271=CARTESIAN_POINT('',(8.170318677515E1,-5.765E1,-1.040419980566E3));
#1272=VERTEX_POINT('',#1271);
#1273=CARTESIAN_POINT('',(7.896316520018E1,-5.765E1,-1.037274917965E3));
#1274=VERTEX_POINT('',#1273);
#1275=CARTESIAN_POINT('',(6.170318677515E1,-5.765E1,-1.0174635E3));
#1276=VERTEX_POINT('',#1275);
#1277=CARTESIAN_POINT('',(6.170318677515E1,-5.765E1,-8.474635E2));
#1278=VERTEX_POINT('',#1277);
#1279=CARTESIAN_POINT('',(7.896316520018E1,-5.765E1,-8.276520820354E2));
#1280=VERTEX_POINT('',#1279);
#1281=CARTESIAN_POINT('',(8.170318677515E1,-5.765E1,-8.245070194335E2));
#1282=VERTEX_POINT('',#1281);
#1283=CARTESIAN_POINT('',(8.170318677515E1,-5.765E1,-6.504199805665E2));
#1284=VERTEX_POINT('',#1283);
#1285=CARTESIAN_POINT('',(7.896316520018E1,-5.765E1,-6.472749179646E2));
#1286=VERTEX_POINT('',#1285);
#1287=CARTESIAN_POINT('',(6.170318677515E1,-5.765E1,-6.274635E2));
#1288=VERTEX_POINT('',#1287);
#1289=CARTESIAN_POINT('',(6.170318677515E1,-5.765E1,-4.574635E2));
#1290=VERTEX_POINT('',#1289);
#1291=CARTESIAN_POINT('',(7.896316520018E1,-5.765E1,-4.376520820354E2));
#1292=VERTEX_POINT('',#1291);
#1293=CARTESIAN_POINT('',(8.170318677515E1,-5.765E1,-4.345070194335E2));
#1294=VERTEX_POINT('',#1293);
#1295=CARTESIAN_POINT('',(8.170318677515E1,-5.765E1,-2.604199805665E2));
#1296=VERTEX_POINT('',#1295);
#1297=CARTESIAN_POINT('',(7.896316520018E1,-5.765E1,-2.572749179646E2));
#1298=VERTEX_POINT('',#1297);
#1299=CARTESIAN_POINT('',(6.170318677515E1,-5.765E1,-2.374635E2));
#1300=VERTEX_POINT('',#1299);
#1301=CARTESIAN_POINT('',(6.170318677515E1,-5.765E1,-6.74635E1));
#1302=VERTEX_POINT('',#1301);
#1303=CARTESIAN_POINT('',(7.896316520018E1,-5.765E1,-4.765208203538E1));
#1304=VERTEX_POINT('',#1303);
#1305=CARTESIAN_POINT('',(8.170318677515E1,-5.765E1,-4.450701943350E1));
#1306=VERTEX_POINT('',#1305);
#1307=CARTESIAN_POINT('',(8.170318677515E1,-5.765E1,-2.06375E1));
#1308=VERTEX_POINT('',#1307);
#1309=CARTESIAN_POINT('',(1.4825E1,-5.13E1,-4.892675E2));
#1310=VERTEX_POINT('',#1309);
#1311=CARTESIAN_POINT('',(1.8E1,-5.13E1,-4.924425E2));
#1312=VERTEX_POINT('',#1311);
#1313=CARTESIAN_POINT('',(3.676517045964E1,-5.13E1,-1.019824578065E3));
#1314=CARTESIAN_POINT('',(7.828716764784E1,-5.13E1,-1.062333655040E3));
#1315=VERTEX_POINT('',#1313);
#1316=VERTEX_POINT('',#1314);
#1317=CARTESIAN_POINT('',(8.170318677515E1,-5.13E1,-1.059167816323E3));
#1318=VERTEX_POINT('',#1317);
#1319=CARTESIAN_POINT('',(8.170318677515E1,-5.13E1,-1.040419980566E3));
#1320=VERTEX_POINT('',#1319);
#1321=CARTESIAN_POINT('',(7.896316520018E1,-5.13E1,-1.037274917965E3));
#1322=VERTEX_POINT('',#1321);
#1323=CARTESIAN_POINT('',(6.170318677515E1,-5.13E1,-1.0174635E3));
#1324=VERTEX_POINT('',#1323);
#1325=CARTESIAN_POINT('',(6.170318677515E1,-5.13E1,-8.474635E2));
#1326=VERTEX_POINT('',#1325);
#1327=CARTESIAN_POINT('',(7.896316520018E1,-5.13E1,-8.276520820354E2));
#1328=VERTEX_POINT('',#1327);
#1329=CARTESIAN_POINT('',(8.170318677515E1,-5.13E1,-8.245070194335E2));
#1330=VERTEX_POINT('',#1329);
#1331=CARTESIAN_POINT('',(8.170318677515E1,-5.13E1,-6.504199805665E2));
#1332=VERTEX_POINT('',#1331);
#1333=CARTESIAN_POINT('',(7.896316520018E1,-5.13E1,-6.472749179646E2));
#1334=VERTEX_POINT('',#1333);
#1335=CARTESIAN_POINT('',(6.170318677515E1,-5.13E1,-6.274635E2));
#1336=VERTEX_POINT('',#1335);
#1337=CARTESIAN_POINT('',(6.170318677515E1,-5.13E1,-4.574635E2));
#1338=VERTEX_POINT('',#1337);
#1339=CARTESIAN_POINT('',(7.896316520018E1,-5.13E1,-4.376520820354E2));
#1340=VERTEX_POINT('',#1339);
#1341=CARTESIAN_POINT('',(8.170318677515E1,-5.13E1,-4.345070194335E2));
#1342=VERTEX_POINT('',#1341);
#1343=CARTESIAN_POINT('',(8.170318677515E1,-5.13E1,-2.604199805665E2));
#1344=VERTEX_POINT('',#1343);
#1345=CARTESIAN_POINT('',(7.896316520018E1,-5.13E1,-2.572749179646E2));
#1346=VERTEX_POINT('',#1345);
#1347=CARTESIAN_POINT('',(6.170318677515E1,-5.13E1,-2.374635E2));
#1348=VERTEX_POINT('',#1347);
#1349=CARTESIAN_POINT('',(6.170318677515E1,-5.13E1,-6.74635E1));
#1350=VERTEX_POINT('',#1349);
#1351=CARTESIAN_POINT('',(7.896316520018E1,-5.13E1,-4.765208203538E1));
#1352=VERTEX_POINT('',#1351);
#1353=CARTESIAN_POINT('',(8.170318677515E1,-5.13E1,-4.450701943350E1));
#1354=VERTEX_POINT('',#1353);
#1355=CARTESIAN_POINT('',(8.170318677515E1,-5.13E1,-2.06375E1));
#1356=VERTEX_POINT('',#1355);
#1357=CARTESIAN_POINT('',(1.8E1,-5.13E1,-6.620033206628E2));
#1358=CARTESIAN_POINT('',(1.8E1,-5.765E1,-6.620033206628E2));
#1359=VERTEX_POINT('',#1357);
#1360=VERTEX_POINT('',#1358);
#1361=CARTESIAN_POINT('',(1.803498634635E1,-5.765E1,-6.633360180592E2));
#1362=VERTEX_POINT('',#1361);
#1363=CARTESIAN_POINT('',(1.803498634635E1,-5.13E1,-6.633360180592E2));
#1364=VERTEX_POINT('',#1363);
#1365=CARTESIAN_POINT('',(1.803498634635E1,5.13E1,-6.633360180592E2));
#1366=CARTESIAN_POINT('',(1.803498634635E1,5.765E1,-6.633360180592E2));
#1367=VERTEX_POINT('',#1365);
#1368=VERTEX_POINT('',#1366);
#1369=CARTESIAN_POINT('',(1.8E1,5.765E1,-6.620033206628E2));
#1370=VERTEX_POINT('',#1369);
#1371=CARTESIAN_POINT('',(1.8E1,5.13E1,-6.620033206628E2));
#1372=VERTEX_POINT('',#1371);
#1373=CARTESIAN_POINT('',(0.E0,-5.E-1,-9.525E1));
#1374=CARTESIAN_POINT('',(0.E0,-5.E-1,-1.27E1));
#1375=VERTEX_POINT('',#1373);
#1376=VERTEX_POINT('',#1374);
#1377=CARTESIAN_POINT('',(0.E0,-2.59E1,-4.111625E2));
#1378=CARTESIAN_POINT('',(0.E0,-2.59E1,-4.860925E2));
#1379=VERTEX_POINT('',#1377);
#1380=VERTEX_POINT('',#1378);
#1381=CARTESIAN_POINT('',(0.E0,-2.9075E1,-4.892675E2));
#1382=VERTEX_POINT('',#1381);
#1383=CARTESIAN_POINT('',(0.E0,-4.495E1,-4.892675E2));
#1384=VERTEX_POINT('',#1383);
#1385=CARTESIAN_POINT('',(0.E0,4.495E1,-4.892675E2));
#1386=CARTESIAN_POINT('',(0.E0,2.8075E1,-4.892675E2));
#1387=VERTEX_POINT('',#1385);
#1388=VERTEX_POINT('',#1386);
#1389=CARTESIAN_POINT('',(0.E0,2.49E1,-4.860925E2));
#1390=VERTEX_POINT('',#1389);
#1391=CARTESIAN_POINT('',(0.E0,2.49E1,-4.111625E2));
#1392=VERTEX_POINT('',#1391);
#1393=CARTESIAN_POINT('',(0.E0,3.76E1,-2.905125E2));
#1394=CARTESIAN_POINT('',(0.E0,3.76E1,-1.762125E2));
#1395=VERTEX_POINT('',#1393);
#1396=VERTEX_POINT('',#1394);
#1397=CARTESIAN_POINT('',(0.E0,-3.86E1,-1.762125E2));
#1398=VERTEX_POINT('',#1397);
#1399=CARTESIAN_POINT('',(0.E0,-3.86E1,-2.905125E2));
#1400=VERTEX_POINT('',#1399);
#1401=CARTESIAN_POINT('',(0.E0,-4.495E1,-1.74625E1));
#1402=CARTESIAN_POINT('',(0.E0,-4.294893071386E1,-1.74625E1));
#1403=VERTEX_POINT('',#1401);
#1404=VERTEX_POINT('',#1402);
#1405=CARTESIAN_POINT('',(0.E0,-3.848062221766E1,-1.562434210526E1));
#1406=VERTEX_POINT('',#1405);
#1407=CARTESIAN_POINT('',(0.E0,-4.999999999992E-1,-7.176481631177E-13));
#1408=VERTEX_POINT('',#1407);
#1409=CARTESIAN_POINT('',(0.E0,3.748062221766E1,-1.562434210526E1));
#1410=VERTEX_POINT('',#1409);
#1411=CARTESIAN_POINT('',(0.E0,4.194893071386E1,-1.74625E1));
#1412=VERTEX_POINT('',#1411);
#1413=CARTESIAN_POINT('',(0.E0,4.495E1,-1.74625E1));
#1414=VERTEX_POINT('',#1413);
#1415=CARTESIAN_POINT('',(1.181862129667E0,5.03E1,-4.892675E2));
#1416=VERTEX_POINT('',#1415);
#1417=CARTESIAN_POINT('',(7.090686775152E0,5.634410396414E1,-1.74625E1));
#1418=VERTEX_POINT('',#1417);
#1419=CARTESIAN_POINT('',(7.760364385908E0,5.665E1,-1.74625E1));
#1420=VERTEX_POINT('',#1419);
#1421=CARTESIAN_POINT('',(1.27E1,-5.765E1,-1.74625E1));
#1422=CARTESIAN_POINT('',(7.852818677515E1,-5.765E1,-1.74625E1));
#1423=VERTEX_POINT('',#1421);
#1424=VERTEX_POINT('',#1422);
#1425=CARTESIAN_POINT('',(1.701477371938E0,-5.13E1,-4.892675E2));
#1426=VERTEX_POINT('',#1425);
#1427=CARTESIAN_POINT('',(7.090686775152E0,-5.634410396414E1,-1.74625E1));
#1428=VERTEX_POINT('',#1427);
#1429=CARTESIAN_POINT('',(6.35E0,-5.E-1,-9.525E1));
#1430=CARTESIAN_POINT('',(6.35E0,-5.E-1,-1.27E1));
#1431=VERTEX_POINT('',#1429);
#1432=VERTEX_POINT('',#1430);
#1433=CARTESIAN_POINT('',(6.35E0,-2.59E1,-4.111625E2));
#1434=CARTESIAN_POINT('',(6.35E0,-2.59E1,-4.860925E2));
#1435=VERTEX_POINT('',#1433);
#1436=VERTEX_POINT('',#1434);
#1437=CARTESIAN_POINT('',(6.35E0,-2.9075E1,-4.892675E2));
#1438=VERTEX_POINT('',#1437);
#1439=CARTESIAN_POINT('',(6.35E0,-4.495E1,-4.892675E2));
#1440=VERTEX_POINT('',#1439);
#1441=CARTESIAN_POINT('',(6.35E0,4.495E1,-4.892675E2));
#1442=CARTESIAN_POINT('',(6.35E0,2.8075E1,-4.892675E2));
#1443=VERTEX_POINT('',#1441);
#1444=VERTEX_POINT('',#1442);
#1445=CARTESIAN_POINT('',(6.35E0,2.49E1,-4.860925E2));
#1446=VERTEX_POINT('',#1445);
#1447=CARTESIAN_POINT('',(6.35E0,2.49E1,-4.111625E2));
#1448=VERTEX_POINT('',#1447);
#1449=CARTESIAN_POINT('',(6.35E0,3.76E1,-2.905125E2));
#1450=CARTESIAN_POINT('',(6.35E0,3.76E1,-1.762125E2));
#1451=VERTEX_POINT('',#1449);
#1452=VERTEX_POINT('',#1450);
#1453=CARTESIAN_POINT('',(6.35E0,-3.86E1,-1.762125E2));
#1454=VERTEX_POINT('',#1453);
#1455=CARTESIAN_POINT('',(6.35E0,-3.86E1,-2.905125E2));
#1456=VERTEX_POINT('',#1455);
#1457=CARTESIAN_POINT('',(6.35E0,-4.495E1,-1.74625E1));
#1458=CARTESIAN_POINT('',(6.35E0,-4.294893071386E1,-1.74625E1));
#1459=VERTEX_POINT('',#1457);
#1460=VERTEX_POINT('',#1458);
#1461=CARTESIAN_POINT('',(6.35E0,-3.848062221766E1,-1.562434210526E1));
#1462=VERTEX_POINT('',#1461);
#1463=CARTESIAN_POINT('',(6.35E0,-4.999999999992E-1,-7.176481631177E-13));
#1464=VERTEX_POINT('',#1463);
#1465=CARTESIAN_POINT('',(6.35E0,3.748062221766E1,-1.562434210526E1));
#1466=VERTEX_POINT('',#1465);
#1467=CARTESIAN_POINT('',(6.35E0,4.194893071386E1,-1.74625E1));
#1468=VERTEX_POINT('',#1467);
#1469=CARTESIAN_POINT('',(6.35E0,4.495E1,-1.74625E1));
#1470=VERTEX_POINT('',#1469);
#1471=CARTESIAN_POINT('',(6.940931064833E0,4.7625E1,-4.892675E2));
#1472=VERTEX_POINT('',#1471);
#1473=CARTESIAN_POINT('',(9.895343387576E0,5.064705198207E1,-1.74625E1));
#1474=VERTEX_POINT('',#1473);
#1475=CARTESIAN_POINT('',(1.023018219295E1,5.08E1,-1.74625E1));
#1476=VERTEX_POINT('',#1475);
#1477=CARTESIAN_POINT('',(1.27E1,-5.13E1,-1.74625E1));
#1478=CARTESIAN_POINT('',(7.852818677515E1,-5.13E1,-1.74625E1));
#1479=VERTEX_POINT('',#1477);
#1480=VERTEX_POINT('',#1478);
#1481=CARTESIAN_POINT('',(7.200738685969E0,-4.8125E1,-4.892675E2));
#1482=VERTEX_POINT('',#1481);
#1483=CARTESIAN_POINT('',(9.895343387576E0,-5.064705198207E1,-1.74625E1));
#1484=VERTEX_POINT('',#1483);
#1485=CARTESIAN_POINT('',(0.E0,0.E0,0.E0));
#1486=DIRECTION('',(-1.E0,0.E0,0.E0));
#1487=DIRECTION('',(0.E0,-1.E0,0.E0));
#1488=AXIS2_PLACEMENT_3D('',#1485,#1486,#1487);
#1489=PLANE('',#1488);
#1491=ORIENTED_EDGE('',*,*,#1490,.F.);
#1493=ORIENTED_EDGE('',*,*,#1492,.T.);
#1495=ORIENTED_EDGE('',*,*,#1494,.F.);
#1497=ORIENTED_EDGE('',*,*,#1496,.F.);
#1499=ORIENTED_EDGE('',*,*,#1498,.F.);
#1501=ORIENTED_EDGE('',*,*,#1500,.F.);
#1503=ORIENTED_EDGE('',*,*,#1502,.T.);
#1505=ORIENTED_EDGE('',*,*,#1504,.T.);
#1507=ORIENTED_EDGE('',*,*,#1506,.F.);
#1509=ORIENTED_EDGE('',*,*,#1508,.F.);
#1511=ORIENTED_EDGE('',*,*,#1510,.T.);
#1513=ORIENTED_EDGE('',*,*,#1512,.F.);
#1515=ORIENTED_EDGE('',*,*,#1514,.T.);
#1517=ORIENTED_EDGE('',*,*,#1516,.T.);
#1519=ORIENTED_EDGE('',*,*,#1518,.F.);
#1520=EDGE_LOOP('',(#1491,#1493,#1495,#1497,#1499,#1501,#1503,#1505,#1507,#1509,
#1511,#1513,#1515,#1517,#1519));
#1521=FACE_OUTER_BOUND('',#1520,.F.);
#1523=ORIENTED_EDGE('',*,*,#1522,.T.);
#1525=ORIENTED_EDGE('',*,*,#1524,.T.);
#1526=EDGE_LOOP('',(#1523,#1525));
#1527=FACE_BOUND('',#1526,.F.);
#1529=ORIENTED_EDGE('',*,*,#1528,.F.);
#1531=ORIENTED_EDGE('',*,*,#1530,.T.);
#1533=ORIENTED_EDGE('',*,*,#1532,.F.);
#1535=ORIENTED_EDGE('',*,*,#1534,.T.);
#1536=EDGE_LOOP('',(#1529,#1531,#1533,#1535));
#1537=FACE_BOUND('',#1536,.F.);
#1538=ADVANCED_FACE('',(#1521,#1527,#1537),#1489,.T.);
#1539=CARTESIAN_POINT('',(3.175E0,-5.E-1,-5.3975E1));
#1540=DIRECTION('',(-1.E0,0.E0,0.E0));
#1541=DIRECTION('',(0.E0,0.E0,-1.E0));
#1542=AXIS2_PLACEMENT_3D('',#1539,#1540,#1541);
#1543=CYLINDRICAL_SURFACE('',#1542,4.1275E1);
#1544=ORIENTED_EDGE('',*,*,#1522,.F.);
#1546=ORIENTED_EDGE('',*,*,#1545,.T.);
#1548=ORIENTED_EDGE('',*,*,#1547,.T.);
#1550=ORIENTED_EDGE('',*,*,#1549,.F.);
#1551=EDGE_LOOP('',(#1544,#1546,#1548,#1550));
#1552=FACE_OUTER_BOUND('',#1551,.F.);
#1553=ADVANCED_FACE('',(#1552),#1543,.F.);
#1554=CARTESIAN_POINT('',(3.175E0,-5.E-1,-5.3975E1));
#1555=DIRECTION('',(-1.E0,0.E0,0.E0));
#1556=DIRECTION('',(0.E0,0.E0,1.E0));
#1557=AXIS2_PLACEMENT_3D('',#1554,#1555,#1556);
#1558=CYLINDRICAL_SURFACE('',#1557,4.1275E1);
#1559=ORIENTED_EDGE('',*,*,#1524,.F.);
#1560=ORIENTED_EDGE('',*,*,#1549,.T.);
#1562=ORIENTED_EDGE('',*,*,#1561,.T.);
#1563=ORIENTED_EDGE('',*,*,#1545,.F.);
#1564=EDGE_LOOP('',(#1559,#1560,#1562,#1563));
#1565=FACE_OUTER_BOUND('',#1564,.F.);
#1566=ADVANCED_FACE('',(#1565),#1558,.F.);
#1567=CARTESIAN_POINT('',(6.35E0,0.E0,0.E0));
#1568=DIRECTION('',(-1.E0,0.E0,0.E0));
#1569=DIRECTION('',(0.E0,-1.E0,0.E0));
#1570=AXIS2_PLACEMENT_3D('',#1567,#1568,#1569);
#1571=PLANE('',#1570);
#1573=ORIENTED_EDGE('',*,*,#1572,.T.);
#1575=ORIENTED_EDGE('',*,*,#1574,.T.);
#1577=ORIENTED_EDGE('',*,*,#1576,.F.);
#1579=ORIENTED_EDGE('',*,*,#1578,.F.);
#1581=ORIENTED_EDGE('',*,*,#1580,.T.);
#1583=ORIENTED_EDGE('',*,*,#1582,.F.);
#1585=ORIENTED_EDGE('',*,*,#1584,.T.);
#1587=ORIENTED_EDGE('',*,*,#1586,.T.);
#1589=ORIENTED_EDGE('',*,*,#1588,.F.);
#1591=ORIENTED_EDGE('',*,*,#1590,.F.);
#1593=ORIENTED_EDGE('',*,*,#1592,.T.);
#1595=ORIENTED_EDGE('',*,*,#1594,.T.);
#1597=ORIENTED_EDGE('',*,*,#1596,.T.);
#1599=ORIENTED_EDGE('',*,*,#1598,.T.);
#1601=ORIENTED_EDGE('',*,*,#1600,.F.);
#1602=EDGE_LOOP('',(#1573,#1575,#1577,#1579,#1581,#1583,#1585,#1587,#1589,#1591,
#1593,#1595,#1597,#1599,#1601));
#1603=FACE_OUTER_BOUND('',#1602,.F.);
#1605=ORIENTED_EDGE('',*,*,#1604,.T.);
#1607=ORIENTED_EDGE('',*,*,#1606,.F.);
#1609=ORIENTED_EDGE('',*,*,#1608,.T.);
#1611=ORIENTED_EDGE('',*,*,#1610,.F.);
#1612=EDGE_LOOP('',(#1605,#1607,#1609,#1611));
#1613=FACE_BOUND('',#1612,.F.);
#1614=ORIENTED_EDGE('',*,*,#1547,.F.);
#1615=ORIENTED_EDGE('',*,*,#1561,.F.);
#1616=EDGE_LOOP('',(#1614,#1615));
#1617=FACE_BOUND('',#1616,.F.);
#1618=ADVANCED_FACE('',(#1603,#1613,#1617),#1571,.F.);
#1619=CARTESIAN_POINT('',(3.175E0,3.76E1,-2.333625E2));
#1620=DIRECTION('',(0.E0,-1.E0,0.E0));
#1621=DIRECTION('',(0.E0,0.E0,1.E0));
#1622=AXIS2_PLACEMENT_3D('',#1619,#1620,#1621);
#1623=PLANE('',#1622);
#1624=ORIENTED_EDGE('',*,*,#1528,.T.);
#1626=ORIENTED_EDGE('',*,*,#1625,.T.);
#1627=ORIENTED_EDGE('',*,*,#1604,.F.);
#1629=ORIENTED_EDGE('',*,*,#1628,.F.);
#1630=EDGE_LOOP('',(#1624,#1626,#1627,#1629));
#1631=FACE_OUTER_BOUND('',#1630,.F.);
#1632=ADVANCED_FACE('',(#1631),#1623,.T.);
#1633=CARTESIAN_POINT('',(3.175E0,-5.E-1,-1.762125E2));
#1634=DIRECTION('',(-1.E0,0.E0,0.E0));
#1635=DIRECTION('',(0.E0,-1.E0,0.E0));
#1636=AXIS2_PLACEMENT_3D('',#1633,#1634,#1635);
#1637=CYLINDRICAL_SURFACE('',#1636,3.81E1);
#1638=ORIENTED_EDGE('',*,*,#1534,.F.);
#1640=ORIENTED_EDGE('',*,*,#1639,.T.);
#1641=ORIENTED_EDGE('',*,*,#1606,.T.);
#1642=ORIENTED_EDGE('',*,*,#1625,.F.);
#1643=EDGE_LOOP('',(#1638,#1640,#1641,#1642));
#1644=FACE_OUTER_BOUND('',#1643,.F.);
#1645=ADVANCED_FACE('',(#1644),#1637,.F.);
#1646=CARTESIAN_POINT('',(3.175E0,-3.86E1,-2.333625E2));
#1647=DIRECTION('',(0.E0,1.E0,0.E0));
#1648=DIRECTION('',(0.E0,0.E0,-1.E0));
#1649=AXIS2_PLACEMENT_3D('',#1646,#1647,#1648);
#1650=PLANE('',#1649);
#1651=ORIENTED_EDGE('',*,*,#1532,.T.);
#1653=ORIENTED_EDGE('',*,*,#1652,.T.);
#1654=ORIENTED_EDGE('',*,*,#1608,.F.);
#1655=ORIENTED_EDGE('',*,*,#1639,.F.);
#1656=EDGE_LOOP('',(#1651,#1653,#1654,#1655));
#1657=FACE_OUTER_BOUND('',#1656,.F.);
#1658=ADVANCED_FACE('',(#1657),#1650,.T.);
#1659=CARTESIAN_POINT('',(3.175E0,-5.E-1,-2.905125E2));
#1660=DIRECTION('',(-1.E0,0.E0,0.E0));
#1661=DIRECTION('',(0.E0,1.E0,0.E0));
#1662=AXIS2_PLACEMENT_3D('',#1659,#1660,#1661);
#1663=CYLINDRICAL_SURFACE('',#1662,3.81E1);
#1664=ORIENTED_EDGE('',*,*,#1530,.F.);
#1665=ORIENTED_EDGE('',*,*,#1628,.T.);
#1666=ORIENTED_EDGE('',*,*,#1610,.T.);
#1667=ORIENTED_EDGE('',*,*,#1652,.F.);
#1668=EDGE_LOOP('',(#1664,#1665,#1666,#1667));
#1669=FACE_OUTER_BOUND('',#1668,.F.);
#1670=ADVANCED_FACE('',(#1669),#1663,.F.);
#1671=CARTESIAN_POINT('',(3.175E0,-2.59E1,-4.486275E2));
#1672=DIRECTION('',(0.E0,1.E0,0.E0));
#1673=DIRECTION('',(0.E0,0.E0,-1.E0));
#1674=AXIS2_PLACEMENT_3D('',#1671,#1672,#1673);
#1675=PLANE('',#1674);
#1676=ORIENTED_EDGE('',*,*,#1490,.T.);
#1678=ORIENTED_EDGE('',*,*,#1677,.T.);
#1679=ORIENTED_EDGE('',*,*,#1572,.F.);
#1681=ORIENTED_EDGE('',*,*,#1680,.F.);
#1682=EDGE_LOOP('',(#1676,#1678,#1679,#1681));
#1683=FACE_OUTER_BOUND('',#1682,.F.);
#1684=ADVANCED_FACE('',(#1683),#1675,.T.);
#1685=CARTESIAN_POINT('',(3.175E0,-2.9075E1,-4.860925E2));
#1686=DIRECTION('',(-1.E0,0.E0,0.E0));
#1687=DIRECTION('',(0.E0,1.E0,0.E0));
#1688=AXIS2_PLACEMENT_3D('',#1685,#1686,#1687);
#1689=CYLINDRICAL_SURFACE('',#1688,3.175E0);
#1690=ORIENTED_EDGE('',*,*,#1518,.T.);
#1692=ORIENTED_EDGE('',*,*,#1691,.T.);
#1693=ORIENTED_EDGE('',*,*,#1574,.F.);
#1694=ORIENTED_EDGE('',*,*,#1677,.F.);
#1695=EDGE_LOOP('',(#1690,#1692,#1693,#1694));
#1696=FACE_OUTER_BOUND('',#1695,.F.);
#1697=ADVANCED_FACE('',(#1696),#1689,.T.);
#1698=CARTESIAN_POINT('',(3.175E0,-3.70125E1,-4.892675E2));
#1699=DIRECTION('',(0.E0,0.E0,1.E0));
#1700=DIRECTION('',(0.E0,1.E0,0.E0));
#1701=AXIS2_PLACEMENT_3D('',#1698,#1699,#1700);
#1702=PLANE('',#1701);
#1703=ORIENTED_EDGE('',*,*,#1516,.F.);
#1705=ORIENTED_EDGE('',*,*,#1704,.T.);
#1706=ORIENTED_EDGE('',*,*,#1576,.T.);
#1707=ORIENTED_EDGE('',*,*,#1691,.F.);
#1708=EDGE_LOOP('',(#1703,#1705,#1706,#1707));
#1709=FACE_OUTER_BOUND('',#1708,.F.);
#1710=ADVANCED_FACE('',(#1709),#1702,.F.);
#1711=CARTESIAN_POINT('',(3.499556504597E0,-4.741525140460E1,-4.892675E2));
#1712=DIRECTION('',(0.E0,0.E0,-1.E0));
#1713=DIRECTION('',(0.E0,-1.E0,0.E0));
#1714=AXIS2_PLACEMENT_3D('',#1711,#1712,#1713);
#1715=PLANE('',#1714);
#1717=ORIENTED_EDGE('',*,*,#1716,.T.);
#1719=ORIENTED_EDGE('',*,*,#1718,.T.);
#1721=ORIENTED_EDGE('',*,*,#1720,.F.);
#1722=ORIENTED_EDGE('',*,*,#1704,.F.);
#1723=EDGE_LOOP('',(#1717,#1719,#1721,#1722));
#1724=FACE_OUTER_BOUND('',#1723,.F.);
#1725=ADVANCED_FACE('',(#1724),#1715,.T.);
#1726=CARTESIAN_POINT('',(1.27E1,-4.495E1,-1.5E3));
#1727=DIRECTION('',(0.E0,0.E0,1.E0));
#1728=DIRECTION('',(-1.E0,0.E0,0.E0));
#1729=AXIS2_PLACEMENT_3D('',#1726,#1727,#1728);
#1730=CYLINDRICAL_SURFACE('',#1729,1.27E1);
#1731=ORIENTED_EDGE('',*,*,#1716,.F.);
#1732=ORIENTED_EDGE('',*,*,#1514,.F.);
#1734=ORIENTED_EDGE('',*,*,#1733,.T.);
#1736=ORIENTED_EDGE('',*,*,#1735,.T.);
#1738=ORIENTED_EDGE('',*,*,#1737,.T.);
#1740=ORIENTED_EDGE('',*,*,#1739,.F.);
#1741=EDGE_LOOP('',(#1731,#1732,#1734,#1736,#1738,#1740));
#1742=FACE_OUTER_BOUND('',#1741,.F.);
#1743=ADVANCED_FACE('',(#1742),#1730,.T.);
#1744=CARTESIAN_POINT('',(4.613061260588E0,-4.998259841682E1,-1.74625E1));
#1745=DIRECTION('',(0.E0,0.E0,-1.E0));
#1746=DIRECTION('',(0.E0,-1.E0,0.E0));
#1747=AXIS2_PLACEMENT_3D('',#1744,#1745,#1746);
#1748=PLANE('',#1747);
#1749=ORIENTED_EDGE('',*,*,#1733,.F.);
#1751=ORIENTED_EDGE('',*,*,#1750,.T.);
#1753=ORIENTED_EDGE('',*,*,#1752,.T.);
#1755=ORIENTED_EDGE('',*,*,#1754,.F.);
#1756=EDGE_LOOP('',(#1749,#1751,#1753,#1755));
#1757=FACE_OUTER_BOUND('',#1756,.F.);
#1758=ADVANCED_FACE('',(#1757),#1748,.F.);
#1759=CARTESIAN_POINT('',(3.175E0,-4.394946535693E1,-1.74625E1));
#1760=DIRECTION('',(0.E0,0.E0,1.E0));
#1761=DIRECTION('',(0.E0,1.E0,0.E0));
#1762=AXIS2_PLACEMENT_3D('',#1759,#1760,#1761);
#1763=PLANE('',#1762);
#1764=ORIENTED_EDGE('',*,*,#1512,.T.);
#1766=ORIENTED_EDGE('',*,*,#1765,.T.);
#1767=ORIENTED_EDGE('',*,*,#1580,.F.);
#1768=ORIENTED_EDGE('',*,*,#1750,.F.);
#1769=EDGE_LOOP('',(#1764,#1766,#1767,#1768));
#1770=FACE_OUTER_BOUND('',#1769,.F.);
#1771=ADVANCED_FACE('',(#1770),#1763,.T.);
#1772=CARTESIAN_POINT('',(3.175E0,-4.294893071386E1,-1.11125E1));
#1773=DIRECTION('',(-1.E0,0.E0,0.E0));
#1774=DIRECTION('',(0.E0,7.036706293222E-1,-7.105263157895E-1));
#1775=AXIS2_PLACEMENT_3D('',#1772,#1773,#1774);
#1776=CYLINDRICAL_SURFACE('',#1775,6.35E0);
#1777=ORIENTED_EDGE('',*,*,#1510,.F.);
#1779=ORIENTED_EDGE('',*,*,#1778,.T.);
#1780=ORIENTED_EDGE('',*,*,#1582,.T.);
#1781=ORIENTED_EDGE('',*,*,#1765,.F.);
#1782=EDGE_LOOP('',(#1777,#1779,#1780,#1781));
#1783=FACE_OUTER_BOUND('',#1782,.F.);
#1784=ADVANCED_FACE('',(#1783),#1776,.F.);
#1785=CARTESIAN_POINT('',(3.175E0,-5.E-1,-5.3975E1));
#1786=DIRECTION('',(-1.E0,0.E0,0.E0));
#1787=DIRECTION('',(0.E0,-7.036706293222E-1,7.105263157895E-1));
#1788=AXIS2_PLACEMENT_3D('',#1785,#1786,#1787);
#1789=CYLINDRICAL_SURFACE('',#1788,5.3975E1);
#1790=ORIENTED_EDGE('',*,*,#1508,.T.);
#1792=ORIENTED_EDGE('',*,*,#1791,.T.);
#1793=ORIENTED_EDGE('',*,*,#1584,.F.);
#1794=ORIENTED_EDGE('',*,*,#1778,.F.);
#1795=EDGE_LOOP('',(#1790,#1792,#1793,#1794));
#1796=FACE_OUTER_BOUND('',#1795,.F.);
#1797=ADVANCED_FACE('',(#1796),#1789,.T.);
#1798=CARTESIAN_POINT('',(3.175E0,-5.E-1,-5.3975E1));
#1799=DIRECTION('',(-1.E0,0.E0,0.E0));
#1800=DIRECTION('',(0.E0,0.E0,1.E0));
#1801=AXIS2_PLACEMENT_3D('',#1798,#1799,#1800);
#1802=CYLINDRICAL_SURFACE('',#1801,5.3975E1);
#1803=ORIENTED_EDGE('',*,*,#1506,.T.);
#1805=ORIENTED_EDGE('',*,*,#1804,.T.);
#1806=ORIENTED_EDGE('',*,*,#1586,.F.);
#1807=ORIENTED_EDGE('',*,*,#1791,.F.);
#1808=EDGE_LOOP('',(#1803,#1805,#1806,#1807));
#1809=FACE_OUTER_BOUND('',#1808,.F.);
#1810=ADVANCED_FACE('',(#1809),#1802,.T.);
#1811=CARTESIAN_POINT('',(3.175E0,4.194893071386E1,-1.11125E1));
#1812=DIRECTION('',(-1.E0,0.E0,0.E0));
#1813=DIRECTION('',(0.E0,0.E0,-1.E0));
#1814=AXIS2_PLACEMENT_3D('',#1811,#1812,#1813);
#1815=CYLINDRICAL_SURFACE('',#1814,6.35E0);
#1816=ORIENTED_EDGE('',*,*,#1504,.F.);
#1818=ORIENTED_EDGE('',*,*,#1817,.T.);
#1819=ORIENTED_EDGE('',*,*,#1588,.T.);
#1820=ORIENTED_EDGE('',*,*,#1804,.F.);
#1821=EDGE_LOOP('',(#1816,#1818,#1819,#1820));
#1822=FACE_OUTER_BOUND('',#1821,.F.);
#1823=ADVANCED_FACE('',(#1822),#1815,.F.);
#1824=CARTESIAN_POINT('',(3.175E0,4.344946535693E1,-1.74625E1));
#1825=DIRECTION('',(0.E0,0.E0,-1.E0));
#1826=DIRECTION('',(0.E0,-1.E0,0.E0));
#1827=AXIS2_PLACEMENT_3D('',#1824,#1825,#1826);
#1828=PLANE('',#1827);
#1829=ORIENTED_EDGE('',*,*,#1502,.F.);
#1831=ORIENTED_EDGE('',*,*,#1830,.T.);
#1832=ORIENTED_EDGE('',*,*,#1590,.T.);
#1833=ORIENTED_EDGE('',*,*,#1817,.F.);
#1834=EDGE_LOOP('',(#1829,#1831,#1832,#1833));
#1835=FACE_OUTER_BOUND('',#1834,.F.);
#1836=ADVANCED_FACE('',(#1835),#1828,.F.);
#1837=CARTESIAN_POINT('',(4.613061260588E0,4.998259841682E1,-1.74625E1));
#1838=DIRECTION('',(0.E0,0.E0,1.E0));
#1839=DIRECTION('',(0.E0,1.E0,0.E0));
#1840=AXIS2_PLACEMENT_3D('',#1837,#1838,#1839);
#1841=PLANE('',#1840);
#1843=ORIENTED_EDGE('',*,*,#1842,.T.);
#1845=ORIENTED_EDGE('',*,*,#1844,.T.);
#1847=ORIENTED_EDGE('',*,*,#1846,.F.);
#1848=ORIENTED_EDGE('',*,*,#1830,.F.);
#1849=EDGE_LOOP('',(#1843,#1845,#1847,#1848));
#1850=FACE_OUTER_BOUND('',#1849,.F.);
#1851=ADVANCED_FACE('',(#1850),#1841,.T.);
#1852=CARTESIAN_POINT('',(1.27E1,4.495E1,0.E0));
#1853=DIRECTION('',(0.E0,0.E0,-1.E0));
#1854=DIRECTION('',(-1.E0,0.E0,0.E0));
#1855=AXIS2_PLACEMENT_3D('',#1852,#1853,#1854);
#1856=CYLINDRICAL_SURFACE('',#1855,1.27E1);
#1858=ORIENTED_EDGE('',*,*,#1857,.T.);
#1860=ORIENTED_EDGE('',*,*,#1859,.T.);
#1862=ORIENTED_EDGE('',*,*,#1861,.F.);
#1864=ORIENTED_EDGE('',*,*,#1863,.F.);
#1866=ORIENTED_EDGE('',*,*,#1865,.F.);
#1867=ORIENTED_EDGE('',*,*,#1842,.F.);
#1868=ORIENTED_EDGE('',*,*,#1500,.T.);
#1869=EDGE_LOOP('',(#1858,#1860,#1862,#1864,#1866,#1867,#1868));
#1870=FACE_OUTER_BOUND('',#1869,.F.);
#1871=ADVANCED_FACE('',(#1870),#1856,.T.);
#1872=CARTESIAN_POINT('',(3.399238676022E0,4.700462010951E1,-4.892675E2));
#1873=DIRECTION('',(0.E0,0.E0,1.E0));
#1874=DIRECTION('',(0.E0,1.E0,0.E0));
#1875=AXIS2_PLACEMENT_3D('',#1872,#1873,#1874);
#1876=PLANE('',#1875);
#1877=ORIENTED_EDGE('',*,*,#1857,.F.);
#1879=ORIENTED_EDGE('',*,*,#1878,.T.);
#1881=ORIENTED_EDGE('',*,*,#1880,.T.);
#1883=ORIENTED_EDGE('',*,*,#1882,.F.);
#1884=EDGE_LOOP('',(#1877,#1879,#1881,#1883));
#1885=FACE_OUTER_BOUND('',#1884,.F.);
#1886=ADVANCED_FACE('',(#1885),#1876,.F.);
#1887=CARTESIAN_POINT('',(3.175E0,3.65125E1,-4.892675E2));
#1888=DIRECTION('',(0.E0,0.E0,-1.E0));
#1889=DIRECTION('',(0.E0,-1.E0,0.E0));
#1890=AXIS2_PLACEMENT_3D('',#1887,#1888,#1889);
#1891=PLANE('',#1890);
#1892=ORIENTED_EDGE('',*,*,#1498,.T.);
#1894=ORIENTED_EDGE('',*,*,#1893,.T.);
#1895=ORIENTED_EDGE('',*,*,#1594,.F.);
#1896=ORIENTED_EDGE('',*,*,#1878,.F.);
#1897=EDGE_LOOP('',(#1892,#1894,#1895,#1896));
#1898=FACE_OUTER_BOUND('',#1897,.F.);
#1899=ADVANCED_FACE('',(#1898),#1891,.T.);
#1900=CARTESIAN_POINT('',(3.175E0,2.8075E1,-4.860925E2));
#1901=DIRECTION('',(-1.E0,0.E0,0.E0));
#1902=DIRECTION('',(0.E0,0.E0,-1.E0));
#1903=AXIS2_PLACEMENT_3D('',#1900,#1901,#1902);
#1904=CYLINDRICAL_SURFACE('',#1903,3.175E0);
#1905=ORIENTED_EDGE('',*,*,#1496,.T.);
#1907=ORIENTED_EDGE('',*,*,#1906,.T.);
#1908=ORIENTED_EDGE('',*,*,#1596,.F.);
#1909=ORIENTED_EDGE('',*,*,#1893,.F.);
#1910=EDGE_LOOP('',(#1905,#1907,#1908,#1909));
#1911=FACE_OUTER_BOUND('',#1910,.F.);
#1912=ADVANCED_FACE('',(#1911),#1904,.T.);
#1913=CARTESIAN_POINT('',(3.175E0,2.49E1,-4.486275E2));
#1914=DIRECTION('',(0.E0,-1.E0,0.E0));
#1915=DIRECTION('',(0.E0,0.E0,1.E0));
#1916=AXIS2_PLACEMENT_3D('',#1913,#1914,#1915);
#1917=PLANE('',#1916);
#1918=ORIENTED_EDGE('',*,*,#1494,.T.);
#1920=ORIENTED_EDGE('',*,*,#1919,.T.);
#1921=ORIENTED_EDGE('',*,*,#1598,.F.);
#1922=ORIENTED_EDGE('',*,*,#1906,.F.);
#1923=EDGE_LOOP('',(#1918,#1920,#1921,#1922));
#1924=FACE_OUTER_BOUND('',#1923,.F.);
#1925=ADVANCED_FACE('',(#1924),#1917,.T.);
#1926=CARTESIAN_POINT('',(3.175E0,-5.E-1,-4.111625E2));
#1927=DIRECTION('',(-1.E0,0.E0,0.E0));
#1928=DIRECTION('',(0.E0,-1.E0,0.E0));
#1929=AXIS2_PLACEMENT_3D('',#1926,#1927,#1928);
#1930=CYLINDRICAL_SURFACE('',#1929,2.54E1);
#1931=ORIENTED_EDGE('',*,*,#1492,.F.);
#1932=ORIENTED_EDGE('',*,*,#1680,.T.);
#1933=ORIENTED_EDGE('',*,*,#1600,.T.);
#1934=ORIENTED_EDGE('',*,*,#1919,.F.);
#1935=EDGE_LOOP('',(#1931,#1932,#1933,#1934));
#1936=FACE_OUTER_BOUND('',#1935,.F.);
#1937=ADVANCED_FACE('',(#1936),#1930,.F.);
#1938=CARTESIAN_POINT('',(1.27E1,4.495E1,0.E0));
#1939=DIRECTION('',(0.E0,0.E0,-1.E0));
#1940=DIRECTION('',(-1.E0,0.E0,0.E0));
#1941=AXIS2_PLACEMENT_3D('',#1938,#1939,#1940);
#1942=CYLINDRICAL_SURFACE('',#1941,6.35E0);
#1943=ORIENTED_EDGE('',*,*,#1880,.F.);
#1944=ORIENTED_EDGE('',*,*,#1592,.F.);
#1945=ORIENTED_EDGE('',*,*,#1846,.T.);
#1947=ORIENTED_EDGE('',*,*,#1946,.T.);
#1949=ORIENTED_EDGE('',*,*,#1948,.T.);
#1951=ORIENTED_EDGE('',*,*,#1950,.T.);
#1953=ORIENTED_EDGE('',*,*,#1952,.F.);
#1954=EDGE_LOOP('',(#1943,#1944,#1945,#1947,#1949,#1951,#1953));
#1955=FACE_OUTER_BOUND('',#1954,.F.);
#1956=ADVANCED_FACE('',(#1955),#1942,.F.);
#1957=CARTESIAN_POINT('',(8.742481831707E0,5.361392953270E1,-1.74625E1));
#1958=DIRECTION('',(0.E0,0.E0,1.E0));
#1959=DIRECTION('',(8.971735893063E-1,4.416781075074E-1,0.E0));
#1960=AXIS2_PLACEMENT_3D('',#1957,#1958,#1959);
#1961=PLANE('',#1960);
#1962=ORIENTED_EDGE('',*,*,#1865,.T.);
#1964=ORIENTED_EDGE('',*,*,#1963,.T.);
#1965=ORIENTED_EDGE('',*,*,#1946,.F.);
#1966=ORIENTED_EDGE('',*,*,#1844,.F.);
#1967=EDGE_LOOP('',(#1962,#1964,#1965,#1966));
#1968=FACE_OUTER_BOUND('',#1967,.F.);
#1969=ADVANCED_FACE('',(#1968),#1961,.T.);
#1970=CARTESIAN_POINT('',(1.054025524584E1,5.422691368920E1,-1.74625E1));
#1971=DIRECTION('',(0.E0,0.E0,1.E0));
#1972=DIRECTION('',(8.971735404832E-1,4.416782066809E-1,0.E0));
#1973=AXIS2_PLACEMENT_3D('',#1970,#1971,#1972);
#1974=PLANE('',#1973);
#1975=ORIENTED_EDGE('',*,*,#1963,.F.);
#1976=ORIENTED_EDGE('',*,*,#1863,.T.);
#1978=ORIENTED_EDGE('',*,*,#1977,.T.);
#1979=ORIENTED_EDGE('',*,*,#1948,.F.);
#1980=EDGE_LOOP('',(#1975,#1976,#1978,#1979));
#1981=FACE_OUTER_BOUND('',#1980,.F.);
#1982=ADVANCED_FACE('',(#1981),#1974,.T.);
#1983=CARTESIAN_POINT('',(4.561409338758E1,5.4475E1,-1.74625E1));
#1984=DIRECTION('',(0.E0,0.E0,1.E0));
#1985=DIRECTION('',(1.E0,0.E0,0.E0));
#1986=AXIS2_PLACEMENT_3D('',#1983,#1984,#1985);
#1987=PLANE('',#1986);
#1989=ORIENTED_EDGE('',*,*,#1988,.T.);
#1991=ORIENTED_EDGE('',*,*,#1990,.T.);
#1993=ORIENTED_EDGE('',*,*,#1992,.F.);
#1994=ORIENTED_EDGE('',*,*,#1977,.F.);
#1995=EDGE_LOOP('',(#1989,#1991,#1993,#1994));
#1996=FACE_OUTER_BOUND('',#1995,.F.);
#1997=ADVANCED_FACE('',(#1996),#1987,.T.);
#1998=CARTESIAN_POINT('',(-4.539955667515E1,5.765E1,0.E0));
#1999=DIRECTION('',(0.E0,1.E0,0.E0));
#2000=DIRECTION('',(-1.E0,0.E0,0.E0));
#2001=AXIS2_PLACEMENT_3D('',#1998,#1999,#2000);
#2002=PLANE('',#2001);
#2004=ORIENTED_EDGE('',*,*,#2003,.T.);
#2006=ORIENTED_EDGE('',*,*,#2005,.T.);
#2008=ORIENTED_EDGE('',*,*,#2007,.T.);
#2010=ORIENTED_EDGE('',*,*,#2009,.T.);
#2012=ORIENTED_EDGE('',*,*,#2011,.T.);
#2014=ORIENTED_EDGE('',*,*,#2013,.T.);
#2016=ORIENTED_EDGE('',*,*,#2015,.F.);
#2018=ORIENTED_EDGE('',*,*,#2017,.T.);
#2020=ORIENTED_EDGE('',*,*,#2019,.F.);
#2022=ORIENTED_EDGE('',*,*,#2021,.T.);
#2024=ORIENTED_EDGE('',*,*,#2023,.T.);
#2026=ORIENTED_EDGE('',*,*,#2025,.T.);
#2028=ORIENTED_EDGE('',*,*,#2027,.F.);
#2030=ORIENTED_EDGE('',*,*,#2029,.T.);
#2032=ORIENTED_EDGE('',*,*,#2031,.F.);
#2034=ORIENTED_EDGE('',*,*,#2033,.T.);
#2036=ORIENTED_EDGE('',*,*,#2035,.T.);
#2038=ORIENTED_EDGE('',*,*,#2037,.T.);
#2040=ORIENTED_EDGE('',*,*,#2039,.F.);
#2042=ORIENTED_EDGE('',*,*,#2041,.T.);
#2044=ORIENTED_EDGE('',*,*,#2043,.F.);
#2046=ORIENTED_EDGE('',*,*,#2045,.T.);
#2048=ORIENTED_EDGE('',*,*,#2047,.T.);
#2050=ORIENTED_EDGE('',*,*,#2049,.T.);
#2051=ORIENTED_EDGE('',*,*,#1988,.F.);
#2052=ORIENTED_EDGE('',*,*,#1861,.T.);
#2054=ORIENTED_EDGE('',*,*,#2053,.T.);
#2056=ORIENTED_EDGE('',*,*,#2055,.F.);
#2058=ORIENTED_EDGE('',*,*,#2057,.T.);
#2059=EDGE_LOOP('',(#2004,#2006,#2008,#2010,#2012,#2014,#2016,#2018,#2020,#2022,
#2024,#2026,#2028,#2030,#2032,#2034,#2036,#2038,#2040,#2042,#2044,#2046,#2048,
#2050,#2051,#2052,#2054,#2056,#2058));
#2060=FACE_OUTER_BOUND('',#2059,.F.);
#2061=ADVANCED_FACE('',(#2060),#2002,.T.);
#2062=CARTESIAN_POINT('',(4.34E1,-9.018E2,-6.620033206627E2));
#2063=DIRECTION('',(0.E0,1.E0,-2.131281920844E-14));
#2064=DIRECTION('',(-9.986225847892E-1,0.E0,-5.246840143343E-2));
#2065=AXIS2_PLACEMENT_3D('',#2062,#2063,#2064);
#2066=CYLINDRICAL_SURFACE('',#2065,2.54E1);
#2068=ORIENTED_EDGE('',*,*,#2067,.T.);
#2069=ORIENTED_EDGE('',*,*,#2003,.F.);
#2071=ORIENTED_EDGE('',*,*,#2070,.F.);
#2073=ORIENTED_EDGE('',*,*,#2072,.F.);
#2074=EDGE_LOOP('',(#2068,#2069,#2071,#2073));
#2075=FACE_OUTER_BOUND('',#2074,.F.);
#2076=ADVANCED_FACE('',(#2075),#2066,.T.);
#2077=CARTESIAN_POINT('',(2.738258522982E1,5.4475E1,-8.412473533306E2));
#2078=DIRECTION('',(9.986225847892E-1,0.E0,5.246840143343E-2));
#2079=DIRECTION('',(5.246840143343E-2,0.E0,-9.986225847892E-1));
#2080=AXIS2_PLACEMENT_3D('',#2077,#2078,#2079);
#2081=PLANE('',#2080);
#2082=ORIENTED_EDGE('',*,*,#2067,.F.);
#2084=ORIENTED_EDGE('',*,*,#2083,.T.);
#2086=ORIENTED_EDGE('',*,*,#2085,.F.);
#2087=ORIENTED_EDGE('',*,*,#2005,.F.);
#2088=EDGE_LOOP('',(#2082,#2084,#2086,#2087));
#2089=FACE_OUTER_BOUND('',#2088,.F.);
#2090=ADVANCED_FACE('',(#2089),#2081,.F.);
#2091=CARTESIAN_POINT('',(-4.539955667515E1,5.13E1,0.E0));
#2092=DIRECTION('',(0.E0,1.E0,0.E0));
#2093=DIRECTION('',(-1.E0,0.E0,0.E0));
#2094=AXIS2_PLACEMENT_3D('',#2091,#2092,#2093);
#2095=PLANE('',#2094);
#2096=ORIENTED_EDGE('',*,*,#2072,.T.);
#2098=ORIENTED_EDGE('',*,*,#2097,.F.);
#2100=ORIENTED_EDGE('',*,*,#2099,.T.);
#2102=ORIENTED_EDGE('',*,*,#2101,.F.);
#2103=ORIENTED_EDGE('',*,*,#1950,.F.);
#2104=ORIENTED_EDGE('',*,*,#1992,.T.);
#2106=ORIENTED_EDGE('',*,*,#2105,.F.);
#2108=ORIENTED_EDGE('',*,*,#2107,.F.);
#2110=ORIENTED_EDGE('',*,*,#2109,.F.);
#2112=ORIENTED_EDGE('',*,*,#2111,.T.);
#2114=ORIENTED_EDGE('',*,*,#2113,.F.);
#2116=ORIENTED_EDGE('',*,*,#2115,.T.);
#2118=ORIENTED_EDGE('',*,*,#2117,.F.);
#2120=ORIENTED_EDGE('',*,*,#2119,.F.);
#2122=ORIENTED_EDGE('',*,*,#2121,.F.);
#2124=ORIENTED_EDGE('',*,*,#2123,.T.);
#2126=ORIENTED_EDGE('',*,*,#2125,.F.);
#2128=ORIENTED_EDGE('',*,*,#2127,.T.);
#2130=ORIENTED_EDGE('',*,*,#2129,.F.);
#2132=ORIENTED_EDGE('',*,*,#2131,.F.);
#2134=ORIENTED_EDGE('',*,*,#2133,.F.);
#2136=ORIENTED_EDGE('',*,*,#2135,.T.);
#2138=ORIENTED_EDGE('',*,*,#2137,.F.);
#2140=ORIENTED_EDGE('',*,*,#2139,.T.);
#2142=ORIENTED_EDGE('',*,*,#2141,.F.);
#2144=ORIENTED_EDGE('',*,*,#2143,.F.);
#2146=ORIENTED_EDGE('',*,*,#2145,.F.);
#2148=ORIENTED_EDGE('',*,*,#2147,.F.);
#2149=ORIENTED_EDGE('',*,*,#2083,.F.);
#2150=EDGE_LOOP('',(#2096,#2098,#2100,#2102,#2103,#2104,#2106,#2108,#2110,#2112,
#2114,#2116,#2118,#2120,#2122,#2124,#2126,#2128,#2130,#2132,#2134,#2136,#2138,
#2140,#2142,#2144,#2146,#2148,#2149));
#2151=FACE_OUTER_BOUND('',#2150,.F.);
#2152=ADVANCED_FACE('',(#2151),#2095,.F.);
#2153=CARTESIAN_POINT('',(1.8E1,5.4475E1,-5.775563142983E2));
#2154=DIRECTION('',(1.E0,0.E0,0.E0));
#2155=DIRECTION('',(0.E0,0.E0,-1.E0));
#2156=AXIS2_PLACEMENT_3D('',#2153,#2154,#2155);
#2157=PLANE('',#2156);
#2158=ORIENTED_EDGE('',*,*,#2070,.T.);
#2159=ORIENTED_EDGE('',*,*,#2057,.F.);
#2161=ORIENTED_EDGE('',*,*,#2160,.T.);
#2162=ORIENTED_EDGE('',*,*,#2097,.T.);
#2163=EDGE_LOOP('',(#2158,#2159,#2161,#2162));
#2164=FACE_OUTER_BOUND('',#2163,.F.);
#2165=ADVANCED_FACE('',(#2164),#2157,.F.);
#2166=CARTESIAN_POINT('',(1.4825E1,5.4475E1,-4.924425E2));
#2167=DIRECTION('',(0.E0,-1.E0,0.E0));
#2168=DIRECTION('',(1.E0,0.E0,0.E0));
#2169=AXIS2_PLACEMENT_3D('',#2166,#2167,#2168);
#2170=CYLINDRICAL_SURFACE('',#2169,3.175E0);
#2171=ORIENTED_EDGE('',*,*,#2055,.T.);
#2173=ORIENTED_EDGE('',*,*,#2172,.T.);
#2174=ORIENTED_EDGE('',*,*,#2099,.F.);
#2175=ORIENTED_EDGE('',*,*,#2160,.F.);
#2176=EDGE_LOOP('',(#2171,#2173,#2174,#2175));
#2177=FACE_OUTER_BOUND('',#2176,.F.);
#2178=ADVANCED_FACE('',(#2177),#2170,.F.);
#2179=CARTESIAN_POINT('',(1.37625E1,5.4475E1,-4.892675E2));
#2180=DIRECTION('',(-1.069993766792E-13,0.E0,1.E0));
#2181=DIRECTION('',(1.E0,0.E0,1.069993766792E-13));
#2182=AXIS2_PLACEMENT_3D('',#2179,#2180,#2181);
#2183=PLANE('',#2182);
#2184=ORIENTED_EDGE('',*,*,#2053,.F.);
#2186=ORIENTED_EDGE('',*,*,#2185,.T.);
#2187=ORIENTED_EDGE('',*,*,#2101,.T.);
#2188=ORIENTED_EDGE('',*,*,#2172,.F.);
#2189=EDGE_LOOP('',(#2184,#2186,#2187,#2188));
#2190=FACE_OUTER_BOUND('',#2189,.F.);
#2191=ADVANCED_FACE('',(#2190),#2183,.F.);
#2192=CARTESIAN_POINT('',(5.964807909198E0,5.168519209080E1,-4.892675E2));
#2193=DIRECTION('',(0.E0,0.E0,1.E0));
#2194=DIRECTION('',(0.E0,1.E0,0.E0));
#2195=AXIS2_PLACEMENT_3D('',#2192,#2193,#2194);
#2196=PLANE('',#2195);
#2197=ORIENTED_EDGE('',*,*,#1882,.T.);
#2198=ORIENTED_EDGE('',*,*,#1952,.T.);
#2199=ORIENTED_EDGE('',*,*,#2185,.F.);
#2200=ORIENTED_EDGE('',*,*,#1859,.F.);
#2201=EDGE_LOOP('',(#2197,#2198,#2199,#2200));
#2202=FACE_OUTER_BOUND('',#2201,.F.);
#2203=ADVANCED_FACE('',(#2202),#2196,.F.);
#2204=CARTESIAN_POINT('',(7.852818677515E1,5.4475E1,-2.06375E1));
#2205=DIRECTION('',(0.E0,-1.E0,0.E0));
#2206=DIRECTION('',(1.E0,0.E0,0.E0));
#2207=AXIS2_PLACEMENT_3D('',#2204,#2205,#2206);
#2208=CYLINDRICAL_SURFACE('',#2207,3.175E0);
#2209=ORIENTED_EDGE('',*,*,#2049,.F.);
#2211=ORIENTED_EDGE('',*,*,#2210,.T.);
#2212=ORIENTED_EDGE('',*,*,#2105,.T.);
#2213=ORIENTED_EDGE('',*,*,#1990,.F.);
#2214=EDGE_LOOP('',(#2209,#2211,#2212,#2213));
#2215=FACE_OUTER_BOUND('',#2214,.F.);
#2216=ADVANCED_FACE('',(#2215),#2208,.T.);
#2217=CARTESIAN_POINT('',(8.170318677515E1,5.4475E1,-3.257225971675E1));
#2218=DIRECTION('',(-1.E0,0.E0,0.E0));
#2219=DIRECTION('',(0.E0,0.E0,1.E0));
#2220=AXIS2_PLACEMENT_3D('',#2217,#2218,#2219);
#2221=PLANE('',#2220);
#2222=ORIENTED_EDGE('',*,*,#2047,.F.);
#2224=ORIENTED_EDGE('',*,*,#2223,.T.);
#2225=ORIENTED_EDGE('',*,*,#2107,.T.);
#2226=ORIENTED_EDGE('',*,*,#2210,.F.);
#2227=EDGE_LOOP('',(#2222,#2224,#2225,#2226));
#2228=FACE_OUTER_BOUND('',#2227,.F.);
#2229=ADVANCED_FACE('',(#2228),#2221,.F.);
#2230=CARTESIAN_POINT('',(7.852818677515E1,5.4475E1,-4.450701943350E1));
#2231=DIRECTION('',(0.E0,-1.E0,0.E0));
#2232=DIRECTION('',(1.370010787487E-1,0.E0,-9.905708982308E-1));
#2233=AXIS2_PLACEMENT_3D('',#2230,#2231,#2232);
#2234=CYLINDRICAL_SURFACE('',#2233,3.175E0);
#2235=ORIENTED_EDGE('',*,*,#2045,.F.);
#2237=ORIENTED_EDGE('',*,*,#2236,.T.);
#2238=ORIENTED_EDGE('',*,*,#2109,.T.);
#2239=ORIENTED_EDGE('',*,*,#2223,.F.);
#2240=EDGE_LOOP('',(#2235,#2237,#2238,#2239));
#2241=FACE_OUTER_BOUND('',#2240,.F.);
#2242=ADVANCED_FACE('',(#2241),#2234,.T.);
#2243=CARTESIAN_POINT('',(8.170318677515E1,5.4475E1,-6.74635E1));
#2244=DIRECTION('',(0.E0,-1.E0,0.E0));
#2245=DIRECTION('',(-1.370010787487E-1,0.E0,9.905708982308E-1));
#2246=AXIS2_PLACEMENT_3D('',#2243,#2244,#2245);
#2247=CYLINDRICAL_SURFACE('',#2246,2.E1);
#2248=ORIENTED_EDGE('',*,*,#2043,.T.);
#2250=ORIENTED_EDGE('',*,*,#2249,.T.);
#2251=ORIENTED_EDGE('',*,*,#2111,.F.);
#2252=ORIENTED_EDGE('',*,*,#2236,.F.);
#2253=EDGE_LOOP('',(#2248,#2250,#2251,#2252));
#2254=FACE_OUTER_BOUND('',#2253,.F.);
#2255=ADVANCED_FACE('',(#2254),#2247,.F.);
#2256=CARTESIAN_POINT('',(6.170318677515E1,5.4475E1,-1.524635E2));
#2257=DIRECTION('',(-1.E0,0.E0,0.E0));
#2258=DIRECTION('',(0.E0,0.E0,1.E0));
#2259=AXIS2_PLACEMENT_3D('',#2256,#2257,#2258);
#2260=PLANE('',#2259);
#2261=ORIENTED_EDGE('',*,*,#2041,.F.);
#2263=ORIENTED_EDGE('',*,*,#2262,.T.);
#2264=ORIENTED_EDGE('',*,*,#2113,.T.);
#2265=ORIENTED_EDGE('',*,*,#2249,.F.);
#2266=EDGE_LOOP('',(#2261,#2263,#2264,#2265));
#2267=FACE_OUTER_BOUND('',#2266,.F.);
#2268=ADVANCED_FACE('',(#2267),#2260,.F.);
#2269=CARTESIAN_POINT('',(8.170318677515E1,5.4475E1,-2.374635E2));
#2270=DIRECTION('',(0.E0,-1.E0,0.E0));
#2271=DIRECTION('',(-1.E0,0.E0,0.E0));
#2272=AXIS2_PLACEMENT_3D('',#2269,#2270,#2271);
#2273=CYLINDRICAL_SURFACE('',#2272,2.E1);
#2274=ORIENTED_EDGE('',*,*,#2039,.T.);
#2276=ORIENTED_EDGE('',*,*,#2275,.T.);
#2277=ORIENTED_EDGE('',*,*,#2115,.F.);
#2278=ORIENTED_EDGE('',*,*,#2262,.F.);
#2279=EDGE_LOOP('',(#2274,#2276,#2277,#2278));
#2280=FACE_OUTER_BOUND('',#2279,.F.);
#2281=ADVANCED_FACE('',(#2280),#2273,.F.);
#2282=CARTESIAN_POINT('',(7.852818677515E1,5.4475E1,-2.604199805665E2));
#2283=DIRECTION('',(0.E0,-1.E0,0.E0));
#2284=DIRECTION('',(1.E0,0.E0,0.E0));
#2285=AXIS2_PLACEMENT_3D('',#2282,#2283,#2284);
#2286=CYLINDRICAL_SURFACE('',#2285,3.175E0);
#2287=ORIENTED_EDGE('',*,*,#2037,.F.);
#2289=ORIENTED_EDGE('',*,*,#2288,.T.);
#2290=ORIENTED_EDGE('',*,*,#2117,.T.);
#2291=ORIENTED_EDGE('',*,*,#2275,.F.);
#2292=EDGE_LOOP('',(#2287,#2289,#2290,#2291));
#2293=FACE_OUTER_BOUND('',#2292,.F.);
#2294=ADVANCED_FACE('',(#2293),#2286,.T.);
#2295=CARTESIAN_POINT('',(8.170318677515E1,5.4475E1,-3.474635E2));
#2296=DIRECTION('',(-1.E0,0.E0,0.E0));
#2297=DIRECTION('',(0.E0,0.E0,1.E0));
#2298=AXIS2_PLACEMENT_3D('',#2295,#2296,#2297);
#2299=PLANE('',#2298);
#2300=ORIENTED_EDGE('',*,*,#2035,.F.);
#2302=ORIENTED_EDGE('',*,*,#2301,.T.);
#2303=ORIENTED_EDGE('',*,*,#2119,.T.);
#2304=ORIENTED_EDGE('',*,*,#2288,.F.);
#2305=EDGE_LOOP('',(#2300,#2302,#2303,#2304));
#2306=FACE_OUTER_BOUND('',#2305,.F.);
#2307=ADVANCED_FACE('',(#2306),#2299,.F.);
#2308=CARTESIAN_POINT('',(7.852818677515E1,5.4475E1,-4.345070194335E2));
#2309=DIRECTION('',(0.E0,-1.E0,0.E0));
#2310=DIRECTION('',(1.370010787487E-1,0.E0,-9.905708982308E-1));
#2311=AXIS2_PLACEMENT_3D('',#2308,#2309,#2310);
#2312=CYLINDRICAL_SURFACE('',#2311,3.175E0);
#2313=ORIENTED_EDGE('',*,*,#2033,.F.);
#2315=ORIENTED_EDGE('',*,*,#2314,.T.);
#2316=ORIENTED_EDGE('',*,*,#2121,.T.);
#2317=ORIENTED_EDGE('',*,*,#2301,.F.);
#2318=EDGE_LOOP('',(#2313,#2315,#2316,#2317));
#2319=FACE_OUTER_BOUND('',#2318,.F.);
#2320=ADVANCED_FACE('',(#2319),#2312,.T.);
#2321=CARTESIAN_POINT('',(8.170318677515E1,5.4475E1,-4.574635E2));
#2322=DIRECTION('',(0.E0,-1.E0,0.E0));
#2323=DIRECTION('',(-1.370010787487E-1,0.E0,9.905708982308E-1));
#2324=AXIS2_PLACEMENT_3D('',#2321,#2322,#2323);
#2325=CYLINDRICAL_SURFACE('',#2324,2.E1);
#2326=ORIENTED_EDGE('',*,*,#2031,.T.);
#2328=ORIENTED_EDGE('',*,*,#2327,.T.);
#2329=ORIENTED_EDGE('',*,*,#2123,.F.);
#2330=ORIENTED_EDGE('',*,*,#2314,.F.);
#2331=EDGE_LOOP('',(#2326,#2328,#2329,#2330));
#2332=FACE_OUTER_BOUND('',#2331,.F.);
#2333=ADVANCED_FACE('',(#2332),#2325,.F.);
#2334=CARTESIAN_POINT('',(6.170318677515E1,5.4475E1,-5.424635E2));
#2335=DIRECTION('',(-1.E0,0.E0,0.E0));
#2336=DIRECTION('',(0.E0,0.E0,1.E0));
#2337=AXIS2_PLACEMENT_3D('',#2334,#2335,#2336);
#2338=PLANE('',#2337);
#2339=ORIENTED_EDGE('',*,*,#2029,.F.);
#2341=ORIENTED_EDGE('',*,*,#2340,.T.);
#2342=ORIENTED_EDGE('',*,*,#2125,.T.);
#2343=ORIENTED_EDGE('',*,*,#2327,.F.);
#2344=EDGE_LOOP('',(#2339,#2341,#2342,#2343));
#2345=FACE_OUTER_BOUND('',#2344,.F.);
#2346=ADVANCED_FACE('',(#2345),#2338,.F.);
#2347=CARTESIAN_POINT('',(8.170318677515E1,5.4475E1,-6.274635E2));
#2348=DIRECTION('',(0.E0,-1.E0,0.E0));
#2349=DIRECTION('',(-1.E0,0.E0,0.E0));
#2350=AXIS2_PLACEMENT_3D('',#2347,#2348,#2349);
#2351=CYLINDRICAL_SURFACE('',#2350,2.E1);
#2352=ORIENTED_EDGE('',*,*,#2027,.T.);
#2354=ORIENTED_EDGE('',*,*,#2353,.T.);
#2355=ORIENTED_EDGE('',*,*,#2127,.F.);
#2356=ORIENTED_EDGE('',*,*,#2340,.F.);
#2357=EDGE_LOOP('',(#2352,#2354,#2355,#2356));
#2358=FACE_OUTER_BOUND('',#2357,.F.);
#2359=ADVANCED_FACE('',(#2358),#2351,.F.);
#2360=CARTESIAN_POINT('',(7.852818677515E1,5.4475E1,-6.504199805665E2));
#2361=DIRECTION('',(0.E0,-1.E0,0.E0));
#2362=DIRECTION('',(1.E0,0.E0,0.E0));
#2363=AXIS2_PLACEMENT_3D('',#2360,#2361,#2362);
#2364=CYLINDRICAL_SURFACE('',#2363,3.175E0);
#2365=ORIENTED_EDGE('',*,*,#2025,.F.);
#2367=ORIENTED_EDGE('',*,*,#2366,.T.);
#2368=ORIENTED_EDGE('',*,*,#2129,.T.);
#2369=ORIENTED_EDGE('',*,*,#2353,.F.);
#2370=EDGE_LOOP('',(#2365,#2367,#2368,#2369));
#2371=FACE_OUTER_BOUND('',#2370,.F.);
#2372=ADVANCED_FACE('',(#2371),#2364,.T.);
#2373=CARTESIAN_POINT('',(8.170318677515E1,5.4475E1,-7.374635E2));
#2374=DIRECTION('',(-1.E0,0.E0,0.E0));
#2375=DIRECTION('',(0.E0,0.E0,1.E0));
#2376=AXIS2_PLACEMENT_3D('',#2373,#2374,#2375);
#2377=PLANE('',#2376);
#2378=ORIENTED_EDGE('',*,*,#2023,.F.);
#2380=ORIENTED_EDGE('',*,*,#2379,.T.);
#2381=ORIENTED_EDGE('',*,*,#2131,.T.);
#2382=ORIENTED_EDGE('',*,*,#2366,.F.);
#2383=EDGE_LOOP('',(#2378,#2380,#2381,#2382));
#2384=FACE_OUTER_BOUND('',#2383,.F.);
#2385=ADVANCED_FACE('',(#2384),#2377,.F.);
#2386=CARTESIAN_POINT('',(7.852818677515E1,5.4475E1,-8.245070194335E2));
#2387=DIRECTION('',(0.E0,-1.E0,0.E0));
#2388=DIRECTION('',(1.370010787486E-1,0.E0,-9.905708982308E-1));
#2389=AXIS2_PLACEMENT_3D('',#2386,#2387,#2388);
#2390=CYLINDRICAL_SURFACE('',#2389,3.175E0);
#2391=ORIENTED_EDGE('',*,*,#2021,.F.);
#2393=ORIENTED_EDGE('',*,*,#2392,.T.);
#2394=ORIENTED_EDGE('',*,*,#2133,.T.);
#2395=ORIENTED_EDGE('',*,*,#2379,.F.);
#2396=EDGE_LOOP('',(#2391,#2393,#2394,#2395));
#2397=FACE_OUTER_BOUND('',#2396,.F.);
#2398=ADVANCED_FACE('',(#2397),#2390,.T.);
#2399=CARTESIAN_POINT('',(8.170318677515E1,5.4475E1,-8.474635E2));
#2400=DIRECTION('',(0.E0,-1.E0,0.E0));
#2401=DIRECTION('',(-1.370010787487E-1,0.E0,9.905708982308E-1));
#2402=AXIS2_PLACEMENT_3D('',#2399,#2400,#2401);
#2403=CYLINDRICAL_SURFACE('',#2402,2.E1);
#2404=ORIENTED_EDGE('',*,*,#2019,.T.);
#2406=ORIENTED_EDGE('',*,*,#2405,.T.);
#2407=ORIENTED_EDGE('',*,*,#2135,.F.);
#2408=ORIENTED_EDGE('',*,*,#2392,.F.);
#2409=EDGE_LOOP('',(#2404,#2406,#2407,#2408));
#2410=FACE_OUTER_BOUND('',#2409,.F.);
#2411=ADVANCED_FACE('',(#2410),#2403,.F.);
#2412=CARTESIAN_POINT('',(6.170318677515E1,5.4475E1,-9.324635E2));
#2413=DIRECTION('',(-1.E0,0.E0,0.E0));
#2414=DIRECTION('',(0.E0,0.E0,1.E0));
#2415=AXIS2_PLACEMENT_3D('',#2412,#2413,#2414);
#2416=PLANE('',#2415);
#2417=ORIENTED_EDGE('',*,*,#2017,.F.);
#2419=ORIENTED_EDGE('',*,*,#2418,.T.);
#2420=ORIENTED_EDGE('',*,*,#2137,.T.);
#2421=ORIENTED_EDGE('',*,*,#2405,.F.);
#2422=EDGE_LOOP('',(#2417,#2419,#2420,#2421));
#2423=FACE_OUTER_BOUND('',#2422,.F.);
#2424=ADVANCED_FACE('',(#2423),#2416,.F.);
#2425=CARTESIAN_POINT('',(8.170318677515E1,5.4475E1,-1.0174635E3));
#2426=DIRECTION('',(0.E0,-1.E0,0.E0));
#2427=DIRECTION('',(-1.E0,0.E0,0.E0));
#2428=AXIS2_PLACEMENT_3D('',#2425,#2426,#2427);
#2429=CYLINDRICAL_SURFACE('',#2428,2.E1);
#2430=ORIENTED_EDGE('',*,*,#2015,.T.);
#2432=ORIENTED_EDGE('',*,*,#2431,.T.);
#2433=ORIENTED_EDGE('',*,*,#2139,.F.);
#2434=ORIENTED_EDGE('',*,*,#2418,.F.);
#2435=EDGE_LOOP('',(#2430,#2432,#2433,#2434));
#2436=FACE_OUTER_BOUND('',#2435,.F.);
#2437=ADVANCED_FACE('',(#2436),#2429,.F.);
#2438=CARTESIAN_POINT('',(7.852818677515E1,5.4475E1,-1.040419980566E3));
#2439=DIRECTION('',(0.E0,-1.E0,0.E0));
#2440=DIRECTION('',(1.E0,0.E0,0.E0));
#2441=AXIS2_PLACEMENT_3D('',#2438,#2439,#2440);
#2442=CYLINDRICAL_SURFACE('',#2441,3.175E0);
#2443=ORIENTED_EDGE('',*,*,#2013,.F.);
#2445=ORIENTED_EDGE('',*,*,#2444,.T.);
#2446=ORIENTED_EDGE('',*,*,#2141,.T.);
#2447=ORIENTED_EDGE('',*,*,#2431,.F.);
#2448=EDGE_LOOP('',(#2443,#2445,#2446,#2447));
#2449=FACE_OUTER_BOUND('',#2448,.F.);
#2450=ADVANCED_FACE('',(#2449),#2442,.T.);
#2451=CARTESIAN_POINT('',(8.170318677515E1,5.4475E1,-1.049793898445E3));
#2452=DIRECTION('',(-1.E0,0.E0,0.E0));
#2453=DIRECTION('',(0.E0,0.E0,1.E0));
#2454=AXIS2_PLACEMENT_3D('',#2451,#2452,#2453);
#2455=PLANE('',#2454);
#2456=ORIENTED_EDGE('',*,*,#2011,.F.);
#2458=ORIENTED_EDGE('',*,*,#2457,.T.);
#2459=ORIENTED_EDGE('',*,*,#2143,.T.);
#2460=ORIENTED_EDGE('',*,*,#2444,.F.);
#2461=EDGE_LOOP('',(#2456,#2458,#2459,#2460));
#2462=FACE_OUTER_BOUND('',#2461,.F.);
#2463=ADVANCED_FACE('',(#2462),#2455,.F.);
#2464=CARTESIAN_POINT('',(7.852818677515E1,5.4475E1,-1.059167816323E3));
#2465=DIRECTION('',(0.E0,-1.E0,0.E0));
#2466=DIRECTION('',(-7.591153616256E-2,0.E0,-9.971145564465E-1));
#2467=AXIS2_PLACEMENT_3D('',#2464,#2465,#2466);
#2468=CYLINDRICAL_SURFACE('',#2467,3.175E0);
#2469=ORIENTED_EDGE('',*,*,#2009,.F.);
#2471=ORIENTED_EDGE('',*,*,#2470,.T.);
#2472=ORIENTED_EDGE('',*,*,#2145,.T.);
#2473=ORIENTED_EDGE('',*,*,#2457,.F.);
#2474=EDGE_LOOP('',(#2469,#2471,#2472,#2473));
#2475=FACE_OUTER_BOUND('',#2474,.F.);
#2476=ADVANCED_FACE('',(#2475),#2468,.T.);
#2477=CARTESIAN_POINT('',(8.170318677515E1,5.4475E1,-1.0174635E3));
#2478=DIRECTION('',(0.E0,-1.E0,0.E0));
#2479=DIRECTION('',(-9.986225847892E-1,0.E0,-5.246840143343E-2));
#2480=AXIS2_PLACEMENT_3D('',#2477,#2478,#2479);
#2481=CYLINDRICAL_SURFACE('',#2480,4.5E1);
#2482=ORIENTED_EDGE('',*,*,#2007,.F.);
#2483=ORIENTED_EDGE('',*,*,#2085,.T.);
#2484=ORIENTED_EDGE('',*,*,#2147,.T.);
#2485=ORIENTED_EDGE('',*,*,#2470,.F.);
#2486=EDGE_LOOP('',(#2482,#2483,#2484,#2485));
#2487=FACE_OUTER_BOUND('',#2486,.F.);
#2488=ADVANCED_FACE('',(#2487),#2481,.T.);
#2489=CARTESIAN_POINT('',(1.27E1,-4.495E1,-1.5E3));
#2490=DIRECTION('',(0.E0,0.E0,1.E0));
#2491=DIRECTION('',(-1.E0,0.E0,0.E0));
#2492=AXIS2_PLACEMENT_3D('',#2489,#2490,#2491);
#2493=CYLINDRICAL_SURFACE('',#2492,6.35E0);
#2494=ORIENTED_EDGE('',*,*,#1720,.T.);
#2496=ORIENTED_EDGE('',*,*,#2495,.T.);
#2498=ORIENTED_EDGE('',*,*,#2497,.F.);
#2500=ORIENTED_EDGE('',*,*,#2499,.F.);
#2501=ORIENTED_EDGE('',*,*,#1752,.F.);
#2502=ORIENTED_EDGE('',*,*,#1578,.T.);
#2503=EDGE_LOOP('',(#2494,#2496,#2498,#2500,#2501,#2502));
#2504=FACE_OUTER_BOUND('',#2503,.F.);
#2505=ADVANCED_FACE('',(#2504),#2493,.F.);
#2506=CARTESIAN_POINT('',(5.964807909198E0,-5.168519209080E1,-4.892675E2));
#2507=DIRECTION('',(0.E0,0.E0,-1.E0));
#2508=DIRECTION('',(0.E0,-1.E0,0.E0));
#2509=AXIS2_PLACEMENT_3D('',#2506,#2507,#2508);
#2510=PLANE('',#2509);
#2511=ORIENTED_EDGE('',*,*,#1718,.F.);
#2512=ORIENTED_EDGE('',*,*,#1739,.T.);
#2514=ORIENTED_EDGE('',*,*,#2513,.T.);
#2515=ORIENTED_EDGE('',*,*,#2495,.F.);
#2516=EDGE_LOOP('',(#2511,#2512,#2514,#2515));
#2517=FACE_OUTER_BOUND('',#2516,.F.);
#2518=ADVANCED_FACE('',(#2517),#2510,.T.);
#2519=CARTESIAN_POINT('',(1.37625E1,-5.4475E1,-4.892675E2));
#2520=DIRECTION('',(1.069993766792E-13,0.E0,-1.E0));
#2521=DIRECTION('',(1.E0,0.E0,1.069993766792E-13));
#2522=AXIS2_PLACEMENT_3D('',#2519,#2520,#2521);
#2523=PLANE('',#2522);
#2525=ORIENTED_EDGE('',*,*,#2524,.T.);
#2527=ORIENTED_EDGE('',*,*,#2526,.T.);
#2529=ORIENTED_EDGE('',*,*,#2528,.F.);
#2530=ORIENTED_EDGE('',*,*,#2513,.F.);
#2531=EDGE_LOOP('',(#2525,#2527,#2529,#2530));
#2532=FACE_OUTER_BOUND('',#2531,.F.);
#2533=ADVANCED_FACE('',(#2532),#2523,.T.);
#2534=CARTESIAN_POINT('',(-4.539955667515E1,-5.765E1,0.E0));
#2535=DIRECTION('',(0.E0,-1.E0,0.E0));
#2536=DIRECTION('',(1.E0,0.E0,0.E0));
#2537=AXIS2_PLACEMENT_3D('',#2534,#2535,#2536);
#2538=PLANE('',#2537);
#2540=ORIENTED_EDGE('',*,*,#2539,.T.);
#2542=ORIENTED_EDGE('',*,*,#2541,.F.);
#2544=ORIENTED_EDGE('',*,*,#2543,.F.);
#2546=ORIENTED_EDGE('',*,*,#2545,.F.);
#2548=ORIENTED_EDGE('',*,*,#2547,.T.);
#2550=ORIENTED_EDGE('',*,*,#2549,.F.);
#2552=ORIENTED_EDGE('',*,*,#2551,.T.);
#2554=ORIENTED_EDGE('',*,*,#2553,.F.);
#2556=ORIENTED_EDGE('',*,*,#2555,.F.);
#2558=ORIENTED_EDGE('',*,*,#2557,.F.);
#2560=ORIENTED_EDGE('',*,*,#2559,.T.);
#2562=ORIENTED_EDGE('',*,*,#2561,.F.);
#2564=ORIENTED_EDGE('',*,*,#2563,.T.);
#2566=ORIENTED_EDGE('',*,*,#2565,.F.);
#2568=ORIENTED_EDGE('',*,*,#2567,.F.);
#2570=ORIENTED_EDGE('',*,*,#2569,.F.);
#2572=ORIENTED_EDGE('',*,*,#2571,.T.);
#2574=ORIENTED_EDGE('',*,*,#2573,.F.);
#2576=ORIENTED_EDGE('',*,*,#2575,.T.);
#2578=ORIENTED_EDGE('',*,*,#2577,.F.);
#2580=ORIENTED_EDGE('',*,*,#2579,.F.);
#2582=ORIENTED_EDGE('',*,*,#2581,.F.);
#2584=ORIENTED_EDGE('',*,*,#2583,.F.);
#2586=ORIENTED_EDGE('',*,*,#2585,.F.);
#2588=ORIENTED_EDGE('',*,*,#2587,.T.);
#2590=ORIENTED_EDGE('',*,*,#2589,.F.);
#2592=ORIENTED_EDGE('',*,*,#2591,.T.);
#2593=ORIENTED_EDGE('',*,*,#2524,.F.);
#2594=ORIENTED_EDGE('',*,*,#1737,.F.);
#2595=EDGE_LOOP('',(#2540,#2542,#2544,#2546,#2548,#2550,#2552,#2554,#2556,#2558,
#2560,#2562,#2564,#2566,#2568,#2570,#2572,#2574,#2576,#2578,#2580,#2582,#2584,
#2586,#2588,#2590,#2592,#2593,#2594));
#2596=FACE_OUTER_BOUND('',#2595,.F.);
#2597=ADVANCED_FACE('',(#2596),#2538,.T.);
#2598=CARTESIAN_POINT('',(4.561409338758E1,-5.4475E1,-1.74625E1));
#2599=DIRECTION('',(0.E0,0.E0,-1.E0));
#2600=DIRECTION('',(1.E0,0.E0,0.E0));
#2601=AXIS2_PLACEMENT_3D('',#2598,#2599,#2600);
#2602=PLANE('',#2601);
#2603=ORIENTED_EDGE('',*,*,#2539,.F.);
#2605=ORIENTED_EDGE('',*,*,#2604,.T.);
#2607=ORIENTED_EDGE('',*,*,#2606,.T.);
#2609=ORIENTED_EDGE('',*,*,#2608,.F.);
#2610=EDGE_LOOP('',(#2603,#2605,#2607,#2609));
#2611=FACE_OUTER_BOUND('',#2610,.F.);
#2612=ADVANCED_FACE('',(#2611),#2602,.F.);
#2613=CARTESIAN_POINT('',(1.054025575858E1,-5.422691380857E1,-1.74625E1));
#2614=DIRECTION('',(0.E0,0.E0,-1.E0));
#2615=DIRECTION('',(8.971735893063E-1,-4.416781075074E-1,0.E0));
#2616=AXIS2_PLACEMENT_3D('',#2613,#2614,#2615);
#2617=PLANE('',#2616);
#2618=ORIENTED_EDGE('',*,*,#1735,.F.);
#2619=ORIENTED_EDGE('',*,*,#1754,.T.);
#2620=ORIENTED_EDGE('',*,*,#2499,.T.);
#2621=ORIENTED_EDGE('',*,*,#2604,.F.);
#2622=EDGE_LOOP('',(#2618,#2619,#2620,#2621));
#2623=FACE_OUTER_BOUND('',#2622,.F.);
#2624=ADVANCED_FACE('',(#2623),#2617,.F.);
#2625=CARTESIAN_POINT('',(-4.539955667515E1,-5.13E1,0.E0));
#2626=DIRECTION('',(0.E0,-1.E0,0.E0));
#2627=DIRECTION('',(1.E0,0.E0,0.E0));
#2628=AXIS2_PLACEMENT_3D('',#2625,#2626,#2627);
#2629=PLANE('',#2628);
#2630=ORIENTED_EDGE('',*,*,#2606,.F.);
#2631=ORIENTED_EDGE('',*,*,#2497,.T.);
#2632=ORIENTED_EDGE('',*,*,#2528,.T.);
#2634=ORIENTED_EDGE('',*,*,#2633,.F.);
#2636=ORIENTED_EDGE('',*,*,#2635,.T.);
#2638=ORIENTED_EDGE('',*,*,#2637,.T.);
#2640=ORIENTED_EDGE('',*,*,#2639,.T.);
#2642=ORIENTED_EDGE('',*,*,#2641,.T.);
#2644=ORIENTED_EDGE('',*,*,#2643,.T.);
#2646=ORIENTED_EDGE('',*,*,#2645,.T.);
#2648=ORIENTED_EDGE('',*,*,#2647,.T.);
#2650=ORIENTED_EDGE('',*,*,#2649,.F.);
#2652=ORIENTED_EDGE('',*,*,#2651,.T.);
#2654=ORIENTED_EDGE('',*,*,#2653,.F.);
#2656=ORIENTED_EDGE('',*,*,#2655,.T.);
#2658=ORIENTED_EDGE('',*,*,#2657,.T.);
#2660=ORIENTED_EDGE('',*,*,#2659,.T.);
#2662=ORIENTED_EDGE('',*,*,#2661,.F.);
#2664=ORIENTED_EDGE('',*,*,#2663,.T.);
#2666=ORIENTED_EDGE('',*,*,#2665,.F.);
#2668=ORIENTED_EDGE('',*,*,#2667,.T.);
#2670=ORIENTED_EDGE('',*,*,#2669,.T.);
#2672=ORIENTED_EDGE('',*,*,#2671,.T.);
#2674=ORIENTED_EDGE('',*,*,#2673,.F.);
#2676=ORIENTED_EDGE('',*,*,#2675,.T.);
#2678=ORIENTED_EDGE('',*,*,#2677,.F.);
#2680=ORIENTED_EDGE('',*,*,#2679,.T.);
#2682=ORIENTED_EDGE('',*,*,#2681,.T.);
#2684=ORIENTED_EDGE('',*,*,#2683,.T.);
#2685=EDGE_LOOP('',(#2630,#2631,#2632,#2634,#2636,#2638,#2640,#2642,#2644,#2646,
#2648,#2650,#2652,#2654,#2656,#2658,#2660,#2662,#2664,#2666,#2668,#2670,#2672,
#2674,#2676,#2678,#2680,#2682,#2684));
#2686=FACE_OUTER_BOUND('',#2685,.F.);
#2687=ADVANCED_FACE('',(#2686),#2629,.F.);
#2688=CARTESIAN_POINT('',(1.4825E1,-5.4475E1,-4.924425E2));
#2689=DIRECTION('',(0.E0,-1.E0,0.E0));
#2690=DIRECTION('',(1.E0,0.E0,0.E0));
#2691=AXIS2_PLACEMENT_3D('',#2688,#2689,#2690);
#2692=CYLINDRICAL_SURFACE('',#2691,3.175E0);
#2693=ORIENTED_EDGE('',*,*,#2591,.F.);
#2695=ORIENTED_EDGE('',*,*,#2694,.T.);
#2696=ORIENTED_EDGE('',*,*,#2633,.T.);
#2697=ORIENTED_EDGE('',*,*,#2526,.F.);
#2698=EDGE_LOOP('',(#2693,#2695,#2696,#2697));
#2699=FACE_OUTER_BOUND('',#2698,.F.);
#2700=ADVANCED_FACE('',(#2699),#2692,.F.);
#2701=CARTESIAN_POINT('',(1.8E1,-5.4475E1,-5.775563142983E2));
#2702=DIRECTION('',(-1.E0,0.E0,0.E0));
#2703=DIRECTION('',(0.E0,0.E0,-1.E0));
#2704=AXIS2_PLACEMENT_3D('',#2701,#2702,#2703);
#2705=PLANE('',#2704);
#2707=ORIENTED_EDGE('',*,*,#2706,.F.);
#2708=ORIENTED_EDGE('',*,*,#2635,.F.);
#2709=ORIENTED_EDGE('',*,*,#2694,.F.);
#2710=ORIENTED_EDGE('',*,*,#2589,.T.);
#2711=EDGE_LOOP('',(#2707,#2708,#2709,#2710));
#2712=FACE_OUTER_BOUND('',#2711,.F.);
#2713=ADVANCED_FACE('',(#2712),#2705,.T.);
#2714=CARTESIAN_POINT('',(4.34E1,9.018E2,-6.620033206627E2));
#2715=DIRECTION('',(0.E0,-1.E0,-2.131281920844E-14));
#2716=DIRECTION('',(-1.E0,0.E0,0.E0));
#2717=AXIS2_PLACEMENT_3D('',#2714,#2715,#2716);
#2718=CYLINDRICAL_SURFACE('',#2717,2.54E1);
#2719=ORIENTED_EDGE('',*,*,#2706,.T.);
#2720=ORIENTED_EDGE('',*,*,#2587,.F.);
#2722=ORIENTED_EDGE('',*,*,#2721,.F.);
#2723=ORIENTED_EDGE('',*,*,#2637,.F.);
#2724=EDGE_LOOP('',(#2719,#2720,#2722,#2723));
#2725=FACE_OUTER_BOUND('',#2724,.F.);
#2726=ADVANCED_FACE('',(#2725),#2718,.T.);
#2727=CARTESIAN_POINT('',(2.738258522982E1,-5.4475E1,-8.412473533306E2));
#2728=DIRECTION('',(-9.986225847892E-1,0.E0,-5.246840143343E-2));
#2729=DIRECTION('',(5.246840143343E-2,0.E0,-9.986225847892E-1));
#2730=AXIS2_PLACEMENT_3D('',#2727,#2728,#2729);
#2731=PLANE('',#2730);
#2732=ORIENTED_EDGE('',*,*,#2721,.T.);
#2733=ORIENTED_EDGE('',*,*,#2585,.T.);
#2735=ORIENTED_EDGE('',*,*,#2734,.T.);
#2736=ORIENTED_EDGE('',*,*,#2639,.F.);
#2737=EDGE_LOOP('',(#2732,#2733,#2735,#2736));
#2738=FACE_OUTER_BOUND('',#2737,.F.);
#2739=ADVANCED_FACE('',(#2738),#2731,.T.);
#2740=CARTESIAN_POINT('',(8.170318677515E1,-5.4475E1,-1.0174635E3));
#2741=DIRECTION('',(0.E0,-1.E0,0.E0));
#2742=DIRECTION('',(-9.986225847892E-1,0.E0,-5.246840143343E-2));
#2743=AXIS2_PLACEMENT_3D('',#2740,#2741,#2742);
#2744=CYLINDRICAL_SURFACE('',#2743,4.5E1);
#2745=ORIENTED_EDGE('',*,*,#2583,.T.);
#2747=ORIENTED_EDGE('',*,*,#2746,.T.);
#2748=ORIENTED_EDGE('',*,*,#2641,.F.);
#2749=ORIENTED_EDGE('',*,*,#2734,.F.);
#2750=EDGE_LOOP('',(#2745,#2747,#2748,#2749));
#2751=FACE_OUTER_BOUND('',#2750,.F.);
#2752=ADVANCED_FACE('',(#2751),#2744,.T.);
#2753=CARTESIAN_POINT('',(7.852818677515E1,-5.4475E1,-1.059167816323E3));
#2754=DIRECTION('',(0.E0,-1.E0,0.E0));
#2755=DIRECTION('',(-7.591153616256E-2,0.E0,-9.971145564465E-1));
#2756=AXIS2_PLACEMENT_3D('',#2753,#2754,#2755);
#2757=CYLINDRICAL_SURFACE('',#2756,3.175E0);
#2758=ORIENTED_EDGE('',*,*,#2581,.T.);
#2760=ORIENTED_EDGE('',*,*,#2759,.T.);
#2761=ORIENTED_EDGE('',*,*,#2643,.F.);
#2762=ORIENTED_EDGE('',*,*,#2746,.F.);
#2763=EDGE_LOOP('',(#2758,#2760,#2761,#2762));
#2764=FACE_OUTER_BOUND('',#2763,.F.);
#2765=ADVANCED_FACE('',(#2764),#2757,.T.);
#2766=CARTESIAN_POINT('',(8.170318677515E1,-5.4475E1,-1.049793898445E3));
#2767=DIRECTION('',(1.E0,0.E0,0.E0));
#2768=DIRECTION('',(0.E0,0.E0,1.E0));
#2769=AXIS2_PLACEMENT_3D('',#2766,#2767,#2768);
#2770=PLANE('',#2769);
#2771=ORIENTED_EDGE('',*,*,#2579,.T.);
#2773=ORIENTED_EDGE('',*,*,#2772,.T.);
#2774=ORIENTED_EDGE('',*,*,#2645,.F.);
#2775=ORIENTED_EDGE('',*,*,#2759,.F.);
#2776=EDGE_LOOP('',(#2771,#2773,#2774,#2775));
#2777=FACE_OUTER_BOUND('',#2776,.F.);
#2778=ADVANCED_FACE('',(#2777),#2770,.T.);
#2779=CARTESIAN_POINT('',(7.852818677515E1,-5.4475E1,-1.040419980566E3));
#2780=DIRECTION('',(0.E0,-1.E0,0.E0));
#2781=DIRECTION('',(1.E0,0.E0,0.E0));
#2782=AXIS2_PLACEMENT_3D('',#2779,#2780,#2781);
#2783=CYLINDRICAL_SURFACE('',#2782,3.175E0);
#2784=ORIENTED_EDGE('',*,*,#2577,.T.);
#2786=ORIENTED_EDGE('',*,*,#2785,.T.);
#2787=ORIENTED_EDGE('',*,*,#2647,.F.);
#2788=ORIENTED_EDGE('',*,*,#2772,.F.);
#2789=EDGE_LOOP('',(#2784,#2786,#2787,#2788));
#2790=FACE_OUTER_BOUND('',#2789,.F.);
#2791=ADVANCED_FACE('',(#2790),#2783,.T.);
#2792=CARTESIAN_POINT('',(8.170318677515E1,-5.4475E1,-1.0174635E3));
#2793=DIRECTION('',(0.E0,-1.E0,0.E0));
#2794=DIRECTION('',(-1.E0,0.E0,0.E0));
#2795=AXIS2_PLACEMENT_3D('',#2792,#2793,#2794);
#2796=CYLINDRICAL_SURFACE('',#2795,2.E1);
#2797=ORIENTED_EDGE('',*,*,#2575,.F.);
#2799=ORIENTED_EDGE('',*,*,#2798,.T.);
#2800=ORIENTED_EDGE('',*,*,#2649,.T.);
#2801=ORIENTED_EDGE('',*,*,#2785,.F.);
#2802=EDGE_LOOP('',(#2797,#2799,#2800,#2801));
#2803=FACE_OUTER_BOUND('',#2802,.F.);
#2804=ADVANCED_FACE('',(#2803),#2796,.F.);
#2805=CARTESIAN_POINT('',(6.170318677515E1,-5.4475E1,-9.324635E2));
#2806=DIRECTION('',(1.E0,0.E0,0.E0));
#2807=DIRECTION('',(0.E0,0.E0,1.E0));
#2808=AXIS2_PLACEMENT_3D('',#2805,#2806,#2807);
#2809=PLANE('',#2808);
#2810=ORIENTED_EDGE('',*,*,#2573,.T.);
#2812=ORIENTED_EDGE('',*,*,#2811,.T.);
#2813=ORIENTED_EDGE('',*,*,#2651,.F.);
#2814=ORIENTED_EDGE('',*,*,#2798,.F.);
#2815=EDGE_LOOP('',(#2810,#2812,#2813,#2814));
#2816=FACE_OUTER_BOUND('',#2815,.F.);
#2817=ADVANCED_FACE('',(#2816),#2809,.T.);
#2818=CARTESIAN_POINT('',(8.170318677515E1,-5.4475E1,-8.474635E2));
#2819=DIRECTION('',(0.E0,-1.E0,0.E0));
#2820=DIRECTION('',(-1.370010787487E-1,0.E0,9.905708982308E-1));
#2821=AXIS2_PLACEMENT_3D('',#2818,#2819,#2820);
#2822=CYLINDRICAL_SURFACE('',#2821,2.E1);
#2823=ORIENTED_EDGE('',*,*,#2571,.F.);
#2825=ORIENTED_EDGE('',*,*,#2824,.T.);
#2826=ORIENTED_EDGE('',*,*,#2653,.T.);
#2827=ORIENTED_EDGE('',*,*,#2811,.F.);
#2828=EDGE_LOOP('',(#2823,#2825,#2826,#2827));
#2829=FACE_OUTER_BOUND('',#2828,.F.);
#2830=ADVANCED_FACE('',(#2829),#2822,.F.);
#2831=CARTESIAN_POINT('',(7.852818677515E1,-5.4475E1,-8.245070194335E2));
#2832=DIRECTION('',(0.E0,-1.E0,0.E0));
#2833=DIRECTION('',(1.370010787486E-1,0.E0,-9.905708982308E-1));
#2834=AXIS2_PLACEMENT_3D('',#2831,#2832,#2833);
#2835=CYLINDRICAL_SURFACE('',#2834,3.175E0);
#2836=ORIENTED_EDGE('',*,*,#2569,.T.);
#2838=ORIENTED_EDGE('',*,*,#2837,.T.);
#2839=ORIENTED_EDGE('',*,*,#2655,.F.);
#2840=ORIENTED_EDGE('',*,*,#2824,.F.);
#2841=EDGE_LOOP('',(#2836,#2838,#2839,#2840));
#2842=FACE_OUTER_BOUND('',#2841,.F.);
#2843=ADVANCED_FACE('',(#2842),#2835,.T.);
#2844=CARTESIAN_POINT('',(8.170318677515E1,-5.4475E1,-7.374635E2));
#2845=DIRECTION('',(1.E0,0.E0,0.E0));
#2846=DIRECTION('',(0.E0,0.E0,1.E0));
#2847=AXIS2_PLACEMENT_3D('',#2844,#2845,#2846);
#2848=PLANE('',#2847);
#2849=ORIENTED_EDGE('',*,*,#2567,.T.);
#2851=ORIENTED_EDGE('',*,*,#2850,.T.);
#2852=ORIENTED_EDGE('',*,*,#2657,.F.);
#2853=ORIENTED_EDGE('',*,*,#2837,.F.);
#2854=EDGE_LOOP('',(#2849,#2851,#2852,#2853));
#2855=FACE_OUTER_BOUND('',#2854,.F.);
#2856=ADVANCED_FACE('',(#2855),#2848,.T.);
#2857=CARTESIAN_POINT('',(7.852818677515E1,-5.4475E1,-6.504199805665E2));
#2858=DIRECTION('',(0.E0,-1.E0,0.E0));
#2859=DIRECTION('',(1.E0,0.E0,0.E0));
#2860=AXIS2_PLACEMENT_3D('',#2857,#2858,#2859);
#2861=CYLINDRICAL_SURFACE('',#2860,3.175E0);
#2862=ORIENTED_EDGE('',*,*,#2565,.T.);
#2864=ORIENTED_EDGE('',*,*,#2863,.T.);
#2865=ORIENTED_EDGE('',*,*,#2659,.F.);
#2866=ORIENTED_EDGE('',*,*,#2850,.F.);
#2867=EDGE_LOOP('',(#2862,#2864,#2865,#2866));
#2868=FACE_OUTER_BOUND('',#2867,.F.);
#2869=ADVANCED_FACE('',(#2868),#2861,.T.);
#2870=CARTESIAN_POINT('',(8.170318677515E1,-5.4475E1,-6.274635E2));
#2871=DIRECTION('',(0.E0,-1.E0,0.E0));
#2872=DIRECTION('',(-1.E0,0.E0,0.E0));
#2873=AXIS2_PLACEMENT_3D('',#2870,#2871,#2872);
#2874=CYLINDRICAL_SURFACE('',#2873,2.E1);
#2875=ORIENTED_EDGE('',*,*,#2563,.F.);
#2877=ORIENTED_EDGE('',*,*,#2876,.T.);
#2878=ORIENTED_EDGE('',*,*,#2661,.T.);
#2879=ORIENTED_EDGE('',*,*,#2863,.F.);
#2880=EDGE_LOOP('',(#2875,#2877,#2878,#2879));
#2881=FACE_OUTER_BOUND('',#2880,.F.);
#2882=ADVANCED_FACE('',(#2881),#2874,.F.);
#2883=CARTESIAN_POINT('',(6.170318677515E1,-5.4475E1,-5.424635E2));
#2884=DIRECTION('',(1.E0,0.E0,0.E0));
#2885=DIRECTION('',(0.E0,0.E0,1.E0));
#2886=AXIS2_PLACEMENT_3D('',#2883,#2884,#2885);
#2887=PLANE('',#2886);
#2888=ORIENTED_EDGE('',*,*,#2561,.T.);
#2890=ORIENTED_EDGE('',*,*,#2889,.T.);
#2891=ORIENTED_EDGE('',*,*,#2663,.F.);
#2892=ORIENTED_EDGE('',*,*,#2876,.F.);
#2893=EDGE_LOOP('',(#2888,#2890,#2891,#2892));
#2894=FACE_OUTER_BOUND('',#2893,.F.);
#2895=ADVANCED_FACE('',(#2894),#2887,.T.);
#2896=CARTESIAN_POINT('',(8.170318677515E1,-5.4475E1,-4.574635E2));
#2897=DIRECTION('',(0.E0,-1.E0,0.E0));
#2898=DIRECTION('',(-1.370010787487E-1,0.E0,9.905708982308E-1));
#2899=AXIS2_PLACEMENT_3D('',#2896,#2897,#2898);
#2900=CYLINDRICAL_SURFACE('',#2899,2.E1);
#2901=ORIENTED_EDGE('',*,*,#2559,.F.);
#2903=ORIENTED_EDGE('',*,*,#2902,.T.);
#2904=ORIENTED_EDGE('',*,*,#2665,.T.);
#2905=ORIENTED_EDGE('',*,*,#2889,.F.);
#2906=EDGE_LOOP('',(#2901,#2903,#2904,#2905));
#2907=FACE_OUTER_BOUND('',#2906,.F.);
#2908=ADVANCED_FACE('',(#2907),#2900,.F.);
#2909=CARTESIAN_POINT('',(7.852818677515E1,-5.4475E1,-4.345070194335E2));
#2910=DIRECTION('',(0.E0,-1.E0,0.E0));
#2911=DIRECTION('',(1.370010787487E-1,0.E0,-9.905708982308E-1));
#2912=AXIS2_PLACEMENT_3D('',#2909,#2910,#2911);
#2913=CYLINDRICAL_SURFACE('',#2912,3.175E0);
#2914=ORIENTED_EDGE('',*,*,#2557,.T.);
#2916=ORIENTED_EDGE('',*,*,#2915,.T.);
#2917=ORIENTED_EDGE('',*,*,#2667,.F.);
#2918=ORIENTED_EDGE('',*,*,#2902,.F.);
#2919=EDGE_LOOP('',(#2914,#2916,#2917,#2918));
#2920=FACE_OUTER_BOUND('',#2919,.F.);
#2921=ADVANCED_FACE('',(#2920),#2913,.T.);
#2922=CARTESIAN_POINT('',(8.170318677515E1,-5.4475E1,-3.474635E2));
#2923=DIRECTION('',(1.E0,0.E0,0.E0));
#2924=DIRECTION('',(0.E0,0.E0,1.E0));
#2925=AXIS2_PLACEMENT_3D('',#2922,#2923,#2924);
#2926=PLANE('',#2925);
#2927=ORIENTED_EDGE('',*,*,#2555,.T.);
#2929=ORIENTED_EDGE('',*,*,#2928,.T.);
#2930=ORIENTED_EDGE('',*,*,#2669,.F.);
#2931=ORIENTED_EDGE('',*,*,#2915,.F.);
#2932=EDGE_LOOP('',(#2927,#2929,#2930,#2931));
#2933=FACE_OUTER_BOUND('',#2932,.F.);
#2934=ADVANCED_FACE('',(#2933),#2926,.T.);
#2935=CARTESIAN_POINT('',(7.852818677515E1,-5.4475E1,-2.604199805665E2));
#2936=DIRECTION('',(0.E0,-1.E0,0.E0));
#2937=DIRECTION('',(1.E0,0.E0,0.E0));
#2938=AXIS2_PLACEMENT_3D('',#2935,#2936,#2937);
#2939=CYLINDRICAL_SURFACE('',#2938,3.175E0);
#2940=ORIENTED_EDGE('',*,*,#2553,.T.);
#2942=ORIENTED_EDGE('',*,*,#2941,.T.);
#2943=ORIENTED_EDGE('',*,*,#2671,.F.);
#2944=ORIENTED_EDGE('',*,*,#2928,.F.);
#2945=EDGE_LOOP('',(#2940,#2942,#2943,#2944));
#2946=FACE_OUTER_BOUND('',#2945,.F.);
#2947=ADVANCED_FACE('',(#2946),#2939,.T.);
#2948=CARTESIAN_POINT('',(8.170318677515E1,-5.4475E1,-2.374635E2));
#2949=DIRECTION('',(0.E0,-1.E0,0.E0));
#2950=DIRECTION('',(-1.E0,0.E0,0.E0));
#2951=AXIS2_PLACEMENT_3D('',#2948,#2949,#2950);
#2952=CYLINDRICAL_SURFACE('',#2951,2.E1);
#2953=ORIENTED_EDGE('',*,*,#2551,.F.);
#2955=ORIENTED_EDGE('',*,*,#2954,.T.);
#2956=ORIENTED_EDGE('',*,*,#2673,.T.);
#2957=ORIENTED_EDGE('',*,*,#2941,.F.);
#2958=EDGE_LOOP('',(#2953,#2955,#2956,#2957));
#2959=FACE_OUTER_BOUND('',#2958,.F.);
#2960=ADVANCED_FACE('',(#2959),#2952,.F.);
#2961=CARTESIAN_POINT('',(6.170318677515E1,-5.4475E1,-1.524635E2));
#2962=DIRECTION('',(1.E0,0.E0,0.E0));
#2963=DIRECTION('',(0.E0,0.E0,1.E0));
#2964=AXIS2_PLACEMENT_3D('',#2961,#2962,#2963);
#2965=PLANE('',#2964);
#2966=ORIENTED_EDGE('',*,*,#2549,.T.);
#2968=ORIENTED_EDGE('',*,*,#2967,.T.);
#2969=ORIENTED_EDGE('',*,*,#2675,.F.);
#2970=ORIENTED_EDGE('',*,*,#2954,.F.);
#2971=EDGE_LOOP('',(#2966,#2968,#2969,#2970));
#2972=FACE_OUTER_BOUND('',#2971,.F.);
#2973=ADVANCED_FACE('',(#2972),#2965,.T.);
#2974=CARTESIAN_POINT('',(8.170318677515E1,-5.4475E1,-6.74635E1));
#2975=DIRECTION('',(0.E0,-1.E0,0.E0));
#2976=DIRECTION('',(-1.370010787487E-1,0.E0,9.905708982308E-1));
#2977=AXIS2_PLACEMENT_3D('',#2974,#2975,#2976);
#2978=CYLINDRICAL_SURFACE('',#2977,2.E1);
#2979=ORIENTED_EDGE('',*,*,#2547,.F.);
#2981=ORIENTED_EDGE('',*,*,#2980,.T.);
#2982=ORIENTED_EDGE('',*,*,#2677,.T.);
#2983=ORIENTED_EDGE('',*,*,#2967,.F.);
#2984=EDGE_LOOP('',(#2979,#2981,#2982,#2983));
#2985=FACE_OUTER_BOUND('',#2984,.F.);
#2986=ADVANCED_FACE('',(#2985),#2978,.F.);
#2987=CARTESIAN_POINT('',(7.852818677515E1,-5.4475E1,-4.450701943350E1));
#2988=DIRECTION('',(0.E0,-1.E0,0.E0));
#2989=DIRECTION('',(1.370010787487E-1,0.E0,-9.905708982308E-1));
#2990=AXIS2_PLACEMENT_3D('',#2987,#2988,#2989);
#2991=CYLINDRICAL_SURFACE('',#2990,3.175E0);
#2992=ORIENTED_EDGE('',*,*,#2545,.T.);
#2994=ORIENTED_EDGE('',*,*,#2993,.T.);
#2995=ORIENTED_EDGE('',*,*,#2679,.F.);
#2996=ORIENTED_EDGE('',*,*,#2980,.F.);
#2997=EDGE_LOOP('',(#2992,#2994,#2995,#2996));
#2998=FACE_OUTER_BOUND('',#2997,.F.);
#2999=ADVANCED_FACE('',(#2998),#2991,.T.);
#3000=CARTESIAN_POINT('',(8.170318677515E1,-5.4475E1,-3.257225971675E1));
#3001=DIRECTION('',(1.E0,0.E0,0.E0));
#3002=DIRECTION('',(0.E0,0.E0,1.E0));
#3003=AXIS2_PLACEMENT_3D('',#3000,#3001,#3002);
#3004=PLANE('',#3003);
#3005=ORIENTED_EDGE('',*,*,#2543,.T.);
#3007=ORIENTED_EDGE('',*,*,#3006,.T.);
#3008=ORIENTED_EDGE('',*,*,#2681,.F.);
#3009=ORIENTED_EDGE('',*,*,#2993,.F.);
#3010=EDGE_LOOP('',(#3005,#3007,#3008,#3009));
#3011=FACE_OUTER_BOUND('',#3010,.F.);
#3012=ADVANCED_FACE('',(#3011),#3004,.T.);
#3013=CARTESIAN_POINT('',(7.852818677515E1,-5.4475E1,-2.06375E1));
#3014=DIRECTION('',(0.E0,-1.E0,0.E0));
#3015=DIRECTION('',(1.E0,0.E0,0.E0));
#3016=AXIS2_PLACEMENT_3D('',#3013,#3014,#3015);
#3017=CYLINDRICAL_SURFACE('',#3016,3.175E0);
#3018=ORIENTED_EDGE('',*,*,#2608,.T.);
#3019=ORIENTED_EDGE('',*,*,#2683,.F.);
#3020=ORIENTED_EDGE('',*,*,#3006,.F.);
#3021=ORIENTED_EDGE('',*,*,#2541,.T.);
#3022=EDGE_LOOP('',(#3018,#3019,#3020,#3021));
#3023=FACE_OUTER_BOUND('',#3022,.F.);
#3024=ADVANCED_FACE('',(#3023),#3017,.T.);
#3025=CLOSED_SHELL('',(#1538,#1553,#1566,#1618,#1632,#1645,#1658,#1670,#1684,
#1697,#1710,#1725,#1743,#1758,#1771,#1784,#1797,#1810,#1823,#1836,#1851,#1871,
#1886,#1899,#1912,#1925,#1937,#1956,#1969,#1982,#1997,#2061,#2076,#2090,#2152,
#2165,#2178,#2191,#2203,#2216,#2229,#2242,#2255,#2268,#2281,#2294,#2307,#2320,
#2333,#2346,#2359,#2372,#2385,#2398,#2411,#2424,#2437,#2450,#2463,#2476,#2488,
#2505,#2518,#2533,#2597,#2612,#2624,#2687,#2700,#2713,#2726,#2739,#2752,#2765,
#2778,#2791,#2804,#2817,#2830,#2843,#2856,#2869,#2882,#2895,#2908,#2921,#2934,
#2947,#2960,#2973,#2986,#2999,#3012,#3024));
#3026=MANIFOLD_SOLID_BREP('',#3025);
#3028=DIMENSIONAL_EXPONENTS(0.E0,0.E0,0.E0,0.E0,0.E0,0.E0,0.E0);
#3030=PLANE_ANGLE_MEASURE_WITH_UNIT(PLANE_ANGLE_MEASURE(1.745329251994E-2),
#3029);
#3031=(CONVERSION_BASED_UNIT('DEGREE',#3030)NAMED_UNIT(*)PLANE_ANGLE_UNIT());
#3033=UNCERTAINTY_MEASURE_WITH_UNIT(LENGTH_MEASURE(1.608928387309E-1),#3027,
'closure',
'Maximum model space distance between geometric entities at asserted connectivities');
#3034=(GEOMETRIC_REPRESENTATION_CONTEXT(3)GLOBAL_UNCERTAINTY_ASSIGNED_CONTEXT((
#3033))GLOBAL_UNIT_ASSIGNED_CONTEXT((#3027,#3031,#3032))REPRESENTATION_CONTEXT(
'ID1','3'));
#3036=APPLICATION_CONTEXT(
'CONFIGURATION CONTROLLED 3D DESIGNS OF MECHANICAL PARTS AND ASSEMBLIES');
#3037=APPLICATION_PROTOCOL_DEFINITION('international standard',
'config_control_design',1994,#3036);
#3038=DESIGN_CONTEXT('',#3036,'design');
#3039=MECHANICAL_CONTEXT('',#3036,'mechanical');
#3040=PRODUCT('A101348','A101348','NOT SPECIFIED',(#3039));
#3041=PRODUCT_DEFINITION_FORMATION_WITH_SPECIFIED_SOURCE('1','LAST_VERSION',
#3040,.MADE.);
#3045=PRODUCT_CATEGORY('part','');
#3046=PRODUCT_RELATED_PRODUCT_CATEGORY('detail','',(#3040));
#3047=PRODUCT_CATEGORY_RELATIONSHIP('','',#3045,#3046);
#3048=SECURITY_CLASSIFICATION_LEVEL('unclassified');
#3049=SECURITY_CLASSIFICATION('','',#3048);
#3050=CC_DESIGN_SECURITY_CLASSIFICATION(#3049,(#3041));
#3051=APPROVAL_STATUS('approved');
#3052=APPROVAL(#3051,'');
#3053=CC_DESIGN_APPROVAL(#3052,(#3049,#3041,#3042));
#3054=CALENDAR_DATE(118,13,4);
#3055=COORDINATED_UNIVERSAL_TIME_OFFSET(3,0,.BEHIND.);
#3056=LOCAL_TIME(13,43,5.9E1,#3055);
#3057=DATE_AND_TIME(#3054,#3056);
#3058=APPROVAL_DATE_TIME(#3057,#3052);
#3059=DATE_TIME_ROLE('creation_date');
#3060=CC_DESIGN_DATE_AND_TIME_ASSIGNMENT(#3057,#3059,(#3042));
#3061=DATE_TIME_ROLE('classification_date');
#3062=CC_DESIGN_DATE_AND_TIME_ASSIGNMENT(#3057,#3061,(#3049));
#3063=PERSON('UNSPECIFIED','UNSPECIFIED',$,$,$,$);
#3064=ORGANIZATION('UNSPECIFIED','UNSPECIFIED','UNSPECIFIED');
#3065=PERSON_AND_ORGANIZATION(#3063,#3064);
#3066=APPROVAL_ROLE('approver');
#3067=APPROVAL_PERSON_ORGANIZATION(#3065,#3052,#3066);
#3068=PERSON_AND_ORGANIZATION_ROLE('creator');
#3069=CC_DESIGN_PERSON_AND_ORGANIZATION_ASSIGNMENT(#3065,#3068,(#3041,#3042));
#3070=PERSON_AND_ORGANIZATION_ROLE('design_supplier');
#3071=CC_DESIGN_PERSON_AND_ORGANIZATION_ASSIGNMENT(#3065,#3070,(#3041));
#3072=PERSON_AND_ORGANIZATION_ROLE('classification_officer');
#3073=CC_DESIGN_PERSON_AND_ORGANIZATION_ASSIGNMENT(#3065,#3072,(#3049));
#3074=PERSON_AND_ORGANIZATION_ROLE('design_owner');
#3075=CC_DESIGN_PERSON_AND_ORGANIZATION_ASSIGNMENT(#3065,#3074,(#3040));
#5=CIRCLE('',#4,4.1275E1);
#10=CIRCLE('',#9,4.1275E1);
#19=CIRCLE('',#18,2.54E1);
#28=CIRCLE('',#27,3.175E0);
#45=CIRCLE('',#44,6.35E0);
#50=CIRCLE('',#49,5.3975E1);
#55=CIRCLE('',#54,5.3975E1);
#60=CIRCLE('',#59,6.35E0);
#77=CIRCLE('',#76,3.175E0);
#86=CIRCLE('',#85,3.81E1);
#95=CIRCLE('',#94,3.81E1);
#112=CIRCLE('',#111,3.81E1);
#121=CIRCLE('',#120,3.81E1);
#130=CIRCLE('',#129,3.175E0);
#147=CIRCLE('',#146,6.35E0);
#152=CIRCLE('',#151,5.3975E1);
#157=CIRCLE('',#156,5.3975E1);
#162=CIRCLE('',#161,6.35E0);
#179=CIRCLE('',#178,3.175E0);
#188=CIRCLE('',#187,2.54E1);
#193=CIRCLE('',#192,4.1275E1);
#198=CIRCLE('',#197,4.1275E1);
#235=CIRCLE('',#234,1.27E1);
#240=CIRCLE('',#239,1.27E1);
#245=CIRCLE('',#244,1.27E1);
#254=CIRCLE('',#253,1.27E1);
#291=CIRCLE('',#290,1.27E1);
#296=CIRCLE('',#295,1.27E1);
#305=CIRCLE('',#304,1.27E1);
#310=CIRCLE('',#309,1.27E1);
#315=CIRCLE('',#314,1.27E1);
#340=CIRCLE('',#339,6.35E0);
#345=CIRCLE('',#344,6.35E0);
#350=CIRCLE('',#349,6.35E0);
#355=CIRCLE('',#354,6.35E0);
#364=CIRCLE('',#363,6.35E0);
#381=CIRCLE('',#380,2.54E1);
#390=CIRCLE('',#389,4.5E1);
#395=CIRCLE('',#394,3.175E0);
#404=CIRCLE('',#403,3.175E0);
#409=CIRCLE('',#408,2.E1);
#418=CIRCLE('',#417,2.E1);
#423=CIRCLE('',#422,3.175E0);
#432=CIRCLE('',#431,3.175E0);
#437=CIRCLE('',#436,2.E1);
#446=CIRCLE('',#445,2.E1);
#451=CIRCLE('',#450,3.175E0);
#460=CIRCLE('',#459,3.175E0);
#465=CIRCLE('',#464,2.E1);
#474=CIRCLE('',#473,2.E1);
#479=CIRCLE('',#478,3.175E0);
#488=CIRCLE('',#487,3.175E0);
#501=CIRCLE('',#500,3.175E0);
#514=CIRCLE('',#513,2.54E1);
#523=CIRCLE('',#522,3.175E0);
#536=CIRCLE('',#535,3.175E0);
#545=CIRCLE('',#544,3.175E0);
#550=CIRCLE('',#549,2.E1);
#559=CIRCLE('',#558,2.E1);
#564=CIRCLE('',#563,3.175E0);
#573=CIRCLE('',#572,3.175E0);
#578=CIRCLE('',#577,2.E1);
#587=CIRCLE('',#586,2.E1);
#592=CIRCLE('',#591,3.175E0);
#601=CIRCLE('',#600,3.175E0);
#606=CIRCLE('',#605,2.E1);
#615=CIRCLE('',#614,2.E1);
#620=CIRCLE('',#619,3.175E0);
#629=CIRCLE('',#628,3.175E0);
#634=CIRCLE('',#633,4.5E1);
#751=CIRCLE('',#750,6.35E0);
#756=CIRCLE('',#755,6.35E0);
#765=CIRCLE('',#764,6.35E0);
#770=CIRCLE('',#769,6.35E0);
#787=CIRCLE('',#786,3.175E0);
#796=CIRCLE('',#795,3.175E0);
#801=CIRCLE('',#800,2.E1);
#810=CIRCLE('',#809,2.E1);
#815=CIRCLE('',#814,3.175E0);
#824=CIRCLE('',#823,3.175E0);
#829=CIRCLE('',#828,2.E1);
#838=CIRCLE('',#837,2.E1);
#843=CIRCLE('',#842,3.175E0);
#852=CIRCLE('',#851,3.175E0);
#857=CIRCLE('',#856,2.E1);
#866=CIRCLE('',#865,2.E1);
#871=CIRCLE('',#870,3.175E0);
#880=CIRCLE('',#879,3.175E0);
#885=CIRCLE('',#884,4.5E1);
#894=CIRCLE('',#893,2.54E1);
#903=CIRCLE('',#902,3.175E0);
#928=CIRCLE('',#927,3.175E0);
#937=CIRCLE('',#936,2.54E1);
#946=CIRCLE('',#945,4.5E1);
#951=CIRCLE('',#950,3.175E0);
#960=CIRCLE('',#959,3.175E0);
#965=CIRCLE('',#964,2.E1);
#974=CIRCLE('',#973,2.E1);
#979=CIRCLE('',#978,3.175E0);
#988=CIRCLE('',#987,3.175E0);
#993=CIRCLE('',#992,2.E1);
#1002=CIRCLE('',#1001,2.E1);
#1007=CIRCLE('',#1006,3.175E0);
#1016=CIRCLE('',#1015,3.175E0);
#1021=CIRCLE('',#1020,2.E1);
#1030=CIRCLE('',#1029,2.E1);
#1035=CIRCLE('',#1034,3.175E0);
#1044=CIRCLE('',#1043,3.175E0);
#1490=EDGE_CURVE('',#1379,#1380,#14,.T.);
#1492=EDGE_CURVE('',#1379,#1392,#19,.T.);
#1494=EDGE_CURVE('',#1390,#1392,#23,.T.);
#1496=EDGE_CURVE('',#1388,#1390,#28,.T.);
#1498=EDGE_CURVE('',#1387,#1388,#32,.T.);
#1500=EDGE_CURVE('',#1414,#1387,#36,.T.);
#1502=EDGE_CURVE('',#1414,#1412,#40,.T.);
#1504=EDGE_CURVE('',#1412,#1410,#45,.T.);
#1506=EDGE_CURVE('',#1408,#1410,#50,.T.);
#1508=EDGE_CURVE('',#1406,#1408,#55,.T.);
#1510=EDGE_CURVE('',#1406,#1404,#60,.T.);
#1512=EDGE_CURVE('',#1403,#1404,#64,.T.);
#1514=EDGE_CURVE('',#1403,#1384,#68,.T.);
#1516=EDGE_CURVE('',#1384,#1382,#72,.T.);
#1518=EDGE_CURVE('',#1380,#1382,#77,.T.);
#1522=EDGE_CURVE('',#1375,#1376,#5,.T.);
#1524=EDGE_CURVE('',#1376,#1375,#10,.T.);
#1528=EDGE_CURVE('',#1395,#1396,#81,.T.);
#1530=EDGE_CURVE('',#1395,#1400,#86,.T.);
#1532=EDGE_CURVE('',#1398,#1400,#90,.T.);
#1534=EDGE_CURVE('',#1398,#1396,#95,.T.);
#1545=EDGE_CURVE('',#1375,#1431,#99,.T.);
#1547=EDGE_CURVE('',#1431,#1432,#193,.T.);
#1549=EDGE_CURVE('',#1376,#1432,#103,.T.);
#1561=EDGE_CURVE('',#1432,#1431,#198,.T.);
#1572=EDGE_CURVE('',#1435,#1436,#125,.T.);
#1574=EDGE_CURVE('',#1436,#1438,#130,.T.);
#1576=EDGE_CURVE('',#1440,#1438,#134,.T.);
#1578=EDGE_CURVE('',#1459,#1440,#138,.T.);
#1580=EDGE_CURVE('',#1459,#1460,#142,.T.);
#1582=EDGE_CURVE('',#1462,#1460,#147,.T.);
#1584=EDGE_CURVE('',#1462,#1464,#152,.T.);
#1586=EDGE_CURVE('',#1464,#1466,#157,.T.);
#1588=EDGE_CURVE('',#1468,#1466,#162,.T.);
#1590=EDGE_CURVE('',#1470,#1468,#166,.T.);
#1592=EDGE_CURVE('',#1470,#1443,#170,.T.);
#1594=EDGE_CURVE('',#1443,#1444,#174,.T.);
#1596=EDGE_CURVE('',#1444,#1446,#179,.T.);
#1598=EDGE_CURVE('',#1446,#1448,#183,.T.);
#1600=EDGE_CURVE('',#1435,#1448,#188,.T.);
#1604=EDGE_CURVE('',#1451,#1452,#107,.T.);
#1606=EDGE_CURVE('',#1454,#1452,#112,.T.);
#1608=EDGE_CURVE('',#1454,#1456,#116,.T.);
#1610=EDGE_CURVE('',#1451,#1456,#121,.T.);
#1625=EDGE_CURVE('',#1396,#1452,#202,.T.);
#1628=EDGE_CURVE('',#1395,#1451,#214,.T.);
#1639=EDGE_CURVE('',#1398,#1454,#206,.T.);
#1652=EDGE_CURVE('',#1400,#1456,#210,.T.);
#1677=EDGE_CURVE('',#1380,#1436,#218,.T.);
#1680=EDGE_CURVE('',#1379,#1435,#335,.T.);
#1691=EDGE_CURVE('',#1382,#1438,#222,.T.);
#1704=EDGE_CURVE('',#1384,#1440,#226,.T.);
#1716=EDGE_CURVE('',#1384,#1426,#235,.T.);
#1718=EDGE_CURVE('',#1426,#1482,#230,.T.);
#1720=EDGE_CURVE('',#1440,#1482,#751,.T.);
#1733=EDGE_CURVE('',#1403,#1428,#240,.T.);
#1735=EDGE_CURVE('',#1428,#1423,#245,.T.);
#1737=EDGE_CURVE('',#1423,#1259,#249,.T.);
#1739=EDGE_CURVE('',#1426,#1259,#254,.T.);
#1750=EDGE_CURVE('',#1403,#1459,#258,.T.);
#1752=EDGE_CURVE('',#1459,#1484,#770,.T.);
#1754=EDGE_CURVE('',#1428,#1484,#915,.T.);
#1765=EDGE_CURVE('',#1404,#1460,#262,.T.);
#1778=EDGE_CURVE('',#1406,#1462,#266,.T.);
#1791=EDGE_CURVE('',#1408,#1464,#270,.T.);
#1804=EDGE_CURVE('',#1410,#1466,#274,.T.);
#1817=EDGE_CURVE('',#1412,#1468,#278,.T.);
#1830=EDGE_CURVE('',#1414,#1470,#282,.T.);
#1842=EDGE_CURVE('',#1414,#1418,#315,.T.);
#1844=EDGE_CURVE('',#1418,#1474,#286,.T.);
#1846=EDGE_CURVE('',#1470,#1474,#345,.T.);
#1857=EDGE_CURVE('',#1387,#1416,#291,.T.);
#1859=EDGE_CURVE('',#1416,#1151,#296,.T.);
#1861=EDGE_CURVE('',#1202,#1151,#300,.T.);
#1863=EDGE_CURVE('',#1420,#1202,#305,.T.);
#1865=EDGE_CURVE('',#1418,#1420,#310,.T.);
#1878=EDGE_CURVE('',#1387,#1443,#319,.T.);
#1880=EDGE_CURVE('',#1443,#1472,#340,.T.);
#1882=EDGE_CURVE('',#1416,#1472,#658,.T.);
#1893=EDGE_CURVE('',#1388,#1444,#323,.T.);
#1906=EDGE_CURVE('',#1390,#1446,#327,.T.);
#1919=EDGE_CURVE('',#1392,#1448,#331,.T.);
#1946=EDGE_CURVE('',#1474,#1476,#350,.T.);
#1948=EDGE_CURVE('',#1476,#1256,#355,.T.);
#1950=EDGE_CURVE('',#1256,#1205,#359,.T.);
#1952=EDGE_CURVE('',#1472,#1205,#364,.T.);
#1963=EDGE_CURVE('',#1420,#1476,#368,.T.);
#1977=EDGE_CURVE('',#1202,#1256,#372,.T.);
#1988=EDGE_CURVE('',#1202,#1200,#492,.T.);
#1990=EDGE_CURVE('',#1200,#1254,#376,.T.);
#1992=EDGE_CURVE('',#1256,#1254,#531,.T.);
#2003=EDGE_CURVE('',#1370,#1368,#381,.T.);
#2005=EDGE_CURVE('',#1368,#1157,#385,.T.);
#2007=EDGE_CURVE('',#1157,#1158,#390,.T.);
#2009=EDGE_CURVE('',#1158,#1160,#395,.T.);
#2011=EDGE_CURVE('',#1160,#1162,#399,.T.);
#2013=EDGE_CURVE('',#1162,#1164,#404,.T.);
#2015=EDGE_CURVE('',#1166,#1164,#409,.T.);
#2017=EDGE_CURVE('',#1166,#1168,#413,.T.);
#2019=EDGE_CURVE('',#1170,#1168,#418,.T.);
#2021=EDGE_CURVE('',#1170,#1172,#423,.T.);
#2023=EDGE_CURVE('',#1172,#1174,#427,.T.);
#2025=EDGE_CURVE('',#1174,#1176,#432,.T.);
#2027=EDGE_CURVE('',#1178,#1176,#437,.T.);
#2029=EDGE_CURVE('',#1178,#1180,#441,.T.);
#2031=EDGE_CURVE('',#1182,#1180,#446,.T.);
#2033=EDGE_CURVE('',#1182,#1184,#451,.T.);
#2035=EDGE_CURVE('',#1184,#1186,#455,.T.);
#2037=EDGE_CURVE('',#1186,#1188,#460,.T.);
#2039=EDGE_CURVE('',#1190,#1188,#465,.T.);
#2041=EDGE_CURVE('',#1190,#1192,#469,.T.);
#2043=EDGE_CURVE('',#1194,#1192,#474,.T.);
#2045=EDGE_CURVE('',#1194,#1196,#479,.T.);
#2047=EDGE_CURVE('',#1196,#1198,#483,.T.);
#2049=EDGE_CURVE('',#1198,#1200,#488,.T.);
#2053=EDGE_CURVE('',#1151,#1152,#496,.T.);
#2055=EDGE_CURVE('',#1154,#1152,#501,.T.);
#2057=EDGE_CURVE('',#1154,#1370,#505,.T.);
#2067=EDGE_CURVE('',#1367,#1368,#509,.T.);
#2070=EDGE_CURVE('',#1372,#1370,#642,.T.);
#2072=EDGE_CURVE('',#1367,#1372,#514,.T.);
#2083=EDGE_CURVE('',#1367,#1211,#638,.T.);
#2085=EDGE_CURVE('',#1157,#1211,#746,.T.);
#2097=EDGE_CURVE('',#1208,#1372,#518,.T.);
#2099=EDGE_CURVE('',#1208,#1206,#523,.T.);
#2101=EDGE_CURVE('',#1205,#1206,#527,.T.);
#2105=EDGE_CURVE('',#1252,#1254,#536,.T.);
#2107=EDGE_CURVE('',#1250,#1252,#540,.T.);
#2109=EDGE_CURVE('',#1248,#1250,#545,.T.);
#2111=EDGE_CURVE('',#1248,#1246,#550,.T.);
#2113=EDGE_CURVE('',#1244,#1246,#554,.T.);
#2115=EDGE_CURVE('',#1244,#1242,#559,.T.);
#2117=EDGE_CURVE('',#1240,#1242,#564,.T.);
#2119=EDGE_CURVE('',#1238,#1240,#568,.T.);
#2121=EDGE_CURVE('',#1236,#1238,#573,.T.);
#2123=EDGE_CURVE('',#1236,#1234,#578,.T.);
#2125=EDGE_CURVE('',#1232,#1234,#582,.T.);
#2127=EDGE_CURVE('',#1232,#1230,#587,.T.);
#2129=EDGE_CURVE('',#1228,#1230,#592,.T.);
#2131=EDGE_CURVE('',#1226,#1228,#596,.T.);
#2133=EDGE_CURVE('',#1224,#1226,#601,.T.);
#2135=EDGE_CURVE('',#1224,#1222,#606,.T.);
#2137=EDGE_CURVE('',#1220,#1222,#610,.T.);
#2139=EDGE_CURVE('',#1220,#1218,#615,.T.);
#2141=EDGE_CURVE('',#1216,#1218,#620,.T.);
#2143=EDGE_CURVE('',#1214,#1216,#624,.T.);
#2145=EDGE_CURVE('',#1212,#1214,#629,.T.);
#2147=EDGE_CURVE('',#1211,#1212,#634,.T.);
#2160=EDGE_CURVE('',#1154,#1208,#646,.T.);
#2172=EDGE_CURVE('',#1152,#1206,#650,.T.);
#2185=EDGE_CURVE('',#1151,#1205,#654,.T.);
#2210=EDGE_CURVE('',#1198,#1252,#662,.T.);
#2223=EDGE_CURVE('',#1196,#1250,#666,.T.);
#2236=EDGE_CURVE('',#1194,#1248,#670,.T.);
#2249=EDGE_CURVE('',#1192,#1246,#674,.T.);
#2262=EDGE_CURVE('',#1190,#1244,#678,.T.);
#2275=EDGE_CURVE('',#1188,#1242,#682,.T.);
#2288=EDGE_CURVE('',#1186,#1240,#686,.T.);
#2301=EDGE_CURVE('',#1184,#1238,#690,.T.);
#2314=EDGE_CURVE('',#1182,#1236,#694,.T.);
#2327=EDGE_CURVE('',#1180,#1234,#698,.T.);
#2340=EDGE_CURVE('',#1178,#1232,#702,.T.);
#2353=EDGE_CURVE('',#1176,#1230,#706,.T.);
#2366=EDGE_CURVE('',#1174,#1228,#710,.T.);
#2379=EDGE_CURVE('',#1172,#1226,#714,.T.);
#2392=EDGE_CURVE('',#1170,#1224,#718,.T.);
#2405=EDGE_CURVE('',#1168,#1222,#722,.T.);
#2418=EDGE_CURVE('',#1166,#1220,#726,.T.);
#2431=EDGE_CURVE('',#1164,#1218,#730,.T.);
#2444=EDGE_CURVE('',#1162,#1216,#734,.T.);
#2457=EDGE_CURVE('',#1160,#1214,#738,.T.);
#2470=EDGE_CURVE('',#1158,#1212,#742,.T.);
#2495=EDGE_CURVE('',#1482,#1260,#756,.T.);
#2497=EDGE_CURVE('',#1479,#1260,#760,.T.);
#2499=EDGE_CURVE('',#1484,#1479,#765,.T.);
#2513=EDGE_CURVE('',#1259,#1260,#774,.T.);
#2524=EDGE_CURVE('',#1259,#1262,#907,.T.);
#2526=EDGE_CURVE('',#1262,#1310,#778,.T.);
#2528=EDGE_CURVE('',#1260,#1310,#923,.T.);
#2539=EDGE_CURVE('',#1423,#1424,#782,.T.);
#2541=EDGE_CURVE('',#1308,#1424,#787,.T.);
#2543=EDGE_CURVE('',#1306,#1308,#791,.T.);
#2545=EDGE_CURVE('',#1304,#1306,#796,.T.);
#2547=EDGE_CURVE('',#1304,#1302,#801,.T.);
#2549=EDGE_CURVE('',#1300,#1302,#805,.T.);
#2551=EDGE_CURVE('',#1300,#1298,#810,.T.);
#2553=EDGE_CURVE('',#1296,#1298,#815,.T.);
#2555=EDGE_CURVE('',#1294,#1296,#819,.T.);
#2557=EDGE_CURVE('',#1292,#1294,#824,.T.);
#2559=EDGE_CURVE('',#1292,#1290,#829,.T.);
#2561=EDGE_CURVE('',#1288,#1290,#833,.T.);
#2563=EDGE_CURVE('',#1288,#1286,#838,.T.);
#2565=EDGE_CURVE('',#1284,#1286,#843,.T.);
#2567=EDGE_CURVE('',#1282,#1284,#847,.T.);
#2569=EDGE_CURVE('',#1280,#1282,#852,.T.);
#2571=EDGE_CURVE('',#1280,#1278,#857,.T.);
#2573=EDGE_CURVE('',#1276,#1278,#861,.T.);
#2575=EDGE_CURVE('',#1276,#1274,#866,.T.);
#2577=EDGE_CURVE('',#1272,#1274,#871,.T.);
#2579=EDGE_CURVE('',#1270,#1272,#875,.T.);
#2581=EDGE_CURVE('',#1268,#1270,#880,.T.);
#2583=EDGE_CURVE('',#1267,#1268,#885,.T.);
#2585=EDGE_CURVE('',#1362,#1267,#889,.T.);
#2587=EDGE_CURVE('',#1362,#1360,#894,.T.);
#2589=EDGE_CURVE('',#1264,#1360,#898,.T.);
#2591=EDGE_CURVE('',#1264,#1262,#903,.T.);
#2604=EDGE_CURVE('',#1423,#1479,#911,.T.);
#2606=EDGE_CURVE('',#1479,#1480,#919,.T.);
#2608=EDGE_CURVE('',#1424,#1480,#1148,.T.);
#2633=EDGE_CURVE('',#1312,#1310,#928,.T.);
#2635=EDGE_CURVE('',#1312,#1359,#932,.T.);
#2637=EDGE_CURVE('',#1359,#1364,#937,.T.);
#2639=EDGE_CURVE('',#1364,#1315,#941,.T.);
#2641=EDGE_CURVE('',#1315,#1316,#946,.T.);
#2643=EDGE_CURVE('',#1316,#1318,#951,.T.);
#2645=EDGE_CURVE('',#1318,#1320,#955,.T.);
#2647=EDGE_CURVE('',#1320,#1322,#960,.T.);
#2649=EDGE_CURVE('',#1324,#1322,#965,.T.);
#2651=EDGE_CURVE('',#1324,#1326,#969,.T.);
#2653=EDGE_CURVE('',#1328,#1326,#974,.T.);
#2655=EDGE_CURVE('',#1328,#1330,#979,.T.);
#2657=EDGE_CURVE('',#1330,#1332,#983,.T.);
#2659=EDGE_CURVE('',#1332,#1334,#988,.T.);
#2661=EDGE_CURVE('',#1336,#1334,#993,.T.);
#2663=EDGE_CURVE('',#1336,#1338,#997,.T.);
#2665=EDGE_CURVE('',#1340,#1338,#1002,.T.);
#2667=EDGE_CURVE('',#1340,#1342,#1007,.T.);
#2669=EDGE_CURVE('',#1342,#1344,#1011,.T.);
#2671=EDGE_CURVE('',#1344,#1346,#1016,.T.);
#2673=EDGE_CURVE('',#1348,#1346,#1021,.T.);
#2675=EDGE_CURVE('',#1348,#1350,#1025,.T.);
#2677=EDGE_CURVE('',#1352,#1350,#1030,.T.);
#2679=EDGE_CURVE('',#1352,#1354,#1035,.T.);
#2681=EDGE_CURVE('',#1354,#1356,#1039,.T.);
#2683=EDGE_CURVE('',#1356,#1480,#1044,.T.);
#2694=EDGE_CURVE('',#1264,#1312,#1048,.T.);
#2706=EDGE_CURVE('',#1359,#1360,#1052,.T.);
#2721=EDGE_CURVE('',#1364,#1362,#1056,.T.);
#2734=EDGE_CURVE('',#1267,#1315,#1060,.T.);
#2746=EDGE_CURVE('',#1268,#1316,#1064,.T.);
#2759=EDGE_CURVE('',#1270,#1318,#1068,.T.);
#2772=EDGE_CURVE('',#1272,#1320,#1072,.T.);
#2785=EDGE_CURVE('',#1274,#1322,#1076,.T.);
#2798=EDGE_CURVE('',#1276,#1324,#1080,.T.);
#2811=EDGE_CURVE('',#1278,#1326,#1084,.T.);
#2824=EDGE_CURVE('',#1280,#1328,#1088,.T.);
#2837=EDGE_CURVE('',#1282,#1330,#1092,.T.);
#2850=EDGE_CURVE('',#1284,#1332,#1096,.T.);
#2863=EDGE_CURVE('',#1286,#1334,#1100,.T.);
#2876=EDGE_CURVE('',#1288,#1336,#1104,.T.);
#2889=EDGE_CURVE('',#1290,#1338,#1108,.T.);
#2902=EDGE_CURVE('',#1292,#1340,#1112,.T.);
#2915=EDGE_CURVE('',#1294,#1342,#1116,.T.);
#2928=EDGE_CURVE('',#1296,#1344,#1120,.T.);
#2941=EDGE_CURVE('',#1298,#1346,#1124,.T.);
#2954=EDGE_CURVE('',#1300,#1348,#1128,.T.);
#2967=EDGE_CURVE('',#1302,#1350,#1132,.T.);
#2980=EDGE_CURVE('',#1304,#1352,#1136,.T.);
#2993=EDGE_CURVE('',#1306,#1354,#1140,.T.);
#3006=EDGE_CURVE('',#1308,#1356,#1144,.T.);
#3027=(LENGTH_UNIT()NAMED_UNIT(*)SI_UNIT(.MILLI.,.METRE.));
#3029=(NAMED_UNIT(*)PLANE_ANGLE_UNIT()SI_UNIT($,.RADIAN.));
#3032=(NAMED_UNIT(*)SI_UNIT($,.STERADIAN.)SOLID_ANGLE_UNIT());
#3035=ADVANCED_BREP_SHAPE_REPRESENTATION('',(#3026),#3034);
#3042=PRODUCT_DEFINITION('design','',#3041,#3038);
#3043=PRODUCT_DEFINITION_SHAPE('','SHAPE FOR A101348.',#3042);
#3044=SHAPE_DEFINITION_REPRESENTATION(#3043,#3035);
ENDSEC;
END-ISO-10303-21;
