ISO-10303-21;
HEADER;
/* Generated by software containing ST-Developer
 * from STEP Tools, Inc. (www.steptools.com) 
 */

FILE_DESCRIPTION(
/* description */ ('Winkel01'),
/* implementation_level */ '2;1');

FILE_NAME(
/* name */ 
'P:\\st-gallen\\9_Technik\\_PROJEKT\\abgeschlossen\\BMW\\assg1226 - Mi
racle Tray (B3x-B4x)\\9. CAD-Daten\\9.2. Auftrags-Daten\\B4x\\Inlet B4
x\\2013 08 22 - Inlet B4x - FT02\\AIP\\Step Winkel\\ass120726_B4x_Wink
el01-06A.stp',
/* time_stamp */ '2014-07-03T10:14:02+02:00',
/* author */ ('atralglae'),
/* organization */ ('BMW'),
/* preprocessor_version */ 'ST-DEVELOPER v15.2',
/* originating_system */ 'Autodesk Inventor 2014',
/* authorisation */ '');

FILE_SCHEMA (('AUTOMOTIVE_DESIGN { 1 0 10303 214 3 1 1 }'));
ENDSEC;

DATA;
#10=SHAPE_REPRESENTATION_RELATIONSHIP('SRR','None',#5799,#11);
#11=ADVANCED_BREP_SHAPE_REPRESENTATION($,(#3540),#5790);
#12=FACE_BOUND($,#344,.T.);
#13=FACE_BOUND($,#345,.T.);
#14=FACE_BOUND($,#346,.T.);
#15=FACE_BOUND($,#347,.T.);
#16=FACE_BOUND($,#349,.T.);
#17=FACE_BOUND($,#350,.T.);
#18=FACE_BOUND($,#351,.T.);
#19=FACE_BOUND($,#352,.T.);
#20=FACE_BOUND($,#456,.T.);
#21=FACE_BOUND($,#458,.T.);
#22=FACE_BOUND($,#463,.T.);
#23=FACE_BOUND($,#465,.T.);
#24=PLANE($,#3554);
#25=PLANE($,#3561);
#26=PLANE($,#3568);
#27=PLANE($,#3572);
#28=PLANE($,#3576);
#29=PLANE($,#3577);
#30=PLANE($,#3590);
#31=PLANE($,#3593);
#32=PLANE($,#3596);
#33=PLANE($,#3597);
#34=PLANE($,#3610);
#35=PLANE($,#3617);
#36=PLANE($,#3618);
#37=PLANE($,#3621);
#38=PLANE($,#3622);
#39=PLANE($,#3629);
#40=PLANE($,#3630);
#41=PLANE($,#3631);
#42=PLANE($,#3632);
#43=PLANE($,#3633);
#44=PLANE($,#3634);
#45=PLANE($,#3635);
#46=PLANE($,#3636);
#47=PLANE($,#3637);
#48=PLANE($,#3638);
#49=PLANE($,#3639);
#50=PLANE($,#3640);
#51=PLANE($,#3641);
#52=PLANE($,#3642);
#53=PLANE($,#3643);
#54=PLANE($,#3644);
#55=PLANE($,#3645);
#56=PLANE($,#3648);
#57=PLANE($,#3654);
#58=PLANE($,#3660);
#59=PLANE($,#3663);
#60=PLANE($,#3664);
#61=PLANE($,#3671);
#62=PLANE($,#3678);
#63=PLANE($,#3679);
#64=PLANE($,#3688);
#65=PLANE($,#3689);
#66=PLANE($,#3690);
#67=PLANE($,#3691);
#68=PLANE($,#3692);
#69=PLANE($,#3693);
#70=PLANE($,#3694);
#71=PLANE($,#3695);
#72=PLANE($,#3696);
#73=PLANE($,#3697);
#74=PLANE($,#3698);
#75=PLANE($,#3701);
#76=PLANE($,#3706);
#77=PLANE($,#3707);
#78=PLANE($,#3710);
#79=PLANE($,#3711);
#80=PLANE($,#3712);
#81=PLANE($,#3713);
#82=PLANE($,#3718);
#83=PLANE($,#3724);
#84=PLANE($,#3727);
#85=PLANE($,#3730);
#86=PLANE($,#3735);
#87=PLANE($,#3736);
#88=PLANE($,#3739);
#89=PLANE($,#3742);
#90=PLANE($,#3751);
#91=PLANE($,#3761);
#92=PLANE($,#3762);
#93=PLANE($,#3763);
#94=PLANE($,#3764);
#95=PLANE($,#3765);
#96=PLANE($,#3766);
#97=PLANE($,#3767);
#98=PLANE($,#3768);
#99=PLANE($,#3772);
#100=PLANE($,#3774);
#101=PLANE($,#3778);
#102=PLANE($,#3779);
#103=PLANE($,#3780);
#104=PLANE($,#3785);
#105=PLANE($,#3794);
#106=PLANE($,#3805);
#107=PLANE($,#3806);
#108=PLANE($,#3807);
#109=PLANE($,#3808);
#110=PLANE($,#3809);
#111=PLANE($,#3810);
#112=PLANE($,#3811);
#113=PLANE($,#3812);
#114=PLANE($,#3813);
#115=PLANE($,#3814);
#116=PLANE($,#3815);
#117=PLANE($,#3819);
#118=PLANE($,#3821);
#119=PLANE($,#3830);
#120=PLANE($,#3831);
#121=PLANE($,#3832);
#122=PLANE($,#3835);
#123=PLANE($,#3836);
#124=PLANE($,#3837);
#125=FACE_OUTER_BOUND($,#291,.T.);
#126=FACE_OUTER_BOUND($,#292,.T.);
#127=FACE_OUTER_BOUND($,#293,.T.);
#128=FACE_OUTER_BOUND($,#294,.T.);
#129=FACE_OUTER_BOUND($,#295,.T.);
#130=FACE_OUTER_BOUND($,#296,.T.);
#131=FACE_OUTER_BOUND($,#297,.T.);
#132=FACE_OUTER_BOUND($,#298,.T.);
#133=FACE_OUTER_BOUND($,#299,.T.);
#134=FACE_OUTER_BOUND($,#300,.T.);
#135=FACE_OUTER_BOUND($,#301,.T.);
#136=FACE_OUTER_BOUND($,#302,.T.);
#137=FACE_OUTER_BOUND($,#303,.T.);
#138=FACE_OUTER_BOUND($,#304,.T.);
#139=FACE_OUTER_BOUND($,#305,.T.);
#140=FACE_OUTER_BOUND($,#306,.T.);
#141=FACE_OUTER_BOUND($,#307,.T.);
#142=FACE_OUTER_BOUND($,#308,.T.);
#143=FACE_OUTER_BOUND($,#309,.T.);
#144=FACE_OUTER_BOUND($,#310,.T.);
#145=FACE_OUTER_BOUND($,#311,.T.);
#146=FACE_OUTER_BOUND($,#312,.T.);
#147=FACE_OUTER_BOUND($,#313,.T.);
#148=FACE_OUTER_BOUND($,#314,.T.);
#149=FACE_OUTER_BOUND($,#315,.T.);
#150=FACE_OUTER_BOUND($,#316,.T.);
#151=FACE_OUTER_BOUND($,#317,.T.);
#152=FACE_OUTER_BOUND($,#318,.T.);
#153=FACE_OUTER_BOUND($,#319,.T.);
#154=FACE_OUTER_BOUND($,#320,.T.);
#155=FACE_OUTER_BOUND($,#321,.T.);
#156=FACE_OUTER_BOUND($,#322,.T.);
#157=FACE_OUTER_BOUND($,#323,.T.);
#158=FACE_OUTER_BOUND($,#324,.T.);
#159=FACE_OUTER_BOUND($,#325,.T.);
#160=FACE_OUTER_BOUND($,#326,.T.);
#161=FACE_OUTER_BOUND($,#327,.T.);
#162=FACE_OUTER_BOUND($,#328,.T.);
#163=FACE_OUTER_BOUND($,#329,.T.);
#164=FACE_OUTER_BOUND($,#330,.T.);
#165=FACE_OUTER_BOUND($,#331,.T.);
#166=FACE_OUTER_BOUND($,#332,.T.);
#167=FACE_OUTER_BOUND($,#333,.T.);
#168=FACE_OUTER_BOUND($,#334,.T.);
#169=FACE_OUTER_BOUND($,#335,.T.);
#170=FACE_OUTER_BOUND($,#336,.T.);
#171=FACE_OUTER_BOUND($,#337,.T.);
#172=FACE_OUTER_BOUND($,#338,.T.);
#173=FACE_OUTER_BOUND($,#339,.T.);
#174=FACE_OUTER_BOUND($,#340,.T.);
#175=FACE_OUTER_BOUND($,#341,.T.);
#176=FACE_OUTER_BOUND($,#342,.T.);
#177=FACE_OUTER_BOUND($,#343,.T.);
#178=FACE_OUTER_BOUND($,#348,.T.);
#179=FACE_OUTER_BOUND($,#353,.T.);
#180=FACE_OUTER_BOUND($,#354,.T.);
#181=FACE_OUTER_BOUND($,#355,.T.);
#182=FACE_OUTER_BOUND($,#356,.T.);
#183=FACE_OUTER_BOUND($,#357,.T.);
#184=FACE_OUTER_BOUND($,#358,.T.);
#185=FACE_OUTER_BOUND($,#359,.T.);
#186=FACE_OUTER_BOUND($,#360,.T.);
#187=FACE_OUTER_BOUND($,#361,.T.);
#188=FACE_OUTER_BOUND($,#362,.T.);
#189=FACE_OUTER_BOUND($,#363,.T.);
#190=FACE_OUTER_BOUND($,#364,.T.);
#191=FACE_OUTER_BOUND($,#365,.T.);
#192=FACE_OUTER_BOUND($,#366,.T.);
#193=FACE_OUTER_BOUND($,#367,.T.);
#194=FACE_OUTER_BOUND($,#368,.T.);
#195=FACE_OUTER_BOUND($,#369,.T.);
#196=FACE_OUTER_BOUND($,#370,.T.);
#197=FACE_OUTER_BOUND($,#371,.T.);
#198=FACE_OUTER_BOUND($,#372,.T.);
#199=FACE_OUTER_BOUND($,#373,.T.);
#200=FACE_OUTER_BOUND($,#374,.T.);
#201=FACE_OUTER_BOUND($,#375,.T.);
#202=FACE_OUTER_BOUND($,#376,.T.);
#203=FACE_OUTER_BOUND($,#377,.T.);
#204=FACE_OUTER_BOUND($,#378,.T.);
#205=FACE_OUTER_BOUND($,#379,.T.);
#206=FACE_OUTER_BOUND($,#380,.T.);
#207=FACE_OUTER_BOUND($,#381,.T.);
#208=FACE_OUTER_BOUND($,#382,.T.);
#209=FACE_OUTER_BOUND($,#383,.T.);
#210=FACE_OUTER_BOUND($,#384,.T.);
#211=FACE_OUTER_BOUND($,#385,.T.);
#212=FACE_OUTER_BOUND($,#386,.T.);
#213=FACE_OUTER_BOUND($,#387,.T.);
#214=FACE_OUTER_BOUND($,#388,.T.);
#215=FACE_OUTER_BOUND($,#389,.T.);
#216=FACE_OUTER_BOUND($,#390,.T.);
#217=FACE_OUTER_BOUND($,#391,.T.);
#218=FACE_OUTER_BOUND($,#392,.T.);
#219=FACE_OUTER_BOUND($,#393,.T.);
#220=FACE_OUTER_BOUND($,#394,.T.);
#221=FACE_OUTER_BOUND($,#395,.T.);
#222=FACE_OUTER_BOUND($,#396,.T.);
#223=FACE_OUTER_BOUND($,#397,.T.);
#224=FACE_OUTER_BOUND($,#398,.T.);
#225=FACE_OUTER_BOUND($,#399,.T.);
#226=FACE_OUTER_BOUND($,#400,.T.);
#227=FACE_OUTER_BOUND($,#401,.T.);
#228=FACE_OUTER_BOUND($,#402,.T.);
#229=FACE_OUTER_BOUND($,#403,.T.);
#230=FACE_OUTER_BOUND($,#404,.T.);
#231=FACE_OUTER_BOUND($,#405,.T.);
#232=FACE_OUTER_BOUND($,#406,.T.);
#233=FACE_OUTER_BOUND($,#407,.T.);
#234=FACE_OUTER_BOUND($,#408,.T.);
#235=FACE_OUTER_BOUND($,#409,.T.);
#236=FACE_OUTER_BOUND($,#410,.T.);
#237=FACE_OUTER_BOUND($,#411,.T.);
#238=FACE_OUTER_BOUND($,#412,.T.);
#239=FACE_OUTER_BOUND($,#413,.T.);
#240=FACE_OUTER_BOUND($,#414,.T.);
#241=FACE_OUTER_BOUND($,#415,.T.);
#242=FACE_OUTER_BOUND($,#416,.T.);
#243=FACE_OUTER_BOUND($,#417,.T.);
#244=FACE_OUTER_BOUND($,#418,.T.);
#245=FACE_OUTER_BOUND($,#419,.T.);
#246=FACE_OUTER_BOUND($,#420,.T.);
#247=FACE_OUTER_BOUND($,#421,.T.);
#248=FACE_OUTER_BOUND($,#422,.T.);
#249=FACE_OUTER_BOUND($,#423,.T.);
#250=FACE_OUTER_BOUND($,#424,.T.);
#251=FACE_OUTER_BOUND($,#425,.T.);
#252=FACE_OUTER_BOUND($,#426,.T.);
#253=FACE_OUTER_BOUND($,#427,.T.);
#254=FACE_OUTER_BOUND($,#428,.T.);
#255=FACE_OUTER_BOUND($,#429,.T.);
#256=FACE_OUTER_BOUND($,#430,.T.);
#257=FACE_OUTER_BOUND($,#431,.T.);
#258=FACE_OUTER_BOUND($,#432,.T.);
#259=FACE_OUTER_BOUND($,#433,.T.);
#260=FACE_OUTER_BOUND($,#434,.T.);
#261=FACE_OUTER_BOUND($,#435,.T.);
#262=FACE_OUTER_BOUND($,#436,.T.);
#263=FACE_OUTER_BOUND($,#437,.T.);
#264=FACE_OUTER_BOUND($,#438,.T.);
#265=FACE_OUTER_BOUND($,#439,.T.);
#266=FACE_OUTER_BOUND($,#440,.T.);
#267=FACE_OUTER_BOUND($,#441,.T.);
#268=FACE_OUTER_BOUND($,#442,.T.);
#269=FACE_OUTER_BOUND($,#443,.T.);
#270=FACE_OUTER_BOUND($,#444,.T.);
#271=FACE_OUTER_BOUND($,#445,.T.);
#272=FACE_OUTER_BOUND($,#446,.T.);
#273=FACE_OUTER_BOUND($,#447,.T.);
#274=FACE_OUTER_BOUND($,#448,.T.);
#275=FACE_OUTER_BOUND($,#449,.T.);
#276=FACE_OUTER_BOUND($,#450,.T.);
#277=FACE_OUTER_BOUND($,#451,.T.);
#278=FACE_OUTER_BOUND($,#452,.T.);
#279=FACE_OUTER_BOUND($,#453,.T.);
#280=FACE_OUTER_BOUND($,#454,.T.);
#281=FACE_OUTER_BOUND($,#455,.T.);
#282=FACE_OUTER_BOUND($,#457,.T.);
#283=FACE_OUTER_BOUND($,#459,.T.);
#284=FACE_OUTER_BOUND($,#460,.T.);
#285=FACE_OUTER_BOUND($,#461,.T.);
#286=FACE_OUTER_BOUND($,#462,.T.);
#287=FACE_OUTER_BOUND($,#464,.T.);
#288=FACE_OUTER_BOUND($,#466,.T.);
#289=FACE_OUTER_BOUND($,#467,.T.);
#290=FACE_OUTER_BOUND($,#468,.T.);
#291=EDGE_LOOP($,(#2153,#2154,#2155,#2156));
#292=EDGE_LOOP($,(#2157,#2158,#2159,#2160));
#293=EDGE_LOOP($,(#2161,#2162,#2163,#2164));
#294=EDGE_LOOP($,(#2165,#2166,#2167,#2168));
#295=EDGE_LOOP($,(#2169,#2170,#2171,#2172,#2173,#2174,#2175,#2176,#2177,
#2178,#2179,#2180,#2181,#2182,#2183,#2184));
#296=EDGE_LOOP($,(#2185,#2186,#2187,#2188,#2189,#2190,#2191,#2192,#2193,
#2194,#2195,#2196,#2197,#2198,#2199,#2200));
#297=EDGE_LOOP($,(#2201,#2202,#2203,#2204));
#298=EDGE_LOOP($,(#2205,#2206,#2207,#2208));
#299=EDGE_LOOP($,(#2209,#2210,#2211,#2212));
#300=EDGE_LOOP($,(#2213,#2214,#2215,#2216));
#301=EDGE_LOOP($,(#2217,#2218,#2219,#2220));
#302=EDGE_LOOP($,(#2221,#2222,#2223,#2224));
#303=EDGE_LOOP($,(#2225,#2226,#2227,#2228));
#304=EDGE_LOOP($,(#2229,#2230,#2231,#2232));
#305=EDGE_LOOP($,(#2233,#2234,#2235,#2236));
#306=EDGE_LOOP($,(#2237,#2238,#2239,#2240));
#307=EDGE_LOOP($,(#2241,#2242,#2243,#2244,#2245,#2246,#2247,#2248));
#308=EDGE_LOOP($,(#2249,#2250,#2251,#2252,#2253,#2254,#2255,#2256));
#309=EDGE_LOOP($,(#2257,#2258,#2259,#2260));
#310=EDGE_LOOP($,(#2261,#2262,#2263,#2264));
#311=EDGE_LOOP($,(#2265,#2266,#2267,#2268));
#312=EDGE_LOOP($,(#2269,#2270,#2271,#2272));
#313=EDGE_LOOP($,(#2273,#2274,#2275,#2276));
#314=EDGE_LOOP($,(#2277,#2278,#2279,#2280));
#315=EDGE_LOOP($,(#2281,#2282,#2283,#2284));
#316=EDGE_LOOP($,(#2285,#2286,#2287,#2288));
#317=EDGE_LOOP($,(#2289,#2290,#2291,#2292));
#318=EDGE_LOOP($,(#2293,#2294,#2295,#2296,#2297,#2298));
#319=EDGE_LOOP($,(#2299,#2300,#2301,#2302,#2303,#2304));
#320=EDGE_LOOP($,(#2305,#2306,#2307,#2308));
#321=EDGE_LOOP($,(#2309,#2310,#2311,#2312));
#322=EDGE_LOOP($,(#2313,#2314,#2315,#2316));
#323=EDGE_LOOP($,(#2317,#2318,#2319,#2320));
#324=EDGE_LOOP($,(#2321,#2322,#2323,#2324));
#325=EDGE_LOOP($,(#2325,#2326,#2327,#2328));
#326=EDGE_LOOP($,(#2329,#2330,#2331,#2332));
#327=EDGE_LOOP($,(#2333,#2334,#2335,#2336));
#328=EDGE_LOOP($,(#2337,#2338,#2339,#2340));
#329=EDGE_LOOP($,(#2341,#2342,#2343,#2344));
#330=EDGE_LOOP($,(#2345,#2346,#2347,#2348));
#331=EDGE_LOOP($,(#2349,#2350,#2351,#2352));
#332=EDGE_LOOP($,(#2353,#2354,#2355,#2356));
#333=EDGE_LOOP($,(#2357,#2358,#2359,#2360));
#334=EDGE_LOOP($,(#2361,#2362,#2363,#2364));
#335=EDGE_LOOP($,(#2365,#2366,#2367,#2368));
#336=EDGE_LOOP($,(#2369,#2370,#2371,#2372));
#337=EDGE_LOOP($,(#2373,#2374,#2375,#2376));
#338=EDGE_LOOP($,(#2377,#2378,#2379,#2380,#2381,#2382,#2383,#2384,#2385,
#2386,#2387,#2388,#2389,#2390,#2391,#2392,#2393,#2394,#2395,#2396,#2397,
#2398,#2399,#2400,#2401,#2402));
#339=EDGE_LOOP($,(#2403,#2404,#2405,#2406,#2407,#2408,#2409,#2410,#2411,
#2412,#2413,#2414,#2415,#2416,#2417,#2418,#2419,#2420,#2421,#2422,#2423,
#2424,#2425,#2426,#2427,#2428));
#340=EDGE_LOOP($,(#2429,#2430,#2431,#2432));
#341=EDGE_LOOP($,(#2433,#2434,#2435,#2436));
#342=EDGE_LOOP($,(#2437,#2438,#2439,#2440,#2441,#2442,#2443,#2444));
#343=EDGE_LOOP($,(#2445,#2446,#2447,#2448,#2449,#2450,#2451,#2452,#2453,
#2454,#2455,#2456,#2457,#2458,#2459,#2460,#2461,#2462,#2463,#2464,#2465,
#2466,#2467,#2468,#2469,#2470,#2471,#2472,#2473,#2474,#2475,#2476,#2477,
#2478));
#344=EDGE_LOOP($,(#2479));
#345=EDGE_LOOP($,(#2480));
#346=EDGE_LOOP($,(#2481));
#347=EDGE_LOOP($,(#2482));
#348=EDGE_LOOP($,(#2483,#2484,#2485,#2486,#2487,#2488,#2489,#2490,#2491,
#2492,#2493,#2494,#2495,#2496,#2497,#2498,#2499,#2500,#2501,#2502,#2503,
#2504,#2505,#2506,#2507,#2508,#2509,#2510,#2511,#2512,#2513,#2514,#2515,
#2516));
#349=EDGE_LOOP($,(#2517));
#350=EDGE_LOOP($,(#2518));
#351=EDGE_LOOP($,(#2519));
#352=EDGE_LOOP($,(#2520));
#353=EDGE_LOOP($,(#2521,#2522,#2523,#2524,#2525,#2526,#2527,#2528));
#354=EDGE_LOOP($,(#2529,#2530,#2531,#2532));
#355=EDGE_LOOP($,(#2533,#2534,#2535,#2536,#2537,#2538,#2539,#2540,#2541,
#2542,#2543,#2544,#2545,#2546,#2547,#2548,#2549,#2550,#2551,#2552,#2553,
#2554,#2555,#2556,#2557,#2558));
#356=EDGE_LOOP($,(#2559,#2560,#2561,#2562,#2563,#2564,#2565,#2566,#2567,
#2568,#2569,#2570,#2571,#2572,#2573,#2574,#2575,#2576,#2577,#2578,#2579,
#2580,#2581,#2582,#2583,#2584));
#357=EDGE_LOOP($,(#2585,#2586,#2587,#2588));
#358=EDGE_LOOP($,(#2589,#2590,#2591,#2592));
#359=EDGE_LOOP($,(#2593,#2594,#2595,#2596));
#360=EDGE_LOOP($,(#2597,#2598,#2599,#2600));
#361=EDGE_LOOP($,(#2601,#2602,#2603,#2604));
#362=EDGE_LOOP($,(#2605,#2606,#2607,#2608));
#363=EDGE_LOOP($,(#2609,#2610,#2611,#2612));
#364=EDGE_LOOP($,(#2613,#2614,#2615,#2616));
#365=EDGE_LOOP($,(#2617,#2618,#2619,#2620));
#366=EDGE_LOOP($,(#2621,#2622,#2623,#2624));
#367=EDGE_LOOP($,(#2625,#2626,#2627,#2628));
#368=EDGE_LOOP($,(#2629,#2630,#2631,#2632));
#369=EDGE_LOOP($,(#2633,#2634,#2635,#2636));
#370=EDGE_LOOP($,(#2637,#2638,#2639,#2640));
#371=EDGE_LOOP($,(#2641,#2642,#2643,#2644));
#372=EDGE_LOOP($,(#2645,#2646,#2647,#2648));
#373=EDGE_LOOP($,(#2649,#2650,#2651,#2652));
#374=EDGE_LOOP($,(#2653,#2654,#2655,#2656));
#375=EDGE_LOOP($,(#2657,#2658,#2659,#2660));
#376=EDGE_LOOP($,(#2661,#2662,#2663,#2664));
#377=EDGE_LOOP($,(#2665,#2666,#2667,#2668));
#378=EDGE_LOOP($,(#2669,#2670,#2671,#2672));
#379=EDGE_LOOP($,(#2673,#2674,#2675,#2676));
#380=EDGE_LOOP($,(#2677,#2678,#2679,#2680));
#381=EDGE_LOOP($,(#2681,#2682,#2683,#2684,#2685,#2686,#2687,#2688));
#382=EDGE_LOOP($,(#2689,#2690,#2691,#2692,#2693,#2694,#2695,#2696,#2697,
#2698,#2699,#2700));
#383=EDGE_LOOP($,(#2701,#2702,#2703,#2704,#2705,#2706));
#384=EDGE_LOOP($,(#2707,#2708,#2709,#2710,#2711,#2712));
#385=EDGE_LOOP($,(#2713,#2714,#2715,#2716));
#386=EDGE_LOOP($,(#2717,#2718,#2719,#2720,#2721,#2722,#2723,#2724,#2725,
#2726,#2727,#2728));
#387=EDGE_LOOP($,(#2729,#2730,#2731,#2732,#2733,#2734,#2735,#2736,#2737,
#2738,#2739,#2740));
#388=EDGE_LOOP($,(#2741,#2742,#2743,#2744));
#389=EDGE_LOOP($,(#2745,#2746,#2747,#2748));
#390=EDGE_LOOP($,(#2749,#2750,#2751,#2752));
#391=EDGE_LOOP($,(#2753,#2754,#2755,#2756));
#392=EDGE_LOOP($,(#2757,#2758,#2759,#2760));
#393=EDGE_LOOP($,(#2761,#2762,#2763,#2764));
#394=EDGE_LOOP($,(#2765,#2766,#2767,#2768));
#395=EDGE_LOOP($,(#2769,#2770,#2771,#2772,#2773,#2774,#2775,#2776));
#396=EDGE_LOOP($,(#2777,#2778,#2779,#2780));
#397=EDGE_LOOP($,(#2781,#2782,#2783,#2784));
#398=EDGE_LOOP($,(#2785,#2786,#2787,#2788,#2789,#2790,#2791,#2792));
#399=EDGE_LOOP($,(#2793,#2794,#2795,#2796,#2797,#2798,#2799,#2800));
#400=EDGE_LOOP($,(#2801,#2802,#2803,#2804));
#401=EDGE_LOOP($,(#2805,#2806,#2807,#2808));
#402=EDGE_LOOP($,(#2809,#2810,#2811,#2812));
#403=EDGE_LOOP($,(#2813,#2814,#2815,#2816));
#404=EDGE_LOOP($,(#2817,#2818,#2819,#2820));
#405=EDGE_LOOP($,(#2821,#2822,#2823,#2824,#2825,#2826,#2827,#2828,#2829,
#2830,#2831,#2832,#2833,#2834,#2835,#2836,#2837,#2838,#2839,#2840,#2841,
#2842,#2843,#2844));
#406=EDGE_LOOP($,(#2845,#2846,#2847,#2848,#2849,#2850,#2851,#2852,#2853,
#2854,#2855,#2856,#2857,#2858,#2859,#2860,#2861,#2862,#2863,#2864,#2865,
#2866,#2867,#2868));
#407=EDGE_LOOP($,(#2869,#2870,#2871,#2872));
#408=EDGE_LOOP($,(#2873,#2874,#2875,#2876));
#409=EDGE_LOOP($,(#2877,#2878,#2879,#2880));
#410=EDGE_LOOP($,(#2881,#2882,#2883,#2884));
#411=EDGE_LOOP($,(#2885,#2886,#2887,#2888));
#412=EDGE_LOOP($,(#2889,#2890,#2891,#2892));
#413=EDGE_LOOP($,(#2893,#2894,#2895,#2896));
#414=EDGE_LOOP($,(#2897,#2898,#2899,#2900));
#415=EDGE_LOOP($,(#2901,#2902,#2903,#2904));
#416=EDGE_LOOP($,(#2905,#2906,#2907,#2908));
#417=EDGE_LOOP($,(#2909,#2910,#2911,#2912));
#418=EDGE_LOOP($,(#2913,#2914,#2915,#2916));
#419=EDGE_LOOP($,(#2917,#2918,#2919,#2920));
#420=EDGE_LOOP($,(#2921,#2922,#2923,#2924));
#421=EDGE_LOOP($,(#2925,#2926,#2927,#2928));
#422=EDGE_LOOP($,(#2929,#2930,#2931,#2932));
#423=EDGE_LOOP($,(#2933,#2934,#2935,#2936));
#424=EDGE_LOOP($,(#2937,#2938,#2939,#2940));
#425=EDGE_LOOP($,(#2941,#2942,#2943,#2944));
#426=EDGE_LOOP($,(#2945,#2946,#2947,#2948));
#427=EDGE_LOOP($,(#2949,#2950,#2951,#2952));
#428=EDGE_LOOP($,(#2953,#2954,#2955,#2956));
#429=EDGE_LOOP($,(#2957,#2958,#2959,#2960));
#430=EDGE_LOOP($,(#2961,#2962,#2963,#2964,#2965,#2966,#2967,#2968,#2969,
#2970,#2971,#2972,#2973,#2974,#2975,#2976,#2977,#2978,#2979,#2980,#2981,
#2982,#2983,#2984));
#431=EDGE_LOOP($,(#2985,#2986,#2987,#2988,#2989,#2990,#2991,#2992,#2993,
#2994,#2995,#2996,#2997,#2998,#2999,#3000,#3001,#3002,#3003,#3004,#3005,
#3006,#3007,#3008));
#432=EDGE_LOOP($,(#3009,#3010,#3011,#3012));
#433=EDGE_LOOP($,(#3013,#3014,#3015,#3016));
#434=EDGE_LOOP($,(#3017,#3018,#3019,#3020));
#435=EDGE_LOOP($,(#3021,#3022,#3023,#3024));
#436=EDGE_LOOP($,(#3025,#3026,#3027,#3028));
#437=EDGE_LOOP($,(#3029,#3030,#3031,#3032));
#438=EDGE_LOOP($,(#3033,#3034,#3035,#3036));
#439=EDGE_LOOP($,(#3037,#3038,#3039,#3040));
#440=EDGE_LOOP($,(#3041,#3042,#3043,#3044));
#441=EDGE_LOOP($,(#3045,#3046,#3047,#3048));
#442=EDGE_LOOP($,(#3049,#3050,#3051,#3052));
#443=EDGE_LOOP($,(#3053,#3054,#3055,#3056));
#444=EDGE_LOOP($,(#3057,#3058,#3059,#3060));
#445=EDGE_LOOP($,(#3061,#3062,#3063,#3064));
#446=EDGE_LOOP($,(#3065,#3066,#3067,#3068));
#447=EDGE_LOOP($,(#3069,#3070,#3071,#3072));
#448=EDGE_LOOP($,(#3073,#3074,#3075,#3076));
#449=EDGE_LOOP($,(#3077,#3078,#3079,#3080));
#450=EDGE_LOOP($,(#3081,#3082,#3083,#3084));
#451=EDGE_LOOP($,(#3085,#3086,#3087,#3088));
#452=EDGE_LOOP($,(#3089,#3090,#3091,#3092));
#453=EDGE_LOOP($,(#3093,#3094,#3095,#3096));
#454=EDGE_LOOP($,(#3097,#3098,#3099,#3100));
#455=EDGE_LOOP($,(#3101));
#456=EDGE_LOOP($,(#3102));
#457=EDGE_LOOP($,(#3103));
#458=EDGE_LOOP($,(#3104));
#459=EDGE_LOOP($,(#3105,#3106,#3107,#3108,#3109,#3110,#3111,#3112));
#460=EDGE_LOOP($,(#3113,#3114,#3115,#3116));
#461=EDGE_LOOP($,(#3117,#3118,#3119,#3120));
#462=EDGE_LOOP($,(#3121));
#463=EDGE_LOOP($,(#3122));
#464=EDGE_LOOP($,(#3123));
#465=EDGE_LOOP($,(#3124));
#466=EDGE_LOOP($,(#3125,#3126,#3127,#3128));
#467=EDGE_LOOP($,(#3129,#3130,#3131,#3132));
#468=EDGE_LOOP($,(#3133,#3134,#3135,#3136,#3137,#3138,#3139,#3140));
#469=LINE($,#4802,#833);
#470=LINE($,#4805,#834);
#471=LINE($,#4810,#835);
#472=LINE($,#4817,#836);
#473=LINE($,#4823,#837);
#474=LINE($,#4826,#838);
#475=LINE($,#4830,#839);
#476=LINE($,#4832,#840);
#477=LINE($,#4834,#841);
#478=LINE($,#4838,#842);
#479=LINE($,#4842,#843);
#480=LINE($,#4846,#844);
#481=LINE($,#4848,#845);
#482=LINE($,#4850,#846);
#483=LINE($,#4854,#847);
#484=LINE($,#4858,#848);
#485=LINE($,#4863,#849);
#486=LINE($,#4865,#850);
#487=LINE($,#4867,#851);
#488=LINE($,#4871,#852);
#489=LINE($,#4875,#853);
#490=LINE($,#4879,#854);
#491=LINE($,#4881,#855);
#492=LINE($,#4883,#856);
#493=LINE($,#4887,#857);
#494=LINE($,#4891,#858);
#495=LINE($,#4896,#859);
#496=LINE($,#4898,#860);
#497=LINE($,#4900,#861);
#498=LINE($,#4901,#862);
#499=LINE($,#4906,#863);
#500=LINE($,#4911,#864);
#501=LINE($,#4913,#865);
#502=LINE($,#4915,#866);
#503=LINE($,#4916,#867);
#504=LINE($,#4922,#868);
#505=LINE($,#4926,#869);
#506=LINE($,#4928,#870);
#507=LINE($,#4930,#871);
#508=LINE($,#4931,#872);
#509=LINE($,#4935,#873);
#510=LINE($,#4937,#874);
#511=LINE($,#4939,#875);
#512=LINE($,#4940,#876);
#513=LINE($,#4946,#877);
#514=LINE($,#4949,#878);
#515=LINE($,#4955,#879);
#516=LINE($,#4958,#880);
#517=LINE($,#4964,#881);
#518=LINE($,#4967,#882);
#519=LINE($,#4973,#883);
#520=LINE($,#4976,#884);
#521=LINE($,#4979,#885);
#522=LINE($,#4983,#886);
#523=LINE($,#4985,#887);
#524=LINE($,#4987,#888);
#525=LINE($,#4990,#889);
#526=LINE($,#4993,#890);
#527=LINE($,#4996,#891);
#528=LINE($,#4998,#892);
#529=LINE($,#5001,#893);
#530=LINE($,#5005,#894);
#531=LINE($,#5007,#895);
#532=LINE($,#5009,#896);
#533=LINE($,#5010,#897);
#534=LINE($,#5014,#898);
#535=LINE($,#5016,#899);
#536=LINE($,#5018,#900);
#537=LINE($,#5019,#901);
#538=LINE($,#5025,#902);
#539=LINE($,#5030,#903);
#540=LINE($,#5037,#904);
#541=LINE($,#5042,#905);
#542=LINE($,#5047,#906);
#543=LINE($,#5049,#907);
#544=LINE($,#5051,#908);
#545=LINE($,#5052,#909);
#546=LINE($,#5058,#910);
#547=LINE($,#5063,#911);
#548=LINE($,#5066,#912);
#549=LINE($,#5067,#913);
#550=LINE($,#5069,#914);
#551=LINE($,#5070,#915);
#552=LINE($,#5072,#916);
#553=LINE($,#5074,#917);
#554=LINE($,#5079,#918);
#555=LINE($,#5081,#919);
#556=LINE($,#5083,#920);
#557=LINE($,#5084,#921);
#558=LINE($,#5092,#922);
#559=LINE($,#5095,#923);
#560=LINE($,#5096,#924);
#561=LINE($,#5100,#925);
#562=LINE($,#5101,#926);
#563=LINE($,#5102,#927);
#564=LINE($,#5106,#928);
#565=LINE($,#5107,#929);
#566=LINE($,#5108,#930);
#567=LINE($,#5112,#931);
#568=LINE($,#5113,#932);
#569=LINE($,#5114,#933);
#570=LINE($,#5118,#934);
#571=LINE($,#5119,#935);
#572=LINE($,#5120,#936);
#573=LINE($,#5124,#937);
#574=LINE($,#5125,#938);
#575=LINE($,#5126,#939);
#576=LINE($,#5130,#940);
#577=LINE($,#5131,#941);
#578=LINE($,#5132,#942);
#579=LINE($,#5136,#943);
#580=LINE($,#5137,#944);
#581=LINE($,#5138,#945);
#582=LINE($,#5142,#946);
#583=LINE($,#5143,#947);
#584=LINE($,#5144,#948);
#585=LINE($,#5148,#949);
#586=LINE($,#5149,#950);
#587=LINE($,#5150,#951);
#588=LINE($,#5152,#952);
#589=LINE($,#5153,#953);
#590=LINE($,#5157,#954);
#591=LINE($,#5159,#955);
#592=LINE($,#5161,#956);
#593=LINE($,#5162,#957);
#594=LINE($,#5164,#958);
#595=LINE($,#5166,#959);
#596=LINE($,#5167,#960);
#597=LINE($,#5170,#961);
#598=LINE($,#5171,#962);
#599=LINE($,#5172,#963);
#600=LINE($,#5174,#964);
#601=LINE($,#5176,#965);
#602=LINE($,#5179,#966);
#603=LINE($,#5183,#967);
#604=LINE($,#5185,#968);
#605=LINE($,#5187,#969);
#606=LINE($,#5190,#970);
#607=LINE($,#5193,#971);
#608=LINE($,#5195,#972);
#609=LINE($,#5196,#973);
#610=LINE($,#5198,#974);
#611=LINE($,#5199,#975);
#612=LINE($,#5202,#976);
#613=LINE($,#5204,#977);
#614=LINE($,#5206,#978);
#615=LINE($,#5207,#979);
#616=LINE($,#5208,#980);
#617=LINE($,#5209,#981);
#618=LINE($,#5211,#982);
#619=LINE($,#5212,#983);
#620=LINE($,#5213,#984);
#621=LINE($,#5215,#985);
#622=LINE($,#5217,#986);
#623=LINE($,#5219,#987);
#624=LINE($,#5221,#988);
#625=LINE($,#5222,#989);
#626=LINE($,#5233,#990);
#627=LINE($,#5235,#991);
#628=LINE($,#5236,#992);
#629=LINE($,#5238,#993);
#630=LINE($,#5240,#994);
#631=LINE($,#5242,#995);
#632=LINE($,#5244,#996);
#633=LINE($,#5245,#997);
#634=LINE($,#5246,#998);
#635=LINE($,#5248,#999);
#636=LINE($,#5249,#1000);
#637=LINE($,#5250,#1001);
#638=LINE($,#5251,#1002);
#639=LINE($,#5253,#1003);
#640=LINE($,#5255,#1004);
#641=LINE($,#5257,#1005);
#642=LINE($,#5258,#1006);
#643=LINE($,#5261,#1007);
#644=LINE($,#5262,#1008);
#645=LINE($,#5275,#1009);
#646=LINE($,#5277,#1010);
#647=LINE($,#5279,#1011);
#648=LINE($,#5284,#1012);
#649=LINE($,#5286,#1013);
#650=LINE($,#5288,#1014);
#651=LINE($,#5289,#1015);
#652=LINE($,#5297,#1016);
#653=LINE($,#5299,#1017);
#654=LINE($,#5301,#1018);
#655=LINE($,#5303,#1019);
#656=LINE($,#5305,#1020);
#657=LINE($,#5307,#1021);
#658=LINE($,#5309,#1022);
#659=LINE($,#5311,#1023);
#660=LINE($,#5313,#1024);
#661=LINE($,#5315,#1025);
#662=LINE($,#5317,#1026);
#663=LINE($,#5324,#1027);
#664=LINE($,#5327,#1028);
#665=LINE($,#5329,#1029);
#666=LINE($,#5337,#1030);
#667=LINE($,#5339,#1031);
#668=LINE($,#5341,#1032);
#669=LINE($,#5343,#1033);
#670=LINE($,#5345,#1034);
#671=LINE($,#5347,#1035);
#672=LINE($,#5349,#1036);
#673=LINE($,#5351,#1037);
#674=LINE($,#5353,#1038);
#675=LINE($,#5355,#1039);
#676=LINE($,#5357,#1040);
#677=LINE($,#5364,#1041);
#678=LINE($,#5366,#1042);
#679=LINE($,#5367,#1043);
#680=LINE($,#5369,#1044);
#681=LINE($,#5371,#1045);
#682=LINE($,#5377,#1046);
#683=LINE($,#5379,#1047);
#684=LINE($,#5381,#1048);
#685=LINE($,#5383,#1049);
#686=LINE($,#5385,#1050);
#687=LINE($,#5387,#1051);
#688=LINE($,#5389,#1052);
#689=LINE($,#5391,#1053);
#690=LINE($,#5393,#1054);
#691=LINE($,#5395,#1055);
#692=LINE($,#5397,#1056);
#693=LINE($,#5399,#1057);
#694=LINE($,#5401,#1058);
#695=LINE($,#5403,#1059);
#696=LINE($,#5405,#1060);
#697=LINE($,#5407,#1061);
#698=LINE($,#5410,#1062);
#699=LINE($,#5420,#1063);
#700=LINE($,#5422,#1064);
#701=LINE($,#5424,#1065);
#702=LINE($,#5427,#1066);
#703=LINE($,#5429,#1067);
#704=LINE($,#5431,#1068);
#705=LINE($,#5432,#1069);
#706=LINE($,#5435,#1070);
#707=LINE($,#5436,#1071);
#708=LINE($,#5438,#1072);
#709=LINE($,#5439,#1073);
#710=LINE($,#5445,#1074);
#711=LINE($,#5450,#1075);
#712=LINE($,#5456,#1076);
#713=LINE($,#5461,#1077);
#714=LINE($,#5464,#1078);
#715=LINE($,#5466,#1079);
#716=LINE($,#5469,#1080);
#717=LINE($,#5471,#1081);
#718=LINE($,#5478,#1082);
#719=LINE($,#5480,#1083);
#720=LINE($,#5482,#1084);
#721=LINE($,#5485,#1085);
#722=LINE($,#5487,#1086);
#723=LINE($,#5489,#1087);
#724=LINE($,#5490,#1088);
#725=LINE($,#5491,#1089);
#726=LINE($,#5493,#1090);
#727=LINE($,#5494,#1091);
#728=LINE($,#5495,#1092);
#729=LINE($,#5506,#1093);
#730=LINE($,#5510,#1094);
#731=LINE($,#5513,#1095);
#732=LINE($,#5515,#1096);
#733=LINE($,#5523,#1097);
#734=LINE($,#5525,#1098);
#735=LINE($,#5527,#1099);
#736=LINE($,#5529,#1100);
#737=LINE($,#5531,#1101);
#738=LINE($,#5533,#1102);
#739=LINE($,#5535,#1103);
#740=LINE($,#5537,#1104);
#741=LINE($,#5539,#1105);
#742=LINE($,#5541,#1106);
#743=LINE($,#5543,#1107);
#744=LINE($,#5550,#1108);
#745=LINE($,#5552,#1109);
#746=LINE($,#5554,#1110);
#747=LINE($,#5556,#1111);
#748=LINE($,#5558,#1112);
#749=LINE($,#5560,#1113);
#750=LINE($,#5562,#1114);
#751=LINE($,#5564,#1115);
#752=LINE($,#5572,#1116);
#753=LINE($,#5573,#1117);
#754=LINE($,#5577,#1118);
#755=LINE($,#5581,#1119);
#756=LINE($,#5589,#1120);
#757=LINE($,#5591,#1121);
#758=LINE($,#5592,#1122);
#759=LINE($,#5594,#1123);
#760=LINE($,#5595,#1124);
#761=LINE($,#5597,#1125);
#762=LINE($,#5598,#1126);
#763=LINE($,#5600,#1127);
#764=LINE($,#5602,#1128);
#765=LINE($,#5604,#1129);
#766=LINE($,#5606,#1130);
#767=LINE($,#5608,#1131);
#768=LINE($,#5610,#1132);
#769=LINE($,#5612,#1133);
#770=LINE($,#5614,#1134);
#771=LINE($,#5617,#1135);
#772=LINE($,#5619,#1136);
#773=LINE($,#5621,#1137);
#774=LINE($,#5623,#1138);
#775=LINE($,#5625,#1139);
#776=LINE($,#5627,#1140);
#777=LINE($,#5629,#1141);
#778=LINE($,#5631,#1142);
#779=LINE($,#5633,#1143);
#780=LINE($,#5642,#1144);
#781=LINE($,#5650,#1145);
#782=LINE($,#5654,#1146);
#783=LINE($,#5657,#1147);
#784=LINE($,#5659,#1148);
#785=LINE($,#5667,#1149);
#786=LINE($,#5669,#1150);
#787=LINE($,#5671,#1151);
#788=LINE($,#5673,#1152);
#789=LINE($,#5675,#1153);
#790=LINE($,#5677,#1154);
#791=LINE($,#5679,#1155);
#792=LINE($,#5681,#1156);
#793=LINE($,#5683,#1157);
#794=LINE($,#5684,#1158);
#795=LINE($,#5690,#1159);
#796=LINE($,#5692,#1160);
#797=LINE($,#5694,#1161);
#798=LINE($,#5696,#1162);
#799=LINE($,#5698,#1163);
#800=LINE($,#5700,#1164);
#801=LINE($,#5702,#1165);
#802=LINE($,#5704,#1166);
#803=LINE($,#5706,#1167);
#804=LINE($,#5708,#1168);
#805=LINE($,#5710,#1169);
#806=LINE($,#5718,#1170);
#807=LINE($,#5719,#1171);
#808=LINE($,#5723,#1172);
#809=LINE($,#5727,#1173);
#810=LINE($,#5732,#1174);
#811=LINE($,#5733,#1175);
#812=LINE($,#5735,#1176);
#813=LINE($,#5736,#1177);
#814=LINE($,#5738,#1178);
#815=LINE($,#5740,#1179);
#816=LINE($,#5742,#1180);
#817=LINE($,#5744,#1181);
#818=LINE($,#5746,#1182);
#819=LINE($,#5748,#1183);
#820=LINE($,#5750,#1184);
#821=LINE($,#5752,#1185);
#822=LINE($,#5754,#1186);
#823=LINE($,#5756,#1187);
#824=LINE($,#5758,#1188);
#825=LINE($,#5760,#1189);
#826=LINE($,#5763,#1190);
#827=LINE($,#5765,#1191);
#828=LINE($,#5767,#1192);
#829=LINE($,#5769,#1193);
#830=LINE($,#5771,#1194);
#831=LINE($,#5780,#1195);
#832=LINE($,#5783,#1196);
#833=VECTOR($,#3844,3.);
#834=VECTOR($,#3847,3.);
#835=VECTOR($,#3852,3.);
#836=VECTOR($,#3861,3.);
#837=VECTOR($,#3866,3.);
#838=VECTOR($,#3869,3.);
#839=VECTOR($,#3872,0.943964425626618);
#840=VECTOR($,#3873,3.);
#841=VECTOR($,#3874,0.943964425971262);
#842=VECTOR($,#3877,7.26938721813784);
#843=VECTOR($,#3880,22.5242298156764);
#844=VECTOR($,#3883,1.5869428263762);
#845=VECTOR($,#3884,3.);
#846=VECTOR($,#3885,1.5869428263762);
#847=VECTOR($,#3888,22.5242298156764);
#848=VECTOR($,#3891,7.26938721813788);
#849=VECTOR($,#3896,0.943964425971675);
#850=VECTOR($,#3897,3.);
#851=VECTOR($,#3898,0.943964425626929);
#852=VECTOR($,#3901,7.26938721813788);
#853=VECTOR($,#3904,22.5242298156764);
#854=VECTOR($,#3907,1.58694282637621);
#855=VECTOR($,#3908,3.);
#856=VECTOR($,#3909,1.58694282637621);
#857=VECTOR($,#3912,22.5242298156764);
#858=VECTOR($,#3915,7.26938721813784);
#859=VECTOR($,#3920,31.2);
#860=VECTOR($,#3921,3.);
#861=VECTOR($,#3922,31.2);
#862=VECTOR($,#3923,3.);
#863=VECTOR($,#3928,3.);
#864=VECTOR($,#3933,31.2);
#865=VECTOR($,#3934,3.);
#866=VECTOR($,#3935,31.2);
#867=VECTOR($,#3936,3.);
#868=VECTOR($,#3943,3.);
#869=VECTOR($,#3946,20.5);
#870=VECTOR($,#3947,3.);
#871=VECTOR($,#3948,20.5);
#872=VECTOR($,#3949,3.);
#873=VECTOR($,#3952,20.5);
#874=VECTOR($,#3953,3.);
#875=VECTOR($,#3954,20.5);
#876=VECTOR($,#3955,3.);
#877=VECTOR($,#3960,3.);
#878=VECTOR($,#3963,3.);
#879=VECTOR($,#3968,3.);
#880=VECTOR($,#3971,3.);
#881=VECTOR($,#3976,3.00000000000005);
#882=VECTOR($,#3979,3.00000000000003);
#883=VECTOR($,#3984,3.00000000000003);
#884=VECTOR($,#3987,3.00000000000005);
#885=VECTOR($,#3990,1.39);
#886=VECTOR($,#3993,9.473147668709);
#887=VECTOR($,#3994,3.);
#888=VECTOR($,#3995,9.473147668709);
#889=VECTOR($,#3998,1.39);
#890=VECTOR($,#4001,1.39);
#891=VECTOR($,#4004,9.4731476687728);
#892=VECTOR($,#4005,9.4731476687728);
#893=VECTOR($,#4008,1.39);
#894=VECTOR($,#4011,1.20249259370225);
#895=VECTOR($,#4012,3.);
#896=VECTOR($,#4013,1.20249259370215);
#897=VECTOR($,#4014,3.);
#898=VECTOR($,#4017,1.20249259370211);
#899=VECTOR($,#4018,3.);
#900=VECTOR($,#4019,1.20249259370208);
#901=VECTOR($,#4020,3.);
#902=VECTOR($,#4027,3.);
#903=VECTOR($,#4032,3.);
#904=VECTOR($,#4041,3.);
#905=VECTOR($,#4046,3.);
#906=VECTOR($,#4051,3.);
#907=VECTOR($,#4052,8.);
#908=VECTOR($,#4053,3.);
#909=VECTOR($,#4054,8.);
#910=VECTOR($,#4061,3.);
#911=VECTOR($,#4066,3.);
#912=VECTOR($,#4071,27.);
#913=VECTOR($,#4072,37.);
#914=VECTOR($,#4075,27.);
#915=VECTOR($,#4076,37.);
#916=VECTOR($,#4079,37.);
#917=VECTOR($,#4082,37.);
#918=VECTOR($,#4087,2.99418086159164);
#919=VECTOR($,#4088,3.);
#920=VECTOR($,#4089,2.99418086159164);
#921=VECTOR($,#4090,3.);
#922=VECTOR($,#4101,3.);
#923=VECTOR($,#4106,14.73963927022);
#924=VECTOR($,#4107,14.73963927022);
#925=VECTOR($,#4110,3.);
#926=VECTOR($,#4111,0.749999999990983);
#927=VECTOR($,#4112,0.749999999990983);
#928=VECTOR($,#4115,3.);
#929=VECTOR($,#4116,4.00000000004805);
#930=VECTOR($,#4117,4.00000000004805);
#931=VECTOR($,#4120,3.);
#932=VECTOR($,#4121,0.999999999991839);
#933=VECTOR($,#4122,0.999999999991839);
#934=VECTOR($,#4125,3.);
#935=VECTOR($,#4126,4.99999999998899);
#936=VECTOR($,#4127,4.99999999998899);
#937=VECTOR($,#4130,3.);
#938=VECTOR($,#4131,3.5000000000065);
#939=VECTOR($,#4132,3.50000000000643);
#940=VECTOR($,#4135,3.);
#941=VECTOR($,#4136,4.99999999998875);
#942=VECTOR($,#4137,4.99999999998881);
#943=VECTOR($,#4140,3.);
#944=VECTOR($,#4141,1.00000000003223);
#945=VECTOR($,#4142,1.00000000003223);
#946=VECTOR($,#4145,3.);
#947=VECTOR($,#4146,3.99999999995665);
#948=VECTOR($,#4147,3.99999999995665);
#949=VECTOR($,#4150,3.);
#950=VECTOR($,#4151,0.749999999896812);
#951=VECTOR($,#4152,0.749999999896812);
#952=VECTOR($,#4155,2.99342552650844);
#953=VECTOR($,#4156,2.99342552650843);
#954=VECTOR($,#4159,3.);
#955=VECTOR($,#4160,0.260615298094273);
#956=VECTOR($,#4161,3.);
#957=VECTOR($,#4162,0.260615298094317);
#958=VECTOR($,#4165,45.1039910431241);
#959=VECTOR($,#4166,0.229951690826902);
#960=VECTOR($,#4167,40.);
#961=VECTOR($,#4170,40.);
#962=VECTOR($,#4171,0.229951690826902);
#963=VECTOR($,#4172,45.1039910431241);
#964=VECTOR($,#4175,37.);
#965=VECTOR($,#4178,37.);
#966=VECTOR($,#4181,0.780000000000001);
#967=VECTOR($,#4184,1.39785526395823);
#968=VECTOR($,#4185,3.00000000000008);
#969=VECTOR($,#4186,1.39785526395824);
#970=VECTOR($,#4189,0.780000000000001);
#971=VECTOR($,#4192,12.3298018892877);
#972=VECTOR($,#4193,27.);
#973=VECTOR($,#4194,12.3298018892877);
#974=VECTOR($,#4195,40.);
#975=VECTOR($,#4196,45.4173803654814);
#976=VECTOR($,#4199,15.6776850027694);
#977=VECTOR($,#4200,35.);
#978=VECTOR($,#4201,0.800000000000001);
#979=VECTOR($,#4202,13.5);
#980=VECTOR($,#4203,4.);
#981=VECTOR($,#4204,14.5);
#982=VECTOR($,#4205,0.780000000000001);
#983=VECTOR($,#4206,14.5);
#984=VECTOR($,#4207,4.);
#985=VECTOR($,#4208,13.5);
#986=VECTOR($,#4209,0.800000000000001);
#987=VECTOR($,#4210,35.);
#988=VECTOR($,#4211,80.6);
#989=VECTOR($,#4212,40.);
#990=VECTOR($,#4223,12.3298018892878);
#991=VECTOR($,#4224,27.);
#992=VECTOR($,#4225,12.3298018892878);
#993=VECTOR($,#4226,40.);
#994=VECTOR($,#4227,80.6);
#995=VECTOR($,#4228,35.);
#996=VECTOR($,#4229,0.800000000000001);
#997=VECTOR($,#4230,13.5);
#998=VECTOR($,#4231,4.);
#999=VECTOR($,#4232,14.5);
#1000=VECTOR($,#4233,0.780000000000001);
#1001=VECTOR($,#4234,14.5);
#1002=VECTOR($,#4235,4.);
#1003=VECTOR($,#4236,13.5);
#1004=VECTOR($,#4237,0.800000000000001);
#1005=VECTOR($,#4238,35.);
#1006=VECTOR($,#4239,15.6776850027694);
#1007=VECTOR($,#4242,45.4173803654814);
#1008=VECTOR($,#4243,40.);
#1009=VECTOR($,#4256,1.39785526395824);
#1010=VECTOR($,#4257,3.00000000000008);
#1011=VECTOR($,#4258,1.39785526395823);
#1012=VECTOR($,#4265,45.103991043124);
#1013=VECTOR($,#4266,0.26061529809448);
#1014=VECTOR($,#4267,0.229951690826802);
#1015=VECTOR($,#4268,40.);
#1016=VECTOR($,#4275,2.99342552644453);
#1017=VECTOR($,#4276,0.749999999896809);
#1018=VECTOR($,#4277,3.99999999995665);
#1019=VECTOR($,#4278,1.00000000003223);
#1020=VECTOR($,#4279,4.99999999998879);
#1021=VECTOR($,#4280,3.50000000000643);
#1022=VECTOR($,#4281,4.99999999998893);
#1023=VECTOR($,#4282,0.999999999991777);
#1024=VECTOR($,#4283,4.00000000004813);
#1025=VECTOR($,#4284,0.749999999991061);
#1026=VECTOR($,#4285,2.99418086151812);
#1027=VECTOR($,#4292,14.73963927022);
#1028=VECTOR($,#4295,45.103991043124);
#1029=VECTOR($,#4296,14.73963927022);
#1030=VECTOR($,#4303,2.99418086151819);
#1031=VECTOR($,#4304,0.749999999991139);
#1032=VECTOR($,#4305,4.00000000004805);
#1033=VECTOR($,#4306,0.999999999991787);
#1034=VECTOR($,#4307,4.999999999989);
#1035=VECTOR($,#4308,3.50000000000643);
#1036=VECTOR($,#4309,4.99999999998879);
#1037=VECTOR($,#4310,1.00000000003223);
#1038=VECTOR($,#4311,3.99999999995665);
#1039=VECTOR($,#4312,0.749999999896809);
#1040=VECTOR($,#4313,2.99342552644453);
#1041=VECTOR($,#4320,40.);
#1042=VECTOR($,#4321,0.229951690826902);
#1043=VECTOR($,#4322,0.260615298094393);
#1044=VECTOR($,#4325,3.);
#1045=VECTOR($,#4328,3.);
#1046=VECTOR($,#4339,3.);
#1047=VECTOR($,#4342,3.);
#1048=VECTOR($,#4345,3.);
#1049=VECTOR($,#4348,3.);
#1050=VECTOR($,#4351,3.);
#1051=VECTOR($,#4354,3.);
#1052=VECTOR($,#4357,3.);
#1053=VECTOR($,#4360,3.);
#1054=VECTOR($,#4363,3.);
#1055=VECTOR($,#4366,3.);
#1056=VECTOR($,#4369,3.);
#1057=VECTOR($,#4372,3.);
#1058=VECTOR($,#4375,3.);
#1059=VECTOR($,#4378,3.);
#1060=VECTOR($,#4381,3.);
#1061=VECTOR($,#4384,3.);
#1062=VECTOR($,#4389,3.);
#1063=VECTOR($,#4404,47.8);
#1064=VECTOR($,#4405,3.);
#1065=VECTOR($,#4406,47.8);
#1066=VECTOR($,#4411,17.);
#1067=VECTOR($,#4412,6.18375457690828);
#1068=VECTOR($,#4413,27.);
#1069=VECTOR($,#4414,6.18375457690828);
#1070=VECTOR($,#4417,6.18375457690823);
#1071=VECTOR($,#4418,17.);
#1072=VECTOR($,#4419,6.18375457690823);
#1073=VECTOR($,#4420,27.);
#1074=VECTOR($,#4427,14.8002065820383);
#1075=VECTOR($,#4432,14.8002065820383);
#1076=VECTOR($,#4439,14.8002065820383);
#1077=VECTOR($,#4444,14.8002065820383);
#1078=VECTOR($,#4449,27.);
#1079=VECTOR($,#4452,27.);
#1080=VECTOR($,#4457,27.);
#1081=VECTOR($,#4460,27.);
#1082=VECTOR($,#4469,47.8);
#1083=VECTOR($,#4470,3.);
#1084=VECTOR($,#4471,47.8);
#1085=VECTOR($,#4476,37.);
#1086=VECTOR($,#4479,37.);
#1087=VECTOR($,#4482,14.5);
#1088=VECTOR($,#4483,8.);
#1089=VECTOR($,#4484,14.5);
#1090=VECTOR($,#4487,14.5);
#1091=VECTOR($,#4488,8.);
#1092=VECTOR($,#4489,14.5);
#1093=VECTOR($,#4504,7.51590789082511);
#1094=VECTOR($,#4507,1.8448240559741);
#1095=VECTOR($,#4510,35.);
#1096=VECTOR($,#4511,8.8951488738372);
#1097=VECTOR($,#4518,3.00001636192047);
#1098=VECTOR($,#4519,0.749999999991);
#1099=VECTOR($,#4520,4.00000000004806);
#1100=VECTOR($,#4521,0.999999999991807);
#1101=VECTOR($,#4522,4.99999999998899);
#1102=VECTOR($,#4523,3.50000000000642);
#1103=VECTOR($,#4524,4.99999999998873);
#1104=VECTOR($,#4525,1.00000000003215);
#1105=VECTOR($,#4526,3.9999999999565);
#1106=VECTOR($,#4527,0.749999999896744);
#1107=VECTOR($,#4528,3.0000026099252);
#1108=VECTOR($,#4535,1.00000000003215);
#1109=VECTOR($,#4536,4.99999999998873);
#1110=VECTOR($,#4537,3.50000000000642);
#1111=VECTOR($,#4538,4.99999999998892);
#1112=VECTOR($,#4539,0.999999999991738);
#1113=VECTOR($,#4540,4.00000000004806);
#1114=VECTOR($,#4541,0.749999999991);
#1115=VECTOR($,#4542,3.00001636192047);
#1116=VECTOR($,#4549,8.8951488738372);
#1117=VECTOR($,#4550,35.);
#1118=VECTOR($,#4553,1.8448240559741);
#1119=VECTOR($,#4556,7.51590789082511);
#1120=VECTOR($,#4563,3.00000260992528);
#1121=VECTOR($,#4564,0.749999999896819);
#1122=VECTOR($,#4565,3.9999999999565);
#1123=VECTOR($,#4568,3.);
#1124=VECTOR($,#4569,3.);
#1125=VECTOR($,#4572,3.);
#1126=VECTOR($,#4573,3.);
#1127=VECTOR($,#4576,3.);
#1128=VECTOR($,#4579,3.);
#1129=VECTOR($,#4582,3.);
#1130=VECTOR($,#4585,3.);
#1131=VECTOR($,#4588,3.);
#1132=VECTOR($,#4591,3.);
#1133=VECTOR($,#4594,3.);
#1134=VECTOR($,#4597,3.);
#1135=VECTOR($,#4602,3.);
#1136=VECTOR($,#4605,3.);
#1137=VECTOR($,#4608,3.);
#1138=VECTOR($,#4611,3.);
#1139=VECTOR($,#4614,3.);
#1140=VECTOR($,#4617,3.);
#1141=VECTOR($,#4620,3.);
#1142=VECTOR($,#4623,3.);
#1143=VECTOR($,#4626,3.);
#1144=VECTOR($,#4639,3.0000026099252);
#1145=VECTOR($,#4646,7.51590789082511);
#1146=VECTOR($,#4649,1.8448240559741);
#1147=VECTOR($,#4652,35.);
#1148=VECTOR($,#4653,8.8951488738369);
#1149=VECTOR($,#4660,3.00001636192054);
#1150=VECTOR($,#4661,0.749999999990931);
#1151=VECTOR($,#4662,4.00000000004806);
#1152=VECTOR($,#4663,0.999999999991813);
#1153=VECTOR($,#4664,4.999999999989);
#1154=VECTOR($,#4665,3.50000000000642);
#1155=VECTOR($,#4666,4.99999999998872);
#1156=VECTOR($,#4667,1.00000000003222);
#1157=VECTOR($,#4668,3.99999999995657);
#1158=VECTOR($,#4669,0.749999999896744);
#1159=VECTOR($,#4674,3.0000026099252);
#1160=VECTOR($,#4675,0.749999999896744);
#1161=VECTOR($,#4676,3.99999999995657);
#1162=VECTOR($,#4677,1.00000000003222);
#1163=VECTOR($,#4678,4.99999999998872);
#1164=VECTOR($,#4679,3.50000000000642);
#1165=VECTOR($,#4680,4.999999999989);
#1166=VECTOR($,#4681,0.999999999991813);
#1167=VECTOR($,#4682,4.00000000004806);
#1168=VECTOR($,#4683,0.749999999990931);
#1169=VECTOR($,#4684,3.00001636192054);
#1170=VECTOR($,#4691,8.8951488738369);
#1171=VECTOR($,#4692,35.);
#1172=VECTOR($,#4695,1.8448240559741);
#1173=VECTOR($,#4698,7.51590789082511);
#1174=VECTOR($,#4705,3.);
#1175=VECTOR($,#4706,3.);
#1176=VECTOR($,#4709,3.);
#1177=VECTOR($,#4710,3.);
#1178=VECTOR($,#4713,3.);
#1179=VECTOR($,#4716,3.);
#1180=VECTOR($,#4719,3.);
#1181=VECTOR($,#4722,3.);
#1182=VECTOR($,#4725,3.);
#1183=VECTOR($,#4728,3.);
#1184=VECTOR($,#4731,3.);
#1185=VECTOR($,#4734,3.);
#1186=VECTOR($,#4737,3.);
#1187=VECTOR($,#4740,3.);
#1188=VECTOR($,#4743,3.);
#1189=VECTOR($,#4746,3.);
#1190=VECTOR($,#4751,3.);
#1191=VECTOR($,#4754,3.);
#1192=VECTOR($,#4757,3.);
#1193=VECTOR($,#4760,3.);
#1194=VECTOR($,#4763,3.);
#1195=VECTOR($,#4780,3.);
#1196=VECTOR($,#4785,3.);
#1197=CIRCLE($,#3543,66.4999999997056);
#1198=CIRCLE($,#3544,66.4999999997056);
#1199=CIRCLE($,#3546,3.);
#1200=CIRCLE($,#3547,3.);
#1201=CIRCLE($,#3549,3.);
#1202=CIRCLE($,#3550,3.);
#1203=CIRCLE($,#3552,66.4999999997056);
#1204=CIRCLE($,#3553,66.4999999997056);
#1205=CIRCLE($,#3555,6.2);
#1206=CIRCLE($,#3556,6.2);
#1207=CIRCLE($,#3557,3.2);
#1208=CIRCLE($,#3558,6.2);
#1209=CIRCLE($,#3559,3.2);
#1210=CIRCLE($,#3560,3.2);
#1211=CIRCLE($,#3562,3.2);
#1212=CIRCLE($,#3563,3.2);
#1213=CIRCLE($,#3564,6.2);
#1214=CIRCLE($,#3565,3.2);
#1215=CIRCLE($,#3566,6.2);
#1216=CIRCLE($,#3567,6.2);
#1217=CIRCLE($,#3570,3.);
#1218=CIRCLE($,#3571,3.);
#1219=CIRCLE($,#3574,3.);
#1220=CIRCLE($,#3575,3.);
#1221=CIRCLE($,#3579,3.);
#1222=CIRCLE($,#3580,3.);
#1223=CIRCLE($,#3582,3.);
#1224=CIRCLE($,#3583,3.);
#1225=CIRCLE($,#3585,5.);
#1226=CIRCLE($,#3586,5.);
#1227=CIRCLE($,#3588,5.);
#1228=CIRCLE($,#3589,5.);
#1229=CIRCLE($,#3591,3.2);
#1230=CIRCLE($,#3592,6.2);
#1231=CIRCLE($,#3594,6.2);
#1232=CIRCLE($,#3595,3.2);
#1233=CIRCLE($,#3599,3.);
#1234=CIRCLE($,#3600,3.);
#1235=CIRCLE($,#3602,3.);
#1236=CIRCLE($,#3603,3.);
#1237=CIRCLE($,#3605,3.);
#1238=CIRCLE($,#3606,3.);
#1239=CIRCLE($,#3608,3.);
#1240=CIRCLE($,#3609,3.);
#1241=CIRCLE($,#3612,5.);
#1242=CIRCLE($,#3613,5.);
#1243=CIRCLE($,#3615,5.);
#1244=CIRCLE($,#3616,5.);
#1245=CIRCLE($,#3624,3.);
#1246=CIRCLE($,#3625,3.);
#1247=CIRCLE($,#3627,3.);
#1248=CIRCLE($,#3628,3.);
#1249=CIRCLE($,#3646,3.2);
#1250=CIRCLE($,#3647,6.2);
#1251=CIRCLE($,#3649,10.5);
#1252=CIRCLE($,#3650,2.5);
#1253=CIRCLE($,#3651,2.5);
#1254=CIRCLE($,#3652,2.5);
#1255=CIRCLE($,#3653,2.5);
#1256=CIRCLE($,#3655,10.5);
#1257=CIRCLE($,#3656,2.5);
#1258=CIRCLE($,#3657,2.5);
#1259=CIRCLE($,#3658,2.5);
#1260=CIRCLE($,#3659,2.5);
#1261=CIRCLE($,#3661,6.2);
#1262=CIRCLE($,#3662,3.2);
#1263=CIRCLE($,#3665,3.);
#1264=CIRCLE($,#3666,66.4999999997056);
#1265=CIRCLE($,#3667,3.);
#1266=CIRCLE($,#3668,3.);
#1267=CIRCLE($,#3669,66.4999999997056);
#1268=CIRCLE($,#3670,3.);
#1269=CIRCLE($,#3672,3.);
#1270=CIRCLE($,#3673,66.4999999997056);
#1271=CIRCLE($,#3674,3.);
#1272=CIRCLE($,#3675,3.);
#1273=CIRCLE($,#3676,66.4999999997056);
#1274=CIRCLE($,#3677,3.);
#1275=CIRCLE($,#3681,3.2);
#1276=CIRCLE($,#3683,6.2);
#1277=CIRCLE($,#3703,3.2);
#1278=CIRCLE($,#3705,6.2);
#1279=CIRCLE($,#3708,3.2);
#1280=CIRCLE($,#3709,6.2);
#1281=CIRCLE($,#3714,6.2);
#1282=CIRCLE($,#3715,3.2);
#1283=CIRCLE($,#3716,6.2);
#1284=CIRCLE($,#3717,3.2);
#1285=CIRCLE($,#3719,3.2);
#1286=CIRCLE($,#3720,6.2);
#1287=CIRCLE($,#3721,3.2);
#1288=CIRCLE($,#3722,6.2);
#1289=CIRCLE($,#3731,6.2);
#1290=CIRCLE($,#3732,3.2);
#1291=CIRCLE($,#3743,3.);
#1292=CIRCLE($,#3744,3.);
#1293=CIRCLE($,#3745,2.);
#1294=CIRCLE($,#3746,3.);
#1295=CIRCLE($,#3747,76.);
#1296=CIRCLE($,#3748,3.);
#1297=CIRCLE($,#3749,3.);
#1298=CIRCLE($,#3750,76.);
#1299=CIRCLE($,#3752,3.);
#1300=CIRCLE($,#3753,76.);
#1301=CIRCLE($,#3754,3.);
#1302=CIRCLE($,#3755,2.);
#1303=CIRCLE($,#3756,3.);
#1304=CIRCLE($,#3757,3.);
#1305=CIRCLE($,#3758,76.);
#1306=CIRCLE($,#3759,3.);
#1307=CIRCLE($,#3782,3.2);
#1308=CIRCLE($,#3784,6.2);
#1309=CIRCLE($,#3786,3.);
#1310=CIRCLE($,#3787,76.);
#1311=CIRCLE($,#3788,3.);
#1312=CIRCLE($,#3789,3.);
#1313=CIRCLE($,#3790,2.);
#1314=CIRCLE($,#3791,3.);
#1315=CIRCLE($,#3792,76.);
#1316=CIRCLE($,#3793,3.);
#1317=CIRCLE($,#3795,3.);
#1318=CIRCLE($,#3796,3.);
#1319=CIRCLE($,#3797,76.);
#1320=CIRCLE($,#3798,3.);
#1321=CIRCLE($,#3799,2.);
#1322=CIRCLE($,#3800,3.);
#1323=CIRCLE($,#3801,3.);
#1324=CIRCLE($,#3802,76.);
#1325=CIRCLE($,#3825,3.2);
#1326=CIRCLE($,#3827,6.2);
#1327=VERTEX_POINT($,#4798);
#1328=VERTEX_POINT($,#4799);
#1329=VERTEX_POINT($,#4801);
#1330=VERTEX_POINT($,#4803);
#1331=VERTEX_POINT($,#4807);
#1332=VERTEX_POINT($,#4809);
#1333=VERTEX_POINT($,#4813);
#1334=VERTEX_POINT($,#4815);
#1335=VERTEX_POINT($,#4819);
#1336=VERTEX_POINT($,#4820);
#1337=VERTEX_POINT($,#4822);
#1338=VERTEX_POINT($,#4824);
#1339=VERTEX_POINT($,#4828);
#1340=VERTEX_POINT($,#4829);
#1341=VERTEX_POINT($,#4831);
#1342=VERTEX_POINT($,#4833);
#1343=VERTEX_POINT($,#4835);
#1344=VERTEX_POINT($,#4837);
#1345=VERTEX_POINT($,#4839);
#1346=VERTEX_POINT($,#4841);
#1347=VERTEX_POINT($,#4843);
#1348=VERTEX_POINT($,#4845);
#1349=VERTEX_POINT($,#4847);
#1350=VERTEX_POINT($,#4849);
#1351=VERTEX_POINT($,#4851);
#1352=VERTEX_POINT($,#4853);
#1353=VERTEX_POINT($,#4855);
#1354=VERTEX_POINT($,#4857);
#1355=VERTEX_POINT($,#4861);
#1356=VERTEX_POINT($,#4862);
#1357=VERTEX_POINT($,#4864);
#1358=VERTEX_POINT($,#4866);
#1359=VERTEX_POINT($,#4868);
#1360=VERTEX_POINT($,#4870);
#1361=VERTEX_POINT($,#4872);
#1362=VERTEX_POINT($,#4874);
#1363=VERTEX_POINT($,#4876);
#1364=VERTEX_POINT($,#4878);
#1365=VERTEX_POINT($,#4880);
#1366=VERTEX_POINT($,#4882);
#1367=VERTEX_POINT($,#4884);
#1368=VERTEX_POINT($,#4886);
#1369=VERTEX_POINT($,#4888);
#1370=VERTEX_POINT($,#4890);
#1371=VERTEX_POINT($,#4894);
#1372=VERTEX_POINT($,#4895);
#1373=VERTEX_POINT($,#4897);
#1374=VERTEX_POINT($,#4899);
#1375=VERTEX_POINT($,#4903);
#1376=VERTEX_POINT($,#4905);
#1377=VERTEX_POINT($,#4909);
#1378=VERTEX_POINT($,#4910);
#1379=VERTEX_POINT($,#4912);
#1380=VERTEX_POINT($,#4914);
#1381=VERTEX_POINT($,#4918);
#1382=VERTEX_POINT($,#4920);
#1383=VERTEX_POINT($,#4924);
#1384=VERTEX_POINT($,#4925);
#1385=VERTEX_POINT($,#4927);
#1386=VERTEX_POINT($,#4929);
#1387=VERTEX_POINT($,#4933);
#1388=VERTEX_POINT($,#4934);
#1389=VERTEX_POINT($,#4936);
#1390=VERTEX_POINT($,#4938);
#1391=VERTEX_POINT($,#4942);
#1392=VERTEX_POINT($,#4943);
#1393=VERTEX_POINT($,#4945);
#1394=VERTEX_POINT($,#4947);
#1395=VERTEX_POINT($,#4951);
#1396=VERTEX_POINT($,#4952);
#1397=VERTEX_POINT($,#4954);
#1398=VERTEX_POINT($,#4956);
#1399=VERTEX_POINT($,#4960);
#1400=VERTEX_POINT($,#4961);
#1401=VERTEX_POINT($,#4963);
#1402=VERTEX_POINT($,#4965);
#1403=VERTEX_POINT($,#4969);
#1404=VERTEX_POINT($,#4970);
#1405=VERTEX_POINT($,#4972);
#1406=VERTEX_POINT($,#4974);
#1407=VERTEX_POINT($,#4978);
#1408=VERTEX_POINT($,#4980);
#1409=VERTEX_POINT($,#4982);
#1410=VERTEX_POINT($,#4984);
#1411=VERTEX_POINT($,#4986);
#1412=VERTEX_POINT($,#4988);
#1413=VERTEX_POINT($,#4992);
#1414=VERTEX_POINT($,#4994);
#1415=VERTEX_POINT($,#4997);
#1416=VERTEX_POINT($,#4999);
#1417=VERTEX_POINT($,#5003);
#1418=VERTEX_POINT($,#5004);
#1419=VERTEX_POINT($,#5006);
#1420=VERTEX_POINT($,#5008);
#1421=VERTEX_POINT($,#5012);
#1422=VERTEX_POINT($,#5013);
#1423=VERTEX_POINT($,#5015);
#1424=VERTEX_POINT($,#5017);
#1425=VERTEX_POINT($,#5021);
#1426=VERTEX_POINT($,#5023);
#1427=VERTEX_POINT($,#5027);
#1428=VERTEX_POINT($,#5029);
#1429=VERTEX_POINT($,#5033);
#1430=VERTEX_POINT($,#5035);
#1431=VERTEX_POINT($,#5039);
#1432=VERTEX_POINT($,#5041);
#1433=VERTEX_POINT($,#5045);
#1434=VERTEX_POINT($,#5046);
#1435=VERTEX_POINT($,#5048);
#1436=VERTEX_POINT($,#5050);
#1437=VERTEX_POINT($,#5054);
#1438=VERTEX_POINT($,#5056);
#1439=VERTEX_POINT($,#5060);
#1440=VERTEX_POINT($,#5062);
#1441=VERTEX_POINT($,#5077);
#1442=VERTEX_POINT($,#5078);
#1443=VERTEX_POINT($,#5080);
#1444=VERTEX_POINT($,#5082);
#1445=VERTEX_POINT($,#5089);
#1446=VERTEX_POINT($,#5091);
#1447=VERTEX_POINT($,#5098);
#1448=VERTEX_POINT($,#5099);
#1449=VERTEX_POINT($,#5104);
#1450=VERTEX_POINT($,#5105);
#1451=VERTEX_POINT($,#5110);
#1452=VERTEX_POINT($,#5111);
#1453=VERTEX_POINT($,#5116);
#1454=VERTEX_POINT($,#5117);
#1455=VERTEX_POINT($,#5122);
#1456=VERTEX_POINT($,#5123);
#1457=VERTEX_POINT($,#5128);
#1458=VERTEX_POINT($,#5129);
#1459=VERTEX_POINT($,#5134);
#1460=VERTEX_POINT($,#5135);
#1461=VERTEX_POINT($,#5140);
#1462=VERTEX_POINT($,#5141);
#1463=VERTEX_POINT($,#5146);
#1464=VERTEX_POINT($,#5147);
#1465=VERTEX_POINT($,#5155);
#1466=VERTEX_POINT($,#5156);
#1467=VERTEX_POINT($,#5158);
#1468=VERTEX_POINT($,#5160);
#1469=VERTEX_POINT($,#5165);
#1470=VERTEX_POINT($,#5169);
#1471=VERTEX_POINT($,#5178);
#1472=VERTEX_POINT($,#5180);
#1473=VERTEX_POINT($,#5182);
#1474=VERTEX_POINT($,#5184);
#1475=VERTEX_POINT($,#5186);
#1476=VERTEX_POINT($,#5188);
#1477=VERTEX_POINT($,#5192);
#1478=VERTEX_POINT($,#5194);
#1479=VERTEX_POINT($,#5197);
#1480=VERTEX_POINT($,#5201);
#1481=VERTEX_POINT($,#5203);
#1482=VERTEX_POINT($,#5205);
#1483=VERTEX_POINT($,#5210);
#1484=VERTEX_POINT($,#5214);
#1485=VERTEX_POINT($,#5216);
#1486=VERTEX_POINT($,#5218);
#1487=VERTEX_POINT($,#5220);
#1488=VERTEX_POINT($,#5223);
#1489=VERTEX_POINT($,#5225);
#1490=VERTEX_POINT($,#5227);
#1491=VERTEX_POINT($,#5229);
#1492=VERTEX_POINT($,#5232);
#1493=VERTEX_POINT($,#5234);
#1494=VERTEX_POINT($,#5237);
#1495=VERTEX_POINT($,#5239);
#1496=VERTEX_POINT($,#5241);
#1497=VERTEX_POINT($,#5243);
#1498=VERTEX_POINT($,#5247);
#1499=VERTEX_POINT($,#5252);
#1500=VERTEX_POINT($,#5254);
#1501=VERTEX_POINT($,#5256);
#1502=VERTEX_POINT($,#5260);
#1503=VERTEX_POINT($,#5263);
#1504=VERTEX_POINT($,#5265);
#1505=VERTEX_POINT($,#5267);
#1506=VERTEX_POINT($,#5269);
#1507=VERTEX_POINT($,#5272);
#1508=VERTEX_POINT($,#5274);
#1509=VERTEX_POINT($,#5276);
#1510=VERTEX_POINT($,#5278);
#1511=VERTEX_POINT($,#5283);
#1512=VERTEX_POINT($,#5285);
#1513=VERTEX_POINT($,#5287);
#1514=VERTEX_POINT($,#5290);
#1515=VERTEX_POINT($,#5292);
#1516=VERTEX_POINT($,#5294);
#1517=VERTEX_POINT($,#5296);
#1518=VERTEX_POINT($,#5298);
#1519=VERTEX_POINT($,#5300);
#1520=VERTEX_POINT($,#5302);
#1521=VERTEX_POINT($,#5304);
#1522=VERTEX_POINT($,#5306);
#1523=VERTEX_POINT($,#5308);
#1524=VERTEX_POINT($,#5310);
#1525=VERTEX_POINT($,#5312);
#1526=VERTEX_POINT($,#5314);
#1527=VERTEX_POINT($,#5316);
#1528=VERTEX_POINT($,#5318);
#1529=VERTEX_POINT($,#5320);
#1530=VERTEX_POINT($,#5322);
#1531=VERTEX_POINT($,#5326);
#1532=VERTEX_POINT($,#5328);
#1533=VERTEX_POINT($,#5330);
#1534=VERTEX_POINT($,#5332);
#1535=VERTEX_POINT($,#5334);
#1536=VERTEX_POINT($,#5336);
#1537=VERTEX_POINT($,#5338);
#1538=VERTEX_POINT($,#5340);
#1539=VERTEX_POINT($,#5342);
#1540=VERTEX_POINT($,#5344);
#1541=VERTEX_POINT($,#5346);
#1542=VERTEX_POINT($,#5348);
#1543=VERTEX_POINT($,#5350);
#1544=VERTEX_POINT($,#5352);
#1545=VERTEX_POINT($,#5354);
#1546=VERTEX_POINT($,#5356);
#1547=VERTEX_POINT($,#5358);
#1548=VERTEX_POINT($,#5360);
#1549=VERTEX_POINT($,#5363);
#1550=VERTEX_POINT($,#5365);
#1551=VERTEX_POINT($,#5417);
#1552=VERTEX_POINT($,#5419);
#1553=VERTEX_POINT($,#5421);
#1554=VERTEX_POINT($,#5423);
#1555=VERTEX_POINT($,#5428);
#1556=VERTEX_POINT($,#5430);
#1557=VERTEX_POINT($,#5434);
#1558=VERTEX_POINT($,#5437);
#1559=VERTEX_POINT($,#5442);
#1560=VERTEX_POINT($,#5444);
#1561=VERTEX_POINT($,#5447);
#1562=VERTEX_POINT($,#5449);
#1563=VERTEX_POINT($,#5453);
#1564=VERTEX_POINT($,#5455);
#1565=VERTEX_POINT($,#5458);
#1566=VERTEX_POINT($,#5460);
#1567=VERTEX_POINT($,#5475);
#1568=VERTEX_POINT($,#5477);
#1569=VERTEX_POINT($,#5479);
#1570=VERTEX_POINT($,#5481);
#1571=VERTEX_POINT($,#5502);
#1572=VERTEX_POINT($,#5503);
#1573=VERTEX_POINT($,#5505);
#1574=VERTEX_POINT($,#5507);
#1575=VERTEX_POINT($,#5509);
#1576=VERTEX_POINT($,#5512);
#1577=VERTEX_POINT($,#5514);
#1578=VERTEX_POINT($,#5516);
#1579=VERTEX_POINT($,#5518);
#1580=VERTEX_POINT($,#5520);
#1581=VERTEX_POINT($,#5522);
#1582=VERTEX_POINT($,#5524);
#1583=VERTEX_POINT($,#5526);
#1584=VERTEX_POINT($,#5528);
#1585=VERTEX_POINT($,#5530);
#1586=VERTEX_POINT($,#5532);
#1587=VERTEX_POINT($,#5534);
#1588=VERTEX_POINT($,#5536);
#1589=VERTEX_POINT($,#5538);
#1590=VERTEX_POINT($,#5540);
#1591=VERTEX_POINT($,#5542);
#1592=VERTEX_POINT($,#5544);
#1593=VERTEX_POINT($,#5548);
#1594=VERTEX_POINT($,#5549);
#1595=VERTEX_POINT($,#5551);
#1596=VERTEX_POINT($,#5553);
#1597=VERTEX_POINT($,#5555);
#1598=VERTEX_POINT($,#5557);
#1599=VERTEX_POINT($,#5559);
#1600=VERTEX_POINT($,#5561);
#1601=VERTEX_POINT($,#5563);
#1602=VERTEX_POINT($,#5565);
#1603=VERTEX_POINT($,#5567);
#1604=VERTEX_POINT($,#5569);
#1605=VERTEX_POINT($,#5571);
#1606=VERTEX_POINT($,#5574);
#1607=VERTEX_POINT($,#5576);
#1608=VERTEX_POINT($,#5578);
#1609=VERTEX_POINT($,#5580);
#1610=VERTEX_POINT($,#5582);
#1611=VERTEX_POINT($,#5584);
#1612=VERTEX_POINT($,#5586);
#1613=VERTEX_POINT($,#5588);
#1614=VERTEX_POINT($,#5590);
#1615=VERTEX_POINT($,#5640);
#1616=VERTEX_POINT($,#5641);
#1617=VERTEX_POINT($,#5643);
#1618=VERTEX_POINT($,#5645);
#1619=VERTEX_POINT($,#5647);
#1620=VERTEX_POINT($,#5649);
#1621=VERTEX_POINT($,#5651);
#1622=VERTEX_POINT($,#5653);
#1623=VERTEX_POINT($,#5656);
#1624=VERTEX_POINT($,#5658);
#1625=VERTEX_POINT($,#5660);
#1626=VERTEX_POINT($,#5662);
#1627=VERTEX_POINT($,#5664);
#1628=VERTEX_POINT($,#5666);
#1629=VERTEX_POINT($,#5668);
#1630=VERTEX_POINT($,#5670);
#1631=VERTEX_POINT($,#5672);
#1632=VERTEX_POINT($,#5674);
#1633=VERTEX_POINT($,#5676);
#1634=VERTEX_POINT($,#5678);
#1635=VERTEX_POINT($,#5680);
#1636=VERTEX_POINT($,#5682);
#1637=VERTEX_POINT($,#5686);
#1638=VERTEX_POINT($,#5687);
#1639=VERTEX_POINT($,#5689);
#1640=VERTEX_POINT($,#5691);
#1641=VERTEX_POINT($,#5693);
#1642=VERTEX_POINT($,#5695);
#1643=VERTEX_POINT($,#5697);
#1644=VERTEX_POINT($,#5699);
#1645=VERTEX_POINT($,#5701);
#1646=VERTEX_POINT($,#5703);
#1647=VERTEX_POINT($,#5705);
#1648=VERTEX_POINT($,#5707);
#1649=VERTEX_POINT($,#5709);
#1650=VERTEX_POINT($,#5711);
#1651=VERTEX_POINT($,#5713);
#1652=VERTEX_POINT($,#5715);
#1653=VERTEX_POINT($,#5717);
#1654=VERTEX_POINT($,#5720);
#1655=VERTEX_POINT($,#5722);
#1656=VERTEX_POINT($,#5724);
#1657=VERTEX_POINT($,#5726);
#1658=VERTEX_POINT($,#5728);
#1659=EDGE_CURVE($,#1327,#1328,#1197,.T.);
#1660=EDGE_CURVE($,#1327,#1329,#469,.T.);
#1661=EDGE_CURVE($,#1329,#1330,#1198,.T.);
#1662=EDGE_CURVE($,#1330,#1328,#470,.F.);
#1663=EDGE_CURVE($,#1331,#1327,#1199,.F.);
#1664=EDGE_CURVE($,#1332,#1331,#471,.T.);
#1665=EDGE_CURVE($,#1329,#1332,#1200,.T.);
#1666=EDGE_CURVE($,#1328,#1333,#1201,.F.);
#1667=EDGE_CURVE($,#1334,#1330,#1202,.T.);
#1668=EDGE_CURVE($,#1333,#1334,#472,.T.);
#1669=EDGE_CURVE($,#1335,#1336,#1203,.T.);
#1670=EDGE_CURVE($,#1335,#1337,#473,.T.);
#1671=EDGE_CURVE($,#1337,#1338,#1204,.T.);
#1672=EDGE_CURVE($,#1336,#1338,#474,.T.);
#1673=EDGE_CURVE($,#1339,#1340,#475,.T.);
#1674=EDGE_CURVE($,#1340,#1341,#476,.F.);
#1675=EDGE_CURVE($,#1342,#1341,#477,.T.);
#1676=EDGE_CURVE($,#1343,#1342,#1205,.T.);
#1677=EDGE_CURVE($,#1344,#1343,#478,.T.);
#1678=EDGE_CURVE($,#1345,#1344,#1206,.F.);
#1679=EDGE_CURVE($,#1345,#1346,#479,.T.);
#1680=EDGE_CURVE($,#1347,#1346,#1207,.T.);
#1681=EDGE_CURVE($,#1347,#1348,#480,.T.);
#1682=EDGE_CURVE($,#1348,#1349,#481,.T.);
#1683=EDGE_CURVE($,#1349,#1350,#482,.T.);
#1684=EDGE_CURVE($,#1350,#1351,#1208,.T.);
#1685=EDGE_CURVE($,#1352,#1351,#483,.T.);
#1686=EDGE_CURVE($,#1352,#1353,#1209,.F.);
#1687=EDGE_CURVE($,#1353,#1354,#484,.F.);
#1688=EDGE_CURVE($,#1354,#1339,#1210,.T.);
#1689=EDGE_CURVE($,#1355,#1356,#485,.T.);
#1690=EDGE_CURVE($,#1355,#1357,#486,.T.);
#1691=EDGE_CURVE($,#1357,#1358,#487,.T.);
#1692=EDGE_CURVE($,#1359,#1358,#1211,.T.);
#1693=EDGE_CURVE($,#1360,#1359,#488,.F.);
#1694=EDGE_CURVE($,#1361,#1360,#1212,.F.);
#1695=EDGE_CURVE($,#1362,#1361,#489,.T.);
#1696=EDGE_CURVE($,#1362,#1363,#1213,.T.);
#1697=EDGE_CURVE($,#1363,#1364,#490,.T.);
#1698=EDGE_CURVE($,#1365,#1364,#491,.T.);
#1699=EDGE_CURVE($,#1365,#1366,#492,.T.);
#1700=EDGE_CURVE($,#1367,#1366,#1214,.F.);
#1701=EDGE_CURVE($,#1367,#1368,#493,.T.);
#1702=EDGE_CURVE($,#1368,#1369,#1215,.F.);
#1703=EDGE_CURVE($,#1369,#1370,#494,.T.);
#1704=EDGE_CURVE($,#1370,#1356,#1216,.T.);
#1705=EDGE_CURVE($,#1371,#1372,#495,.T.);
#1706=EDGE_CURVE($,#1371,#1373,#496,.T.);
#1707=EDGE_CURVE($,#1373,#1374,#497,.T.);
#1708=EDGE_CURVE($,#1372,#1374,#498,.T.);
#1709=EDGE_CURVE($,#1375,#1371,#1217,.F.);
#1710=EDGE_CURVE($,#1376,#1375,#499,.F.);
#1711=EDGE_CURVE($,#1373,#1376,#1218,.T.);
#1712=EDGE_CURVE($,#1377,#1378,#500,.T.);
#1713=EDGE_CURVE($,#1378,#1379,#501,.F.);
#1714=EDGE_CURVE($,#1380,#1379,#502,.F.);
#1715=EDGE_CURVE($,#1380,#1377,#503,.T.);
#1716=EDGE_CURVE($,#1379,#1381,#1219,.F.);
#1717=EDGE_CURVE($,#1382,#1378,#1220,.T.);
#1718=EDGE_CURVE($,#1381,#1382,#504,.T.);
#1719=EDGE_CURVE($,#1383,#1384,#505,.T.);
#1720=EDGE_CURVE($,#1385,#1383,#506,.T.);
#1721=EDGE_CURVE($,#1385,#1386,#507,.T.);
#1722=EDGE_CURVE($,#1386,#1384,#508,.T.);
#1723=EDGE_CURVE($,#1387,#1388,#509,.T.);
#1724=EDGE_CURVE($,#1388,#1389,#510,.T.);
#1725=EDGE_CURVE($,#1390,#1389,#511,.T.);
#1726=EDGE_CURVE($,#1387,#1390,#512,.T.);
#1727=EDGE_CURVE($,#1391,#1392,#1221,.F.);
#1728=EDGE_CURVE($,#1393,#1391,#513,.T.);
#1729=EDGE_CURVE($,#1394,#1393,#1222,.T.);
#1730=EDGE_CURVE($,#1392,#1394,#514,.T.);
#1731=EDGE_CURVE($,#1395,#1396,#1223,.F.);
#1732=EDGE_CURVE($,#1397,#1395,#515,.F.);
#1733=EDGE_CURVE($,#1398,#1397,#1224,.T.);
#1734=EDGE_CURVE($,#1396,#1398,#516,.F.);
#1735=EDGE_CURVE($,#1399,#1400,#1225,.T.);
#1736=EDGE_CURVE($,#1401,#1399,#517,.F.);
#1737=EDGE_CURVE($,#1402,#1401,#1226,.F.);
#1738=EDGE_CURVE($,#1400,#1402,#518,.T.);
#1739=EDGE_CURVE($,#1403,#1404,#1227,.T.);
#1740=EDGE_CURVE($,#1405,#1403,#519,.F.);
#1741=EDGE_CURVE($,#1406,#1405,#1228,.F.);
#1742=EDGE_CURVE($,#1404,#1406,#520,.T.);
#1743=EDGE_CURVE($,#1386,#1407,#521,.T.);
#1744=EDGE_CURVE($,#1407,#1408,#1229,.T.);
#1745=EDGE_CURVE($,#1408,#1409,#522,.T.);
#1746=EDGE_CURVE($,#1409,#1410,#523,.T.);
#1747=EDGE_CURVE($,#1411,#1410,#524,.T.);
#1748=EDGE_CURVE($,#1412,#1411,#1230,.T.);
#1749=EDGE_CURVE($,#1384,#1412,#525,.T.);
#1750=EDGE_CURVE($,#1413,#1390,#526,.T.);
#1751=EDGE_CURVE($,#1414,#1413,#1231,.T.);
#1752=EDGE_CURVE($,#1332,#1414,#527,.T.);
#1753=EDGE_CURVE($,#1331,#1415,#528,.F.);
#1754=EDGE_CURVE($,#1415,#1416,#1232,.F.);
#1755=EDGE_CURVE($,#1416,#1387,#529,.F.);
#1756=EDGE_CURVE($,#1417,#1418,#530,.T.);
#1757=EDGE_CURVE($,#1418,#1419,#531,.F.);
#1758=EDGE_CURVE($,#1420,#1419,#532,.F.);
#1759=EDGE_CURVE($,#1420,#1417,#533,.T.);
#1760=EDGE_CURVE($,#1421,#1422,#534,.F.);
#1761=EDGE_CURVE($,#1421,#1423,#535,.T.);
#1762=EDGE_CURVE($,#1424,#1423,#536,.F.);
#1763=EDGE_CURVE($,#1424,#1422,#537,.F.);
#1764=EDGE_CURVE($,#1419,#1425,#1233,.F.);
#1765=EDGE_CURVE($,#1426,#1418,#1234,.T.);
#1766=EDGE_CURVE($,#1425,#1426,#538,.F.);
#1767=EDGE_CURVE($,#1427,#1420,#1235,.F.);
#1768=EDGE_CURVE($,#1428,#1427,#539,.T.);
#1769=EDGE_CURVE($,#1417,#1428,#1236,.T.);
#1770=EDGE_CURVE($,#1422,#1429,#1237,.F.);
#1771=EDGE_CURVE($,#1430,#1424,#1238,.T.);
#1772=EDGE_CURVE($,#1429,#1430,#540,.F.);
#1773=EDGE_CURVE($,#1431,#1421,#1239,.F.);
#1774=EDGE_CURVE($,#1432,#1431,#541,.T.);
#1775=EDGE_CURVE($,#1423,#1432,#1240,.T.);
#1776=EDGE_CURVE($,#1433,#1434,#542,.T.);
#1777=EDGE_CURVE($,#1434,#1435,#543,.T.);
#1778=EDGE_CURVE($,#1436,#1435,#544,.T.);
#1779=EDGE_CURVE($,#1433,#1436,#545,.T.);
#1780=EDGE_CURVE($,#1341,#1437,#1241,.T.);
#1781=EDGE_CURVE($,#1438,#1340,#1242,.F.);
#1782=EDGE_CURVE($,#1437,#1438,#546,.T.);
#1783=EDGE_CURVE($,#1439,#1355,#1243,.T.);
#1784=EDGE_CURVE($,#1440,#1439,#547,.F.);
#1785=EDGE_CURVE($,#1357,#1440,#1244,.F.);
#1786=EDGE_CURVE($,#1437,#1439,#548,.T.);
#1787=EDGE_CURVE($,#1356,#1342,#549,.T.);
#1788=EDGE_CURVE($,#1438,#1440,#550,.T.);
#1789=EDGE_CURVE($,#1358,#1339,#551,.T.);
#1790=EDGE_CURVE($,#1343,#1370,#552,.T.);
#1791=EDGE_CURVE($,#1354,#1359,#553,.T.);
#1792=EDGE_CURVE($,#1441,#1442,#554,.T.);
#1793=EDGE_CURVE($,#1442,#1443,#555,.F.);
#1794=EDGE_CURVE($,#1444,#1443,#556,.T.);
#1795=EDGE_CURVE($,#1444,#1441,#557,.T.);
#1796=EDGE_CURVE($,#1443,#1335,#1245,.F.);
#1797=EDGE_CURVE($,#1337,#1442,#1246,.T.);
#1798=EDGE_CURVE($,#1338,#1445,#1247,.T.);
#1799=EDGE_CURVE($,#1446,#1445,#558,.T.);
#1800=EDGE_CURVE($,#1336,#1446,#1248,.T.);
#1801=EDGE_CURVE($,#1445,#1428,#559,.T.);
#1802=EDGE_CURVE($,#1446,#1427,#560,.T.);
#1803=EDGE_CURVE($,#1447,#1448,#561,.T.);
#1804=EDGE_CURVE($,#1448,#1441,#562,.T.);
#1805=EDGE_CURVE($,#1447,#1444,#563,.T.);
#1806=EDGE_CURVE($,#1449,#1450,#564,.T.);
#1807=EDGE_CURVE($,#1450,#1448,#565,.T.);
#1808=EDGE_CURVE($,#1449,#1447,#566,.T.);
#1809=EDGE_CURVE($,#1451,#1452,#567,.T.);
#1810=EDGE_CURVE($,#1452,#1450,#568,.T.);
#1811=EDGE_CURVE($,#1451,#1449,#569,.T.);
#1812=EDGE_CURVE($,#1453,#1454,#570,.T.);
#1813=EDGE_CURVE($,#1454,#1452,#571,.T.);
#1814=EDGE_CURVE($,#1453,#1451,#572,.T.);
#1815=EDGE_CURVE($,#1455,#1456,#573,.T.);
#1816=EDGE_CURVE($,#1456,#1454,#574,.T.);
#1817=EDGE_CURVE($,#1455,#1453,#575,.T.);
#1818=EDGE_CURVE($,#1457,#1458,#576,.T.);
#1819=EDGE_CURVE($,#1458,#1456,#577,.T.);
#1820=EDGE_CURVE($,#1457,#1455,#578,.T.);
#1821=EDGE_CURVE($,#1459,#1460,#579,.T.);
#1822=EDGE_CURVE($,#1460,#1458,#580,.T.);
#1823=EDGE_CURVE($,#1459,#1457,#581,.T.);
#1824=EDGE_CURVE($,#1461,#1462,#582,.T.);
#1825=EDGE_CURVE($,#1462,#1460,#583,.T.);
#1826=EDGE_CURVE($,#1461,#1459,#584,.T.);
#1827=EDGE_CURVE($,#1463,#1464,#585,.T.);
#1828=EDGE_CURVE($,#1464,#1462,#586,.T.);
#1829=EDGE_CURVE($,#1463,#1461,#587,.T.);
#1830=EDGE_CURVE($,#1333,#1463,#588,.T.);
#1831=EDGE_CURVE($,#1464,#1334,#589,.T.);
#1832=EDGE_CURVE($,#1465,#1466,#590,.T.);
#1833=EDGE_CURVE($,#1465,#1467,#591,.T.);
#1834=EDGE_CURVE($,#1467,#1468,#592,.T.);
#1835=EDGE_CURVE($,#1466,#1468,#593,.T.);
#1836=EDGE_CURVE($,#1425,#1466,#594,.T.);
#1837=EDGE_CURVE($,#1469,#1468,#595,.T.);
#1838=EDGE_CURVE($,#1415,#1469,#596,.F.);
#1839=EDGE_CURVE($,#1414,#1470,#597,.T.);
#1840=EDGE_CURVE($,#1470,#1467,#598,.T.);
#1841=EDGE_CURVE($,#1426,#1465,#599,.T.);
#1842=EDGE_CURVE($,#1360,#1353,#600,.F.);
#1843=EDGE_CURVE($,#1369,#1344,#601,.T.);
#1844=EDGE_CURVE($,#1471,#1433,#602,.T.);
#1845=EDGE_CURVE($,#1472,#1471,#1249,.F.);
#1846=EDGE_CURVE($,#1473,#1472,#603,.T.);
#1847=EDGE_CURVE($,#1473,#1474,#604,.T.);
#1848=EDGE_CURVE($,#1474,#1475,#605,.T.);
#1849=EDGE_CURVE($,#1475,#1476,#1250,.T.);
#1850=EDGE_CURVE($,#1476,#1434,#606,.T.);
#1851=EDGE_CURVE($,#1477,#1385,#607,.T.);
#1852=EDGE_CURVE($,#1478,#1477,#608,.T.);
#1853=EDGE_CURVE($,#1388,#1478,#609,.T.);
#1854=EDGE_CURVE($,#1416,#1479,#610,.T.);
#1855=EDGE_CURVE($,#1391,#1479,#611,.T.);
#1856=EDGE_CURVE($,#1395,#1392,#1251,.F.);
#1857=EDGE_CURVE($,#1480,#1396,#612,.T.);
#1858=EDGE_CURVE($,#1481,#1480,#613,.F.);
#1859=EDGE_CURVE($,#1482,#1481,#614,.F.);
#1860=EDGE_CURVE($,#1482,#1375,#615,.T.);
#1861=EDGE_CURVE($,#1372,#1348,#616,.T.);
#1862=EDGE_CURVE($,#1471,#1347,#617,.F.);
#1863=EDGE_CURVE($,#1436,#1483,#618,.F.);
#1864=EDGE_CURVE($,#1366,#1483,#619,.F.);
#1865=EDGE_CURVE($,#1365,#1380,#620,.T.);
#1866=EDGE_CURVE($,#1381,#1484,#621,.T.);
#1867=EDGE_CURVE($,#1485,#1484,#622,.T.);
#1868=EDGE_CURVE($,#1486,#1485,#623,.F.);
#1869=EDGE_CURVE($,#1487,#1486,#624,.F.);
#1870=EDGE_CURVE($,#1487,#1407,#625,.T.);
#1871=EDGE_CURVE($,#1488,#1488,#1252,.T.);
#1872=EDGE_CURVE($,#1489,#1489,#1253,.T.);
#1873=EDGE_CURVE($,#1490,#1490,#1254,.T.);
#1874=EDGE_CURVE($,#1491,#1491,#1255,.T.);
#1875=EDGE_CURVE($,#1389,#1492,#626,.T.);
#1876=EDGE_CURVE($,#1492,#1493,#627,.T.);
#1877=EDGE_CURVE($,#1493,#1383,#628,.T.);
#1878=EDGE_CURVE($,#1494,#1412,#629,.T.);
#1879=EDGE_CURVE($,#1494,#1495,#630,.T.);
#1880=EDGE_CURVE($,#1495,#1496,#631,.T.);
#1881=EDGE_CURVE($,#1496,#1497,#632,.T.);
#1882=EDGE_CURVE($,#1382,#1497,#633,.T.);
#1883=EDGE_CURVE($,#1364,#1377,#634,.T.);
#1884=EDGE_CURVE($,#1363,#1498,#635,.F.);
#1885=EDGE_CURVE($,#1435,#1498,#636,.T.);
#1886=EDGE_CURVE($,#1476,#1350,#637,.F.);
#1887=EDGE_CURVE($,#1374,#1349,#638,.T.);
#1888=EDGE_CURVE($,#1499,#1376,#639,.T.);
#1889=EDGE_CURVE($,#1499,#1500,#640,.T.);
#1890=EDGE_CURVE($,#1500,#1501,#641,.T.);
#1891=EDGE_CURVE($,#1501,#1398,#642,.T.);
#1892=EDGE_CURVE($,#1397,#1394,#1256,.F.);
#1893=EDGE_CURVE($,#1393,#1502,#643,.T.);
#1894=EDGE_CURVE($,#1413,#1502,#644,.T.);
#1895=EDGE_CURVE($,#1503,#1503,#1257,.T.);
#1896=EDGE_CURVE($,#1504,#1504,#1258,.T.);
#1897=EDGE_CURVE($,#1505,#1505,#1259,.T.);
#1898=EDGE_CURVE($,#1506,#1506,#1260,.F.);
#1899=EDGE_CURVE($,#1498,#1507,#1261,.T.);
#1900=EDGE_CURVE($,#1507,#1508,#645,.T.);
#1901=EDGE_CURVE($,#1509,#1508,#646,.T.);
#1902=EDGE_CURVE($,#1510,#1509,#647,.F.);
#1903=EDGE_CURVE($,#1483,#1510,#1262,.T.);
#1904=EDGE_CURVE($,#1511,#1432,#648,.T.);
#1905=EDGE_CURVE($,#1511,#1512,#649,.T.);
#1906=EDGE_CURVE($,#1512,#1513,#650,.T.);
#1907=EDGE_CURVE($,#1513,#1411,#651,.T.);
#1908=EDGE_CURVE($,#1410,#1514,#1263,.T.);
#1909=EDGE_CURVE($,#1515,#1514,#1264,.T.);
#1910=EDGE_CURVE($,#1515,#1516,#1265,.T.);
#1911=EDGE_CURVE($,#1517,#1516,#652,.T.);
#1912=EDGE_CURVE($,#1518,#1517,#653,.T.);
#1913=EDGE_CURVE($,#1519,#1518,#654,.T.);
#1914=EDGE_CURVE($,#1520,#1519,#655,.T.);
#1915=EDGE_CURVE($,#1521,#1520,#656,.T.);
#1916=EDGE_CURVE($,#1522,#1521,#657,.T.);
#1917=EDGE_CURVE($,#1523,#1522,#658,.T.);
#1918=EDGE_CURVE($,#1524,#1523,#659,.T.);
#1919=EDGE_CURVE($,#1525,#1524,#660,.T.);
#1920=EDGE_CURVE($,#1526,#1525,#661,.T.);
#1921=EDGE_CURVE($,#1526,#1527,#662,.T.);
#1922=EDGE_CURVE($,#1527,#1528,#1266,.T.);
#1923=EDGE_CURVE($,#1529,#1528,#1267,.T.);
#1924=EDGE_CURVE($,#1530,#1529,#1268,.T.);
#1925=EDGE_CURVE($,#1430,#1530,#663,.T.);
#1926=EDGE_CURVE($,#1531,#1431,#664,.T.);
#1927=EDGE_CURVE($,#1429,#1532,#665,.T.);
#1928=EDGE_CURVE($,#1532,#1533,#1269,.T.);
#1929=EDGE_CURVE($,#1533,#1534,#1270,.T.);
#1930=EDGE_CURVE($,#1534,#1535,#1271,.F.);
#1931=EDGE_CURVE($,#1535,#1536,#666,.T.);
#1932=EDGE_CURVE($,#1536,#1537,#667,.T.);
#1933=EDGE_CURVE($,#1537,#1538,#668,.T.);
#1934=EDGE_CURVE($,#1538,#1539,#669,.T.);
#1935=EDGE_CURVE($,#1539,#1540,#670,.T.);
#1936=EDGE_CURVE($,#1540,#1541,#671,.T.);
#1937=EDGE_CURVE($,#1541,#1542,#672,.T.);
#1938=EDGE_CURVE($,#1542,#1543,#673,.T.);
#1939=EDGE_CURVE($,#1543,#1544,#674,.T.);
#1940=EDGE_CURVE($,#1544,#1545,#675,.T.);
#1941=EDGE_CURVE($,#1545,#1546,#676,.T.);
#1942=EDGE_CURVE($,#1546,#1547,#1272,.F.);
#1943=EDGE_CURVE($,#1547,#1548,#1273,.T.);
#1944=EDGE_CURVE($,#1548,#1409,#1274,.F.);
#1945=EDGE_CURVE($,#1549,#1408,#677,.F.);
#1946=EDGE_CURVE($,#1550,#1549,#678,.F.);
#1947=EDGE_CURVE($,#1531,#1550,#679,.T.);
#1948=EDGE_CURVE($,#1531,#1511,#680,.F.);
#1949=EDGE_CURVE($,#1532,#1530,#681,.T.);
#1950=EDGE_CURVE($,#1479,#1469,#1275,.T.);
#1951=EDGE_CURVE($,#1502,#1470,#1276,.T.);
#1952=EDGE_CURVE($,#1514,#1548,#682,.F.);
#1953=EDGE_CURVE($,#1533,#1529,#683,.T.);
#1954=EDGE_CURVE($,#1528,#1534,#684,.F.);
#1955=EDGE_CURVE($,#1535,#1527,#685,.T.);
#1956=EDGE_CURVE($,#1536,#1526,#686,.T.);
#1957=EDGE_CURVE($,#1537,#1525,#687,.T.);
#1958=EDGE_CURVE($,#1538,#1524,#688,.T.);
#1959=EDGE_CURVE($,#1539,#1523,#689,.T.);
#1960=EDGE_CURVE($,#1540,#1522,#690,.T.);
#1961=EDGE_CURVE($,#1541,#1521,#691,.T.);
#1962=EDGE_CURVE($,#1542,#1520,#692,.T.);
#1963=EDGE_CURVE($,#1543,#1519,#693,.T.);
#1964=EDGE_CURVE($,#1544,#1518,#694,.T.);
#1965=EDGE_CURVE($,#1545,#1517,#695,.T.);
#1966=EDGE_CURVE($,#1516,#1546,#696,.F.);
#1967=EDGE_CURVE($,#1547,#1515,#697,.T.);
#1968=EDGE_CURVE($,#1512,#1550,#698,.T.);
#1969=EDGE_CURVE($,#1549,#1487,#1277,.F.);
#1970=EDGE_CURVE($,#1513,#1494,#1278,.T.);
#1971=EDGE_CURVE($,#1486,#1551,#1279,.T.);
#1972=EDGE_CURVE($,#1551,#1552,#699,.F.);
#1973=EDGE_CURVE($,#1552,#1553,#700,.F.);
#1974=EDGE_CURVE($,#1554,#1553,#701,.T.);
#1975=EDGE_CURVE($,#1495,#1554,#1280,.T.);
#1976=EDGE_CURVE($,#1404,#1399,#702,.T.);
#1977=EDGE_CURVE($,#1555,#1400,#703,.T.);
#1978=EDGE_CURVE($,#1556,#1555,#704,.T.);
#1979=EDGE_CURVE($,#1556,#1403,#705,.T.);
#1980=EDGE_CURVE($,#1557,#1402,#706,.T.);
#1981=EDGE_CURVE($,#1406,#1401,#707,.T.);
#1982=EDGE_CURVE($,#1558,#1405,#708,.T.);
#1983=EDGE_CURVE($,#1558,#1557,#709,.T.);
#1984=EDGE_CURVE($,#1559,#1557,#1281,.F.);
#1985=EDGE_CURVE($,#1560,#1559,#710,.T.);
#1986=EDGE_CURVE($,#1477,#1560,#1282,.F.);
#1987=EDGE_CURVE($,#1493,#1561,#1283,.T.);
#1988=EDGE_CURVE($,#1561,#1562,#711,.T.);
#1989=EDGE_CURVE($,#1562,#1555,#1284,.F.);
#1990=EDGE_CURVE($,#1563,#1556,#1285,.F.);
#1991=EDGE_CURVE($,#1564,#1563,#712,.T.);
#1992=EDGE_CURVE($,#1492,#1564,#1286,.T.);
#1993=EDGE_CURVE($,#1478,#1565,#1287,.F.);
#1994=EDGE_CURVE($,#1565,#1566,#713,.T.);
#1995=EDGE_CURVE($,#1566,#1558,#1288,.F.);
#1996=EDGE_CURVE($,#1563,#1562,#714,.T.);
#1997=EDGE_CURVE($,#1564,#1561,#715,.T.);
#1998=EDGE_CURVE($,#1566,#1559,#716,.T.);
#1999=EDGE_CURVE($,#1565,#1560,#717,.T.);
#2000=EDGE_CURVE($,#1567,#1501,#1289,.T.);
#2001=EDGE_CURVE($,#1568,#1567,#718,.T.);
#2002=EDGE_CURVE($,#1568,#1569,#719,.T.);
#2003=EDGE_CURVE($,#1569,#1570,#720,.T.);
#2004=EDGE_CURVE($,#1570,#1480,#1290,.F.);
#2005=EDGE_CURVE($,#1361,#1352,#721,.T.);
#2006=EDGE_CURVE($,#1368,#1345,#722,.T.);
#2007=EDGE_CURVE($,#1351,#1475,#723,.T.);
#2008=EDGE_CURVE($,#1474,#1508,#724,.T.);
#2009=EDGE_CURVE($,#1507,#1362,#725,.T.);
#2010=EDGE_CURVE($,#1510,#1367,#726,.T.);
#2011=EDGE_CURVE($,#1473,#1509,#727,.T.);
#2012=EDGE_CURVE($,#1346,#1472,#728,.T.);
#2013=EDGE_CURVE($,#1571,#1572,#1291,.T.);
#2014=EDGE_CURVE($,#1573,#1571,#729,.T.);
#2015=EDGE_CURVE($,#1574,#1573,#1292,.T.);
#2016=EDGE_CURVE($,#1575,#1574,#730,.T.);
#2017=EDGE_CURVE($,#1568,#1575,#1293,.T.);
#2018=EDGE_CURVE($,#1576,#1567,#731,.T.);
#2019=EDGE_CURVE($,#1576,#1577,#732,.T.);
#2020=EDGE_CURVE($,#1577,#1578,#1294,.T.);
#2021=EDGE_CURVE($,#1579,#1578,#1295,.T.);
#2022=EDGE_CURVE($,#1579,#1580,#1296,.T.);
#2023=EDGE_CURVE($,#1580,#1581,#733,.T.);
#2024=EDGE_CURVE($,#1581,#1582,#734,.T.);
#2025=EDGE_CURVE($,#1582,#1583,#735,.T.);
#2026=EDGE_CURVE($,#1583,#1584,#736,.T.);
#2027=EDGE_CURVE($,#1584,#1585,#737,.T.);
#2028=EDGE_CURVE($,#1585,#1586,#738,.T.);
#2029=EDGE_CURVE($,#1586,#1587,#739,.T.);
#2030=EDGE_CURVE($,#1587,#1588,#740,.T.);
#2031=EDGE_CURVE($,#1588,#1589,#741,.T.);
#2032=EDGE_CURVE($,#1589,#1590,#742,.T.);
#2033=EDGE_CURVE($,#1590,#1591,#743,.T.);
#2034=EDGE_CURVE($,#1591,#1592,#1297,.T.);
#2035=EDGE_CURVE($,#1572,#1592,#1298,.T.);
#2036=EDGE_CURVE($,#1593,#1594,#744,.T.);
#2037=EDGE_CURVE($,#1595,#1593,#745,.T.);
#2038=EDGE_CURVE($,#1596,#1595,#746,.T.);
#2039=EDGE_CURVE($,#1597,#1596,#747,.T.);
#2040=EDGE_CURVE($,#1598,#1597,#748,.T.);
#2041=EDGE_CURVE($,#1599,#1598,#749,.T.);
#2042=EDGE_CURVE($,#1600,#1599,#750,.T.);
#2043=EDGE_CURVE($,#1601,#1600,#751,.T.);
#2044=EDGE_CURVE($,#1602,#1601,#1299,.T.);
#2045=EDGE_CURVE($,#1602,#1603,#1300,.T.);
#2046=EDGE_CURVE($,#1603,#1604,#1301,.F.);
#2047=EDGE_CURVE($,#1605,#1604,#752,.F.);
#2048=EDGE_CURVE($,#1605,#1570,#753,.T.);
#2049=EDGE_CURVE($,#1569,#1606,#1302,.T.);
#2050=EDGE_CURVE($,#1606,#1607,#754,.T.);
#2051=EDGE_CURVE($,#1607,#1608,#1303,.T.);
#2052=EDGE_CURVE($,#1608,#1609,#755,.T.);
#2053=EDGE_CURVE($,#1609,#1610,#1304,.T.);
#2054=EDGE_CURVE($,#1610,#1611,#1305,.T.);
#2055=EDGE_CURVE($,#1612,#1611,#1306,.T.);
#2056=EDGE_CURVE($,#1613,#1612,#756,.T.);
#2057=EDGE_CURVE($,#1614,#1613,#757,.T.);
#2058=EDGE_CURVE($,#1594,#1614,#758,.T.);
#2059=EDGE_CURVE($,#1578,#1603,#759,.F.);
#2060=EDGE_CURVE($,#1604,#1577,#760,.F.);
#2061=EDGE_CURVE($,#1594,#1588,#761,.T.);
#2062=EDGE_CURVE($,#1593,#1587,#762,.T.);
#2063=EDGE_CURVE($,#1595,#1586,#763,.T.);
#2064=EDGE_CURVE($,#1596,#1585,#764,.T.);
#2065=EDGE_CURVE($,#1597,#1584,#765,.T.);
#2066=EDGE_CURVE($,#1598,#1583,#766,.T.);
#2067=EDGE_CURVE($,#1599,#1582,#767,.T.);
#2068=EDGE_CURVE($,#1600,#1581,#768,.T.);
#2069=EDGE_CURVE($,#1601,#1580,#769,.T.);
#2070=EDGE_CURVE($,#1602,#1579,#770,.T.);
#2071=EDGE_CURVE($,#1575,#1606,#771,.T.);
#2072=EDGE_CURVE($,#1574,#1607,#772,.T.);
#2073=EDGE_CURVE($,#1573,#1608,#773,.T.);
#2074=EDGE_CURVE($,#1609,#1571,#774,.T.);
#2075=EDGE_CURVE($,#1610,#1572,#775,.T.);
#2076=EDGE_CURVE($,#1611,#1592,#776,.T.);
#2077=EDGE_CURVE($,#1612,#1591,#777,.T.);
#2078=EDGE_CURVE($,#1613,#1590,#778,.T.);
#2079=EDGE_CURVE($,#1614,#1589,#779,.T.);
#2080=EDGE_CURVE($,#1481,#1605,#1307,.T.);
#2081=EDGE_CURVE($,#1500,#1576,#1308,.T.);
#2082=EDGE_CURVE($,#1615,#1616,#780,.T.);
#2083=EDGE_CURVE($,#1617,#1615,#1309,.T.);
#2084=EDGE_CURVE($,#1617,#1618,#1310,.T.);
#2085=EDGE_CURVE($,#1618,#1619,#1311,.T.);
#2086=EDGE_CURVE($,#1619,#1620,#781,.T.);
#2087=EDGE_CURVE($,#1620,#1621,#1312,.F.);
#2088=EDGE_CURVE($,#1621,#1622,#782,.T.);
#2089=EDGE_CURVE($,#1622,#1552,#1313,.F.);
#2090=EDGE_CURVE($,#1551,#1623,#783,.T.);
#2091=EDGE_CURVE($,#1624,#1623,#784,.T.);
#2092=EDGE_CURVE($,#1624,#1625,#1314,.F.);
#2093=EDGE_CURVE($,#1625,#1626,#1315,.T.);
#2094=EDGE_CURVE($,#1627,#1626,#1316,.T.);
#2095=EDGE_CURVE($,#1628,#1627,#785,.T.);
#2096=EDGE_CURVE($,#1629,#1628,#786,.T.);
#2097=EDGE_CURVE($,#1630,#1629,#787,.T.);
#2098=EDGE_CURVE($,#1631,#1630,#788,.T.);
#2099=EDGE_CURVE($,#1632,#1631,#789,.T.);
#2100=EDGE_CURVE($,#1633,#1632,#790,.T.);
#2101=EDGE_CURVE($,#1634,#1633,#791,.T.);
#2102=EDGE_CURVE($,#1635,#1634,#792,.T.);
#2103=EDGE_CURVE($,#1636,#1635,#793,.T.);
#2104=EDGE_CURVE($,#1616,#1636,#794,.T.);
#2105=EDGE_CURVE($,#1637,#1638,#1317,.T.);
#2106=EDGE_CURVE($,#1638,#1639,#795,.T.);
#2107=EDGE_CURVE($,#1639,#1640,#796,.T.);
#2108=EDGE_CURVE($,#1640,#1641,#797,.T.);
#2109=EDGE_CURVE($,#1641,#1642,#798,.T.);
#2110=EDGE_CURVE($,#1642,#1643,#799,.T.);
#2111=EDGE_CURVE($,#1643,#1644,#800,.T.);
#2112=EDGE_CURVE($,#1644,#1645,#801,.T.);
#2113=EDGE_CURVE($,#1645,#1646,#802,.T.);
#2114=EDGE_CURVE($,#1646,#1647,#803,.T.);
#2115=EDGE_CURVE($,#1647,#1648,#804,.T.);
#2116=EDGE_CURVE($,#1648,#1649,#805,.T.);
#2117=EDGE_CURVE($,#1649,#1650,#1318,.T.);
#2118=EDGE_CURVE($,#1651,#1650,#1319,.T.);
#2119=EDGE_CURVE($,#1651,#1652,#1320,.T.);
#2120=EDGE_CURVE($,#1652,#1653,#806,.T.);
#2121=EDGE_CURVE($,#1554,#1653,#807,.T.);
#2122=EDGE_CURVE($,#1553,#1654,#1321,.T.);
#2123=EDGE_CURVE($,#1655,#1654,#808,.T.);
#2124=EDGE_CURVE($,#1655,#1656,#1322,.T.);
#2125=EDGE_CURVE($,#1657,#1656,#809,.T.);
#2126=EDGE_CURVE($,#1658,#1657,#1323,.T.);
#2127=EDGE_CURVE($,#1637,#1658,#1324,.T.);
#2128=EDGE_CURVE($,#1652,#1624,#810,.T.);
#2129=EDGE_CURVE($,#1625,#1651,#811,.T.);
#2130=EDGE_CURVE($,#1615,#1638,#812,.T.);
#2131=EDGE_CURVE($,#1617,#1637,#813,.T.);
#2132=EDGE_CURVE($,#1616,#1639,#814,.T.);
#2133=EDGE_CURVE($,#1636,#1640,#815,.T.);
#2134=EDGE_CURVE($,#1635,#1641,#816,.T.);
#2135=EDGE_CURVE($,#1634,#1642,#817,.T.);
#2136=EDGE_CURVE($,#1633,#1643,#818,.T.);
#2137=EDGE_CURVE($,#1632,#1644,#819,.T.);
#2138=EDGE_CURVE($,#1631,#1645,#820,.T.);
#2139=EDGE_CURVE($,#1630,#1646,#821,.T.);
#2140=EDGE_CURVE($,#1629,#1647,#822,.T.);
#2141=EDGE_CURVE($,#1628,#1648,#823,.T.);
#2142=EDGE_CURVE($,#1627,#1649,#824,.T.);
#2143=EDGE_CURVE($,#1626,#1650,#825,.T.);
#2144=EDGE_CURVE($,#1654,#1622,#826,.F.);
#2145=EDGE_CURVE($,#1621,#1655,#827,.F.);
#2146=EDGE_CURVE($,#1656,#1620,#828,.F.);
#2147=EDGE_CURVE($,#1619,#1657,#829,.T.);
#2148=EDGE_CURVE($,#1618,#1658,#830,.T.);
#2149=EDGE_CURVE($,#1623,#1485,#1325,.F.);
#2150=EDGE_CURVE($,#1653,#1496,#1326,.T.);
#2151=EDGE_CURVE($,#1482,#1499,#831,.T.);
#2152=EDGE_CURVE($,#1484,#1497,#832,.T.);
#2153=ORIENTED_EDGE($,*,*,#1659,.F.);
#2154=ORIENTED_EDGE($,*,*,#1660,.T.);
#2155=ORIENTED_EDGE($,*,*,#1661,.T.);
#2156=ORIENTED_EDGE($,*,*,#1662,.T.);
#2157=ORIENTED_EDGE($,*,*,#1663,.F.);
#2158=ORIENTED_EDGE($,*,*,#1664,.F.);
#2159=ORIENTED_EDGE($,*,*,#1665,.F.);
#2160=ORIENTED_EDGE($,*,*,#1660,.F.);
#2161=ORIENTED_EDGE($,*,*,#1666,.F.);
#2162=ORIENTED_EDGE($,*,*,#1662,.F.);
#2163=ORIENTED_EDGE($,*,*,#1667,.F.);
#2164=ORIENTED_EDGE($,*,*,#1668,.F.);
#2165=ORIENTED_EDGE($,*,*,#1669,.F.);
#2166=ORIENTED_EDGE($,*,*,#1670,.T.);
#2167=ORIENTED_EDGE($,*,*,#1671,.T.);
#2168=ORIENTED_EDGE($,*,*,#1672,.F.);
#2169=ORIENTED_EDGE($,*,*,#1673,.T.);
#2170=ORIENTED_EDGE($,*,*,#1674,.T.);
#2171=ORIENTED_EDGE($,*,*,#1675,.F.);
#2172=ORIENTED_EDGE($,*,*,#1676,.F.);
#2173=ORIENTED_EDGE($,*,*,#1677,.F.);
#2174=ORIENTED_EDGE($,*,*,#1678,.F.);
#2175=ORIENTED_EDGE($,*,*,#1679,.T.);
#2176=ORIENTED_EDGE($,*,*,#1680,.F.);
#2177=ORIENTED_EDGE($,*,*,#1681,.T.);
#2178=ORIENTED_EDGE($,*,*,#1682,.T.);
#2179=ORIENTED_EDGE($,*,*,#1683,.T.);
#2180=ORIENTED_EDGE($,*,*,#1684,.T.);
#2181=ORIENTED_EDGE($,*,*,#1685,.F.);
#2182=ORIENTED_EDGE($,*,*,#1686,.T.);
#2183=ORIENTED_EDGE($,*,*,#1687,.T.);
#2184=ORIENTED_EDGE($,*,*,#1688,.T.);
#2185=ORIENTED_EDGE($,*,*,#1689,.F.);
#2186=ORIENTED_EDGE($,*,*,#1690,.T.);
#2187=ORIENTED_EDGE($,*,*,#1691,.T.);
#2188=ORIENTED_EDGE($,*,*,#1692,.F.);
#2189=ORIENTED_EDGE($,*,*,#1693,.F.);
#2190=ORIENTED_EDGE($,*,*,#1694,.F.);
#2191=ORIENTED_EDGE($,*,*,#1695,.F.);
#2192=ORIENTED_EDGE($,*,*,#1696,.T.);
#2193=ORIENTED_EDGE($,*,*,#1697,.T.);
#2194=ORIENTED_EDGE($,*,*,#1698,.F.);
#2195=ORIENTED_EDGE($,*,*,#1699,.T.);
#2196=ORIENTED_EDGE($,*,*,#1700,.F.);
#2197=ORIENTED_EDGE($,*,*,#1701,.T.);
#2198=ORIENTED_EDGE($,*,*,#1702,.T.);
#2199=ORIENTED_EDGE($,*,*,#1703,.T.);
#2200=ORIENTED_EDGE($,*,*,#1704,.T.);
#2201=ORIENTED_EDGE($,*,*,#1705,.F.);
#2202=ORIENTED_EDGE($,*,*,#1706,.T.);
#2203=ORIENTED_EDGE($,*,*,#1707,.T.);
#2204=ORIENTED_EDGE($,*,*,#1708,.F.);
#2205=ORIENTED_EDGE($,*,*,#1709,.F.);
#2206=ORIENTED_EDGE($,*,*,#1710,.F.);
#2207=ORIENTED_EDGE($,*,*,#1711,.F.);
#2208=ORIENTED_EDGE($,*,*,#1706,.F.);
#2209=ORIENTED_EDGE($,*,*,#1712,.T.);
#2210=ORIENTED_EDGE($,*,*,#1713,.T.);
#2211=ORIENTED_EDGE($,*,*,#1714,.F.);
#2212=ORIENTED_EDGE($,*,*,#1715,.T.);
#2213=ORIENTED_EDGE($,*,*,#1716,.F.);
#2214=ORIENTED_EDGE($,*,*,#1713,.F.);
#2215=ORIENTED_EDGE($,*,*,#1717,.F.);
#2216=ORIENTED_EDGE($,*,*,#1718,.F.);
#2217=ORIENTED_EDGE($,*,*,#1719,.F.);
#2218=ORIENTED_EDGE($,*,*,#1720,.F.);
#2219=ORIENTED_EDGE($,*,*,#1721,.T.);
#2220=ORIENTED_EDGE($,*,*,#1722,.T.);
#2221=ORIENTED_EDGE($,*,*,#1723,.T.);
#2222=ORIENTED_EDGE($,*,*,#1724,.T.);
#2223=ORIENTED_EDGE($,*,*,#1725,.F.);
#2224=ORIENTED_EDGE($,*,*,#1726,.F.);
#2225=ORIENTED_EDGE($,*,*,#1727,.F.);
#2226=ORIENTED_EDGE($,*,*,#1728,.F.);
#2227=ORIENTED_EDGE($,*,*,#1729,.F.);
#2228=ORIENTED_EDGE($,*,*,#1730,.F.);
#2229=ORIENTED_EDGE($,*,*,#1731,.F.);
#2230=ORIENTED_EDGE($,*,*,#1732,.F.);
#2231=ORIENTED_EDGE($,*,*,#1733,.F.);
#2232=ORIENTED_EDGE($,*,*,#1734,.F.);
#2233=ORIENTED_EDGE($,*,*,#1735,.F.);
#2234=ORIENTED_EDGE($,*,*,#1736,.F.);
#2235=ORIENTED_EDGE($,*,*,#1737,.F.);
#2236=ORIENTED_EDGE($,*,*,#1738,.F.);
#2237=ORIENTED_EDGE($,*,*,#1739,.F.);
#2238=ORIENTED_EDGE($,*,*,#1740,.F.);
#2239=ORIENTED_EDGE($,*,*,#1741,.F.);
#2240=ORIENTED_EDGE($,*,*,#1742,.F.);
#2241=ORIENTED_EDGE($,*,*,#1743,.T.);
#2242=ORIENTED_EDGE($,*,*,#1744,.T.);
#2243=ORIENTED_EDGE($,*,*,#1745,.T.);
#2244=ORIENTED_EDGE($,*,*,#1746,.T.);
#2245=ORIENTED_EDGE($,*,*,#1747,.F.);
#2246=ORIENTED_EDGE($,*,*,#1748,.F.);
#2247=ORIENTED_EDGE($,*,*,#1749,.F.);
#2248=ORIENTED_EDGE($,*,*,#1722,.F.);
#2249=ORIENTED_EDGE($,*,*,#1750,.F.);
#2250=ORIENTED_EDGE($,*,*,#1751,.F.);
#2251=ORIENTED_EDGE($,*,*,#1752,.F.);
#2252=ORIENTED_EDGE($,*,*,#1664,.T.);
#2253=ORIENTED_EDGE($,*,*,#1753,.T.);
#2254=ORIENTED_EDGE($,*,*,#1754,.T.);
#2255=ORIENTED_EDGE($,*,*,#1755,.T.);
#2256=ORIENTED_EDGE($,*,*,#1726,.T.);
#2257=ORIENTED_EDGE($,*,*,#1756,.T.);
#2258=ORIENTED_EDGE($,*,*,#1757,.T.);
#2259=ORIENTED_EDGE($,*,*,#1758,.F.);
#2260=ORIENTED_EDGE($,*,*,#1759,.T.);
#2261=ORIENTED_EDGE($,*,*,#1760,.F.);
#2262=ORIENTED_EDGE($,*,*,#1761,.T.);
#2263=ORIENTED_EDGE($,*,*,#1762,.F.);
#2264=ORIENTED_EDGE($,*,*,#1763,.T.);
#2265=ORIENTED_EDGE($,*,*,#1764,.F.);
#2266=ORIENTED_EDGE($,*,*,#1757,.F.);
#2267=ORIENTED_EDGE($,*,*,#1765,.F.);
#2268=ORIENTED_EDGE($,*,*,#1766,.F.);
#2269=ORIENTED_EDGE($,*,*,#1767,.F.);
#2270=ORIENTED_EDGE($,*,*,#1768,.F.);
#2271=ORIENTED_EDGE($,*,*,#1769,.F.);
#2272=ORIENTED_EDGE($,*,*,#1759,.F.);
#2273=ORIENTED_EDGE($,*,*,#1770,.F.);
#2274=ORIENTED_EDGE($,*,*,#1763,.F.);
#2275=ORIENTED_EDGE($,*,*,#1771,.F.);
#2276=ORIENTED_EDGE($,*,*,#1772,.F.);
#2277=ORIENTED_EDGE($,*,*,#1773,.F.);
#2278=ORIENTED_EDGE($,*,*,#1774,.F.);
#2279=ORIENTED_EDGE($,*,*,#1775,.F.);
#2280=ORIENTED_EDGE($,*,*,#1761,.F.);
#2281=ORIENTED_EDGE($,*,*,#1776,.T.);
#2282=ORIENTED_EDGE($,*,*,#1777,.T.);
#2283=ORIENTED_EDGE($,*,*,#1778,.F.);
#2284=ORIENTED_EDGE($,*,*,#1779,.F.);
#2285=ORIENTED_EDGE($,*,*,#1780,.F.);
#2286=ORIENTED_EDGE($,*,*,#1674,.F.);
#2287=ORIENTED_EDGE($,*,*,#1781,.F.);
#2288=ORIENTED_EDGE($,*,*,#1782,.F.);
#2289=ORIENTED_EDGE($,*,*,#1783,.F.);
#2290=ORIENTED_EDGE($,*,*,#1784,.F.);
#2291=ORIENTED_EDGE($,*,*,#1785,.F.);
#2292=ORIENTED_EDGE($,*,*,#1690,.F.);
#2293=ORIENTED_EDGE($,*,*,#1675,.T.);
#2294=ORIENTED_EDGE($,*,*,#1780,.T.);
#2295=ORIENTED_EDGE($,*,*,#1786,.T.);
#2296=ORIENTED_EDGE($,*,*,#1783,.T.);
#2297=ORIENTED_EDGE($,*,*,#1689,.T.);
#2298=ORIENTED_EDGE($,*,*,#1787,.T.);
#2299=ORIENTED_EDGE($,*,*,#1788,.F.);
#2300=ORIENTED_EDGE($,*,*,#1781,.T.);
#2301=ORIENTED_EDGE($,*,*,#1673,.F.);
#2302=ORIENTED_EDGE($,*,*,#1789,.F.);
#2303=ORIENTED_EDGE($,*,*,#1691,.F.);
#2304=ORIENTED_EDGE($,*,*,#1785,.T.);
#2305=ORIENTED_EDGE($,*,*,#1704,.F.);
#2306=ORIENTED_EDGE($,*,*,#1790,.F.);
#2307=ORIENTED_EDGE($,*,*,#1676,.T.);
#2308=ORIENTED_EDGE($,*,*,#1787,.F.);
#2309=ORIENTED_EDGE($,*,*,#1692,.T.);
#2310=ORIENTED_EDGE($,*,*,#1789,.T.);
#2311=ORIENTED_EDGE($,*,*,#1688,.F.);
#2312=ORIENTED_EDGE($,*,*,#1791,.T.);
#2313=ORIENTED_EDGE($,*,*,#1786,.F.);
#2314=ORIENTED_EDGE($,*,*,#1782,.T.);
#2315=ORIENTED_EDGE($,*,*,#1788,.T.);
#2316=ORIENTED_EDGE($,*,*,#1784,.T.);
#2317=ORIENTED_EDGE($,*,*,#1792,.T.);
#2318=ORIENTED_EDGE($,*,*,#1793,.T.);
#2319=ORIENTED_EDGE($,*,*,#1794,.F.);
#2320=ORIENTED_EDGE($,*,*,#1795,.T.);
#2321=ORIENTED_EDGE($,*,*,#1796,.F.);
#2322=ORIENTED_EDGE($,*,*,#1793,.F.);
#2323=ORIENTED_EDGE($,*,*,#1797,.F.);
#2324=ORIENTED_EDGE($,*,*,#1670,.F.);
#2325=ORIENTED_EDGE($,*,*,#1672,.T.);
#2326=ORIENTED_EDGE($,*,*,#1798,.T.);
#2327=ORIENTED_EDGE($,*,*,#1799,.F.);
#2328=ORIENTED_EDGE($,*,*,#1800,.F.);
#2329=ORIENTED_EDGE($,*,*,#1801,.T.);
#2330=ORIENTED_EDGE($,*,*,#1768,.T.);
#2331=ORIENTED_EDGE($,*,*,#1802,.F.);
#2332=ORIENTED_EDGE($,*,*,#1799,.T.);
#2333=ORIENTED_EDGE($,*,*,#1803,.T.);
#2334=ORIENTED_EDGE($,*,*,#1804,.T.);
#2335=ORIENTED_EDGE($,*,*,#1795,.F.);
#2336=ORIENTED_EDGE($,*,*,#1805,.F.);
#2337=ORIENTED_EDGE($,*,*,#1806,.T.);
#2338=ORIENTED_EDGE($,*,*,#1807,.T.);
#2339=ORIENTED_EDGE($,*,*,#1803,.F.);
#2340=ORIENTED_EDGE($,*,*,#1808,.F.);
#2341=ORIENTED_EDGE($,*,*,#1809,.T.);
#2342=ORIENTED_EDGE($,*,*,#1810,.T.);
#2343=ORIENTED_EDGE($,*,*,#1806,.F.);
#2344=ORIENTED_EDGE($,*,*,#1811,.F.);
#2345=ORIENTED_EDGE($,*,*,#1812,.T.);
#2346=ORIENTED_EDGE($,*,*,#1813,.T.);
#2347=ORIENTED_EDGE($,*,*,#1809,.F.);
#2348=ORIENTED_EDGE($,*,*,#1814,.F.);
#2349=ORIENTED_EDGE($,*,*,#1815,.T.);
#2350=ORIENTED_EDGE($,*,*,#1816,.T.);
#2351=ORIENTED_EDGE($,*,*,#1812,.F.);
#2352=ORIENTED_EDGE($,*,*,#1817,.F.);
#2353=ORIENTED_EDGE($,*,*,#1818,.T.);
#2354=ORIENTED_EDGE($,*,*,#1819,.T.);
#2355=ORIENTED_EDGE($,*,*,#1815,.F.);
#2356=ORIENTED_EDGE($,*,*,#1820,.F.);
#2357=ORIENTED_EDGE($,*,*,#1821,.T.);
#2358=ORIENTED_EDGE($,*,*,#1822,.T.);
#2359=ORIENTED_EDGE($,*,*,#1818,.F.);
#2360=ORIENTED_EDGE($,*,*,#1823,.F.);
#2361=ORIENTED_EDGE($,*,*,#1824,.T.);
#2362=ORIENTED_EDGE($,*,*,#1825,.T.);
#2363=ORIENTED_EDGE($,*,*,#1821,.F.);
#2364=ORIENTED_EDGE($,*,*,#1826,.F.);
#2365=ORIENTED_EDGE($,*,*,#1827,.T.);
#2366=ORIENTED_EDGE($,*,*,#1828,.T.);
#2367=ORIENTED_EDGE($,*,*,#1824,.F.);
#2368=ORIENTED_EDGE($,*,*,#1829,.F.);
#2369=ORIENTED_EDGE($,*,*,#1830,.F.);
#2370=ORIENTED_EDGE($,*,*,#1668,.T.);
#2371=ORIENTED_EDGE($,*,*,#1831,.F.);
#2372=ORIENTED_EDGE($,*,*,#1827,.F.);
#2373=ORIENTED_EDGE($,*,*,#1832,.F.);
#2374=ORIENTED_EDGE($,*,*,#1833,.T.);
#2375=ORIENTED_EDGE($,*,*,#1834,.T.);
#2376=ORIENTED_EDGE($,*,*,#1835,.F.);
#2377=ORIENTED_EDGE($,*,*,#1753,.F.);
#2378=ORIENTED_EDGE($,*,*,#1663,.T.);
#2379=ORIENTED_EDGE($,*,*,#1659,.T.);
#2380=ORIENTED_EDGE($,*,*,#1666,.T.);
#2381=ORIENTED_EDGE($,*,*,#1830,.T.);
#2382=ORIENTED_EDGE($,*,*,#1829,.T.);
#2383=ORIENTED_EDGE($,*,*,#1826,.T.);
#2384=ORIENTED_EDGE($,*,*,#1823,.T.);
#2385=ORIENTED_EDGE($,*,*,#1820,.T.);
#2386=ORIENTED_EDGE($,*,*,#1817,.T.);
#2387=ORIENTED_EDGE($,*,*,#1814,.T.);
#2388=ORIENTED_EDGE($,*,*,#1811,.T.);
#2389=ORIENTED_EDGE($,*,*,#1808,.T.);
#2390=ORIENTED_EDGE($,*,*,#1805,.T.);
#2391=ORIENTED_EDGE($,*,*,#1794,.T.);
#2392=ORIENTED_EDGE($,*,*,#1796,.T.);
#2393=ORIENTED_EDGE($,*,*,#1669,.T.);
#2394=ORIENTED_EDGE($,*,*,#1800,.T.);
#2395=ORIENTED_EDGE($,*,*,#1802,.T.);
#2396=ORIENTED_EDGE($,*,*,#1767,.T.);
#2397=ORIENTED_EDGE($,*,*,#1758,.T.);
#2398=ORIENTED_EDGE($,*,*,#1764,.T.);
#2399=ORIENTED_EDGE($,*,*,#1836,.T.);
#2400=ORIENTED_EDGE($,*,*,#1835,.T.);
#2401=ORIENTED_EDGE($,*,*,#1837,.F.);
#2402=ORIENTED_EDGE($,*,*,#1838,.F.);
#2403=ORIENTED_EDGE($,*,*,#1661,.F.);
#2404=ORIENTED_EDGE($,*,*,#1665,.T.);
#2405=ORIENTED_EDGE($,*,*,#1752,.T.);
#2406=ORIENTED_EDGE($,*,*,#1839,.T.);
#2407=ORIENTED_EDGE($,*,*,#1840,.T.);
#2408=ORIENTED_EDGE($,*,*,#1833,.F.);
#2409=ORIENTED_EDGE($,*,*,#1841,.F.);
#2410=ORIENTED_EDGE($,*,*,#1765,.T.);
#2411=ORIENTED_EDGE($,*,*,#1756,.F.);
#2412=ORIENTED_EDGE($,*,*,#1769,.T.);
#2413=ORIENTED_EDGE($,*,*,#1801,.F.);
#2414=ORIENTED_EDGE($,*,*,#1798,.F.);
#2415=ORIENTED_EDGE($,*,*,#1671,.F.);
#2416=ORIENTED_EDGE($,*,*,#1797,.T.);
#2417=ORIENTED_EDGE($,*,*,#1792,.F.);
#2418=ORIENTED_EDGE($,*,*,#1804,.F.);
#2419=ORIENTED_EDGE($,*,*,#1807,.F.);
#2420=ORIENTED_EDGE($,*,*,#1810,.F.);
#2421=ORIENTED_EDGE($,*,*,#1813,.F.);
#2422=ORIENTED_EDGE($,*,*,#1816,.F.);
#2423=ORIENTED_EDGE($,*,*,#1819,.F.);
#2424=ORIENTED_EDGE($,*,*,#1822,.F.);
#2425=ORIENTED_EDGE($,*,*,#1825,.F.);
#2426=ORIENTED_EDGE($,*,*,#1828,.F.);
#2427=ORIENTED_EDGE($,*,*,#1831,.T.);
#2428=ORIENTED_EDGE($,*,*,#1667,.T.);
#2429=ORIENTED_EDGE($,*,*,#1791,.F.);
#2430=ORIENTED_EDGE($,*,*,#1687,.F.);
#2431=ORIENTED_EDGE($,*,*,#1842,.F.);
#2432=ORIENTED_EDGE($,*,*,#1693,.T.);
#2433=ORIENTED_EDGE($,*,*,#1677,.T.);
#2434=ORIENTED_EDGE($,*,*,#1790,.T.);
#2435=ORIENTED_EDGE($,*,*,#1703,.F.);
#2436=ORIENTED_EDGE($,*,*,#1843,.T.);
#2437=ORIENTED_EDGE($,*,*,#1844,.F.);
#2438=ORIENTED_EDGE($,*,*,#1845,.F.);
#2439=ORIENTED_EDGE($,*,*,#1846,.F.);
#2440=ORIENTED_EDGE($,*,*,#1847,.T.);
#2441=ORIENTED_EDGE($,*,*,#1848,.T.);
#2442=ORIENTED_EDGE($,*,*,#1849,.T.);
#2443=ORIENTED_EDGE($,*,*,#1850,.T.);
#2444=ORIENTED_EDGE($,*,*,#1776,.F.);
#2445=ORIENTED_EDGE($,*,*,#1851,.F.);
#2446=ORIENTED_EDGE($,*,*,#1852,.F.);
#2447=ORIENTED_EDGE($,*,*,#1853,.F.);
#2448=ORIENTED_EDGE($,*,*,#1723,.F.);
#2449=ORIENTED_EDGE($,*,*,#1755,.F.);
#2450=ORIENTED_EDGE($,*,*,#1854,.T.);
#2451=ORIENTED_EDGE($,*,*,#1855,.F.);
#2452=ORIENTED_EDGE($,*,*,#1727,.T.);
#2453=ORIENTED_EDGE($,*,*,#1856,.F.);
#2454=ORIENTED_EDGE($,*,*,#1731,.T.);
#2455=ORIENTED_EDGE($,*,*,#1857,.F.);
#2456=ORIENTED_EDGE($,*,*,#1858,.F.);
#2457=ORIENTED_EDGE($,*,*,#1859,.F.);
#2458=ORIENTED_EDGE($,*,*,#1860,.T.);
#2459=ORIENTED_EDGE($,*,*,#1709,.T.);
#2460=ORIENTED_EDGE($,*,*,#1705,.T.);
#2461=ORIENTED_EDGE($,*,*,#1861,.T.);
#2462=ORIENTED_EDGE($,*,*,#1681,.F.);
#2463=ORIENTED_EDGE($,*,*,#1862,.F.);
#2464=ORIENTED_EDGE($,*,*,#1844,.T.);
#2465=ORIENTED_EDGE($,*,*,#1779,.T.);
#2466=ORIENTED_EDGE($,*,*,#1863,.T.);
#2467=ORIENTED_EDGE($,*,*,#1864,.F.);
#2468=ORIENTED_EDGE($,*,*,#1699,.F.);
#2469=ORIENTED_EDGE($,*,*,#1865,.T.);
#2470=ORIENTED_EDGE($,*,*,#1714,.T.);
#2471=ORIENTED_EDGE($,*,*,#1716,.T.);
#2472=ORIENTED_EDGE($,*,*,#1866,.T.);
#2473=ORIENTED_EDGE($,*,*,#1867,.F.);
#2474=ORIENTED_EDGE($,*,*,#1868,.F.);
#2475=ORIENTED_EDGE($,*,*,#1869,.F.);
#2476=ORIENTED_EDGE($,*,*,#1870,.T.);
#2477=ORIENTED_EDGE($,*,*,#1743,.F.);
#2478=ORIENTED_EDGE($,*,*,#1721,.F.);
#2479=ORIENTED_EDGE($,*,*,#1871,.F.);
#2480=ORIENTED_EDGE($,*,*,#1872,.F.);
#2481=ORIENTED_EDGE($,*,*,#1873,.F.);
#2482=ORIENTED_EDGE($,*,*,#1874,.T.);
#2483=ORIENTED_EDGE($,*,*,#1875,.T.);
#2484=ORIENTED_EDGE($,*,*,#1876,.T.);
#2485=ORIENTED_EDGE($,*,*,#1877,.T.);
#2486=ORIENTED_EDGE($,*,*,#1719,.T.);
#2487=ORIENTED_EDGE($,*,*,#1749,.T.);
#2488=ORIENTED_EDGE($,*,*,#1878,.F.);
#2489=ORIENTED_EDGE($,*,*,#1879,.T.);
#2490=ORIENTED_EDGE($,*,*,#1880,.T.);
#2491=ORIENTED_EDGE($,*,*,#1881,.T.);
#2492=ORIENTED_EDGE($,*,*,#1882,.F.);
#2493=ORIENTED_EDGE($,*,*,#1717,.T.);
#2494=ORIENTED_EDGE($,*,*,#1712,.F.);
#2495=ORIENTED_EDGE($,*,*,#1883,.F.);
#2496=ORIENTED_EDGE($,*,*,#1697,.F.);
#2497=ORIENTED_EDGE($,*,*,#1884,.T.);
#2498=ORIENTED_EDGE($,*,*,#1885,.F.);
#2499=ORIENTED_EDGE($,*,*,#1777,.F.);
#2500=ORIENTED_EDGE($,*,*,#1850,.F.);
#2501=ORIENTED_EDGE($,*,*,#1886,.T.);
#2502=ORIENTED_EDGE($,*,*,#1683,.F.);
#2503=ORIENTED_EDGE($,*,*,#1887,.F.);
#2504=ORIENTED_EDGE($,*,*,#1707,.F.);
#2505=ORIENTED_EDGE($,*,*,#1711,.T.);
#2506=ORIENTED_EDGE($,*,*,#1888,.F.);
#2507=ORIENTED_EDGE($,*,*,#1889,.T.);
#2508=ORIENTED_EDGE($,*,*,#1890,.T.);
#2509=ORIENTED_EDGE($,*,*,#1891,.T.);
#2510=ORIENTED_EDGE($,*,*,#1733,.T.);
#2511=ORIENTED_EDGE($,*,*,#1892,.T.);
#2512=ORIENTED_EDGE($,*,*,#1729,.T.);
#2513=ORIENTED_EDGE($,*,*,#1893,.T.);
#2514=ORIENTED_EDGE($,*,*,#1894,.F.);
#2515=ORIENTED_EDGE($,*,*,#1750,.T.);
#2516=ORIENTED_EDGE($,*,*,#1725,.T.);
#2517=ORIENTED_EDGE($,*,*,#1895,.F.);
#2518=ORIENTED_EDGE($,*,*,#1896,.F.);
#2519=ORIENTED_EDGE($,*,*,#1897,.F.);
#2520=ORIENTED_EDGE($,*,*,#1898,.T.);
#2521=ORIENTED_EDGE($,*,*,#1885,.T.);
#2522=ORIENTED_EDGE($,*,*,#1899,.T.);
#2523=ORIENTED_EDGE($,*,*,#1900,.T.);
#2524=ORIENTED_EDGE($,*,*,#1901,.F.);
#2525=ORIENTED_EDGE($,*,*,#1902,.F.);
#2526=ORIENTED_EDGE($,*,*,#1903,.F.);
#2527=ORIENTED_EDGE($,*,*,#1863,.F.);
#2528=ORIENTED_EDGE($,*,*,#1778,.T.);
#2529=ORIENTED_EDGE($,*,*,#1836,.F.);
#2530=ORIENTED_EDGE($,*,*,#1766,.T.);
#2531=ORIENTED_EDGE($,*,*,#1841,.T.);
#2532=ORIENTED_EDGE($,*,*,#1832,.T.);
#2533=ORIENTED_EDGE($,*,*,#1762,.T.);
#2534=ORIENTED_EDGE($,*,*,#1775,.T.);
#2535=ORIENTED_EDGE($,*,*,#1904,.F.);
#2536=ORIENTED_EDGE($,*,*,#1905,.T.);
#2537=ORIENTED_EDGE($,*,*,#1906,.T.);
#2538=ORIENTED_EDGE($,*,*,#1907,.T.);
#2539=ORIENTED_EDGE($,*,*,#1747,.T.);
#2540=ORIENTED_EDGE($,*,*,#1908,.T.);
#2541=ORIENTED_EDGE($,*,*,#1909,.F.);
#2542=ORIENTED_EDGE($,*,*,#1910,.T.);
#2543=ORIENTED_EDGE($,*,*,#1911,.F.);
#2544=ORIENTED_EDGE($,*,*,#1912,.F.);
#2545=ORIENTED_EDGE($,*,*,#1913,.F.);
#2546=ORIENTED_EDGE($,*,*,#1914,.F.);
#2547=ORIENTED_EDGE($,*,*,#1915,.F.);
#2548=ORIENTED_EDGE($,*,*,#1916,.F.);
#2549=ORIENTED_EDGE($,*,*,#1917,.F.);
#2550=ORIENTED_EDGE($,*,*,#1918,.F.);
#2551=ORIENTED_EDGE($,*,*,#1919,.F.);
#2552=ORIENTED_EDGE($,*,*,#1920,.F.);
#2553=ORIENTED_EDGE($,*,*,#1921,.T.);
#2554=ORIENTED_EDGE($,*,*,#1922,.T.);
#2555=ORIENTED_EDGE($,*,*,#1923,.F.);
#2556=ORIENTED_EDGE($,*,*,#1924,.F.);
#2557=ORIENTED_EDGE($,*,*,#1925,.F.);
#2558=ORIENTED_EDGE($,*,*,#1771,.T.);
#2559=ORIENTED_EDGE($,*,*,#1926,.T.);
#2560=ORIENTED_EDGE($,*,*,#1773,.T.);
#2561=ORIENTED_EDGE($,*,*,#1760,.T.);
#2562=ORIENTED_EDGE($,*,*,#1770,.T.);
#2563=ORIENTED_EDGE($,*,*,#1927,.T.);
#2564=ORIENTED_EDGE($,*,*,#1928,.T.);
#2565=ORIENTED_EDGE($,*,*,#1929,.T.);
#2566=ORIENTED_EDGE($,*,*,#1930,.T.);
#2567=ORIENTED_EDGE($,*,*,#1931,.T.);
#2568=ORIENTED_EDGE($,*,*,#1932,.T.);
#2569=ORIENTED_EDGE($,*,*,#1933,.T.);
#2570=ORIENTED_EDGE($,*,*,#1934,.T.);
#2571=ORIENTED_EDGE($,*,*,#1935,.T.);
#2572=ORIENTED_EDGE($,*,*,#1936,.T.);
#2573=ORIENTED_EDGE($,*,*,#1937,.T.);
#2574=ORIENTED_EDGE($,*,*,#1938,.T.);
#2575=ORIENTED_EDGE($,*,*,#1939,.T.);
#2576=ORIENTED_EDGE($,*,*,#1940,.T.);
#2577=ORIENTED_EDGE($,*,*,#1941,.T.);
#2578=ORIENTED_EDGE($,*,*,#1942,.T.);
#2579=ORIENTED_EDGE($,*,*,#1943,.T.);
#2580=ORIENTED_EDGE($,*,*,#1944,.T.);
#2581=ORIENTED_EDGE($,*,*,#1745,.F.);
#2582=ORIENTED_EDGE($,*,*,#1945,.F.);
#2583=ORIENTED_EDGE($,*,*,#1946,.F.);
#2584=ORIENTED_EDGE($,*,*,#1947,.F.);
#2585=ORIENTED_EDGE($,*,*,#1904,.T.);
#2586=ORIENTED_EDGE($,*,*,#1774,.T.);
#2587=ORIENTED_EDGE($,*,*,#1926,.F.);
#2588=ORIENTED_EDGE($,*,*,#1948,.T.);
#2589=ORIENTED_EDGE($,*,*,#1927,.F.);
#2590=ORIENTED_EDGE($,*,*,#1772,.T.);
#2591=ORIENTED_EDGE($,*,*,#1925,.T.);
#2592=ORIENTED_EDGE($,*,*,#1949,.F.);
#2593=ORIENTED_EDGE($,*,*,#1754,.F.);
#2594=ORIENTED_EDGE($,*,*,#1838,.T.);
#2595=ORIENTED_EDGE($,*,*,#1950,.F.);
#2596=ORIENTED_EDGE($,*,*,#1854,.F.);
#2597=ORIENTED_EDGE($,*,*,#1751,.T.);
#2598=ORIENTED_EDGE($,*,*,#1894,.T.);
#2599=ORIENTED_EDGE($,*,*,#1951,.T.);
#2600=ORIENTED_EDGE($,*,*,#1839,.F.);
#2601=ORIENTED_EDGE($,*,*,#1944,.F.);
#2602=ORIENTED_EDGE($,*,*,#1952,.F.);
#2603=ORIENTED_EDGE($,*,*,#1908,.F.);
#2604=ORIENTED_EDGE($,*,*,#1746,.F.);
#2605=ORIENTED_EDGE($,*,*,#1949,.T.);
#2606=ORIENTED_EDGE($,*,*,#1924,.T.);
#2607=ORIENTED_EDGE($,*,*,#1953,.F.);
#2608=ORIENTED_EDGE($,*,*,#1928,.F.);
#2609=ORIENTED_EDGE($,*,*,#1923,.T.);
#2610=ORIENTED_EDGE($,*,*,#1954,.T.);
#2611=ORIENTED_EDGE($,*,*,#1929,.F.);
#2612=ORIENTED_EDGE($,*,*,#1953,.T.);
#2613=ORIENTED_EDGE($,*,*,#1930,.F.);
#2614=ORIENTED_EDGE($,*,*,#1954,.F.);
#2615=ORIENTED_EDGE($,*,*,#1922,.F.);
#2616=ORIENTED_EDGE($,*,*,#1955,.F.);
#2617=ORIENTED_EDGE($,*,*,#1931,.F.);
#2618=ORIENTED_EDGE($,*,*,#1955,.T.);
#2619=ORIENTED_EDGE($,*,*,#1921,.F.);
#2620=ORIENTED_EDGE($,*,*,#1956,.F.);
#2621=ORIENTED_EDGE($,*,*,#1956,.T.);
#2622=ORIENTED_EDGE($,*,*,#1920,.T.);
#2623=ORIENTED_EDGE($,*,*,#1957,.F.);
#2624=ORIENTED_EDGE($,*,*,#1932,.F.);
#2625=ORIENTED_EDGE($,*,*,#1957,.T.);
#2626=ORIENTED_EDGE($,*,*,#1919,.T.);
#2627=ORIENTED_EDGE($,*,*,#1958,.F.);
#2628=ORIENTED_EDGE($,*,*,#1933,.F.);
#2629=ORIENTED_EDGE($,*,*,#1958,.T.);
#2630=ORIENTED_EDGE($,*,*,#1918,.T.);
#2631=ORIENTED_EDGE($,*,*,#1959,.F.);
#2632=ORIENTED_EDGE($,*,*,#1934,.F.);
#2633=ORIENTED_EDGE($,*,*,#1959,.T.);
#2634=ORIENTED_EDGE($,*,*,#1917,.T.);
#2635=ORIENTED_EDGE($,*,*,#1960,.F.);
#2636=ORIENTED_EDGE($,*,*,#1935,.F.);
#2637=ORIENTED_EDGE($,*,*,#1960,.T.);
#2638=ORIENTED_EDGE($,*,*,#1916,.T.);
#2639=ORIENTED_EDGE($,*,*,#1961,.F.);
#2640=ORIENTED_EDGE($,*,*,#1936,.F.);
#2641=ORIENTED_EDGE($,*,*,#1961,.T.);
#2642=ORIENTED_EDGE($,*,*,#1915,.T.);
#2643=ORIENTED_EDGE($,*,*,#1962,.F.);
#2644=ORIENTED_EDGE($,*,*,#1937,.F.);
#2645=ORIENTED_EDGE($,*,*,#1962,.T.);
#2646=ORIENTED_EDGE($,*,*,#1914,.T.);
#2647=ORIENTED_EDGE($,*,*,#1963,.F.);
#2648=ORIENTED_EDGE($,*,*,#1938,.F.);
#2649=ORIENTED_EDGE($,*,*,#1963,.T.);
#2650=ORIENTED_EDGE($,*,*,#1913,.T.);
#2651=ORIENTED_EDGE($,*,*,#1964,.F.);
#2652=ORIENTED_EDGE($,*,*,#1939,.F.);
#2653=ORIENTED_EDGE($,*,*,#1964,.T.);
#2654=ORIENTED_EDGE($,*,*,#1912,.T.);
#2655=ORIENTED_EDGE($,*,*,#1965,.F.);
#2656=ORIENTED_EDGE($,*,*,#1940,.F.);
#2657=ORIENTED_EDGE($,*,*,#1911,.T.);
#2658=ORIENTED_EDGE($,*,*,#1966,.T.);
#2659=ORIENTED_EDGE($,*,*,#1941,.F.);
#2660=ORIENTED_EDGE($,*,*,#1965,.T.);
#2661=ORIENTED_EDGE($,*,*,#1942,.F.);
#2662=ORIENTED_EDGE($,*,*,#1966,.F.);
#2663=ORIENTED_EDGE($,*,*,#1910,.F.);
#2664=ORIENTED_EDGE($,*,*,#1967,.F.);
#2665=ORIENTED_EDGE($,*,*,#1909,.T.);
#2666=ORIENTED_EDGE($,*,*,#1952,.T.);
#2667=ORIENTED_EDGE($,*,*,#1943,.F.);
#2668=ORIENTED_EDGE($,*,*,#1967,.T.);
#2669=ORIENTED_EDGE($,*,*,#1948,.F.);
#2670=ORIENTED_EDGE($,*,*,#1947,.T.);
#2671=ORIENTED_EDGE($,*,*,#1968,.F.);
#2672=ORIENTED_EDGE($,*,*,#1905,.F.);
#2673=ORIENTED_EDGE($,*,*,#1969,.F.);
#2674=ORIENTED_EDGE($,*,*,#1945,.T.);
#2675=ORIENTED_EDGE($,*,*,#1744,.F.);
#2676=ORIENTED_EDGE($,*,*,#1870,.F.);
#2677=ORIENTED_EDGE($,*,*,#1970,.T.);
#2678=ORIENTED_EDGE($,*,*,#1878,.T.);
#2679=ORIENTED_EDGE($,*,*,#1748,.T.);
#2680=ORIENTED_EDGE($,*,*,#1907,.F.);
#2681=ORIENTED_EDGE($,*,*,#1855,.T.);
#2682=ORIENTED_EDGE($,*,*,#1950,.T.);
#2683=ORIENTED_EDGE($,*,*,#1837,.T.);
#2684=ORIENTED_EDGE($,*,*,#1834,.F.);
#2685=ORIENTED_EDGE($,*,*,#1840,.F.);
#2686=ORIENTED_EDGE($,*,*,#1951,.F.);
#2687=ORIENTED_EDGE($,*,*,#1893,.F.);
#2688=ORIENTED_EDGE($,*,*,#1728,.T.);
#2689=ORIENTED_EDGE($,*,*,#1879,.F.);
#2690=ORIENTED_EDGE($,*,*,#1970,.F.);
#2691=ORIENTED_EDGE($,*,*,#1906,.F.);
#2692=ORIENTED_EDGE($,*,*,#1968,.T.);
#2693=ORIENTED_EDGE($,*,*,#1946,.T.);
#2694=ORIENTED_EDGE($,*,*,#1969,.T.);
#2695=ORIENTED_EDGE($,*,*,#1869,.T.);
#2696=ORIENTED_EDGE($,*,*,#1971,.T.);
#2697=ORIENTED_EDGE($,*,*,#1972,.T.);
#2698=ORIENTED_EDGE($,*,*,#1973,.T.);
#2699=ORIENTED_EDGE($,*,*,#1974,.F.);
#2700=ORIENTED_EDGE($,*,*,#1975,.F.);
#2701=ORIENTED_EDGE($,*,*,#1976,.T.);
#2702=ORIENTED_EDGE($,*,*,#1735,.T.);
#2703=ORIENTED_EDGE($,*,*,#1977,.F.);
#2704=ORIENTED_EDGE($,*,*,#1978,.F.);
#2705=ORIENTED_EDGE($,*,*,#1979,.T.);
#2706=ORIENTED_EDGE($,*,*,#1739,.T.);
#2707=ORIENTED_EDGE($,*,*,#1980,.T.);
#2708=ORIENTED_EDGE($,*,*,#1737,.T.);
#2709=ORIENTED_EDGE($,*,*,#1981,.F.);
#2710=ORIENTED_EDGE($,*,*,#1741,.T.);
#2711=ORIENTED_EDGE($,*,*,#1982,.F.);
#2712=ORIENTED_EDGE($,*,*,#1983,.T.);
#2713=ORIENTED_EDGE($,*,*,#1981,.T.);
#2714=ORIENTED_EDGE($,*,*,#1736,.T.);
#2715=ORIENTED_EDGE($,*,*,#1976,.F.);
#2716=ORIENTED_EDGE($,*,*,#1742,.T.);
#2717=ORIENTED_EDGE($,*,*,#1977,.T.);
#2718=ORIENTED_EDGE($,*,*,#1738,.T.);
#2719=ORIENTED_EDGE($,*,*,#1980,.F.);
#2720=ORIENTED_EDGE($,*,*,#1984,.F.);
#2721=ORIENTED_EDGE($,*,*,#1985,.F.);
#2722=ORIENTED_EDGE($,*,*,#1986,.F.);
#2723=ORIENTED_EDGE($,*,*,#1851,.T.);
#2724=ORIENTED_EDGE($,*,*,#1720,.T.);
#2725=ORIENTED_EDGE($,*,*,#1877,.F.);
#2726=ORIENTED_EDGE($,*,*,#1987,.T.);
#2727=ORIENTED_EDGE($,*,*,#1988,.T.);
#2728=ORIENTED_EDGE($,*,*,#1989,.T.);
#2729=ORIENTED_EDGE($,*,*,#1982,.T.);
#2730=ORIENTED_EDGE($,*,*,#1740,.T.);
#2731=ORIENTED_EDGE($,*,*,#1979,.F.);
#2732=ORIENTED_EDGE($,*,*,#1990,.F.);
#2733=ORIENTED_EDGE($,*,*,#1991,.F.);
#2734=ORIENTED_EDGE($,*,*,#1992,.F.);
#2735=ORIENTED_EDGE($,*,*,#1875,.F.);
#2736=ORIENTED_EDGE($,*,*,#1724,.F.);
#2737=ORIENTED_EDGE($,*,*,#1853,.T.);
#2738=ORIENTED_EDGE($,*,*,#1993,.T.);
#2739=ORIENTED_EDGE($,*,*,#1994,.T.);
#2740=ORIENTED_EDGE($,*,*,#1995,.T.);
#2741=ORIENTED_EDGE($,*,*,#1989,.F.);
#2742=ORIENTED_EDGE($,*,*,#1996,.F.);
#2743=ORIENTED_EDGE($,*,*,#1990,.T.);
#2744=ORIENTED_EDGE($,*,*,#1978,.T.);
#2745=ORIENTED_EDGE($,*,*,#1988,.F.);
#2746=ORIENTED_EDGE($,*,*,#1997,.F.);
#2747=ORIENTED_EDGE($,*,*,#1991,.T.);
#2748=ORIENTED_EDGE($,*,*,#1996,.T.);
#2749=ORIENTED_EDGE($,*,*,#1987,.F.);
#2750=ORIENTED_EDGE($,*,*,#1876,.F.);
#2751=ORIENTED_EDGE($,*,*,#1992,.T.);
#2752=ORIENTED_EDGE($,*,*,#1997,.T.);
#2753=ORIENTED_EDGE($,*,*,#1984,.T.);
#2754=ORIENTED_EDGE($,*,*,#1983,.F.);
#2755=ORIENTED_EDGE($,*,*,#1995,.F.);
#2756=ORIENTED_EDGE($,*,*,#1998,.T.);
#2757=ORIENTED_EDGE($,*,*,#1985,.T.);
#2758=ORIENTED_EDGE($,*,*,#1998,.F.);
#2759=ORIENTED_EDGE($,*,*,#1994,.F.);
#2760=ORIENTED_EDGE($,*,*,#1999,.T.);
#2761=ORIENTED_EDGE($,*,*,#1986,.T.);
#2762=ORIENTED_EDGE($,*,*,#1999,.F.);
#2763=ORIENTED_EDGE($,*,*,#1993,.F.);
#2764=ORIENTED_EDGE($,*,*,#1852,.T.);
#2765=ORIENTED_EDGE($,*,*,#1856,.T.);
#2766=ORIENTED_EDGE($,*,*,#1730,.T.);
#2767=ORIENTED_EDGE($,*,*,#1892,.F.);
#2768=ORIENTED_EDGE($,*,*,#1732,.T.);
#2769=ORIENTED_EDGE($,*,*,#1857,.T.);
#2770=ORIENTED_EDGE($,*,*,#1734,.T.);
#2771=ORIENTED_EDGE($,*,*,#1891,.F.);
#2772=ORIENTED_EDGE($,*,*,#2000,.F.);
#2773=ORIENTED_EDGE($,*,*,#2001,.F.);
#2774=ORIENTED_EDGE($,*,*,#2002,.T.);
#2775=ORIENTED_EDGE($,*,*,#2003,.T.);
#2776=ORIENTED_EDGE($,*,*,#2004,.T.);
#2777=ORIENTED_EDGE($,*,*,#1686,.F.);
#2778=ORIENTED_EDGE($,*,*,#2005,.F.);
#2779=ORIENTED_EDGE($,*,*,#1694,.T.);
#2780=ORIENTED_EDGE($,*,*,#1842,.T.);
#2781=ORIENTED_EDGE($,*,*,#1678,.T.);
#2782=ORIENTED_EDGE($,*,*,#1843,.F.);
#2783=ORIENTED_EDGE($,*,*,#1702,.F.);
#2784=ORIENTED_EDGE($,*,*,#2006,.T.);
#2785=ORIENTED_EDGE($,*,*,#1695,.T.);
#2786=ORIENTED_EDGE($,*,*,#2005,.T.);
#2787=ORIENTED_EDGE($,*,*,#1685,.T.);
#2788=ORIENTED_EDGE($,*,*,#2007,.T.);
#2789=ORIENTED_EDGE($,*,*,#1848,.F.);
#2790=ORIENTED_EDGE($,*,*,#2008,.T.);
#2791=ORIENTED_EDGE($,*,*,#1900,.F.);
#2792=ORIENTED_EDGE($,*,*,#2009,.T.);
#2793=ORIENTED_EDGE($,*,*,#1679,.F.);
#2794=ORIENTED_EDGE($,*,*,#2006,.F.);
#2795=ORIENTED_EDGE($,*,*,#1701,.F.);
#2796=ORIENTED_EDGE($,*,*,#2010,.F.);
#2797=ORIENTED_EDGE($,*,*,#1902,.T.);
#2798=ORIENTED_EDGE($,*,*,#2011,.F.);
#2799=ORIENTED_EDGE($,*,*,#1846,.T.);
#2800=ORIENTED_EDGE($,*,*,#2012,.F.);
#2801=ORIENTED_EDGE($,*,*,#1700,.T.);
#2802=ORIENTED_EDGE($,*,*,#1864,.T.);
#2803=ORIENTED_EDGE($,*,*,#1903,.T.);
#2804=ORIENTED_EDGE($,*,*,#2010,.T.);
#2805=ORIENTED_EDGE($,*,*,#1696,.F.);
#2806=ORIENTED_EDGE($,*,*,#2009,.F.);
#2807=ORIENTED_EDGE($,*,*,#1899,.F.);
#2808=ORIENTED_EDGE($,*,*,#1884,.F.);
#2809=ORIENTED_EDGE($,*,*,#1901,.T.);
#2810=ORIENTED_EDGE($,*,*,#2008,.F.);
#2811=ORIENTED_EDGE($,*,*,#1847,.F.);
#2812=ORIENTED_EDGE($,*,*,#2011,.T.);
#2813=ORIENTED_EDGE($,*,*,#1680,.T.);
#2814=ORIENTED_EDGE($,*,*,#2012,.T.);
#2815=ORIENTED_EDGE($,*,*,#1845,.T.);
#2816=ORIENTED_EDGE($,*,*,#1862,.T.);
#2817=ORIENTED_EDGE($,*,*,#1684,.F.);
#2818=ORIENTED_EDGE($,*,*,#1886,.F.);
#2819=ORIENTED_EDGE($,*,*,#1849,.F.);
#2820=ORIENTED_EDGE($,*,*,#2007,.F.);
#2821=ORIENTED_EDGE($,*,*,#2013,.F.);
#2822=ORIENTED_EDGE($,*,*,#2014,.F.);
#2823=ORIENTED_EDGE($,*,*,#2015,.F.);
#2824=ORIENTED_EDGE($,*,*,#2016,.F.);
#2825=ORIENTED_EDGE($,*,*,#2017,.F.);
#2826=ORIENTED_EDGE($,*,*,#2001,.T.);
#2827=ORIENTED_EDGE($,*,*,#2018,.F.);
#2828=ORIENTED_EDGE($,*,*,#2019,.T.);
#2829=ORIENTED_EDGE($,*,*,#2020,.T.);
#2830=ORIENTED_EDGE($,*,*,#2021,.F.);
#2831=ORIENTED_EDGE($,*,*,#2022,.T.);
#2832=ORIENTED_EDGE($,*,*,#2023,.T.);
#2833=ORIENTED_EDGE($,*,*,#2024,.T.);
#2834=ORIENTED_EDGE($,*,*,#2025,.T.);
#2835=ORIENTED_EDGE($,*,*,#2026,.T.);
#2836=ORIENTED_EDGE($,*,*,#2027,.T.);
#2837=ORIENTED_EDGE($,*,*,#2028,.T.);
#2838=ORIENTED_EDGE($,*,*,#2029,.T.);
#2839=ORIENTED_EDGE($,*,*,#2030,.T.);
#2840=ORIENTED_EDGE($,*,*,#2031,.T.);
#2841=ORIENTED_EDGE($,*,*,#2032,.T.);
#2842=ORIENTED_EDGE($,*,*,#2033,.T.);
#2843=ORIENTED_EDGE($,*,*,#2034,.T.);
#2844=ORIENTED_EDGE($,*,*,#2035,.F.);
#2845=ORIENTED_EDGE($,*,*,#2036,.F.);
#2846=ORIENTED_EDGE($,*,*,#2037,.F.);
#2847=ORIENTED_EDGE($,*,*,#2038,.F.);
#2848=ORIENTED_EDGE($,*,*,#2039,.F.);
#2849=ORIENTED_EDGE($,*,*,#2040,.F.);
#2850=ORIENTED_EDGE($,*,*,#2041,.F.);
#2851=ORIENTED_EDGE($,*,*,#2042,.F.);
#2852=ORIENTED_EDGE($,*,*,#2043,.F.);
#2853=ORIENTED_EDGE($,*,*,#2044,.F.);
#2854=ORIENTED_EDGE($,*,*,#2045,.T.);
#2855=ORIENTED_EDGE($,*,*,#2046,.T.);
#2856=ORIENTED_EDGE($,*,*,#2047,.F.);
#2857=ORIENTED_EDGE($,*,*,#2048,.T.);
#2858=ORIENTED_EDGE($,*,*,#2003,.F.);
#2859=ORIENTED_EDGE($,*,*,#2049,.T.);
#2860=ORIENTED_EDGE($,*,*,#2050,.T.);
#2861=ORIENTED_EDGE($,*,*,#2051,.T.);
#2862=ORIENTED_EDGE($,*,*,#2052,.T.);
#2863=ORIENTED_EDGE($,*,*,#2053,.T.);
#2864=ORIENTED_EDGE($,*,*,#2054,.T.);
#2865=ORIENTED_EDGE($,*,*,#2055,.F.);
#2866=ORIENTED_EDGE($,*,*,#2056,.F.);
#2867=ORIENTED_EDGE($,*,*,#2057,.F.);
#2868=ORIENTED_EDGE($,*,*,#2058,.F.);
#2869=ORIENTED_EDGE($,*,*,#2046,.F.);
#2870=ORIENTED_EDGE($,*,*,#2059,.F.);
#2871=ORIENTED_EDGE($,*,*,#2020,.F.);
#2872=ORIENTED_EDGE($,*,*,#2060,.F.);
#2873=ORIENTED_EDGE($,*,*,#2061,.T.);
#2874=ORIENTED_EDGE($,*,*,#2030,.F.);
#2875=ORIENTED_EDGE($,*,*,#2062,.F.);
#2876=ORIENTED_EDGE($,*,*,#2036,.T.);
#2877=ORIENTED_EDGE($,*,*,#2062,.T.);
#2878=ORIENTED_EDGE($,*,*,#2029,.F.);
#2879=ORIENTED_EDGE($,*,*,#2063,.F.);
#2880=ORIENTED_EDGE($,*,*,#2037,.T.);
#2881=ORIENTED_EDGE($,*,*,#2038,.T.);
#2882=ORIENTED_EDGE($,*,*,#2063,.T.);
#2883=ORIENTED_EDGE($,*,*,#2028,.F.);
#2884=ORIENTED_EDGE($,*,*,#2064,.F.);
#2885=ORIENTED_EDGE($,*,*,#2064,.T.);
#2886=ORIENTED_EDGE($,*,*,#2027,.F.);
#2887=ORIENTED_EDGE($,*,*,#2065,.F.);
#2888=ORIENTED_EDGE($,*,*,#2039,.T.);
#2889=ORIENTED_EDGE($,*,*,#2065,.T.);
#2890=ORIENTED_EDGE($,*,*,#2026,.F.);
#2891=ORIENTED_EDGE($,*,*,#2066,.F.);
#2892=ORIENTED_EDGE($,*,*,#2040,.T.);
#2893=ORIENTED_EDGE($,*,*,#2066,.T.);
#2894=ORIENTED_EDGE($,*,*,#2025,.F.);
#2895=ORIENTED_EDGE($,*,*,#2067,.F.);
#2896=ORIENTED_EDGE($,*,*,#2041,.T.);
#2897=ORIENTED_EDGE($,*,*,#2067,.T.);
#2898=ORIENTED_EDGE($,*,*,#2024,.F.);
#2899=ORIENTED_EDGE($,*,*,#2068,.F.);
#2900=ORIENTED_EDGE($,*,*,#2042,.T.);
#2901=ORIENTED_EDGE($,*,*,#2068,.T.);
#2902=ORIENTED_EDGE($,*,*,#2023,.F.);
#2903=ORIENTED_EDGE($,*,*,#2069,.F.);
#2904=ORIENTED_EDGE($,*,*,#2043,.T.);
#2905=ORIENTED_EDGE($,*,*,#2069,.T.);
#2906=ORIENTED_EDGE($,*,*,#2022,.F.);
#2907=ORIENTED_EDGE($,*,*,#2070,.F.);
#2908=ORIENTED_EDGE($,*,*,#2044,.T.);
#2909=ORIENTED_EDGE($,*,*,#2045,.F.);
#2910=ORIENTED_EDGE($,*,*,#2070,.T.);
#2911=ORIENTED_EDGE($,*,*,#2021,.T.);
#2912=ORIENTED_EDGE($,*,*,#2059,.T.);
#2913=ORIENTED_EDGE($,*,*,#2049,.F.);
#2914=ORIENTED_EDGE($,*,*,#2002,.F.);
#2915=ORIENTED_EDGE($,*,*,#2017,.T.);
#2916=ORIENTED_EDGE($,*,*,#2071,.T.);
#2917=ORIENTED_EDGE($,*,*,#2050,.F.);
#2918=ORIENTED_EDGE($,*,*,#2071,.F.);
#2919=ORIENTED_EDGE($,*,*,#2016,.T.);
#2920=ORIENTED_EDGE($,*,*,#2072,.T.);
#2921=ORIENTED_EDGE($,*,*,#2051,.F.);
#2922=ORIENTED_EDGE($,*,*,#2072,.F.);
#2923=ORIENTED_EDGE($,*,*,#2015,.T.);
#2924=ORIENTED_EDGE($,*,*,#2073,.T.);
#2925=ORIENTED_EDGE($,*,*,#2052,.F.);
#2926=ORIENTED_EDGE($,*,*,#2073,.F.);
#2927=ORIENTED_EDGE($,*,*,#2014,.T.);
#2928=ORIENTED_EDGE($,*,*,#2074,.F.);
#2929=ORIENTED_EDGE($,*,*,#2074,.T.);
#2930=ORIENTED_EDGE($,*,*,#2013,.T.);
#2931=ORIENTED_EDGE($,*,*,#2075,.F.);
#2932=ORIENTED_EDGE($,*,*,#2053,.F.);
#2933=ORIENTED_EDGE($,*,*,#2035,.T.);
#2934=ORIENTED_EDGE($,*,*,#2076,.F.);
#2935=ORIENTED_EDGE($,*,*,#2054,.F.);
#2936=ORIENTED_EDGE($,*,*,#2075,.T.);
#2937=ORIENTED_EDGE($,*,*,#2076,.T.);
#2938=ORIENTED_EDGE($,*,*,#2034,.F.);
#2939=ORIENTED_EDGE($,*,*,#2077,.F.);
#2940=ORIENTED_EDGE($,*,*,#2055,.T.);
#2941=ORIENTED_EDGE($,*,*,#2056,.T.);
#2942=ORIENTED_EDGE($,*,*,#2077,.T.);
#2943=ORIENTED_EDGE($,*,*,#2033,.F.);
#2944=ORIENTED_EDGE($,*,*,#2078,.F.);
#2945=ORIENTED_EDGE($,*,*,#2078,.T.);
#2946=ORIENTED_EDGE($,*,*,#2032,.F.);
#2947=ORIENTED_EDGE($,*,*,#2079,.F.);
#2948=ORIENTED_EDGE($,*,*,#2057,.T.);
#2949=ORIENTED_EDGE($,*,*,#2079,.T.);
#2950=ORIENTED_EDGE($,*,*,#2031,.F.);
#2951=ORIENTED_EDGE($,*,*,#2061,.F.);
#2952=ORIENTED_EDGE($,*,*,#2058,.T.);
#2953=ORIENTED_EDGE($,*,*,#1858,.T.);
#2954=ORIENTED_EDGE($,*,*,#2004,.F.);
#2955=ORIENTED_EDGE($,*,*,#2048,.F.);
#2956=ORIENTED_EDGE($,*,*,#2080,.F.);
#2957=ORIENTED_EDGE($,*,*,#1890,.F.);
#2958=ORIENTED_EDGE($,*,*,#2081,.T.);
#2959=ORIENTED_EDGE($,*,*,#2018,.T.);
#2960=ORIENTED_EDGE($,*,*,#2000,.T.);
#2961=ORIENTED_EDGE($,*,*,#2082,.F.);
#2962=ORIENTED_EDGE($,*,*,#2083,.F.);
#2963=ORIENTED_EDGE($,*,*,#2084,.T.);
#2964=ORIENTED_EDGE($,*,*,#2085,.T.);
#2965=ORIENTED_EDGE($,*,*,#2086,.T.);
#2966=ORIENTED_EDGE($,*,*,#2087,.T.);
#2967=ORIENTED_EDGE($,*,*,#2088,.T.);
#2968=ORIENTED_EDGE($,*,*,#2089,.T.);
#2969=ORIENTED_EDGE($,*,*,#1972,.F.);
#2970=ORIENTED_EDGE($,*,*,#2090,.T.);
#2971=ORIENTED_EDGE($,*,*,#2091,.F.);
#2972=ORIENTED_EDGE($,*,*,#2092,.T.);
#2973=ORIENTED_EDGE($,*,*,#2093,.T.);
#2974=ORIENTED_EDGE($,*,*,#2094,.F.);
#2975=ORIENTED_EDGE($,*,*,#2095,.F.);
#2976=ORIENTED_EDGE($,*,*,#2096,.F.);
#2977=ORIENTED_EDGE($,*,*,#2097,.F.);
#2978=ORIENTED_EDGE($,*,*,#2098,.F.);
#2979=ORIENTED_EDGE($,*,*,#2099,.F.);
#2980=ORIENTED_EDGE($,*,*,#2100,.F.);
#2981=ORIENTED_EDGE($,*,*,#2101,.F.);
#2982=ORIENTED_EDGE($,*,*,#2102,.F.);
#2983=ORIENTED_EDGE($,*,*,#2103,.F.);
#2984=ORIENTED_EDGE($,*,*,#2104,.F.);
#2985=ORIENTED_EDGE($,*,*,#2105,.T.);
#2986=ORIENTED_EDGE($,*,*,#2106,.T.);
#2987=ORIENTED_EDGE($,*,*,#2107,.T.);
#2988=ORIENTED_EDGE($,*,*,#2108,.T.);
#2989=ORIENTED_EDGE($,*,*,#2109,.T.);
#2990=ORIENTED_EDGE($,*,*,#2110,.T.);
#2991=ORIENTED_EDGE($,*,*,#2111,.T.);
#2992=ORIENTED_EDGE($,*,*,#2112,.T.);
#2993=ORIENTED_EDGE($,*,*,#2113,.T.);
#2994=ORIENTED_EDGE($,*,*,#2114,.T.);
#2995=ORIENTED_EDGE($,*,*,#2115,.T.);
#2996=ORIENTED_EDGE($,*,*,#2116,.T.);
#2997=ORIENTED_EDGE($,*,*,#2117,.T.);
#2998=ORIENTED_EDGE($,*,*,#2118,.F.);
#2999=ORIENTED_EDGE($,*,*,#2119,.T.);
#3000=ORIENTED_EDGE($,*,*,#2120,.T.);
#3001=ORIENTED_EDGE($,*,*,#2121,.F.);
#3002=ORIENTED_EDGE($,*,*,#1974,.T.);
#3003=ORIENTED_EDGE($,*,*,#2122,.T.);
#3004=ORIENTED_EDGE($,*,*,#2123,.F.);
#3005=ORIENTED_EDGE($,*,*,#2124,.T.);
#3006=ORIENTED_EDGE($,*,*,#2125,.F.);
#3007=ORIENTED_EDGE($,*,*,#2126,.F.);
#3008=ORIENTED_EDGE($,*,*,#2127,.F.);
#3009=ORIENTED_EDGE($,*,*,#2092,.F.);
#3010=ORIENTED_EDGE($,*,*,#2128,.F.);
#3011=ORIENTED_EDGE($,*,*,#2119,.F.);
#3012=ORIENTED_EDGE($,*,*,#2129,.F.);
#3013=ORIENTED_EDGE($,*,*,#2130,.T.);
#3014=ORIENTED_EDGE($,*,*,#2105,.F.);
#3015=ORIENTED_EDGE($,*,*,#2131,.F.);
#3016=ORIENTED_EDGE($,*,*,#2083,.T.);
#3017=ORIENTED_EDGE($,*,*,#2132,.T.);
#3018=ORIENTED_EDGE($,*,*,#2106,.F.);
#3019=ORIENTED_EDGE($,*,*,#2130,.F.);
#3020=ORIENTED_EDGE($,*,*,#2082,.T.);
#3021=ORIENTED_EDGE($,*,*,#2133,.T.);
#3022=ORIENTED_EDGE($,*,*,#2107,.F.);
#3023=ORIENTED_EDGE($,*,*,#2132,.F.);
#3024=ORIENTED_EDGE($,*,*,#2104,.T.);
#3025=ORIENTED_EDGE($,*,*,#2134,.T.);
#3026=ORIENTED_EDGE($,*,*,#2108,.F.);
#3027=ORIENTED_EDGE($,*,*,#2133,.F.);
#3028=ORIENTED_EDGE($,*,*,#2103,.T.);
#3029=ORIENTED_EDGE($,*,*,#2135,.T.);
#3030=ORIENTED_EDGE($,*,*,#2109,.F.);
#3031=ORIENTED_EDGE($,*,*,#2134,.F.);
#3032=ORIENTED_EDGE($,*,*,#2102,.T.);
#3033=ORIENTED_EDGE($,*,*,#2136,.T.);
#3034=ORIENTED_EDGE($,*,*,#2110,.F.);
#3035=ORIENTED_EDGE($,*,*,#2135,.F.);
#3036=ORIENTED_EDGE($,*,*,#2101,.T.);
#3037=ORIENTED_EDGE($,*,*,#2137,.T.);
#3038=ORIENTED_EDGE($,*,*,#2111,.F.);
#3039=ORIENTED_EDGE($,*,*,#2136,.F.);
#3040=ORIENTED_EDGE($,*,*,#2100,.T.);
#3041=ORIENTED_EDGE($,*,*,#2138,.T.);
#3042=ORIENTED_EDGE($,*,*,#2112,.F.);
#3043=ORIENTED_EDGE($,*,*,#2137,.F.);
#3044=ORIENTED_EDGE($,*,*,#2099,.T.);
#3045=ORIENTED_EDGE($,*,*,#2139,.T.);
#3046=ORIENTED_EDGE($,*,*,#2113,.F.);
#3047=ORIENTED_EDGE($,*,*,#2138,.F.);
#3048=ORIENTED_EDGE($,*,*,#2098,.T.);
#3049=ORIENTED_EDGE($,*,*,#2140,.T.);
#3050=ORIENTED_EDGE($,*,*,#2114,.F.);
#3051=ORIENTED_EDGE($,*,*,#2139,.F.);
#3052=ORIENTED_EDGE($,*,*,#2097,.T.);
#3053=ORIENTED_EDGE($,*,*,#2141,.T.);
#3054=ORIENTED_EDGE($,*,*,#2115,.F.);
#3055=ORIENTED_EDGE($,*,*,#2140,.F.);
#3056=ORIENTED_EDGE($,*,*,#2096,.T.);
#3057=ORIENTED_EDGE($,*,*,#2095,.T.);
#3058=ORIENTED_EDGE($,*,*,#2142,.T.);
#3059=ORIENTED_EDGE($,*,*,#2116,.F.);
#3060=ORIENTED_EDGE($,*,*,#2141,.F.);
#3061=ORIENTED_EDGE($,*,*,#2143,.T.);
#3062=ORIENTED_EDGE($,*,*,#2117,.F.);
#3063=ORIENTED_EDGE($,*,*,#2142,.F.);
#3064=ORIENTED_EDGE($,*,*,#2094,.T.);
#3065=ORIENTED_EDGE($,*,*,#2118,.T.);
#3066=ORIENTED_EDGE($,*,*,#2143,.F.);
#3067=ORIENTED_EDGE($,*,*,#2093,.F.);
#3068=ORIENTED_EDGE($,*,*,#2129,.T.);
#3069=ORIENTED_EDGE($,*,*,#2089,.F.);
#3070=ORIENTED_EDGE($,*,*,#2144,.F.);
#3071=ORIENTED_EDGE($,*,*,#2122,.F.);
#3072=ORIENTED_EDGE($,*,*,#1973,.F.);
#3073=ORIENTED_EDGE($,*,*,#2088,.F.);
#3074=ORIENTED_EDGE($,*,*,#2145,.T.);
#3075=ORIENTED_EDGE($,*,*,#2123,.T.);
#3076=ORIENTED_EDGE($,*,*,#2144,.T.);
#3077=ORIENTED_EDGE($,*,*,#2124,.F.);
#3078=ORIENTED_EDGE($,*,*,#2145,.F.);
#3079=ORIENTED_EDGE($,*,*,#2087,.F.);
#3080=ORIENTED_EDGE($,*,*,#2146,.F.);
#3081=ORIENTED_EDGE($,*,*,#2125,.T.);
#3082=ORIENTED_EDGE($,*,*,#2146,.T.);
#3083=ORIENTED_EDGE($,*,*,#2086,.F.);
#3084=ORIENTED_EDGE($,*,*,#2147,.T.);
#3085=ORIENTED_EDGE($,*,*,#2148,.T.);
#3086=ORIENTED_EDGE($,*,*,#2126,.T.);
#3087=ORIENTED_EDGE($,*,*,#2147,.F.);
#3088=ORIENTED_EDGE($,*,*,#2085,.F.);
#3089=ORIENTED_EDGE($,*,*,#2084,.F.);
#3090=ORIENTED_EDGE($,*,*,#2131,.T.);
#3091=ORIENTED_EDGE($,*,*,#2127,.T.);
#3092=ORIENTED_EDGE($,*,*,#2148,.F.);
#3093=ORIENTED_EDGE($,*,*,#1971,.F.);
#3094=ORIENTED_EDGE($,*,*,#1868,.T.);
#3095=ORIENTED_EDGE($,*,*,#2149,.F.);
#3096=ORIENTED_EDGE($,*,*,#2090,.F.);
#3097=ORIENTED_EDGE($,*,*,#1975,.T.);
#3098=ORIENTED_EDGE($,*,*,#2121,.T.);
#3099=ORIENTED_EDGE($,*,*,#2150,.T.);
#3100=ORIENTED_EDGE($,*,*,#1880,.F.);
#3101=ORIENTED_EDGE($,*,*,#1871,.T.);
#3102=ORIENTED_EDGE($,*,*,#1895,.T.);
#3103=ORIENTED_EDGE($,*,*,#1898,.F.);
#3104=ORIENTED_EDGE($,*,*,#1874,.F.);
#3105=ORIENTED_EDGE($,*,*,#1859,.T.);
#3106=ORIENTED_EDGE($,*,*,#2080,.T.);
#3107=ORIENTED_EDGE($,*,*,#2047,.T.);
#3108=ORIENTED_EDGE($,*,*,#2060,.T.);
#3109=ORIENTED_EDGE($,*,*,#2019,.F.);
#3110=ORIENTED_EDGE($,*,*,#2081,.F.);
#3111=ORIENTED_EDGE($,*,*,#1889,.F.);
#3112=ORIENTED_EDGE($,*,*,#2151,.F.);
#3113=ORIENTED_EDGE($,*,*,#1888,.T.);
#3114=ORIENTED_EDGE($,*,*,#1710,.T.);
#3115=ORIENTED_EDGE($,*,*,#1860,.F.);
#3116=ORIENTED_EDGE($,*,*,#2151,.T.);
#3117=ORIENTED_EDGE($,*,*,#1866,.F.);
#3118=ORIENTED_EDGE($,*,*,#1718,.T.);
#3119=ORIENTED_EDGE($,*,*,#1882,.T.);
#3120=ORIENTED_EDGE($,*,*,#2152,.F.);
#3121=ORIENTED_EDGE($,*,*,#1873,.T.);
#3122=ORIENTED_EDGE($,*,*,#1897,.T.);
#3123=ORIENTED_EDGE($,*,*,#1872,.T.);
#3124=ORIENTED_EDGE($,*,*,#1896,.T.);
#3125=ORIENTED_EDGE($,*,*,#1682,.F.);
#3126=ORIENTED_EDGE($,*,*,#1861,.F.);
#3127=ORIENTED_EDGE($,*,*,#1708,.T.);
#3128=ORIENTED_EDGE($,*,*,#1887,.T.);
#3129=ORIENTED_EDGE($,*,*,#1698,.T.);
#3130=ORIENTED_EDGE($,*,*,#1883,.T.);
#3131=ORIENTED_EDGE($,*,*,#1715,.F.);
#3132=ORIENTED_EDGE($,*,*,#1865,.F.);
#3133=ORIENTED_EDGE($,*,*,#1881,.F.);
#3134=ORIENTED_EDGE($,*,*,#2150,.F.);
#3135=ORIENTED_EDGE($,*,*,#2120,.F.);
#3136=ORIENTED_EDGE($,*,*,#2128,.T.);
#3137=ORIENTED_EDGE($,*,*,#2091,.T.);
#3138=ORIENTED_EDGE($,*,*,#2149,.T.);
#3139=ORIENTED_EDGE($,*,*,#1867,.T.);
#3140=ORIENTED_EDGE($,*,*,#2152,.T.);
#3141=CYLINDRICAL_SURFACE($,#3542,66.4999999997056);
#3142=CYLINDRICAL_SURFACE($,#3545,3.);
#3143=CYLINDRICAL_SURFACE($,#3548,3.);
#3144=CYLINDRICAL_SURFACE($,#3551,66.4999999997056);
#3145=CYLINDRICAL_SURFACE($,#3569,3.);
#3146=CYLINDRICAL_SURFACE($,#3573,3.);
#3147=CYLINDRICAL_SURFACE($,#3578,3.);
#3148=CYLINDRICAL_SURFACE($,#3581,3.);
#3149=CYLINDRICAL_SURFACE($,#3584,5.);
#3150=CYLINDRICAL_SURFACE($,#3587,5.);
#3151=CYLINDRICAL_SURFACE($,#3598,3.);
#3152=CYLINDRICAL_SURFACE($,#3601,3.);
#3153=CYLINDRICAL_SURFACE($,#3604,3.);
#3154=CYLINDRICAL_SURFACE($,#3607,3.);
#3155=CYLINDRICAL_SURFACE($,#3611,5.);
#3156=CYLINDRICAL_SURFACE($,#3614,5.);
#3157=CYLINDRICAL_SURFACE($,#3619,6.2);
#3158=CYLINDRICAL_SURFACE($,#3620,3.2);
#3159=CYLINDRICAL_SURFACE($,#3623,3.);
#3160=CYLINDRICAL_SURFACE($,#3626,3.);
#3161=CYLINDRICAL_SURFACE($,#3680,3.2);
#3162=CYLINDRICAL_SURFACE($,#3682,6.2);
#3163=CYLINDRICAL_SURFACE($,#3684,3.);
#3164=CYLINDRICAL_SURFACE($,#3685,3.);
#3165=CYLINDRICAL_SURFACE($,#3686,66.4999999997056);
#3166=CYLINDRICAL_SURFACE($,#3687,3.);
#3167=CYLINDRICAL_SURFACE($,#3699,3.);
#3168=CYLINDRICAL_SURFACE($,#3700,66.4999999997056);
#3169=CYLINDRICAL_SURFACE($,#3702,3.2);
#3170=CYLINDRICAL_SURFACE($,#3704,6.2);
#3171=CYLINDRICAL_SURFACE($,#3723,3.2);
#3172=CYLINDRICAL_SURFACE($,#3725,6.2);
#3173=CYLINDRICAL_SURFACE($,#3726,6.2);
#3174=CYLINDRICAL_SURFACE($,#3728,3.2);
#3175=CYLINDRICAL_SURFACE($,#3729,10.5);
#3176=CYLINDRICAL_SURFACE($,#3733,3.2);
#3177=CYLINDRICAL_SURFACE($,#3734,6.2);
#3178=CYLINDRICAL_SURFACE($,#3737,3.2);
#3179=CYLINDRICAL_SURFACE($,#3738,6.2);
#3180=CYLINDRICAL_SURFACE($,#3740,3.2);
#3181=CYLINDRICAL_SURFACE($,#3741,6.2);
#3182=CYLINDRICAL_SURFACE($,#3760,3.);
#3183=CYLINDRICAL_SURFACE($,#3769,3.);
#3184=CYLINDRICAL_SURFACE($,#3770,76.);
#3185=CYLINDRICAL_SURFACE($,#3771,2.);
#3186=CYLINDRICAL_SURFACE($,#3773,3.);
#3187=CYLINDRICAL_SURFACE($,#3775,3.);
#3188=CYLINDRICAL_SURFACE($,#3776,76.);
#3189=CYLINDRICAL_SURFACE($,#3777,3.);
#3190=CYLINDRICAL_SURFACE($,#3781,3.2);
#3191=CYLINDRICAL_SURFACE($,#3783,6.2);
#3192=CYLINDRICAL_SURFACE($,#3803,3.);
#3193=CYLINDRICAL_SURFACE($,#3804,3.);
#3194=CYLINDRICAL_SURFACE($,#3816,3.);
#3195=CYLINDRICAL_SURFACE($,#3817,76.);
#3196=CYLINDRICAL_SURFACE($,#3818,2.);
#3197=CYLINDRICAL_SURFACE($,#3820,3.);
#3198=CYLINDRICAL_SURFACE($,#3822,3.);
#3199=CYLINDRICAL_SURFACE($,#3823,76.);
#3200=CYLINDRICAL_SURFACE($,#3824,3.2);
#3201=CYLINDRICAL_SURFACE($,#3826,6.2);
#3202=CYLINDRICAL_SURFACE($,#3828,2.5);
#3203=CYLINDRICAL_SURFACE($,#3829,2.5);
#3204=CYLINDRICAL_SURFACE($,#3833,2.5);
#3205=CYLINDRICAL_SURFACE($,#3834,2.5);
#3206=STYLED_ITEM($,(#5807),#3373);
#3207=STYLED_ITEM($,(#5807),#3374);
#3208=STYLED_ITEM($,(#5807),#3375);
#3209=STYLED_ITEM($,(#5807),#3376);
#3210=STYLED_ITEM($,(#5807),#3377);
#3211=STYLED_ITEM($,(#5807),#3378);
#3212=STYLED_ITEM($,(#5807),#3379);
#3213=STYLED_ITEM($,(#5807),#3380);
#3214=STYLED_ITEM($,(#5807),#3381);
#3215=STYLED_ITEM($,(#5807),#3382);
#3216=STYLED_ITEM($,(#5807),#3383);
#3217=STYLED_ITEM($,(#5807),#3384);
#3218=STYLED_ITEM($,(#5807),#3385);
#3219=STYLED_ITEM($,(#5807),#3386);
#3220=STYLED_ITEM($,(#5807),#3387);
#3221=STYLED_ITEM($,(#5807),#3388);
#3222=STYLED_ITEM($,(#5807),#3389);
#3223=STYLED_ITEM($,(#5807),#3390);
#3224=STYLED_ITEM($,(#5807),#3391);
#3225=STYLED_ITEM($,(#5807),#3392);
#3226=STYLED_ITEM($,(#5807),#3393);
#3227=STYLED_ITEM($,(#5807),#3394);
#3228=STYLED_ITEM($,(#5807),#3395);
#3229=STYLED_ITEM($,(#5807),#3396);
#3230=STYLED_ITEM($,(#5807),#3397);
#3231=STYLED_ITEM($,(#5807),#3398);
#3232=STYLED_ITEM($,(#5807),#3399);
#3233=STYLED_ITEM($,(#5807),#3400);
#3234=STYLED_ITEM($,(#5807),#3401);
#3235=STYLED_ITEM($,(#5807),#3402);
#3236=STYLED_ITEM($,(#5807),#3403);
#3237=STYLED_ITEM($,(#5807),#3404);
#3238=STYLED_ITEM($,(#5807),#3405);
#3239=STYLED_ITEM($,(#5807),#3406);
#3240=STYLED_ITEM($,(#5807),#3407);
#3241=STYLED_ITEM($,(#5807),#3408);
#3242=STYLED_ITEM($,(#5807),#3409);
#3243=STYLED_ITEM($,(#5807),#3410);
#3244=STYLED_ITEM($,(#5807),#3411);
#3245=STYLED_ITEM($,(#5807),#3412);
#3246=STYLED_ITEM($,(#5807),#3413);
#3247=STYLED_ITEM($,(#5807),#3414);
#3248=STYLED_ITEM($,(#5807),#3415);
#3249=STYLED_ITEM($,(#5807),#3416);
#3250=STYLED_ITEM($,(#5807),#3417);
#3251=STYLED_ITEM($,(#5807),#3418);
#3252=STYLED_ITEM($,(#5807),#3419);
#3253=STYLED_ITEM($,(#5807),#3420);
#3254=STYLED_ITEM($,(#5807),#3421);
#3255=STYLED_ITEM($,(#5807),#3422);
#3256=STYLED_ITEM($,(#5807),#3423);
#3257=STYLED_ITEM($,(#5807),#3424);
#3258=STYLED_ITEM($,(#5807),#3425);
#3259=STYLED_ITEM($,(#5807),#3426);
#3260=STYLED_ITEM($,(#5807),#3427);
#3261=STYLED_ITEM($,(#5807),#3428);
#3262=STYLED_ITEM($,(#5807),#3429);
#3263=STYLED_ITEM($,(#5807),#3430);
#3264=STYLED_ITEM($,(#5807),#3431);
#3265=STYLED_ITEM($,(#5807),#3432);
#3266=STYLED_ITEM($,(#5807),#3433);
#3267=STYLED_ITEM($,(#5807),#3434);
#3268=STYLED_ITEM($,(#5807),#3435);
#3269=STYLED_ITEM($,(#5807),#3436);
#3270=STYLED_ITEM($,(#5807),#3437);
#3271=STYLED_ITEM($,(#5807),#3438);
#3272=STYLED_ITEM($,(#5807),#3439);
#3273=STYLED_ITEM($,(#5807),#3440);
#3274=STYLED_ITEM($,(#5807),#3441);
#3275=STYLED_ITEM($,(#5807),#3442);
#3276=STYLED_ITEM($,(#5807),#3443);
#3277=STYLED_ITEM($,(#5807),#3444);
#3278=STYLED_ITEM($,(#5807),#3445);
#3279=STYLED_ITEM($,(#5807),#3446);
#3280=STYLED_ITEM($,(#5807),#3447);
#3281=STYLED_ITEM($,(#5807),#3448);
#3282=STYLED_ITEM($,(#5807),#3449);
#3283=STYLED_ITEM($,(#5807),#3450);
#3284=STYLED_ITEM($,(#5807),#3451);
#3285=STYLED_ITEM($,(#5807),#3452);
#3286=STYLED_ITEM($,(#5807),#3453);
#3287=STYLED_ITEM($,(#5807),#3454);
#3288=STYLED_ITEM($,(#5807),#3455);
#3289=STYLED_ITEM($,(#5807),#3456);
#3290=STYLED_ITEM($,(#5807),#3457);
#3291=STYLED_ITEM($,(#5807),#3458);
#3292=STYLED_ITEM($,(#5807),#3459);
#3293=STYLED_ITEM($,(#5807),#3460);
#3294=STYLED_ITEM($,(#5807),#3461);
#3295=STYLED_ITEM($,(#5807),#3462);
#3296=STYLED_ITEM($,(#5807),#3463);
#3297=STYLED_ITEM($,(#5807),#3464);
#3298=STYLED_ITEM($,(#5807),#3465);
#3299=STYLED_ITEM($,(#5807),#3466);
#3300=STYLED_ITEM($,(#5807),#3467);
#3301=STYLED_ITEM($,(#5807),#3468);
#3302=STYLED_ITEM($,(#5807),#3469);
#3303=STYLED_ITEM($,(#5807),#3470);
#3304=STYLED_ITEM($,(#5807),#3471);
#3305=STYLED_ITEM($,(#5807),#3472);
#3306=STYLED_ITEM($,(#5807),#3473);
#3307=STYLED_ITEM($,(#5807),#3474);
#3308=STYLED_ITEM($,(#5807),#3475);
#3309=STYLED_ITEM($,(#5807),#3476);
#3310=STYLED_ITEM($,(#5807),#3477);
#3311=STYLED_ITEM($,(#5807),#3478);
#3312=STYLED_ITEM($,(#5807),#3479);
#3313=STYLED_ITEM($,(#5807),#3480);
#3314=STYLED_ITEM($,(#5807),#3481);
#3315=STYLED_ITEM($,(#5807),#3482);
#3316=STYLED_ITEM($,(#5807),#3483);
#3317=STYLED_ITEM($,(#5807),#3484);
#3318=STYLED_ITEM($,(#5807),#3485);
#3319=STYLED_ITEM($,(#5807),#3486);
#3320=STYLED_ITEM($,(#5807),#3487);
#3321=STYLED_ITEM($,(#5807),#3488);
#3322=STYLED_ITEM($,(#5807),#3489);
#3323=STYLED_ITEM($,(#5807),#3490);
#3324=STYLED_ITEM($,(#5807),#3491);
#3325=STYLED_ITEM($,(#5807),#3492);
#3326=STYLED_ITEM($,(#5807),#3493);
#3327=STYLED_ITEM($,(#5807),#3494);
#3328=STYLED_ITEM($,(#5807),#3495);
#3329=STYLED_ITEM($,(#5807),#3496);
#3330=STYLED_ITEM($,(#5807),#3497);
#3331=STYLED_ITEM($,(#5807),#3498);
#3332=STYLED_ITEM($,(#5807),#3499);
#3333=STYLED_ITEM($,(#5807),#3500);
#3334=STYLED_ITEM($,(#5807),#3501);
#3335=STYLED_ITEM($,(#5807),#3502);
#3336=STYLED_ITEM($,(#5807),#3503);
#3337=STYLED_ITEM($,(#5807),#3504);
#3338=STYLED_ITEM($,(#5807),#3505);
#3339=STYLED_ITEM($,(#5807),#3506);
#3340=STYLED_ITEM($,(#5807),#3507);
#3341=STYLED_ITEM($,(#5807),#3508);
#3342=STYLED_ITEM($,(#5807),#3509);
#3343=STYLED_ITEM($,(#5807),#3510);
#3344=STYLED_ITEM($,(#5807),#3511);
#3345=STYLED_ITEM($,(#5807),#3512);
#3346=STYLED_ITEM($,(#5807),#3513);
#3347=STYLED_ITEM($,(#5807),#3514);
#3348=STYLED_ITEM($,(#5807),#3515);
#3349=STYLED_ITEM($,(#5807),#3516);
#3350=STYLED_ITEM($,(#5807),#3517);
#3351=STYLED_ITEM($,(#5807),#3518);
#3352=STYLED_ITEM($,(#5807),#3519);
#3353=STYLED_ITEM($,(#5807),#3520);
#3354=STYLED_ITEM($,(#5807),#3521);
#3355=STYLED_ITEM($,(#5807),#3522);
#3356=STYLED_ITEM($,(#5807),#3523);
#3357=STYLED_ITEM($,(#5807),#3524);
#3358=STYLED_ITEM($,(#5807),#3525);
#3359=STYLED_ITEM($,(#5807),#3526);
#3360=STYLED_ITEM($,(#5807),#3527);
#3361=STYLED_ITEM($,(#5807),#3528);
#3362=STYLED_ITEM($,(#5807),#3529);
#3363=STYLED_ITEM($,(#5807),#3530);
#3364=STYLED_ITEM($,(#5807),#3531);
#3365=STYLED_ITEM($,(#5807),#3532);
#3366=STYLED_ITEM($,(#5807),#3533);
#3367=STYLED_ITEM($,(#5807),#3534);
#3368=STYLED_ITEM($,(#5807),#3535);
#3369=STYLED_ITEM($,(#5807),#3536);
#3370=STYLED_ITEM($,(#5807),#3537);
#3371=STYLED_ITEM($,(#5807),#3538);
#3372=STYLED_ITEM($,(#5807),#3540);
#3373=ADVANCED_FACE($,(#125),#3141,.F.);
#3374=ADVANCED_FACE($,(#126),#3142,.T.);
#3375=ADVANCED_FACE($,(#127),#3143,.T.);
#3376=ADVANCED_FACE($,(#128),#3144,.F.);
#3377=ADVANCED_FACE($,(#129),#24,.F.);
#3378=ADVANCED_FACE($,(#130),#25,.F.);
#3379=ADVANCED_FACE($,(#131),#26,.F.);
#3380=ADVANCED_FACE($,(#132),#3145,.T.);
#3381=ADVANCED_FACE($,(#133),#27,.F.);
#3382=ADVANCED_FACE($,(#134),#3146,.T.);
#3383=ADVANCED_FACE($,(#135),#28,.F.);
#3384=ADVANCED_FACE($,(#136),#29,.F.);
#3385=ADVANCED_FACE($,(#137),#3147,.T.);
#3386=ADVANCED_FACE($,(#138),#3148,.T.);
#3387=ADVANCED_FACE($,(#139),#3149,.T.);
#3388=ADVANCED_FACE($,(#140),#3150,.T.);
#3389=ADVANCED_FACE($,(#141),#30,.F.);
#3390=ADVANCED_FACE($,(#142),#31,.T.);
#3391=ADVANCED_FACE($,(#143),#32,.F.);
#3392=ADVANCED_FACE($,(#144),#33,.F.);
#3393=ADVANCED_FACE($,(#145),#3151,.T.);
#3394=ADVANCED_FACE($,(#146),#3152,.T.);
#3395=ADVANCED_FACE($,(#147),#3153,.T.);
#3396=ADVANCED_FACE($,(#148),#3154,.T.);
#3397=ADVANCED_FACE($,(#149),#34,.F.);
#3398=ADVANCED_FACE($,(#150),#3155,.T.);
#3399=ADVANCED_FACE($,(#151),#3156,.T.);
#3400=ADVANCED_FACE($,(#152),#35,.T.);
#3401=ADVANCED_FACE($,(#153),#36,.F.);
#3402=ADVANCED_FACE($,(#154),#3157,.T.);
#3403=ADVANCED_FACE($,(#155),#3158,.F.);
#3404=ADVANCED_FACE($,(#156),#37,.F.);
#3405=ADVANCED_FACE($,(#157),#38,.F.);
#3406=ADVANCED_FACE($,(#158),#3159,.T.);
#3407=ADVANCED_FACE($,(#159),#3160,.F.);
#3408=ADVANCED_FACE($,(#160),#39,.F.);
#3409=ADVANCED_FACE($,(#161),#40,.F.);
#3410=ADVANCED_FACE($,(#162),#41,.F.);
#3411=ADVANCED_FACE($,(#163),#42,.F.);
#3412=ADVANCED_FACE($,(#164),#43,.F.);
#3413=ADVANCED_FACE($,(#165),#44,.F.);
#3414=ADVANCED_FACE($,(#166),#45,.F.);
#3415=ADVANCED_FACE($,(#167),#46,.F.);
#3416=ADVANCED_FACE($,(#168),#47,.F.);
#3417=ADVANCED_FACE($,(#169),#48,.F.);
#3418=ADVANCED_FACE($,(#170),#49,.F.);
#3419=ADVANCED_FACE($,(#171),#50,.F.);
#3420=ADVANCED_FACE($,(#172),#51,.F.);
#3421=ADVANCED_FACE($,(#173),#52,.T.);
#3422=ADVANCED_FACE($,(#174),#53,.T.);
#3423=ADVANCED_FACE($,(#175),#54,.F.);
#3424=ADVANCED_FACE($,(#176),#55,.F.);
#3425=ADVANCED_FACE($,(#177,#12,#13,#14,#15),#56,.F.);
#3426=ADVANCED_FACE($,(#178,#16,#17,#18,#19),#57,.T.);
#3427=ADVANCED_FACE($,(#179),#58,.F.);
#3428=ADVANCED_FACE($,(#180),#59,.F.);
#3429=ADVANCED_FACE($,(#181),#60,.T.);
#3430=ADVANCED_FACE($,(#182),#61,.F.);
#3431=ADVANCED_FACE($,(#183),#62,.F.);
#3432=ADVANCED_FACE($,(#184),#63,.F.);
#3433=ADVANCED_FACE($,(#185),#3161,.F.);
#3434=ADVANCED_FACE($,(#186),#3162,.T.);
#3435=ADVANCED_FACE($,(#187),#3163,.T.);
#3436=ADVANCED_FACE($,(#188),#3164,.F.);
#3437=ADVANCED_FACE($,(#189),#3165,.F.);
#3438=ADVANCED_FACE($,(#190),#3166,.T.);
#3439=ADVANCED_FACE($,(#191),#64,.F.);
#3440=ADVANCED_FACE($,(#192),#65,.F.);
#3441=ADVANCED_FACE($,(#193),#66,.F.);
#3442=ADVANCED_FACE($,(#194),#67,.F.);
#3443=ADVANCED_FACE($,(#195),#68,.F.);
#3444=ADVANCED_FACE($,(#196),#69,.F.);
#3445=ADVANCED_FACE($,(#197),#70,.F.);
#3446=ADVANCED_FACE($,(#198),#71,.F.);
#3447=ADVANCED_FACE($,(#199),#72,.F.);
#3448=ADVANCED_FACE($,(#200),#73,.F.);
#3449=ADVANCED_FACE($,(#201),#74,.F.);
#3450=ADVANCED_FACE($,(#202),#3167,.T.);
#3451=ADVANCED_FACE($,(#203),#3168,.F.);
#3452=ADVANCED_FACE($,(#204),#75,.T.);
#3453=ADVANCED_FACE($,(#205),#3169,.F.);
#3454=ADVANCED_FACE($,(#206),#3170,.T.);
#3455=ADVANCED_FACE($,(#207),#76,.T.);
#3456=ADVANCED_FACE($,(#208),#77,.F.);
#3457=ADVANCED_FACE($,(#209),#78,.T.);
#3458=ADVANCED_FACE($,(#210),#79,.F.);
#3459=ADVANCED_FACE($,(#211),#80,.T.);
#3460=ADVANCED_FACE($,(#212),#81,.T.);
#3461=ADVANCED_FACE($,(#213),#82,.T.);
#3462=ADVANCED_FACE($,(#214),#3171,.F.);
#3463=ADVANCED_FACE($,(#215),#83,.T.);
#3464=ADVANCED_FACE($,(#216),#3172,.T.);
#3465=ADVANCED_FACE($,(#217),#3173,.T.);
#3466=ADVANCED_FACE($,(#218),#84,.F.);
#3467=ADVANCED_FACE($,(#219),#3174,.F.);
#3468=ADVANCED_FACE($,(#220),#3175,.F.);
#3469=ADVANCED_FACE($,(#221),#85,.T.);
#3470=ADVANCED_FACE($,(#222),#3176,.F.);
#3471=ADVANCED_FACE($,(#223),#3177,.T.);
#3472=ADVANCED_FACE($,(#224),#86,.T.);
#3473=ADVANCED_FACE($,(#225),#87,.F.);
#3474=ADVANCED_FACE($,(#226),#3178,.F.);
#3475=ADVANCED_FACE($,(#227),#3179,.T.);
#3476=ADVANCED_FACE($,(#228),#88,.T.);
#3477=ADVANCED_FACE($,(#229),#3180,.F.);
#3478=ADVANCED_FACE($,(#230),#3181,.T.);
#3479=ADVANCED_FACE($,(#231),#89,.T.);
#3480=ADVANCED_FACE($,(#232),#90,.F.);
#3481=ADVANCED_FACE($,(#233),#3182,.T.);
#3482=ADVANCED_FACE($,(#234),#91,.T.);
#3483=ADVANCED_FACE($,(#235),#92,.T.);
#3484=ADVANCED_FACE($,(#236),#93,.T.);
#3485=ADVANCED_FACE($,(#237),#94,.T.);
#3486=ADVANCED_FACE($,(#238),#95,.T.);
#3487=ADVANCED_FACE($,(#239),#96,.T.);
#3488=ADVANCED_FACE($,(#240),#97,.T.);
#3489=ADVANCED_FACE($,(#241),#98,.T.);
#3490=ADVANCED_FACE($,(#242),#3183,.T.);
#3491=ADVANCED_FACE($,(#243),#3184,.F.);
#3492=ADVANCED_FACE($,(#244),#3185,.T.);
#3493=ADVANCED_FACE($,(#245),#99,.T.);
#3494=ADVANCED_FACE($,(#246),#3186,.T.);
#3495=ADVANCED_FACE($,(#247),#100,.F.);
#3496=ADVANCED_FACE($,(#248),#3187,.F.);
#3497=ADVANCED_FACE($,(#249),#3188,.F.);
#3498=ADVANCED_FACE($,(#250),#3189,.T.);
#3499=ADVANCED_FACE($,(#251),#101,.T.);
#3500=ADVANCED_FACE($,(#252),#102,.T.);
#3501=ADVANCED_FACE($,(#253),#103,.T.);
#3502=ADVANCED_FACE($,(#254),#3190,.F.);
#3503=ADVANCED_FACE($,(#255),#3191,.T.);
#3504=ADVANCED_FACE($,(#256),#104,.F.);
#3505=ADVANCED_FACE($,(#257),#105,.T.);
#3506=ADVANCED_FACE($,(#258),#3192,.T.);
#3507=ADVANCED_FACE($,(#259),#3193,.T.);
#3508=ADVANCED_FACE($,(#260),#106,.T.);
#3509=ADVANCED_FACE($,(#261),#107,.T.);
#3510=ADVANCED_FACE($,(#262),#108,.T.);
#3511=ADVANCED_FACE($,(#263),#109,.T.);
#3512=ADVANCED_FACE($,(#264),#110,.T.);
#3513=ADVANCED_FACE($,(#265),#111,.T.);
#3514=ADVANCED_FACE($,(#266),#112,.T.);
#3515=ADVANCED_FACE($,(#267),#113,.T.);
#3516=ADVANCED_FACE($,(#268),#114,.T.);
#3517=ADVANCED_FACE($,(#269),#115,.T.);
#3518=ADVANCED_FACE($,(#270),#116,.T.);
#3519=ADVANCED_FACE($,(#271),#3194,.T.);
#3520=ADVANCED_FACE($,(#272),#3195,.F.);
#3521=ADVANCED_FACE($,(#273),#3196,.T.);
#3522=ADVANCED_FACE($,(#274),#117,.F.);
#3523=ADVANCED_FACE($,(#275),#3197,.T.);
#3524=ADVANCED_FACE($,(#276),#118,.F.);
#3525=ADVANCED_FACE($,(#277),#3198,.F.);
#3526=ADVANCED_FACE($,(#278),#3199,.F.);
#3527=ADVANCED_FACE($,(#279),#3200,.F.);
#3528=ADVANCED_FACE($,(#280),#3201,.T.);
#3529=ADVANCED_FACE($,(#281,#20),#3202,.F.);
#3530=ADVANCED_FACE($,(#282,#21),#3203,.F.);
#3531=ADVANCED_FACE($,(#283),#119,.T.);
#3532=ADVANCED_FACE($,(#284),#120,.F.);
#3533=ADVANCED_FACE($,(#285),#121,.F.);
#3534=ADVANCED_FACE($,(#286,#22),#3204,.F.);
#3535=ADVANCED_FACE($,(#287,#23),#3205,.F.);
#3536=ADVANCED_FACE($,(#288),#122,.F.);
#3537=ADVANCED_FACE($,(#289),#123,.F.);
#3538=ADVANCED_FACE($,(#290),#124,.T.);
#3539=CLOSED_SHELL($,(#3373,#3374,#3375,#3376,#3377,#3378,#3379,#3380,#3381,
#3382,#3383,#3384,#3385,#3386,#3387,#3388,#3389,#3390,#3391,#3392,#3393,
#3394,#3395,#3396,#3397,#3398,#3399,#3400,#3401,#3402,#3403,#3404,#3405,
#3406,#3407,#3408,#3409,#3410,#3411,#3412,#3413,#3414,#3415,#3416,#3417,
#3418,#3419,#3420,#3421,#3422,#3423,#3424,#3425,#3426,#3427,#3428,#3429,
#3430,#3431,#3432,#3433,#3434,#3435,#3436,#3437,#3438,#3439,#3440,#3441,
#3442,#3443,#3444,#3445,#3446,#3447,#3448,#3449,#3450,#3451,#3452,#3453,
#3454,#3455,#3456,#3457,#3458,#3459,#3460,#3461,#3462,#3463,#3464,#3465,
#3466,#3467,#3468,#3469,#3470,#3471,#3472,#3473,#3474,#3475,#3476,#3477,
#3478,#3479,#3480,#3481,#3482,#3483,#3484,#3485,#3486,#3487,#3488,#3489,
#3490,#3491,#3492,#3493,#3494,#3495,#3496,#3497,#3498,#3499,#3500,#3501,
#3502,#3503,#3504,#3505,#3506,#3507,#3508,#3509,#3510,#3511,#3512,#3513,
#3514,#3515,#3516,#3517,#3518,#3519,#3520,#3521,#3522,#3523,#3524,#3525,
#3526,#3527,#3528,#3529,#3530,#3531,#3532,#3533,#3534,#3535,#3536,#3537,
#3538));
#3540=MANIFOLD_SOLID_BREP('1',#3539);
#3541=AXIS2_PLACEMENT_3D('placement',#4796,#3838,#3839);
#3542=AXIS2_PLACEMENT_3D($,#4797,#3840,#3841);
#3543=AXIS2_PLACEMENT_3D($,#4800,#3842,#3843);
#3544=AXIS2_PLACEMENT_3D($,#4804,#3845,#3846);
#3545=AXIS2_PLACEMENT_3D($,#4806,#3848,#3849);
#3546=AXIS2_PLACEMENT_3D($,#4808,#3850,#3851);
#3547=AXIS2_PLACEMENT_3D($,#4811,#3853,#3854);
#3548=AXIS2_PLACEMENT_3D($,#4812,#3855,#3856);
#3549=AXIS2_PLACEMENT_3D($,#4814,#3857,#3858);
#3550=AXIS2_PLACEMENT_3D($,#4816,#3859,#3860);
#3551=AXIS2_PLACEMENT_3D($,#4818,#3862,#3863);
#3552=AXIS2_PLACEMENT_3D($,#4821,#3864,#3865);
#3553=AXIS2_PLACEMENT_3D($,#4825,#3867,#3868);
#3554=AXIS2_PLACEMENT_3D($,#4827,#3870,#3871);
#3555=AXIS2_PLACEMENT_3D($,#4836,#3875,#3876);
#3556=AXIS2_PLACEMENT_3D($,#4840,#3878,#3879);
#3557=AXIS2_PLACEMENT_3D($,#4844,#3881,#3882);
#3558=AXIS2_PLACEMENT_3D($,#4852,#3886,#3887);
#3559=AXIS2_PLACEMENT_3D($,#4856,#3889,#3890);
#3560=AXIS2_PLACEMENT_3D($,#4859,#3892,#3893);
#3561=AXIS2_PLACEMENT_3D($,#4860,#3894,#3895);
#3562=AXIS2_PLACEMENT_3D($,#4869,#3899,#3900);
#3563=AXIS2_PLACEMENT_3D($,#4873,#3902,#3903);
#3564=AXIS2_PLACEMENT_3D($,#4877,#3905,#3906);
#3565=AXIS2_PLACEMENT_3D($,#4885,#3910,#3911);
#3566=AXIS2_PLACEMENT_3D($,#4889,#3913,#3914);
#3567=AXIS2_PLACEMENT_3D($,#4892,#3916,#3917);
#3568=AXIS2_PLACEMENT_3D($,#4893,#3918,#3919);
#3569=AXIS2_PLACEMENT_3D($,#4902,#3924,#3925);
#3570=AXIS2_PLACEMENT_3D($,#4904,#3926,#3927);
#3571=AXIS2_PLACEMENT_3D($,#4907,#3929,#3930);
#3572=AXIS2_PLACEMENT_3D($,#4908,#3931,#3932);
#3573=AXIS2_PLACEMENT_3D($,#4917,#3937,#3938);
#3574=AXIS2_PLACEMENT_3D($,#4919,#3939,#3940);
#3575=AXIS2_PLACEMENT_3D($,#4921,#3941,#3942);
#3576=AXIS2_PLACEMENT_3D($,#4923,#3944,#3945);
#3577=AXIS2_PLACEMENT_3D($,#4932,#3950,#3951);
#3578=AXIS2_PLACEMENT_3D($,#4941,#3956,#3957);
#3579=AXIS2_PLACEMENT_3D($,#4944,#3958,#3959);
#3580=AXIS2_PLACEMENT_3D($,#4948,#3961,#3962);
#3581=AXIS2_PLACEMENT_3D($,#4950,#3964,#3965);
#3582=AXIS2_PLACEMENT_3D($,#4953,#3966,#3967);
#3583=AXIS2_PLACEMENT_3D($,#4957,#3969,#3970);
#3584=AXIS2_PLACEMENT_3D($,#4959,#3972,#3973);
#3585=AXIS2_PLACEMENT_3D($,#4962,#3974,#3975);
#3586=AXIS2_PLACEMENT_3D($,#4966,#3977,#3978);
#3587=AXIS2_PLACEMENT_3D($,#4968,#3980,#3981);
#3588=AXIS2_PLACEMENT_3D($,#4971,#3982,#3983);
#3589=AXIS2_PLACEMENT_3D($,#4975,#3985,#3986);
#3590=AXIS2_PLACEMENT_3D($,#4977,#3988,#3989);
#3591=AXIS2_PLACEMENT_3D($,#4981,#3991,#3992);
#3592=AXIS2_PLACEMENT_3D($,#4989,#3996,#3997);
#3593=AXIS2_PLACEMENT_3D($,#4991,#3999,#4000);
#3594=AXIS2_PLACEMENT_3D($,#4995,#4002,#4003);
#3595=AXIS2_PLACEMENT_3D($,#5000,#4006,#4007);
#3596=AXIS2_PLACEMENT_3D($,#5002,#4009,#4010);
#3597=AXIS2_PLACEMENT_3D($,#5011,#4015,#4016);
#3598=AXIS2_PLACEMENT_3D($,#5020,#4021,#4022);
#3599=AXIS2_PLACEMENT_3D($,#5022,#4023,#4024);
#3600=AXIS2_PLACEMENT_3D($,#5024,#4025,#4026);
#3601=AXIS2_PLACEMENT_3D($,#5026,#4028,#4029);
#3602=AXIS2_PLACEMENT_3D($,#5028,#4030,#4031);
#3603=AXIS2_PLACEMENT_3D($,#5031,#4033,#4034);
#3604=AXIS2_PLACEMENT_3D($,#5032,#4035,#4036);
#3605=AXIS2_PLACEMENT_3D($,#5034,#4037,#4038);
#3606=AXIS2_PLACEMENT_3D($,#5036,#4039,#4040);
#3607=AXIS2_PLACEMENT_3D($,#5038,#4042,#4043);
#3608=AXIS2_PLACEMENT_3D($,#5040,#4044,#4045);
#3609=AXIS2_PLACEMENT_3D($,#5043,#4047,#4048);
#3610=AXIS2_PLACEMENT_3D($,#5044,#4049,#4050);
#3611=AXIS2_PLACEMENT_3D($,#5053,#4055,#4056);
#3612=AXIS2_PLACEMENT_3D($,#5055,#4057,#4058);
#3613=AXIS2_PLACEMENT_3D($,#5057,#4059,#4060);
#3614=AXIS2_PLACEMENT_3D($,#5059,#4062,#4063);
#3615=AXIS2_PLACEMENT_3D($,#5061,#4064,#4065);
#3616=AXIS2_PLACEMENT_3D($,#5064,#4067,#4068);
#3617=AXIS2_PLACEMENT_3D($,#5065,#4069,#4070);
#3618=AXIS2_PLACEMENT_3D($,#5068,#4073,#4074);
#3619=AXIS2_PLACEMENT_3D($,#5071,#4077,#4078);
#3620=AXIS2_PLACEMENT_3D($,#5073,#4080,#4081);
#3621=AXIS2_PLACEMENT_3D($,#5075,#4083,#4084);
#3622=AXIS2_PLACEMENT_3D($,#5076,#4085,#4086);
#3623=AXIS2_PLACEMENT_3D($,#5085,#4091,#4092);
#3624=AXIS2_PLACEMENT_3D($,#5086,#4093,#4094);
#3625=AXIS2_PLACEMENT_3D($,#5087,#4095,#4096);
#3626=AXIS2_PLACEMENT_3D($,#5088,#4097,#4098);
#3627=AXIS2_PLACEMENT_3D($,#5090,#4099,#4100);
#3628=AXIS2_PLACEMENT_3D($,#5093,#4102,#4103);
#3629=AXIS2_PLACEMENT_3D($,#5094,#4104,#4105);
#3630=AXIS2_PLACEMENT_3D($,#5097,#4108,#4109);
#3631=AXIS2_PLACEMENT_3D($,#5103,#4113,#4114);
#3632=AXIS2_PLACEMENT_3D($,#5109,#4118,#4119);
#3633=AXIS2_PLACEMENT_3D($,#5115,#4123,#4124);
#3634=AXIS2_PLACEMENT_3D($,#5121,#4128,#4129);
#3635=AXIS2_PLACEMENT_3D($,#5127,#4133,#4134);
#3636=AXIS2_PLACEMENT_3D($,#5133,#4138,#4139);
#3637=AXIS2_PLACEMENT_3D($,#5139,#4143,#4144);
#3638=AXIS2_PLACEMENT_3D($,#5145,#4148,#4149);
#3639=AXIS2_PLACEMENT_3D($,#5151,#4153,#4154);
#3640=AXIS2_PLACEMENT_3D($,#5154,#4157,#4158);
#3641=AXIS2_PLACEMENT_3D($,#5163,#4163,#4164);
#3642=AXIS2_PLACEMENT_3D($,#5168,#4168,#4169);
#3643=AXIS2_PLACEMENT_3D($,#5173,#4173,#4174);
#3644=AXIS2_PLACEMENT_3D($,#5175,#4176,#4177);
#3645=AXIS2_PLACEMENT_3D($,#5177,#4179,#4180);
#3646=AXIS2_PLACEMENT_3D($,#5181,#4182,#4183);
#3647=AXIS2_PLACEMENT_3D($,#5189,#4187,#4188);
#3648=AXIS2_PLACEMENT_3D($,#5191,#4190,#4191);
#3649=AXIS2_PLACEMENT_3D($,#5200,#4197,#4198);
#3650=AXIS2_PLACEMENT_3D($,#5224,#4213,#4214);
#3651=AXIS2_PLACEMENT_3D($,#5226,#4215,#4216);
#3652=AXIS2_PLACEMENT_3D($,#5228,#4217,#4218);
#3653=AXIS2_PLACEMENT_3D($,#5230,#4219,#4220);
#3654=AXIS2_PLACEMENT_3D($,#5231,#4221,#4222);
#3655=AXIS2_PLACEMENT_3D($,#5259,#4240,#4241);
#3656=AXIS2_PLACEMENT_3D($,#5264,#4244,#4245);
#3657=AXIS2_PLACEMENT_3D($,#5266,#4246,#4247);
#3658=AXIS2_PLACEMENT_3D($,#5268,#4248,#4249);
#3659=AXIS2_PLACEMENT_3D($,#5270,#4250,#4251);
#3660=AXIS2_PLACEMENT_3D($,#5271,#4252,#4253);
#3661=AXIS2_PLACEMENT_3D($,#5273,#4254,#4255);
#3662=AXIS2_PLACEMENT_3D($,#5280,#4259,#4260);
#3663=AXIS2_PLACEMENT_3D($,#5281,#4261,#4262);
#3664=AXIS2_PLACEMENT_3D($,#5282,#4263,#4264);
#3665=AXIS2_PLACEMENT_3D($,#5291,#4269,#4270);
#3666=AXIS2_PLACEMENT_3D($,#5293,#4271,#4272);
#3667=AXIS2_PLACEMENT_3D($,#5295,#4273,#4274);
#3668=AXIS2_PLACEMENT_3D($,#5319,#4286,#4287);
#3669=AXIS2_PLACEMENT_3D($,#5321,#4288,#4289);
#3670=AXIS2_PLACEMENT_3D($,#5323,#4290,#4291);
#3671=AXIS2_PLACEMENT_3D($,#5325,#4293,#4294);
#3672=AXIS2_PLACEMENT_3D($,#5331,#4297,#4298);
#3673=AXIS2_PLACEMENT_3D($,#5333,#4299,#4300);
#3674=AXIS2_PLACEMENT_3D($,#5335,#4301,#4302);
#3675=AXIS2_PLACEMENT_3D($,#5359,#4314,#4315);
#3676=AXIS2_PLACEMENT_3D($,#5361,#4316,#4317);
#3677=AXIS2_PLACEMENT_3D($,#5362,#4318,#4319);
#3678=AXIS2_PLACEMENT_3D($,#5368,#4323,#4324);
#3679=AXIS2_PLACEMENT_3D($,#5370,#4326,#4327);
#3680=AXIS2_PLACEMENT_3D($,#5372,#4329,#4330);
#3681=AXIS2_PLACEMENT_3D($,#5373,#4331,#4332);
#3682=AXIS2_PLACEMENT_3D($,#5374,#4333,#4334);
#3683=AXIS2_PLACEMENT_3D($,#5375,#4335,#4336);
#3684=AXIS2_PLACEMENT_3D($,#5376,#4337,#4338);
#3685=AXIS2_PLACEMENT_3D($,#5378,#4340,#4341);
#3686=AXIS2_PLACEMENT_3D($,#5380,#4343,#4344);
#3687=AXIS2_PLACEMENT_3D($,#5382,#4346,#4347);
#3688=AXIS2_PLACEMENT_3D($,#5384,#4349,#4350);
#3689=AXIS2_PLACEMENT_3D($,#5386,#4352,#4353);
#3690=AXIS2_PLACEMENT_3D($,#5388,#4355,#4356);
#3691=AXIS2_PLACEMENT_3D($,#5390,#4358,#4359);
#3692=AXIS2_PLACEMENT_3D($,#5392,#4361,#4362);
#3693=AXIS2_PLACEMENT_3D($,#5394,#4364,#4365);
#3694=AXIS2_PLACEMENT_3D($,#5396,#4367,#4368);
#3695=AXIS2_PLACEMENT_3D($,#5398,#4370,#4371);
#3696=AXIS2_PLACEMENT_3D($,#5400,#4373,#4374);
#3697=AXIS2_PLACEMENT_3D($,#5402,#4376,#4377);
#3698=AXIS2_PLACEMENT_3D($,#5404,#4379,#4380);
#3699=AXIS2_PLACEMENT_3D($,#5406,#4382,#4383);
#3700=AXIS2_PLACEMENT_3D($,#5408,#4385,#4386);
#3701=AXIS2_PLACEMENT_3D($,#5409,#4387,#4388);
#3702=AXIS2_PLACEMENT_3D($,#5411,#4390,#4391);
#3703=AXIS2_PLACEMENT_3D($,#5412,#4392,#4393);
#3704=AXIS2_PLACEMENT_3D($,#5413,#4394,#4395);
#3705=AXIS2_PLACEMENT_3D($,#5414,#4396,#4397);
#3706=AXIS2_PLACEMENT_3D($,#5415,#4398,#4399);
#3707=AXIS2_PLACEMENT_3D($,#5416,#4400,#4401);
#3708=AXIS2_PLACEMENT_3D($,#5418,#4402,#4403);
#3709=AXIS2_PLACEMENT_3D($,#5425,#4407,#4408);
#3710=AXIS2_PLACEMENT_3D($,#5426,#4409,#4410);
#3711=AXIS2_PLACEMENT_3D($,#5433,#4415,#4416);
#3712=AXIS2_PLACEMENT_3D($,#5440,#4421,#4422);
#3713=AXIS2_PLACEMENT_3D($,#5441,#4423,#4424);
#3714=AXIS2_PLACEMENT_3D($,#5443,#4425,#4426);
#3715=AXIS2_PLACEMENT_3D($,#5446,#4428,#4429);
#3716=AXIS2_PLACEMENT_3D($,#5448,#4430,#4431);
#3717=AXIS2_PLACEMENT_3D($,#5451,#4433,#4434);
#3718=AXIS2_PLACEMENT_3D($,#5452,#4435,#4436);
#3719=AXIS2_PLACEMENT_3D($,#5454,#4437,#4438);
#3720=AXIS2_PLACEMENT_3D($,#5457,#4440,#4441);
#3721=AXIS2_PLACEMENT_3D($,#5459,#4442,#4443);
#3722=AXIS2_PLACEMENT_3D($,#5462,#4445,#4446);
#3723=AXIS2_PLACEMENT_3D($,#5463,#4447,#4448);
#3724=AXIS2_PLACEMENT_3D($,#5465,#4450,#4451);
#3725=AXIS2_PLACEMENT_3D($,#5467,#4453,#4454);
#3726=AXIS2_PLACEMENT_3D($,#5468,#4455,#4456);
#3727=AXIS2_PLACEMENT_3D($,#5470,#4458,#4459);
#3728=AXIS2_PLACEMENT_3D($,#5472,#4461,#4462);
#3729=AXIS2_PLACEMENT_3D($,#5473,#4463,#4464);
#3730=AXIS2_PLACEMENT_3D($,#5474,#4465,#4466);
#3731=AXIS2_PLACEMENT_3D($,#5476,#4467,#4468);
#3732=AXIS2_PLACEMENT_3D($,#5483,#4472,#4473);
#3733=AXIS2_PLACEMENT_3D($,#5484,#4474,#4475);
#3734=AXIS2_PLACEMENT_3D($,#5486,#4477,#4478);
#3735=AXIS2_PLACEMENT_3D($,#5488,#4480,#4481);
#3736=AXIS2_PLACEMENT_3D($,#5492,#4485,#4486);
#3737=AXIS2_PLACEMENT_3D($,#5496,#4490,#4491);
#3738=AXIS2_PLACEMENT_3D($,#5497,#4492,#4493);
#3739=AXIS2_PLACEMENT_3D($,#5498,#4494,#4495);
#3740=AXIS2_PLACEMENT_3D($,#5499,#4496,#4497);
#3741=AXIS2_PLACEMENT_3D($,#5500,#4498,#4499);
#3742=AXIS2_PLACEMENT_3D($,#5501,#4500,#4501);
#3743=AXIS2_PLACEMENT_3D($,#5504,#4502,#4503);
#3744=AXIS2_PLACEMENT_3D($,#5508,#4505,#4506);
#3745=AXIS2_PLACEMENT_3D($,#5511,#4508,#4509);
#3746=AXIS2_PLACEMENT_3D($,#5517,#4512,#4513);
#3747=AXIS2_PLACEMENT_3D($,#5519,#4514,#4515);
#3748=AXIS2_PLACEMENT_3D($,#5521,#4516,#4517);
#3749=AXIS2_PLACEMENT_3D($,#5545,#4529,#4530);
#3750=AXIS2_PLACEMENT_3D($,#5546,#4531,#4532);
#3751=AXIS2_PLACEMENT_3D($,#5547,#4533,#4534);
#3752=AXIS2_PLACEMENT_3D($,#5566,#4543,#4544);
#3753=AXIS2_PLACEMENT_3D($,#5568,#4545,#4546);
#3754=AXIS2_PLACEMENT_3D($,#5570,#4547,#4548);
#3755=AXIS2_PLACEMENT_3D($,#5575,#4551,#4552);
#3756=AXIS2_PLACEMENT_3D($,#5579,#4554,#4555);
#3757=AXIS2_PLACEMENT_3D($,#5583,#4557,#4558);
#3758=AXIS2_PLACEMENT_3D($,#5585,#4559,#4560);
#3759=AXIS2_PLACEMENT_3D($,#5587,#4561,#4562);
#3760=AXIS2_PLACEMENT_3D($,#5593,#4566,#4567);
#3761=AXIS2_PLACEMENT_3D($,#5596,#4570,#4571);
#3762=AXIS2_PLACEMENT_3D($,#5599,#4574,#4575);
#3763=AXIS2_PLACEMENT_3D($,#5601,#4577,#4578);
#3764=AXIS2_PLACEMENT_3D($,#5603,#4580,#4581);
#3765=AXIS2_PLACEMENT_3D($,#5605,#4583,#4584);
#3766=AXIS2_PLACEMENT_3D($,#5607,#4586,#4587);
#3767=AXIS2_PLACEMENT_3D($,#5609,#4589,#4590);
#3768=AXIS2_PLACEMENT_3D($,#5611,#4592,#4593);
#3769=AXIS2_PLACEMENT_3D($,#5613,#4595,#4596);
#3770=AXIS2_PLACEMENT_3D($,#5615,#4598,#4599);
#3771=AXIS2_PLACEMENT_3D($,#5616,#4600,#4601);
#3772=AXIS2_PLACEMENT_3D($,#5618,#4603,#4604);
#3773=AXIS2_PLACEMENT_3D($,#5620,#4606,#4607);
#3774=AXIS2_PLACEMENT_3D($,#5622,#4609,#4610);
#3775=AXIS2_PLACEMENT_3D($,#5624,#4612,#4613);
#3776=AXIS2_PLACEMENT_3D($,#5626,#4615,#4616);
#3777=AXIS2_PLACEMENT_3D($,#5628,#4618,#4619);
#3778=AXIS2_PLACEMENT_3D($,#5630,#4621,#4622);
#3779=AXIS2_PLACEMENT_3D($,#5632,#4624,#4625);
#3780=AXIS2_PLACEMENT_3D($,#5634,#4627,#4628);
#3781=AXIS2_PLACEMENT_3D($,#5635,#4629,#4630);
#3782=AXIS2_PLACEMENT_3D($,#5636,#4631,#4632);
#3783=AXIS2_PLACEMENT_3D($,#5637,#4633,#4634);
#3784=AXIS2_PLACEMENT_3D($,#5638,#4635,#4636);
#3785=AXIS2_PLACEMENT_3D($,#5639,#4637,#4638);
#3786=AXIS2_PLACEMENT_3D($,#5644,#4640,#4641);
#3787=AXIS2_PLACEMENT_3D($,#5646,#4642,#4643);
#3788=AXIS2_PLACEMENT_3D($,#5648,#4644,#4645);
#3789=AXIS2_PLACEMENT_3D($,#5652,#4647,#4648);
#3790=AXIS2_PLACEMENT_3D($,#5655,#4650,#4651);
#3791=AXIS2_PLACEMENT_3D($,#5661,#4654,#4655);
#3792=AXIS2_PLACEMENT_3D($,#5663,#4656,#4657);
#3793=AXIS2_PLACEMENT_3D($,#5665,#4658,#4659);
#3794=AXIS2_PLACEMENT_3D($,#5685,#4670,#4671);
#3795=AXIS2_PLACEMENT_3D($,#5688,#4672,#4673);
#3796=AXIS2_PLACEMENT_3D($,#5712,#4685,#4686);
#3797=AXIS2_PLACEMENT_3D($,#5714,#4687,#4688);
#3798=AXIS2_PLACEMENT_3D($,#5716,#4689,#4690);
#3799=AXIS2_PLACEMENT_3D($,#5721,#4693,#4694);
#3800=AXIS2_PLACEMENT_3D($,#5725,#4696,#4697);
#3801=AXIS2_PLACEMENT_3D($,#5729,#4699,#4700);
#3802=AXIS2_PLACEMENT_3D($,#5730,#4701,#4702);
#3803=AXIS2_PLACEMENT_3D($,#5731,#4703,#4704);
#3804=AXIS2_PLACEMENT_3D($,#5734,#4707,#4708);
#3805=AXIS2_PLACEMENT_3D($,#5737,#4711,#4712);
#3806=AXIS2_PLACEMENT_3D($,#5739,#4714,#4715);
#3807=AXIS2_PLACEMENT_3D($,#5741,#4717,#4718);
#3808=AXIS2_PLACEMENT_3D($,#5743,#4720,#4721);
#3809=AXIS2_PLACEMENT_3D($,#5745,#4723,#4724);
#3810=AXIS2_PLACEMENT_3D($,#5747,#4726,#4727);
#3811=AXIS2_PLACEMENT_3D($,#5749,#4729,#4730);
#3812=AXIS2_PLACEMENT_3D($,#5751,#4732,#4733);
#3813=AXIS2_PLACEMENT_3D($,#5753,#4735,#4736);
#3814=AXIS2_PLACEMENT_3D($,#5755,#4738,#4739);
#3815=AXIS2_PLACEMENT_3D($,#5757,#4741,#4742);
#3816=AXIS2_PLACEMENT_3D($,#5759,#4744,#4745);
#3817=AXIS2_PLACEMENT_3D($,#5761,#4747,#4748);
#3818=AXIS2_PLACEMENT_3D($,#5762,#4749,#4750);
#3819=AXIS2_PLACEMENT_3D($,#5764,#4752,#4753);
#3820=AXIS2_PLACEMENT_3D($,#5766,#4755,#4756);
#3821=AXIS2_PLACEMENT_3D($,#5768,#4758,#4759);
#3822=AXIS2_PLACEMENT_3D($,#5770,#4761,#4762);
#3823=AXIS2_PLACEMENT_3D($,#5772,#4764,#4765);
#3824=AXIS2_PLACEMENT_3D($,#5773,#4766,#4767);
#3825=AXIS2_PLACEMENT_3D($,#5774,#4768,#4769);
#3826=AXIS2_PLACEMENT_3D($,#5775,#4770,#4771);
#3827=AXIS2_PLACEMENT_3D($,#5776,#4772,#4773);
#3828=AXIS2_PLACEMENT_3D($,#5777,#4774,#4775);
#3829=AXIS2_PLACEMENT_3D($,#5778,#4776,#4777);
#3830=AXIS2_PLACEMENT_3D($,#5779,#4778,#4779);
#3831=AXIS2_PLACEMENT_3D($,#5781,#4781,#4782);
#3832=AXIS2_PLACEMENT_3D($,#5782,#4783,#4784);
#3833=AXIS2_PLACEMENT_3D($,#5784,#4786,#4787);
#3834=AXIS2_PLACEMENT_3D($,#5785,#4788,#4789);
#3835=AXIS2_PLACEMENT_3D($,#5786,#4790,#4791);
#3836=AXIS2_PLACEMENT_3D($,#5787,#4792,#4793);
#3837=AXIS2_PLACEMENT_3D($,#5788,#4794,#4795);
#3838=DIRECTION('axis',(0.,0.,1.));
#3839=DIRECTION('refdir',(1.,0.,0.));
#3840=DIRECTION('center_axis',(1.,0.,0.));
#3841=DIRECTION('ref_axis',(0.,0.,1.));
#3842=DIRECTION('center_axis',(-1.,0.,0.));
#3843=DIRECTION('ref_axis',(0.,0.,1.));
#3844=DIRECTION($,(-1.,0.,0.));
#3845=DIRECTION('center_axis',(-1.,0.,0.));
#3846=DIRECTION('ref_axis',(0.,0.,1.));
#3847=DIRECTION($,(-1.,0.,0.));
#3848=DIRECTION('center_axis',(1.,0.,0.));
#3849=DIRECTION('ref_axis',(0.,0.,1.));
#3850=DIRECTION('center_axis',(-1.,0.,0.));
#3851=DIRECTION('ref_axis',(0.,0.,1.));
#3852=DIRECTION($,(1.,0.,0.));
#3853=DIRECTION('center_axis',(-1.,0.,0.));
#3854=DIRECTION('ref_axis',(0.,0.,1.));
#3855=DIRECTION('center_axis',(1.,0.,0.));
#3856=DIRECTION('ref_axis',(0.,0.,1.));
#3857=DIRECTION('center_axis',(-1.,0.,0.));
#3858=DIRECTION('ref_axis',(0.,0.,1.));
#3859=DIRECTION('center_axis',(-1.,0.,0.));
#3860=DIRECTION('ref_axis',(0.,0.,1.));
#3861=DIRECTION($,(-1.,0.,0.));
#3862=DIRECTION('center_axis',(1.,0.,0.));
#3863=DIRECTION('ref_axis',(0.,0.,1.));
#3864=DIRECTION('center_axis',(-1.,0.,0.));
#3865=DIRECTION('ref_axis',(0.,0.,1.));
#3866=DIRECTION($,(-1.,0.,0.));
#3867=DIRECTION('center_axis',(-1.,0.,0.));
#3868=DIRECTION('ref_axis',(0.,0.,1.));
#3869=DIRECTION($,(-1.,0.,0.));
#3870=DIRECTION('center_axis',(0.,1.,0.));
#3871=DIRECTION('ref_axis',(0.,0.,1.));
#3872=DIRECTION($,(1.,0.,0.));
#3873=DIRECTION($,(0.,0.,-1.));
#3874=DIRECTION($,(1.,0.,0.));
#3875=DIRECTION('center_axis',(0.,1.,0.));
#3876=DIRECTION('ref_axis',(0.906307787036649,0.,-0.422618261740702));
#3877=DIRECTION($,(0.422618261740701,-6.10903225435586E-016,0.906307787036649));
#3878=DIRECTION('center_axis',(0.,-1.,0.));
#3879=DIRECTION('ref_axis',(0.,0.,-1.));
#3880=DIRECTION($,(-0.173648177666931,1.97160663642752E-016,-0.984807753012208));
#3881=DIRECTION('center_axis',(0.,-1.,0.));
#3882=DIRECTION('ref_axis',(-0.984807753012208,0.,-0.17364817766693));
#3883=DIRECTION($,(-1.,0.,0.));
#3884=DIRECTION($,(0.,0.,-1.));
#3885=DIRECTION($,(1.,0.,0.));
#3886=DIRECTION('center_axis',(0.,-1.,0.));
#3887=DIRECTION('ref_axis',(0.,0.,1.));
#3888=DIRECTION($,(-0.173648177666931,1.97160663642752E-016,-0.984807753012208));
#3889=DIRECTION('center_axis',(0.,-1.,0.));
#3890=DIRECTION('ref_axis',(0.,0.,-1.));
#3891=DIRECTION($,(-0.422618261740701,0.,-0.906307787036649));
#3892=DIRECTION('center_axis',(0.,1.,0.));
#3893=DIRECTION('ref_axis',(0.,0.,1.));
#3894=DIRECTION('center_axis',(0.,-1.,0.));
#3895=DIRECTION('ref_axis',(0.,0.,-1.));
#3896=DIRECTION($,(-1.,0.,0.));
#3897=DIRECTION($,(0.,0.,-1.));
#3898=DIRECTION($,(-1.,0.,0.));
#3899=DIRECTION('center_axis',(0.,1.,0.));
#3900=DIRECTION('ref_axis',(0.,0.,1.));
#3901=DIRECTION($,(-0.422618261740701,0.,-0.906307787036649));
#3902=DIRECTION('center_axis',(0.,-1.,0.));
#3903=DIRECTION('ref_axis',(0.,0.,-1.));
#3904=DIRECTION($,(0.173648177666931,0.,0.984807753012208));
#3905=DIRECTION('center_axis',(0.,1.,0.));
#3906=DIRECTION('ref_axis',(0.,0.,1.));
#3907=DIRECTION($,(-1.,0.,0.));
#3908=DIRECTION($,(0.,0.,-1.));
#3909=DIRECTION($,(1.,0.,0.));
#3910=DIRECTION('center_axis',(0.,-1.,0.));
#3911=DIRECTION('ref_axis',(-0.984807753012208,0.,-0.17364817766693));
#3912=DIRECTION($,(0.173648177666931,0.,0.984807753012208));
#3913=DIRECTION('center_axis',(0.,-1.,0.));
#3914=DIRECTION('ref_axis',(0.,0.,-1.));
#3915=DIRECTION($,(0.422618261740701,-6.10903225435586E-016,0.906307787036649));
#3916=DIRECTION('center_axis',(0.,1.,0.));
#3917=DIRECTION('ref_axis',(0.906307787036649,0.,-0.422618261740702));
#3918=DIRECTION('center_axis',(0.,-1.,0.));
#3919=DIRECTION('ref_axis',(0.,0.,-1.));
#3920=DIRECTION($,(-1.,0.,0.));
#3921=DIRECTION($,(0.,0.,-1.));
#3922=DIRECTION($,(-1.,0.,0.));
#3923=DIRECTION($,(0.,0.,-1.));
#3924=DIRECTION('center_axis',(0.,0.,1.));
#3925=DIRECTION('ref_axis',(-1.,0.,0.));
#3926=DIRECTION('center_axis',(0.,0.,-1.));
#3927=DIRECTION('ref_axis',(-1.,0.,0.));
#3928=DIRECTION($,(0.,0.,-1.));
#3929=DIRECTION('center_axis',(0.,0.,-1.));
#3930=DIRECTION('ref_axis',(-1.,0.,0.));
#3931=DIRECTION('center_axis',(0.,1.,0.));
#3932=DIRECTION('ref_axis',(0.,0.,1.));
#3933=DIRECTION($,(1.,0.,0.));
#3934=DIRECTION($,(0.,0.,-1.));
#3935=DIRECTION($,(-1.,0.,0.));
#3936=DIRECTION($,(0.,0.,-1.));
#3937=DIRECTION('center_axis',(0.,0.,1.));
#3938=DIRECTION('ref_axis',(-1.,0.,0.));
#3939=DIRECTION('center_axis',(0.,0.,-1.));
#3940=DIRECTION('ref_axis',(-1.,0.,0.));
#3941=DIRECTION('center_axis',(0.,0.,-1.));
#3942=DIRECTION('ref_axis',(-1.,0.,0.));
#3943=DIRECTION($,(0.,0.,-1.));
#3944=DIRECTION('center_axis',(1.,0.,0.));
#3945=DIRECTION('ref_axis',(0.,0.,-1.));
#3946=DIRECTION($,(0.,1.,0.));
#3947=DIRECTION($,(0.,0.,-1.));
#3948=DIRECTION($,(0.,1.,0.));
#3949=DIRECTION($,(0.,0.,-1.));
#3950=DIRECTION('center_axis',(1.,0.,0.));
#3951=DIRECTION('ref_axis',(0.,0.,-1.));
#3952=DIRECTION($,(0.,1.,0.));
#3953=DIRECTION($,(0.,0.,-1.));
#3954=DIRECTION($,(0.,1.,0.));
#3955=DIRECTION($,(0.,0.,-1.));
#3956=DIRECTION('center_axis',(0.,0.,1.));
#3957=DIRECTION('ref_axis',(-1.,0.,0.));
#3958=DIRECTION('center_axis',(0.,0.,-1.));
#3959=DIRECTION('ref_axis',(-1.,0.,0.));
#3960=DIRECTION($,(0.,0.,1.));
#3961=DIRECTION('center_axis',(0.,0.,-1.));
#3962=DIRECTION('ref_axis',(-1.,0.,0.));
#3963=DIRECTION($,(0.,0.,-1.));
#3964=DIRECTION('center_axis',(0.,0.,1.));
#3965=DIRECTION('ref_axis',(-1.,0.,0.));
#3966=DIRECTION('center_axis',(0.,0.,-1.));
#3967=DIRECTION('ref_axis',(-1.,0.,0.));
#3968=DIRECTION($,(0.,0.,-1.));
#3969=DIRECTION('center_axis',(0.,0.,-1.));
#3970=DIRECTION('ref_axis',(-1.,0.,0.));
#3971=DIRECTION($,(0.,0.,1.));
#3972=DIRECTION('center_axis',(-0.939692627504356,-1.5674104433982E-016,
-0.342020124866886));
#3973=DIRECTION('ref_axis',(0.342020124866886,-6.09061307154513E-032,-0.939692627504356));
#3974=DIRECTION('center_axis',(-0.939692627504356,6.59233710959008E-017,
-0.342020124866886));
#3975=DIRECTION('ref_axis',(-0.342020124866886,-2.56163755580522E-032,0.939692627504356));
#3976=DIRECTION($,(0.939692627504356,0.,0.342020124866886));
#3977=DIRECTION('center_axis',(-0.939692627504356,6.59233710959008E-017,
-0.342020124866886));
#3978=DIRECTION('ref_axis',(-0.342020124866886,-2.56163755580522E-032,0.939692627504356));
#3979=DIRECTION($,(0.939692627504356,0.,0.342020124866886));
#3980=DIRECTION('center_axis',(-0.939692627504356,1.5674104433982E-016,
-0.342020124866886));
#3981=DIRECTION('ref_axis',(0.342020124866886,6.09061307154513E-032,-0.939692627504356));
#3982=DIRECTION('center_axis',(-0.939692627504356,6.59233710959008E-017,
-0.342020124866886));
#3983=DIRECTION('ref_axis',(-0.342020124866886,-2.56163755580522E-032,0.939692627504356));
#3984=DIRECTION($,(0.939692627504356,0.,0.342020124866886));
#3985=DIRECTION('center_axis',(-0.939692627504356,6.59233710959008E-017,
-0.342020124866886));
#3986=DIRECTION('ref_axis',(-0.342020124866886,-2.56163755580522E-032,0.939692627504356));
#3987=DIRECTION($,(0.939692627504356,0.,0.342020124866886));
#3988=DIRECTION('center_axis',(0.,1.,0.));
#3989=DIRECTION('ref_axis',(0.,0.,1.));
#3990=DIRECTION($,(-1.,0.,0.));
#3991=DIRECTION('center_axis',(0.,1.,0.));
#3992=DIRECTION('ref_axis',(0.,0.,1.));
#3993=DIRECTION($,(0.,0.,1.));
#3994=DIRECTION($,(-1.,0.,0.));
#3995=DIRECTION($,(0.,0.,1.));
#3996=DIRECTION('center_axis',(0.,1.,0.));
#3997=DIRECTION('ref_axis',(0.,0.,1.));
#3998=DIRECTION($,(-1.,0.,0.));
#3999=DIRECTION('center_axis',(0.,1.,0.));
#4000=DIRECTION('ref_axis',(0.,0.,1.));
#4001=DIRECTION($,(1.,0.,0.));
#4002=DIRECTION('center_axis',(0.,-1.,0.));
#4003=DIRECTION('ref_axis',(0.,0.,1.));
#4004=DIRECTION($,(0.,0.,-1.));
#4005=DIRECTION($,(0.,0.,1.));
#4006=DIRECTION('center_axis',(0.,1.,0.));
#4007=DIRECTION('ref_axis',(0.,0.,1.));
#4008=DIRECTION($,(-1.,0.,0.));
#4009=DIRECTION('center_axis',(0.,0.,-1.));
#4010=DIRECTION('ref_axis',(-1.,0.,0.));
#4011=DIRECTION($,(0.,-1.,0.));
#4012=DIRECTION($,(-1.,0.,0.));
#4013=DIRECTION($,(0.,1.,0.));
#4014=DIRECTION($,(-1.,0.,0.));
#4015=DIRECTION('center_axis',(0.,0.,-1.));
#4016=DIRECTION('ref_axis',(-1.,0.,0.));
#4017=DIRECTION($,(0.,1.,0.));
#4018=DIRECTION($,(-1.,0.,0.));
#4019=DIRECTION($,(0.,-1.,0.));
#4020=DIRECTION($,(-1.,0.,0.));
#4021=DIRECTION('center_axis',(1.,0.,0.));
#4022=DIRECTION('ref_axis',(0.,0.,1.));
#4023=DIRECTION('center_axis',(-1.,0.,0.));
#4024=DIRECTION('ref_axis',(0.,0.,1.));
#4025=DIRECTION('center_axis',(-1.,0.,0.));
#4026=DIRECTION('ref_axis',(0.,0.,1.));
#4027=DIRECTION($,(1.,0.,0.));
#4028=DIRECTION('center_axis',(1.,0.,0.));
#4029=DIRECTION('ref_axis',(0.,0.,1.));
#4030=DIRECTION('center_axis',(-1.,0.,0.));
#4031=DIRECTION('ref_axis',(0.,0.,1.));
#4032=DIRECTION($,(1.,0.,0.));
#4033=DIRECTION('center_axis',(-1.,0.,0.));
#4034=DIRECTION('ref_axis',(0.,0.,1.));
#4035=DIRECTION('center_axis',(1.,0.,0.));
#4036=DIRECTION('ref_axis',(0.,0.,1.));
#4037=DIRECTION('center_axis',(-1.,0.,0.));
#4038=DIRECTION('ref_axis',(0.,0.,1.));
#4039=DIRECTION('center_axis',(-1.,0.,0.));
#4040=DIRECTION('ref_axis',(0.,0.,1.));
#4041=DIRECTION($,(1.,0.,0.));
#4042=DIRECTION('center_axis',(1.,0.,0.));
#4043=DIRECTION('ref_axis',(0.,0.,1.));
#4044=DIRECTION('center_axis',(-1.,0.,0.));
#4045=DIRECTION('ref_axis',(0.,0.,1.));
#4046=DIRECTION($,(1.,0.,0.));
#4047=DIRECTION('center_axis',(-1.,0.,0.));
#4048=DIRECTION('ref_axis',(0.,0.,1.));
#4049=DIRECTION('center_axis',(-1.,0.,0.));
#4050=DIRECTION('ref_axis',(0.,0.,1.));
#4051=DIRECTION($,(0.,0.,-1.));
#4052=DIRECTION($,(0.,1.,0.));
#4053=DIRECTION($,(0.,0.,-1.));
#4054=DIRECTION($,(0.,1.,0.));
#4055=DIRECTION('center_axis',(0.,0.,1.));
#4056=DIRECTION('ref_axis',(-1.,0.,0.));
#4057=DIRECTION('center_axis',(0.,0.,1.));
#4058=DIRECTION('ref_axis',(1.,0.,0.));
#4059=DIRECTION('center_axis',(0.,0.,1.));
#4060=DIRECTION('ref_axis',(1.,0.,0.));
#4061=DIRECTION($,(0.,0.,-1.));
#4062=DIRECTION('center_axis',(0.,0.,1.));
#4063=DIRECTION('ref_axis',(-1.,0.,0.));
#4064=DIRECTION('center_axis',(0.,0.,1.));
#4065=DIRECTION('ref_axis',(1.,0.,0.));
#4066=DIRECTION($,(0.,0.,-1.));
#4067=DIRECTION('center_axis',(0.,0.,1.));
#4068=DIRECTION('ref_axis',(1.,0.,0.));
#4069=DIRECTION('center_axis',(0.,0.,1.));
#4070=DIRECTION('ref_axis',(1.,0.,0.));
#4071=DIRECTION($,(0.,1.,0.));
#4072=DIRECTION($,(0.,-1.,0.));
#4073=DIRECTION('center_axis',(0.,0.,1.));
#4074=DIRECTION('ref_axis',(1.,0.,0.));
#4075=DIRECTION($,(0.,1.,0.));
#4076=DIRECTION($,(0.,-1.,0.));
#4077=DIRECTION('center_axis',(0.,-1.,0.));
#4078=DIRECTION('ref_axis',(0.906307787036649,0.,-0.422618261740702));
#4079=DIRECTION($,(0.,1.,0.));
#4080=DIRECTION('center_axis',(0.,-1.,0.));
#4081=DIRECTION('ref_axis',(0.906307787036649,0.,-0.422618261740702));
#4082=DIRECTION($,(0.,1.,0.));
#4083=DIRECTION('center_axis',(-1.,0.,0.));
#4084=DIRECTION('ref_axis',(0.,0.,1.));
#4085=DIRECTION('center_axis',(-1.14250677096799E-016,-0.735297731273142,
0.677744233752358));
#4086=DIRECTION('ref_axis',(1.,0.,0.));
#4087=DIRECTION($,(0.,0.677744233752357,0.735297731273143));
#4088=DIRECTION($,(-1.,0.,0.));
#4089=DIRECTION($,(0.,0.677744233752357,0.735297731273143));
#4090=DIRECTION($,(-1.,0.,0.));
#4091=DIRECTION('center_axis',(1.,0.,0.));
#4092=DIRECTION('ref_axis',(0.,0.,1.));
#4093=DIRECTION('center_axis',(-1.,0.,0.));
#4094=DIRECTION('ref_axis',(0.,0.,1.));
#4095=DIRECTION('center_axis',(-1.,0.,0.));
#4096=DIRECTION('ref_axis',(0.,0.,1.));
#4097=DIRECTION('center_axis',(1.,0.,0.));
#4098=DIRECTION('ref_axis',(0.,0.,1.));
#4099=DIRECTION('center_axis',(-1.,0.,0.));
#4100=DIRECTION('ref_axis',(0.,0.,1.));
#4101=DIRECTION($,(-1.,0.,0.));
#4102=DIRECTION('center_axis',(-1.,0.,0.));
#4103=DIRECTION('ref_axis',(0.,0.,1.));
#4104=DIRECTION('center_axis',(1.67264896058897E-017,-0.996194698091746,
-0.087155742747658));
#4105=DIRECTION('ref_axis',(0.,0.0871557427476581,-0.996194698091746));
#4106=DIRECTION($,(0.,-0.0871557427476581,0.996194698091746));
#4107=DIRECTION($,(0.,-0.0871557427476581,0.996194698091746));
#4108=DIRECTION('center_axis',(1.31023696852723E-016,-0.677744233730344,
-0.735297731293433));
#4109=DIRECTION('ref_axis',(-1.,0.,-3.5527136788005E-016));
#4110=DIRECTION($,(-1.,0.,0.));
#4111=DIRECTION($,(0.,-0.73529773129344,0.677744233730336));
#4112=DIRECTION($,(0.,-0.73529773129344,0.677744233730336));
#4113=DIRECTION('center_axis',(-1.14250677103867E-016,-0.735297731250786,
0.677744233776612));
#4114=DIRECTION('ref_axis',(1.,0.,0.));
#4115=DIRECTION($,(-1.,0.,0.));
#4116=DIRECTION($,(0.,0.677744233776612,0.735297731250786));
#4117=DIRECTION($,(0.,0.677744233776612,0.735297731250786));
#4118=DIRECTION('center_axis',(-1.31023696831252E-016,0.677744233810277,
0.735297731219756));
#4119=DIRECTION('ref_axis',(1.,0.,3.5527136788005E-016));
#4120=DIRECTION($,(-1.,0.,0.));
#4121=DIRECTION($,(0.,0.735297731219758,-0.677744233810275));
#4122=DIRECTION($,(0.,0.735297731219758,-0.677744233810275));
#4123=DIRECTION('center_axis',(-1.28128464907986E-016,-0.735297731262475,
0.67774423376393));
#4124=DIRECTION('ref_axis',(1.,0.,0.));
#4125=DIRECTION($,(-1.,0.,0.));
#4126=DIRECTION($,(0.,0.67774423376393,0.735297731262475));
#4127=DIRECTION($,(0.,0.67774423376393,0.735297731262475));
#4128=DIRECTION('center_axis',(1.03268121227106E-016,-0.677744233767528,
-0.735297731259159));
#4129=DIRECTION('ref_axis',(-1.,0.,0.));
#4130=DIRECTION($,(-1.,0.,0.));
#4131=DIRECTION($,(0.,-0.735297731259159,0.677744233767528));
#4132=DIRECTION($,(0.,-0.73529773125916,0.677744233767527));
#4133=DIRECTION('center_axis',(1.28128464907986E-016,0.735297731262474,
-0.677744233763931));
#4134=DIRECTION('ref_axis',(-1.,0.,0.));
#4135=DIRECTION($,(-1.,0.,0.));
#4136=DIRECTION($,(0.,-0.677744233763931,-0.735297731262474));
#4137=DIRECTION($,(0.,-0.677744233763931,-0.735297731262474));
#4138=DIRECTION('center_axis',(-1.3102369684933E-016,0.677744233742978,
0.735297731281788));
#4139=DIRECTION('ref_axis',(1.,0.,3.5527136788005E-016));
#4140=DIRECTION($,(-1.,0.,0.));
#4141=DIRECTION($,(0.,0.735297731281789,-0.677744233742976));
#4142=DIRECTION($,(0.,0.735297731281789,-0.677744233742976));
#4143=DIRECTION('center_axis',(1.00372889293885E-016,0.735297731257643,
-0.677744233769173));
#4144=DIRECTION('ref_axis',(-1.,0.,0.));
#4145=DIRECTION($,(-1.,0.,0.));
#4146=DIRECTION($,(0.,-0.677744233769173,-0.735297731257643));
#4147=DIRECTION($,(0.,-0.677744233769173,-0.735297731257643));
#4148=DIRECTION('center_axis',(1.31023696863341E-016,-0.677744233690817,
-0.735297731329866));
#4149=DIRECTION('ref_axis',(-1.,0.,-3.5527136788005E-016));
#4150=DIRECTION($,(-1.,0.,0.));
#4151=DIRECTION($,(0.,-0.735297731329867,0.677744233690816));
#4152=DIRECTION($,(0.,-0.735297731329867,0.677744233690816));
#4153=DIRECTION('center_axis',(1.14250677101699E-016,0.735297731257644,
-0.677744233769172));
#4154=DIRECTION('ref_axis',(-1.,0.,0.));
#4155=DIRECTION($,(0.,-0.677744233769173,-0.735297731257643));
#4156=DIRECTION($,(0.,0.677744233769172,0.735297731257644));
#4157=DIRECTION('center_axis',(6.82864804459891E-017,0.854150040332154,
-0.520026642202666));
#4158=DIRECTION('ref_axis',(-1.,0.,0.));
#4159=DIRECTION($,(1.,0.,0.));
#4160=DIRECTION($,(0.,-0.520026642202678,-0.854150040332147));
#4161=DIRECTION($,(1.,0.,0.));
#4162=DIRECTION($,(0.,-0.520026642202662,-0.854150040332156));
#4163=DIRECTION('center_axis',(-1.,0.,0.));
#4164=DIRECTION('ref_axis',(0.,0.,1.));
#4165=DIRECTION($,(1.96917922152595E-016,-0.286881810245296,-0.957965984234504));
#4166=DIRECTION($,(0.,0.,1.));
#4167=DIRECTION($,(0.,1.,0.));
#4168=DIRECTION('center_axis',(-1.,0.,0.));
#4169=DIRECTION('ref_axis',(0.,0.,1.));
#4170=DIRECTION($,(0.,-1.,0.));
#4171=DIRECTION($,(0.,0.,1.));
#4172=DIRECTION($,(1.96917922152595E-016,-0.286881810245296,-0.957965984234504));
#4173=DIRECTION('center_axis',(0.906307787036649,-5.72658132955953E-018,
-0.422618261740702));
#4174=DIRECTION('ref_axis',(-0.422618261740702,0.,-0.906307787036649));
#4175=DIRECTION($,(0.,1.,0.));
#4176=DIRECTION('center_axis',(0.906307787036649,-5.72658132955953E-018,
-0.422618261740702));
#4177=DIRECTION('ref_axis',(-0.422618261740702,0.,-0.906307787036649));
#4178=DIRECTION($,(0.,-1.,0.));
#4179=DIRECTION('center_axis',(0.,-1.,0.));
#4180=DIRECTION('ref_axis',(0.,0.,-1.));
#4181=DIRECTION($,(-1.,0.,0.));
#4182=DIRECTION('center_axis',(0.,-1.,0.));
#4183=DIRECTION('ref_axis',(-0.984807753012208,0.,-0.17364817766693));
#4184=DIRECTION($,(-0.173648177666931,0.,-0.984807753012208));
#4185=DIRECTION($,(0.984807753012208,0.,-0.173648177666931));
#4186=DIRECTION($,(-0.173648177666931,0.,-0.984807753012208));
#4187=DIRECTION('center_axis',(0.,1.,0.));
#4188=DIRECTION('ref_axis',(0.,0.,1.));
#4189=DIRECTION($,(-1.,0.,0.));
#4190=DIRECTION('center_axis',(0.,0.,-1.));
#4191=DIRECTION('ref_axis',(-1.,0.,0.));
#4192=DIRECTION($,(1.,0.,0.));
#4193=DIRECTION($,(0.,1.,0.));
#4194=DIRECTION($,(-1.,0.,0.));
#4195=DIRECTION($,(0.,-1.,0.));
#4196=DIRECTION($,(-1.,0.,0.));
#4197=DIRECTION('center_axis',(0.,0.,-1.));
#4198=DIRECTION('ref_axis',(-1.,0.,0.));
#4199=DIRECTION($,(-1.,0.,0.));
#4200=DIRECTION($,(0.,1.,0.));
#4201=DIRECTION($,(-1.,0.,0.));
#4202=DIRECTION($,(0.,1.,0.));
#4203=DIRECTION($,(0.,1.,0.));
#4204=DIRECTION($,(0.,1.,0.));
#4205=DIRECTION($,(-1.,0.,0.));
#4206=DIRECTION($,(0.,1.,0.));
#4207=DIRECTION($,(0.,1.,0.));
#4208=DIRECTION($,(0.,1.,0.));
#4209=DIRECTION($,(-1.,0.,0.));
#4210=DIRECTION($,(0.,1.,0.));
#4211=DIRECTION($,(-1.,0.,0.));
#4212=DIRECTION($,(0.,-1.,0.));
#4213=DIRECTION('center_axis',(0.,0.,1.));
#4214=DIRECTION('ref_axis',(0.,-1.,0.));
#4215=DIRECTION('center_axis',(0.,0.,1.));
#4216=DIRECTION('ref_axis',(0.,-1.,0.));
#4217=DIRECTION('center_axis',(0.,0.,1.));
#4218=DIRECTION('ref_axis',(0.,-1.,0.));
#4219=DIRECTION('center_axis',(0.,0.,-1.));
#4220=DIRECTION('ref_axis',(0.,-1.,0.));
#4221=DIRECTION('center_axis',(0.,0.,-1.));
#4222=DIRECTION('ref_axis',(-1.,0.,0.));
#4223=DIRECTION($,(-1.,0.,0.));
#4224=DIRECTION($,(0.,1.,0.));
#4225=DIRECTION($,(1.,0.,0.));
#4226=DIRECTION($,(0.,-1.,0.));
#4227=DIRECTION($,(1.,0.,0.));
#4228=DIRECTION($,(0.,-1.,0.));
#4229=DIRECTION($,(-1.,0.,0.));
#4230=DIRECTION($,(0.,1.,0.));
#4231=DIRECTION($,(0.,1.,0.));
#4232=DIRECTION($,(0.,1.,0.));
#4233=DIRECTION($,(1.,0.,0.));
#4234=DIRECTION($,(0.,1.,0.));
#4235=DIRECTION($,(0.,1.,0.));
#4236=DIRECTION($,(0.,1.,0.));
#4237=DIRECTION($,(1.,0.,0.));
#4238=DIRECTION($,(0.,-1.,0.));
#4239=DIRECTION($,(-1.,0.,0.));
#4240=DIRECTION('center_axis',(0.,0.,-1.));
#4241=DIRECTION('ref_axis',(-1.,0.,0.));
#4242=DIRECTION($,(-1.,0.,0.));
#4243=DIRECTION($,(0.,-1.,0.));
#4244=DIRECTION('center_axis',(0.,0.,-1.));
#4245=DIRECTION('ref_axis',(-1.,0.,0.));
#4246=DIRECTION('center_axis',(0.,0.,-1.));
#4247=DIRECTION('ref_axis',(-1.,0.,0.));
#4248=DIRECTION('center_axis',(0.,0.,-1.));
#4249=DIRECTION('ref_axis',(-1.,0.,0.));
#4250=DIRECTION('center_axis',(0.,0.,-1.));
#4251=DIRECTION('ref_axis',(-1.,0.,0.));
#4252=DIRECTION('center_axis',(0.,1.,0.));
#4253=DIRECTION('ref_axis',(0.,0.,1.));
#4254=DIRECTION('center_axis',(0.,-1.,0.));
#4255=DIRECTION('ref_axis',(0.,0.,1.));
#4256=DIRECTION($,(0.173648177666932,0.,0.984807753012208));
#4257=DIRECTION($,(0.984807753012208,0.,-0.173648177666931));
#4258=DIRECTION($,(-0.173648177666931,0.,-0.984807753012208));
#4259=DIRECTION('center_axis',(0.,-1.,0.));
#4260=DIRECTION('ref_axis',(-0.984807753012208,0.,-0.17364817766693));
#4261=DIRECTION('center_axis',(4.8912513139088E-017,0.957965984234504,-0.286881810245296));
#4262=DIRECTION('ref_axis',(0.,0.286881810245296,0.957965984234504));
#4263=DIRECTION('center_axis',(-1.,0.,0.));
#4264=DIRECTION('ref_axis',(0.,0.,1.));
#4265=DIRECTION($,(-1.96917922152595E-016,-0.286881810245296,0.957965984234504));
#4266=DIRECTION($,(0.,0.520026642202678,-0.854150040332147));
#4267=DIRECTION($,(0.,0.,-1.));
#4268=DIRECTION($,(0.,-1.,0.));
#4269=DIRECTION('center_axis',(-1.,0.,0.));
#4270=DIRECTION('ref_axis',(0.,0.,1.));
#4271=DIRECTION('center_axis',(-1.,0.,0.));
#4272=DIRECTION('ref_axis',(0.,0.,1.));
#4273=DIRECTION('center_axis',(-1.,0.,0.));
#4274=DIRECTION('ref_axis',(0.,0.,1.));
#4275=DIRECTION($,(0.,-0.677744233769172,0.735297731257644));
#4276=DIRECTION($,(0.,-0.73529773132987,-0.677744233690812));
#4277=DIRECTION($,(0.,-0.677744233769173,0.735297731257643));
#4278=DIRECTION($,(0.,0.735297731281785,0.677744233742981));
#4279=DIRECTION($,(0.,-0.677744233763931,0.735297731262474));
#4280=DIRECTION($,(0.,-0.735297731259159,-0.677744233767528));
#4281=DIRECTION($,(0.,0.67774423376393,-0.735297731262475));
#4282=DIRECTION($,(0.,0.735297731219753,0.67774423381028));
#4283=DIRECTION($,(0.,0.677744233776612,-0.735297731250786));
#4284=DIRECTION($,(0.,-0.735297731293431,-0.677744233730346));
#4285=DIRECTION($,(0.,-0.677744233752358,0.735297731273142));
#4286=DIRECTION('center_axis',(-1.,0.,0.));
#4287=DIRECTION('ref_axis',(0.,0.,1.));
#4288=DIRECTION('center_axis',(-1.,0.,0.));
#4289=DIRECTION('ref_axis',(0.,0.,1.));
#4290=DIRECTION('center_axis',(-1.,0.,0.));
#4291=DIRECTION('ref_axis',(0.,0.,1.));
#4292=DIRECTION($,(0.,-0.087155742747658,-0.996194698091746));
#4293=DIRECTION('center_axis',(-1.,0.,0.));
#4294=DIRECTION('ref_axis',(0.,0.,1.));
#4295=DIRECTION($,(0.,-0.286881810245296,0.957965984234504));
#4296=DIRECTION($,(0.,-0.087155742747658,-0.996194698091746));
#4297=DIRECTION('center_axis',(-1.,0.,0.));
#4298=DIRECTION('ref_axis',(0.,0.,1.));
#4299=DIRECTION('center_axis',(-1.,0.,0.));
#4300=DIRECTION('ref_axis',(0.,0.,1.));
#4301=DIRECTION('center_axis',(-1.,0.,0.));
#4302=DIRECTION('ref_axis',(0.,0.,1.));
#4303=DIRECTION($,(0.,0.677744233752358,-0.735297731273141));
#4304=DIRECTION($,(0.,-0.735297731293428,-0.677744233730348));
#4305=DIRECTION($,(0.,0.677744233776612,-0.735297731250786));
#4306=DIRECTION($,(0.,0.735297731219759,0.677744233810273));
#4307=DIRECTION($,(0.,0.67774423376393,-0.735297731262475));
#4308=DIRECTION($,(0.,-0.735297731259159,-0.677744233767528));
#4309=DIRECTION($,(0.,-0.677744233763931,0.735297731262474));
#4310=DIRECTION($,(0.,0.735297731281785,0.677744233742981));
#4311=DIRECTION($,(0.,-0.677744233769173,0.735297731257643));
#4312=DIRECTION($,(0.,-0.73529773132987,-0.677744233690812));
#4313=DIRECTION($,(0.,-0.677744233769172,0.735297731257644));
#4314=DIRECTION('center_axis',(-1.,0.,0.));
#4315=DIRECTION('ref_axis',(0.,0.,1.));
#4316=DIRECTION('center_axis',(-1.,0.,0.));
#4317=DIRECTION('ref_axis',(0.,0.,1.));
#4318=DIRECTION('center_axis',(-1.,0.,0.));
#4319=DIRECTION('ref_axis',(0.,0.,1.));
#4320=DIRECTION($,(0.,1.,0.));
#4321=DIRECTION($,(0.,0.,1.));
#4322=DIRECTION($,(0.,0.520026642202679,-0.854150040332146));
#4323=DIRECTION('center_axis',(4.8912513139088E-017,-0.957965984234504,
-0.286881810245296));
#4324=DIRECTION('ref_axis',(0.,0.286881810245296,-0.957965984234504));
#4325=DIRECTION($,(1.,0.,0.));
#4326=DIRECTION('center_axis',(1.67264896058897E-017,0.996194698091746,
-0.087155742747658));
#4327=DIRECTION('ref_axis',(0.,0.0871557427476581,0.996194698091746));
#4328=DIRECTION($,(-1.,0.,0.));
#4329=DIRECTION('center_axis',(0.,-1.,0.));
#4330=DIRECTION('ref_axis',(0.,0.,1.));
#4331=DIRECTION('center_axis',(0.,1.,0.));
#4332=DIRECTION('ref_axis',(0.,0.,1.));
#4333=DIRECTION('center_axis',(0.,-1.,0.));
#4334=DIRECTION('ref_axis',(0.,0.,1.));
#4335=DIRECTION('center_axis',(0.,1.,0.));
#4336=DIRECTION('ref_axis',(0.,0.,1.));
#4337=DIRECTION('center_axis',(1.,0.,0.));
#4338=DIRECTION('ref_axis',(0.,0.,1.));
#4339=DIRECTION($,(-1.,0.,0.));
#4340=DIRECTION('center_axis',(1.,0.,0.));
#4341=DIRECTION('ref_axis',(0.,0.,1.));
#4342=DIRECTION($,(-1.,0.,0.));
#4343=DIRECTION('center_axis',(1.,0.,0.));
#4344=DIRECTION('ref_axis',(0.,0.,1.));
#4345=DIRECTION($,(-1.,0.,0.));
#4346=DIRECTION('center_axis',(1.,0.,0.));
#4347=DIRECTION('ref_axis',(0.,0.,1.));
#4348=DIRECTION($,(-1.,0.,0.));
#4349=DIRECTION('center_axis',(-1.14250677096799E-016,0.735297731273142,
0.677744233752358));
#4350=DIRECTION('ref_axis',(1.,0.,0.));
#4351=DIRECTION($,(-1.,0.,0.));
#4352=DIRECTION('center_axis',(1.31023696852723E-016,0.677744233730344,
-0.735297731293433));
#4353=DIRECTION('ref_axis',(-1.,0.,0.));
#4354=DIRECTION($,(-1.,0.,0.));
#4355=DIRECTION('center_axis',(-1.14250677103867E-016,0.735297731250786,
0.677744233776612));
#4356=DIRECTION('ref_axis',(1.,0.,0.));
#4357=DIRECTION($,(-1.,0.,0.));
#4358=DIRECTION('center_axis',(-1.31023696831252E-016,-0.677744233810277,
0.735297731219756));
#4359=DIRECTION('ref_axis',(1.,0.,0.));
#4360=DIRECTION($,(-1.,0.,0.));
#4361=DIRECTION('center_axis',(-1.28128464907986E-016,0.735297731262475,
0.67774423376393));
#4362=DIRECTION('ref_axis',(1.,0.,3.5527136788005E-016));
#4363=DIRECTION($,(-1.,0.,0.));
#4364=DIRECTION('center_axis',(1.03268121227106E-016,0.677744233767528,
-0.735297731259159));
#4365=DIRECTION('ref_axis',(-1.,0.,0.));
#4366=DIRECTION($,(-1.,0.,0.));
#4367=DIRECTION('center_axis',(1.28128464907986E-016,-0.735297731262474,
-0.677744233763931));
#4368=DIRECTION('ref_axis',(-1.,0.,-3.5527136788005E-016));
#4369=DIRECTION($,(-1.,0.,0.));
#4370=DIRECTION('center_axis',(-1.3102369684933E-016,-0.677744233742978,
0.735297731281788));
#4371=DIRECTION('ref_axis',(1.,0.,0.));
#4372=DIRECTION($,(-1.,0.,0.));
#4373=DIRECTION('center_axis',(1.00372889293885E-016,-0.735297731257643,
-0.677744233769173));
#4374=DIRECTION('ref_axis',(-1.,0.,0.));
#4375=DIRECTION($,(-1.,0.,0.));
#4376=DIRECTION('center_axis',(1.31023696863341E-016,0.677744233690817,
-0.735297731329866));
#4377=DIRECTION('ref_axis',(-1.,0.,0.));
#4378=DIRECTION($,(-1.,0.,0.));
#4379=DIRECTION('center_axis',(1.14250677101699E-016,-0.735297731257644,
-0.677744233769172));
#4380=DIRECTION('ref_axis',(-1.,0.,0.));
#4381=DIRECTION($,(-1.,0.,0.));
#4382=DIRECTION('center_axis',(1.,0.,0.));
#4383=DIRECTION('ref_axis',(0.,0.,1.));
#4384=DIRECTION($,(-1.,0.,0.));
#4385=DIRECTION('center_axis',(1.,0.,0.));
#4386=DIRECTION('ref_axis',(0.,0.,1.));
#4387=DIRECTION('center_axis',(-8.21642682538035E-017,0.854150040332154,
0.520026642202666));
#4388=DIRECTION('ref_axis',(1.,0.,0.));
#4389=DIRECTION($,(1.,0.,0.));
#4390=DIRECTION('center_axis',(0.,-1.,0.));
#4391=DIRECTION('ref_axis',(0.,0.,1.));
#4392=DIRECTION('center_axis',(0.,1.,0.));
#4393=DIRECTION('ref_axis',(0.,0.,1.));
#4394=DIRECTION('center_axis',(0.,-1.,0.));
#4395=DIRECTION('ref_axis',(0.,0.,1.));
#4396=DIRECTION('center_axis',(0.,-1.,0.));
#4397=DIRECTION('ref_axis',(0.,0.,1.));
#4398=DIRECTION('center_axis',(0.,-1.,0.));
#4399=DIRECTION('ref_axis',(0.,0.,-1.));
#4400=DIRECTION('center_axis',(0.,-1.,0.));
#4401=DIRECTION('ref_axis',(0.,0.,-1.));
#4402=DIRECTION('center_axis',(0.,-1.,0.));
#4403=DIRECTION('ref_axis',(0.,0.,-1.));
#4404=DIRECTION($,(0.,0.,-1.));
#4405=DIRECTION($,(-1.,0.,0.));
#4406=DIRECTION($,(0.,0.,1.));
#4407=DIRECTION('center_axis',(0.,-1.,0.));
#4408=DIRECTION('ref_axis',(0.,0.,1.));
#4409=DIRECTION('center_axis',(-0.939692627504356,6.59233710959008E-017,
-0.342020124866886));
#4410=DIRECTION('ref_axis',(-0.342020124866886,0.,0.939692627504356));
#4411=DIRECTION($,(0.,1.,0.));
#4412=DIRECTION($,(-0.342020124866887,0.,0.939692627504355));
#4413=DIRECTION($,(0.,1.,0.));
#4414=DIRECTION($,(-0.342020124866887,0.,0.939692627504355));
#4415=DIRECTION('center_axis',(-0.939692627504356,6.59233710959008E-017,
-0.342020124866886));
#4416=DIRECTION('ref_axis',(-0.342020124866886,0.,0.939692627504356));
#4417=DIRECTION($,(-0.342020124866886,-3.59077324566218E-016,0.939692627504356));
#4418=DIRECTION($,(0.,1.,0.));
#4419=DIRECTION($,(-0.342020124866886,-3.59077324566218E-016,0.939692627504356));
#4420=DIRECTION($,(0.,1.,0.));
#4421=DIRECTION('center_axis',(-0.342020124866886,-1.81122984570459E-016,
0.939692627504356));
#4422=DIRECTION('ref_axis',(0.939692627504356,0.,0.342020124866886));
#4423=DIRECTION('center_axis',(0.,1.,0.));
#4424=DIRECTION('ref_axis',(0.,0.,1.));
#4425=DIRECTION('center_axis',(0.,1.,0.));
#4426=DIRECTION('ref_axis',(0.,0.,1.));
#4427=DIRECTION($,(-0.0871557427476579,-3.00056088669069E-016,0.996194698091746));
#4428=DIRECTION('center_axis',(0.,-1.,0.));
#4429=DIRECTION('ref_axis',(0.,0.,-1.));
#4430=DIRECTION('center_axis',(0.,1.,0.));
#4431=DIRECTION('ref_axis',(0.,0.,1.));
#4432=DIRECTION($,(-0.0871557427476579,0.,0.996194698091746));
#4433=DIRECTION('center_axis',(0.,1.,0.));
#4434=DIRECTION('ref_axis',(0.,0.,1.));
#4435=DIRECTION('center_axis',(0.,-1.,0.));
#4436=DIRECTION('ref_axis',(0.,0.,-1.));
#4437=DIRECTION('center_axis',(0.,1.,0.));
#4438=DIRECTION('ref_axis',(0.,0.,1.));
#4439=DIRECTION($,(-0.0871557427476579,0.,0.996194698091746));
#4440=DIRECTION('center_axis',(0.,1.,0.));
#4441=DIRECTION('ref_axis',(0.,0.,1.));
#4442=DIRECTION('center_axis',(0.,-1.,0.));
#4443=DIRECTION('ref_axis',(0.,0.,-1.));
#4444=DIRECTION($,(-0.0871557427476579,-3.00056088669069E-016,0.996194698091746));
#4445=DIRECTION('center_axis',(0.,1.,0.));
#4446=DIRECTION('ref_axis',(0.,0.,1.));
#4447=DIRECTION('center_axis',(0.,-1.,0.));
#4448=DIRECTION('ref_axis',(0.,0.,1.));
#4449=DIRECTION($,(0.,1.,0.));
#4450=DIRECTION('center_axis',(-0.996194698091746,1.67990125567287E-017,
-0.0871557427476582));
#4451=DIRECTION('ref_axis',(-0.0871557427476581,0.,0.996194698091746));
#4452=DIRECTION($,(0.,1.,0.));
#4453=DIRECTION('center_axis',(0.,-1.,0.));
#4454=DIRECTION('ref_axis',(0.,0.,1.));
#4455=DIRECTION('center_axis',(0.,-1.,0.));
#4456=DIRECTION('ref_axis',(0.,0.,1.));
#4457=DIRECTION($,(0.,1.,0.));
#4458=DIRECTION('center_axis',(-0.996194698091746,1.67990125567287E-017,
-0.0871557427476582));
#4459=DIRECTION('ref_axis',(-0.0871557427476581,0.,0.996194698091746));
#4460=DIRECTION($,(0.,1.,0.));
#4461=DIRECTION('center_axis',(0.,-1.,0.));
#4462=DIRECTION('ref_axis',(0.,0.,1.));
#4463=DIRECTION('center_axis',(0.,0.,1.));
#4464=DIRECTION('ref_axis',(-1.,0.,0.));
#4465=DIRECTION('center_axis',(0.,-1.,0.));
#4466=DIRECTION('ref_axis',(0.,0.,-1.));
#4467=DIRECTION('center_axis',(0.,1.,0.));
#4468=DIRECTION('ref_axis',(0.,0.,1.));
#4469=DIRECTION($,(0.,0.,-1.));
#4470=DIRECTION($,(-1.,0.,0.));
#4471=DIRECTION($,(0.,0.,-1.));
#4472=DIRECTION('center_axis',(0.,-1.,0.));
#4473=DIRECTION('ref_axis',(0.,0.,-1.));
#4474=DIRECTION('center_axis',(0.,1.,0.));
#4475=DIRECTION('ref_axis',(0.,0.,-1.));
#4476=DIRECTION($,(0.,-1.,0.));
#4477=DIRECTION('center_axis',(0.,1.,0.));
#4478=DIRECTION('ref_axis',(0.,0.,-1.));
#4479=DIRECTION($,(0.,-1.,0.));
#4480=DIRECTION('center_axis',(0.984807753012208,0.,-0.173648177666931));
#4481=DIRECTION('ref_axis',(-0.173648177666931,0.,-0.984807753012208));
#4482=DIRECTION($,(0.,1.,0.));
#4483=DIRECTION($,(0.,1.,0.));
#4484=DIRECTION($,(0.,1.,0.));
#4485=DIRECTION('center_axis',(0.984807753012208,0.,-0.173648177666931));
#4486=DIRECTION('ref_axis',(-0.173648177666931,0.,-0.984807753012208));
#4487=DIRECTION($,(0.,1.,0.));
#4488=DIRECTION($,(0.,1.,0.));
#4489=DIRECTION($,(0.,1.,0.));
#4490=DIRECTION('center_axis',(0.,1.,0.));
#4491=DIRECTION('ref_axis',(0.,0.,1.));
#4492=DIRECTION('center_axis',(0.,1.,0.));
#4493=DIRECTION('ref_axis',(0.,0.,1.));
#4494=DIRECTION('center_axis',(-0.173648177666931,0.,-0.984807753012208));
#4495=DIRECTION('ref_axis',(-0.984807753012208,0.,0.173648177666931));
#4496=DIRECTION('center_axis',(0.,1.,0.));
#4497=DIRECTION('ref_axis',(0.,0.,1.));
#4498=DIRECTION('center_axis',(0.,1.,0.));
#4499=DIRECTION('ref_axis',(0.,0.,1.));
#4500=DIRECTION('center_axis',(1.,0.,0.));
#4501=DIRECTION('ref_axis',(0.,0.,-1.));
#4502=DIRECTION('center_axis',(1.,0.,0.));
#4503=DIRECTION('ref_axis',(0.,0.,-1.));
#4504=DIRECTION($,(0.,0.0871557427476582,-0.996194698091746));
#4505=DIRECTION('center_axis',(-1.,0.,0.));
#4506=DIRECTION('ref_axis',(0.,-1.,0.));
#4507=DIRECTION($,(0.,1.,0.));
#4508=DIRECTION('center_axis',(-1.,0.,0.));
#4509=DIRECTION('ref_axis',(0.,-1.,0.));
#4510=DIRECTION($,(0.,-1.,0.));
#4511=DIRECTION($,(0.,0.,1.));
#4512=DIRECTION('center_axis',(1.,0.,0.));
#4513=DIRECTION('ref_axis',(0.,0.,-1.));
#4514=DIRECTION('center_axis',(1.,0.,0.));
#4515=DIRECTION('ref_axis',(0.,1.,0.));
#4516=DIRECTION('center_axis',(1.,0.,0.));
#4517=DIRECTION('ref_axis',(0.,0.,-1.));
#4518=DIRECTION($,(0.,-0.709568428607575,-0.704636534053818));
#4519=DIRECTION($,(0.,-0.704636534032573,0.709568428628672));
#4520=DIRECTION($,(0.,-0.709568428584333,-0.704636534077222));
#4521=DIRECTION($,(0.,0.704636534109711,-0.70956842855207));
#4522=DIRECTION($,(0.,-0.709568428596487,-0.704636534064983));
#4523=DIRECTION($,(0.,-0.704636534068456,0.709568428593038));
#4524=DIRECTION($,(0.,0.709568428596485,0.704636534064986));
#4525=DIRECTION($,(0.,0.704636534044763,-0.709568428616567));
#4526=DIRECTION($,(0.,0.709568428591461,0.704636534070044));
#4527=DIRECTION($,(0.,-0.70463653399443,0.70956842866655));
#4528=DIRECTION($,(0.,0.709568428591465,0.70463653407004));
#4529=DIRECTION('center_axis',(1.,0.,0.));
#4530=DIRECTION('ref_axis',(0.,0.,-1.));
#4531=DIRECTION('center_axis',(1.,0.,0.));
#4532=DIRECTION('ref_axis',(0.,1.,0.));
#4533=DIRECTION('center_axis',(1.,0.,0.));
#4534=DIRECTION('ref_axis',(0.,0.,-1.));
#4535=DIRECTION($,(0.,0.704636534044763,-0.709568428616567));
#4536=DIRECTION($,(0.,0.709568428596485,0.704636534064986));
#4537=DIRECTION($,(0.,-0.704636534068456,0.709568428593038));
#4538=DIRECTION($,(0.,-0.709568428596486,-0.704636534064984));
#4539=DIRECTION($,(0.,0.704636534109715,-0.709568428552066));
#4540=DIRECTION($,(0.,-0.709568428584333,-0.704636534077222));
#4541=DIRECTION($,(0.,-0.704636534032573,0.709568428628672));
#4542=DIRECTION($,(0.,-0.709568428607575,-0.704636534053818));
#4543=DIRECTION('center_axis',(1.,0.,0.));
#4544=DIRECTION('ref_axis',(0.,0.,-1.));
#4545=DIRECTION('center_axis',(1.,0.,0.));
#4546=DIRECTION('ref_axis',(0.,1.,0.));
#4547=DIRECTION('center_axis',(1.,0.,0.));
#4548=DIRECTION('ref_axis',(0.,0.,-1.));
#4549=DIRECTION($,(0.,0.,-1.));
#4550=DIRECTION($,(0.,-1.,0.));
#4551=DIRECTION('center_axis',(-1.,0.,0.));
#4552=DIRECTION('ref_axis',(0.,-1.,0.));
#4553=DIRECTION($,(0.,1.,0.));
#4554=DIRECTION('center_axis',(-1.,0.,0.));
#4555=DIRECTION('ref_axis',(0.,-1.,0.));
#4556=DIRECTION($,(0.,0.0871557427476582,-0.996194698091746));
#4557=DIRECTION('center_axis',(1.,0.,0.));
#4558=DIRECTION('ref_axis',(0.,0.,-1.));
#4559=DIRECTION('center_axis',(1.,0.,0.));
#4560=DIRECTION('ref_axis',(0.,1.,0.));
#4561=DIRECTION('center_axis',(1.,0.,0.));
#4562=DIRECTION('ref_axis',(0.,0.,-1.));
#4563=DIRECTION($,(0.,0.709568428591465,0.70463653407004));
#4564=DIRECTION($,(0.,-0.704636533994421,0.709568428666559));
#4565=DIRECTION($,(0.,0.709568428591461,0.704636534070044));
#4566=DIRECTION('center_axis',(-1.,0.,0.));
#4567=DIRECTION('ref_axis',(0.,0.,-1.));
#4568=DIRECTION($,(1.,0.,0.));
#4569=DIRECTION($,(-1.,0.,0.));
#4570=DIRECTION('center_axis',(1.38777878078145E-017,-0.709568428616567,
-0.704636534044763));
#4571=DIRECTION('ref_axis',(-1.,0.,0.));
#4572=DIRECTION($,(1.,0.,0.));
#4573=DIRECTION($,(1.,0.,0.));
#4574=DIRECTION('center_axis',(1.38777878078145E-017,0.704636534064985,
-0.709568428596485));
#4575=DIRECTION('ref_axis',(-1.,0.,0.));
#4576=DIRECTION($,(1.,0.,0.));
#4577=DIRECTION('center_axis',(-2.77555756156289E-017,0.709568428593038,
0.704636534068457));
#4578=DIRECTION('ref_axis',(1.,0.,0.));
#4579=DIRECTION($,(1.,0.,0.));
#4580=DIRECTION('center_axis',(-1.38777878078145E-017,-0.704636534064984,
0.709568428596487));
#4581=DIRECTION('ref_axis',(1.,0.,0.));
#4582=DIRECTION($,(1.,0.,0.));
#4583=DIRECTION('center_axis',(1.38777878078145E-017,-0.70956842855207,
-0.704636534109711));
#4584=DIRECTION('ref_axis',(-1.,0.,0.));
#4585=DIRECTION($,(1.,0.,0.));
#4586=DIRECTION('center_axis',(-1.38777878078145E-017,-0.704636534077222,
0.709568428584333));
#4587=DIRECTION('ref_axis',(1.,0.,0.));
#4588=DIRECTION($,(1.,0.,0.));
#4589=DIRECTION('center_axis',(-1.38777878078145E-017,0.709568428628669,
0.704636534032576));
#4590=DIRECTION('ref_axis',(1.,0.,0.));
#4591=DIRECTION($,(1.,0.,0.));
#4592=DIRECTION('center_axis',(0.,-0.704636534053818,0.709568428607575));
#4593=DIRECTION('ref_axis',(1.,0.,0.));
#4594=DIRECTION($,(1.,0.,0.));
#4595=DIRECTION('center_axis',(-1.,0.,0.));
#4596=DIRECTION('ref_axis',(0.,0.,-1.));
#4597=DIRECTION($,(1.,0.,0.));
#4598=DIRECTION('center_axis',(-1.,0.,0.));
#4599=DIRECTION('ref_axis',(0.,0.,-1.));
#4600=DIRECTION('center_axis',(1.,0.,0.));
#4601=DIRECTION('ref_axis',(0.,0.,1.));
#4602=DIRECTION($,(-1.,0.,0.));
#4603=DIRECTION('center_axis',(0.,0.,1.));
#4604=DIRECTION('ref_axis',(1.,0.,0.));
#4605=DIRECTION($,(-1.,0.,0.));
#4606=DIRECTION('center_axis',(1.,0.,0.));
#4607=DIRECTION('ref_axis',(0.,0.,1.));
#4608=DIRECTION($,(-1.,0.,0.));
#4609=DIRECTION('center_axis',(1.7347234759768E-018,-0.996194698091746,
-0.0871557427476578));
#4610=DIRECTION('ref_axis',(0.,0.0871557427476581,-0.996194698091746));
#4611=DIRECTION($,(1.,0.,0.));
#4612=DIRECTION('center_axis',(-1.,0.,0.));
#4613=DIRECTION('ref_axis',(0.,0.,-1.));
#4614=DIRECTION($,(1.,0.,0.));
#4615=DIRECTION('center_axis',(-1.,0.,0.));
#4616=DIRECTION('ref_axis',(0.,0.,-1.));
#4617=DIRECTION($,(1.,0.,0.));
#4618=DIRECTION('center_axis',(-1.,0.,0.));
#4619=DIRECTION('ref_axis',(0.,0.,-1.));
#4620=DIRECTION($,(1.,0.,0.));
#4621=DIRECTION('center_axis',(0.,0.704636534070042,-0.709568428591463));
#4622=DIRECTION('ref_axis',(-1.,0.,0.));
#4623=DIRECTION($,(1.,0.,0.));
#4624=DIRECTION('center_axis',(-1.38777878078144E-017,0.709568428666554,
0.704636533994426));
#4625=DIRECTION('ref_axis',(1.,0.,0.));
#4626=DIRECTION($,(1.,0.,0.));
#4627=DIRECTION('center_axis',(1.38777878078145E-017,0.704636534070043,
-0.709568428591462));
#4628=DIRECTION('ref_axis',(-1.,0.,0.));
#4629=DIRECTION('center_axis',(0.,1.,0.));
#4630=DIRECTION('ref_axis',(0.,0.,1.));
#4631=DIRECTION('center_axis',(0.,-1.,0.));
#4632=DIRECTION('ref_axis',(0.,0.,-1.));
#4633=DIRECTION('center_axis',(0.,1.,0.));
#4634=DIRECTION('ref_axis',(0.,0.,1.));
#4635=DIRECTION('center_axis',(0.,-1.,0.));
#4636=DIRECTION('ref_axis',(0.,0.,1.));
#4637=DIRECTION('center_axis',(1.,0.,0.));
#4638=DIRECTION('ref_axis',(0.,0.,-1.));
#4639=DIRECTION($,(0.,0.709568428591464,-0.704636534070041));
#4640=DIRECTION('center_axis',(1.,0.,0.));
#4641=DIRECTION('ref_axis',(0.,0.,-1.));
#4642=DIRECTION('center_axis',(1.,0.,0.));
#4643=DIRECTION('ref_axis',(0.,-1.,0.));
#4644=DIRECTION('center_axis',(1.,0.,0.));
#4645=DIRECTION('ref_axis',(0.,0.,-1.));
#4646=DIRECTION($,(0.,0.0871557427476582,0.996194698091746));
#4647=DIRECTION('center_axis',(1.,0.,0.));
#4648=DIRECTION('ref_axis',(0.,0.,-1.));
#4649=DIRECTION($,(0.,1.,0.));
#4650=DIRECTION('center_axis',(1.,0.,0.));
#4651=DIRECTION('ref_axis',(0.,0.,-1.));
#4652=DIRECTION($,(0.,-1.,0.));
#4653=DIRECTION($,(0.,0.,-1.));
#4654=DIRECTION('center_axis',(1.,0.,0.));
#4655=DIRECTION('ref_axis',(0.,0.,-1.));
#4656=DIRECTION('center_axis',(1.,0.,0.));
#4657=DIRECTION('ref_axis',(0.,-1.,0.));
#4658=DIRECTION('center_axis',(1.,0.,0.));
#4659=DIRECTION('ref_axis',(0.,0.,-1.));
#4660=DIRECTION($,(0.,-0.709568428607574,0.704636534053819));
#4661=DIRECTION($,(0.,-0.704636534032581,-0.709568428628664));
#4662=DIRECTION($,(0.,-0.709568428584332,0.704636534077223));
#4663=DIRECTION($,(0.,0.704636534109711,0.70956842855207));
#4664=DIRECTION($,(0.,-0.709568428596486,0.704636534064984));
#4665=DIRECTION($,(0.,-0.704636534068457,-0.709568428593037));
#4666=DIRECTION($,(0.,0.709568428596484,-0.704636534064986));
#4667=DIRECTION($,(0.,0.704636534044763,0.709568428616567));
#4668=DIRECTION($,(0.,0.709568428591463,-0.704636534070043));
#4669=DIRECTION($,(0.,-0.704636533994421,-0.709568428666559));
#4670=DIRECTION('center_axis',(1.,0.,0.));
#4671=DIRECTION('ref_axis',(0.,0.,-1.));
#4672=DIRECTION('center_axis',(1.,0.,0.));
#4673=DIRECTION('ref_axis',(0.,0.,-1.));
#4674=DIRECTION($,(0.,0.709568428591464,-0.704636534070041));
#4675=DIRECTION($,(0.,-0.704636533994421,-0.709568428666559));
#4676=DIRECTION($,(0.,0.709568428591463,-0.704636534070043));
#4677=DIRECTION($,(0.,0.704636534044763,0.709568428616567));
#4678=DIRECTION($,(0.,0.709568428596484,-0.704636534064986));
#4679=DIRECTION($,(0.,-0.704636534068457,-0.709568428593037));
#4680=DIRECTION($,(0.,-0.709568428596486,0.704636534064984));
#4681=DIRECTION($,(0.,0.704636534109711,0.70956842855207));
#4682=DIRECTION($,(0.,-0.709568428584332,0.704636534077223));
#4683=DIRECTION($,(0.,-0.704636534032581,-0.709568428628664));
#4684=DIRECTION($,(0.,-0.709568428607574,0.704636534053819));
#4685=DIRECTION('center_axis',(1.,0.,0.));
#4686=DIRECTION('ref_axis',(0.,0.,-1.));
#4687=DIRECTION('center_axis',(1.,0.,0.));
#4688=DIRECTION('ref_axis',(0.,-1.,0.));
#4689=DIRECTION('center_axis',(1.,0.,0.));
#4690=DIRECTION('ref_axis',(0.,0.,-1.));
#4691=DIRECTION($,(0.,0.,-1.));
#4692=DIRECTION($,(0.,-1.,0.));
#4693=DIRECTION('center_axis',(1.,0.,0.));
#4694=DIRECTION('ref_axis',(0.,0.,-1.));
#4695=DIRECTION($,(0.,1.,0.));
#4696=DIRECTION('center_axis',(1.,0.,0.));
#4697=DIRECTION('ref_axis',(0.,0.,-1.));
#4698=DIRECTION($,(0.,0.0871557427476582,0.996194698091746));
#4699=DIRECTION('center_axis',(1.,0.,0.));
#4700=DIRECTION('ref_axis',(0.,0.,-1.));
#4701=DIRECTION('center_axis',(1.,0.,0.));
#4702=DIRECTION('ref_axis',(0.,-1.,0.));
#4703=DIRECTION('center_axis',(-1.,0.,0.));
#4704=DIRECTION('ref_axis',(0.,0.,-1.));
#4705=DIRECTION($,(-1.,0.,0.));
#4706=DIRECTION($,(1.,0.,0.));
#4707=DIRECTION('center_axis',(-1.,0.,0.));
#4708=DIRECTION('ref_axis',(0.,0.,-1.));
#4709=DIRECTION($,(1.,0.,0.));
#4710=DIRECTION($,(1.,0.,0.));
#4711=DIRECTION('center_axis',(1.38777878078145E-017,-0.704636534070042,
-0.709568428591464));
#4712=DIRECTION('ref_axis',(-1.,0.,0.));
#4713=DIRECTION($,(1.,0.,0.));
#4714=DIRECTION('center_axis',(-1.38777878078144E-017,-0.709568428666554,
0.704636533994426));
#4715=DIRECTION('ref_axis',(1.,0.,0.));
#4716=DIRECTION($,(1.,0.,0.));
#4717=DIRECTION('center_axis',(1.38777878078145E-017,-0.704636534070043,
-0.709568428591462));
#4718=DIRECTION('ref_axis',(-1.,0.,0.));
#4719=DIRECTION($,(1.,0.,0.));
#4720=DIRECTION('center_axis',(1.38777878078145E-017,0.709568428616568,
-0.704636534044762));
#4721=DIRECTION('ref_axis',(-1.,0.,0.));
#4722=DIRECTION($,(1.,0.,0.));
#4723=DIRECTION('center_axis',(1.38777878078145E-017,-0.704636534064986,
-0.709568428596485));
#4724=DIRECTION('ref_axis',(-1.,0.,0.));
#4725=DIRECTION($,(1.,0.,0.));
#4726=DIRECTION('center_axis',(-1.38777878078145E-017,-0.709568428593038,
0.704636534068457));
#4727=DIRECTION('ref_axis',(1.,0.,0.));
#4728=DIRECTION($,(1.,0.,0.));
#4729=DIRECTION('center_axis',(-1.38777878078145E-017,0.704636534064984,
0.709568428596487));
#4730=DIRECTION('ref_axis',(1.,0.,0.));
#4731=DIRECTION($,(1.,0.,0.));
#4732=DIRECTION('center_axis',(1.38777878078145E-017,0.70956842855207,-0.704636534109711));
#4733=DIRECTION('ref_axis',(-1.,0.,0.));
#4734=DIRECTION($,(1.,0.,0.));
#4735=DIRECTION('center_axis',(-1.38777878078145E-017,0.704636534077222,
0.709568428584333));
#4736=DIRECTION('ref_axis',(1.,0.,0.));
#4737=DIRECTION($,(1.,0.,0.));
#4738=DIRECTION('center_axis',(0.,-0.709568428628668,0.704636534032577));
#4739=DIRECTION('ref_axis',(1.,0.,0.));
#4740=DIRECTION($,(1.,0.,0.));
#4741=DIRECTION('center_axis',(0.,0.704636534053818,0.709568428607575));
#4742=DIRECTION('ref_axis',(1.,0.,0.));
#4743=DIRECTION($,(1.,0.,0.));
#4744=DIRECTION('center_axis',(-1.,0.,0.));
#4745=DIRECTION('ref_axis',(0.,0.,-1.));
#4746=DIRECTION($,(1.,0.,0.));
#4747=DIRECTION('center_axis',(-1.,0.,0.));
#4748=DIRECTION('ref_axis',(0.,0.,-1.));
#4749=DIRECTION('center_axis',(-1.,0.,0.));
#4750=DIRECTION('ref_axis',(0.,0.,-1.));
#4751=DIRECTION($,(1.,0.,0.));
#4752=DIRECTION('center_axis',(0.,0.,-1.));
#4753=DIRECTION('ref_axis',(-1.,0.,0.));
#4754=DIRECTION($,(-1.,0.,0.));
#4755=DIRECTION('center_axis',(1.,0.,0.));
#4756=DIRECTION('ref_axis',(0.,0.,1.));
#4757=DIRECTION($,(1.,0.,0.));
#4758=DIRECTION('center_axis',(1.7347234759768E-018,0.996194698091746,-0.0871557427476578));
#4759=DIRECTION('ref_axis',(0.,0.0871557427476581,0.996194698091746));
#4760=DIRECTION($,(1.,0.,0.));
#4761=DIRECTION('center_axis',(-1.,0.,0.));
#4762=DIRECTION('ref_axis',(0.,0.,-1.));
#4763=DIRECTION($,(1.,0.,0.));
#4764=DIRECTION('center_axis',(-1.,0.,0.));
#4765=DIRECTION('ref_axis',(0.,0.,-1.));
#4766=DIRECTION('center_axis',(0.,1.,0.));
#4767=DIRECTION('ref_axis',(0.,0.,1.));
#4768=DIRECTION('center_axis',(0.,-1.,0.));
#4769=DIRECTION('ref_axis',(0.,0.,-1.));
#4770=DIRECTION('center_axis',(0.,1.,0.));
#4771=DIRECTION('ref_axis',(0.,0.,1.));
#4772=DIRECTION('center_axis',(0.,1.,0.));
#4773=DIRECTION('ref_axis',(0.,0.,1.));
#4774=DIRECTION('center_axis',(0.,0.,-1.));
#4775=DIRECTION('ref_axis',(1.,0.,0.));
#4776=DIRECTION('center_axis',(0.,0.,-1.));
#4777=DIRECTION('ref_axis',(1.,0.,0.));
#4778=DIRECTION('center_axis',(0.,1.,0.));
#4779=DIRECTION('ref_axis',(0.,0.,1.));
#4780=DIRECTION($,(0.,0.,-1.));
#4781=DIRECTION('center_axis',(-1.,0.,0.));
#4782=DIRECTION('ref_axis',(0.,0.,1.));
#4783=DIRECTION('center_axis',(-1.,0.,0.));
#4784=DIRECTION('ref_axis',(0.,0.,1.));
#4785=DIRECTION($,(0.,0.,-1.));
#4786=DIRECTION('center_axis',(0.,0.,-1.));
#4787=DIRECTION('ref_axis',(1.,0.,0.));
#4788=DIRECTION('center_axis',(0.,0.,-1.));
#4789=DIRECTION('ref_axis',(1.,0.,0.));
#4790=DIRECTION('center_axis',(-1.,0.,0.));
#4791=DIRECTION('ref_axis',(0.,0.,1.));
#4792=DIRECTION('center_axis',(-1.,0.,0.));
#4793=DIRECTION('ref_axis',(0.,0.,1.));
#4794=DIRECTION('center_axis',(0.,-1.,0.));
#4795=DIRECTION('ref_axis',(0.,0.,-1.));
#4796=CARTESIAN_POINT('',(0.,0.,0.));
#4797=CARTESIAN_POINT('Origin',(-46.5,5.06504560515708E-011,83.5055367070851));
#4798=CARTESIAN_POINT('',(-43.5,-35.4028776978328,27.2126752531712));
#4799=CARTESIAN_POINT('',(-43.5,-41.813745920196,31.7961502083275));
#4800=CARTESIAN_POINT('Origin',(-43.5,5.06504560515708E-011,83.5055367070851));
#4801=CARTESIAN_POINT('',(-46.5,-35.4028776978328,27.2126752531712));
#4802=CARTESIAN_POINT($,(-43.5,-35.4028776978328,27.2126752531712));
#4803=CARTESIAN_POINT('',(-46.5,-41.813745920196,31.7961502083275));
#4804=CARTESIAN_POINT('Origin',(-46.5,5.06504560515708E-011,83.5055367070851));
#4805=CARTESIAN_POINT($,(-43.5,-41.8137459201961,31.7961502083275));
#4806=CARTESIAN_POINT('Origin',(-46.5,-37.,24.6731476687728));
#4807=CARTESIAN_POINT('',(-43.5,-34.,24.6731476687728));
#4808=CARTESIAN_POINT('Origin',(-43.5,-37.,24.6731476687728));
#4809=CARTESIAN_POINT('',(-46.5,-34.,24.6731476687728));
#4810=CARTESIAN_POINT($,(-46.5,-34.,24.6731476687728));
#4811=CARTESIAN_POINT('Origin',(-46.5,-37.,24.6731476687728));
#4812=CARTESIAN_POINT('Origin',(-46.5,-43.7000803226216,29.4633959301778));
#4813=CARTESIAN_POINT('',(-43.5,-45.9059735163945,31.4966286314853));
#4814=CARTESIAN_POINT('Origin',(-43.5,-43.7000803226216,29.4633959301778));
#4815=CARTESIAN_POINT('',(-46.5,-45.9059735163945,31.4966286314853));
#4816=CARTESIAN_POINT('Origin',(-46.5,-43.7000803226216,29.4633959301778));
#4817=CARTESIAN_POINT($,(-43.5,-45.9059735163945,31.4966286314853));
#4818=CARTESIAN_POINT('Origin',(-46.5,5.06504560515708E-011,83.5055367070851));
#4819=CARTESIAN_POINT('',(-43.5,-48.1452804412384,37.6330834133002));
#4820=CARTESIAN_POINT('',(-43.5,-51.9294369201852,41.9653924955082));
#4821=CARTESIAN_POINT('Origin',(-43.5,5.06504560515708E-011,83.5055367070851));
#4822=CARTESIAN_POINT('',(-46.5,-48.1452804412384,37.6330834133002));
#4823=CARTESIAN_POINT($,(-43.5,-48.1452804412384,37.6330834133002));
#4824=CARTESIAN_POINT('',(-46.5,-51.9294369201852,41.9653924955082));
#4825=CARTESIAN_POINT('Origin',(-46.5,5.06504560515708E-011,83.5055367070851));
#4826=CARTESIAN_POINT($,(-43.5,-51.9294369201852,41.9653924955082));
#4827=CARTESIAN_POINT('Origin',(10.8978573116687,-18.5,2.24264940499006));
#4828=CARTESIAN_POINT('',(23.1276029573493,-18.5,45.5380455258208));
#4829=CARTESIAN_POINT('',(24.0715673829759,-18.5,45.5380455258208));
#4830=CARTESIAN_POINT($,(23.1276068691481,-18.5,45.5380455258208));
#4831=CARTESIAN_POINT('',(24.0715673829759,-18.5,48.5380455258208));
#4832=CARTESIAN_POINT($,(24.0715673829758,-18.5,48.5380455258208));
#4833=CARTESIAN_POINT('',(23.1276029570046,-18.5,48.5380455258208));
#4834=CARTESIAN_POINT($,(23.1276076799039,-18.5,48.5380455258208));
#4835=CARTESIAN_POINT('',(17.5084946759566,-18.5,44.9582787486131));
#4836=CARTESIAN_POINT('Origin',(23.1276029555839,-18.5,42.3380455258208));
#4837=CARTESIAN_POINT('',(14.4363188859071,-18.5,38.3699765058301));
#4838=CARTESIAN_POINT($,(14.4363188859071,-18.5,38.3699765058301));
#4839=CARTESIAN_POINT('',(13.9496190968586,-18.5,36.8263619845727));
#4840=CARTESIAN_POINT('Origin',(20.0554271655343,-18.5,35.7497432830377));
#4841=CARTESIAN_POINT('',(10.0383276360153,-18.5,14.6443258314658));
#4842=CARTESIAN_POINT($,(13.9496190968586,-18.5,36.8263619845727));
#4843=CARTESIAN_POINT('',(6.8869428263762,-18.5,12.));
#4844=CARTESIAN_POINT('Origin',(6.8869428263762,-18.5,15.2));
#4845=CARTESIAN_POINT('',(5.3,-18.5,12.));
#4846=CARTESIAN_POINT($,(6.8869428263762,-18.5,12.));
#4847=CARTESIAN_POINT('',(5.3,-18.5,9.));
#4848=CARTESIAN_POINT($,(5.3,-18.5,12.));
#4849=CARTESIAN_POINT('',(6.8869428263762,-18.5,9.));
#4850=CARTESIAN_POINT($,(5.29999999999999,-18.5,9.));
#4851=CARTESIAN_POINT('',(12.9927508950519,-18.5,14.123381298465));
#4852=CARTESIAN_POINT('Origin',(6.8869428263762,-18.5,15.2));
#4853=CARTESIAN_POINT('',(16.9040423558953,-18.5,36.3054174515719));
#4854=CARTESIAN_POINT($,(16.9040423558953,-18.5,36.3054174515719));
#4855=CARTESIAN_POINT('',(17.1552422470171,-18.5,37.1021217206079));
#4856=CARTESIAN_POINT('Origin',(20.0554271655343,-18.5,35.7497432830377));
#4857=CARTESIAN_POINT('',(20.2274180370665,-18.5,43.690423963391));
#4858=CARTESIAN_POINT($,(20.2274180370665,-18.5,43.690423963391));
#4859=CARTESIAN_POINT('Origin',(23.1276029555839,-18.5,42.3380455258208));
#4860=CARTESIAN_POINT('Origin',(10.8978573116687,18.5,2.24264940499006));
#4861=CARTESIAN_POINT('',(24.0715673829759,18.5,48.5380455258208));
#4862=CARTESIAN_POINT('',(23.1276029570042,18.5,48.5380455258208));
#4863=CARTESIAN_POINT($,(24.0715673829759,18.5,48.5380455258208));
#4864=CARTESIAN_POINT('',(24.0715673829759,18.5,45.5380455258208));
#4865=CARTESIAN_POINT($,(24.0715673829758,18.5,48.5380455258208));
#4866=CARTESIAN_POINT('',(23.127602957349,18.5,45.5380455258208));
#4867=CARTESIAN_POINT($,(24.0715673829759,18.5,45.5380455258208));
#4868=CARTESIAN_POINT('',(20.2274180370665,18.5,43.690423963391));
#4869=CARTESIAN_POINT('Origin',(23.1276029555839,18.5,42.3380455258208));
#4870=CARTESIAN_POINT('',(17.1552422470171,18.5,37.1021217206079));
#4871=CARTESIAN_POINT($,(20.2274180370665,18.5,43.690423963391));
#4872=CARTESIAN_POINT('',(16.9040423558953,18.5,36.3054174515719));
#4873=CARTESIAN_POINT('Origin',(20.0554271655343,18.5,35.7497432830377));
#4874=CARTESIAN_POINT('',(12.9927508950519,18.5,14.123381298465));
#4875=CARTESIAN_POINT($,(12.9927508950519,18.5,14.123381298465));
#4876=CARTESIAN_POINT('',(6.88694282637621,18.5,9.));
#4877=CARTESIAN_POINT('Origin',(6.88694282637621,18.5,15.2));
#4878=CARTESIAN_POINT('',(5.3,18.5,9.));
#4879=CARTESIAN_POINT($,(6.88694282637621,18.5,9.));
#4880=CARTESIAN_POINT('',(5.3,18.5,12.));
#4881=CARTESIAN_POINT($,(5.3,18.5,12.));
#4882=CARTESIAN_POINT('',(6.88694282637621,18.5,12.));
#4883=CARTESIAN_POINT($,(5.3,18.5,12.));
#4884=CARTESIAN_POINT('',(10.0383276360153,18.5,14.6443258314658));
#4885=CARTESIAN_POINT('Origin',(6.88694282637621,18.5,15.2));
#4886=CARTESIAN_POINT('',(13.9496190968586,18.5,36.8263619845727));
#4887=CARTESIAN_POINT($,(10.0383276360153,18.5,14.6443258314658));
#4888=CARTESIAN_POINT('',(14.4363188859071,18.5,38.3699765058301));
#4889=CARTESIAN_POINT('Origin',(20.0554271655343,18.5,35.7497432830377));
#4890=CARTESIAN_POINT('',(17.5084946759566,18.5,44.9582787486131));
#4891=CARTESIAN_POINT($,(14.4363188859071,18.5,38.3699765058301));
#4892=CARTESIAN_POINT('Origin',(23.1276029555839,18.5,42.3380455258208));
#4893=CARTESIAN_POINT('Origin',(-46.5,-22.5,3.46944695195362E-015));
#4894=CARTESIAN_POINT('',(36.5,-22.5,12.));
#4895=CARTESIAN_POINT('',(5.3,-22.5,12.));
#4896=CARTESIAN_POINT($,(36.5,-22.5,12.));
#4897=CARTESIAN_POINT('',(36.5,-22.5,9.));
#4898=CARTESIAN_POINT($,(36.5,-22.5,12.));
#4899=CARTESIAN_POINT('',(5.3,-22.5,9.));
#4900=CARTESIAN_POINT($,(36.5,-22.5,9.));
#4901=CARTESIAN_POINT($,(5.3,-22.5,12.));
#4902=CARTESIAN_POINT('Origin',(36.5,-25.5,3.46944695195362E-015));
#4903=CARTESIAN_POINT('',(39.5,-25.5,12.));
#4904=CARTESIAN_POINT('Origin',(36.5,-25.5,12.));
#4905=CARTESIAN_POINT('',(39.5,-25.5,9.));
#4906=CARTESIAN_POINT($,(39.5,-25.5,12.));
#4907=CARTESIAN_POINT('Origin',(36.5,-25.5,9.));
#4908=CARTESIAN_POINT('Origin',(-46.5,22.5,3.46944695195362E-015));
#4909=CARTESIAN_POINT('',(5.3,22.5,9.));
#4910=CARTESIAN_POINT('',(36.5,22.5,9.));
#4911=CARTESIAN_POINT($,(5.3,22.5,9.));
#4912=CARTESIAN_POINT('',(36.5,22.5,12.));
#4913=CARTESIAN_POINT($,(36.5,22.5,12.));
#4914=CARTESIAN_POINT('',(5.3,22.5,12.));
#4915=CARTESIAN_POINT($,(36.5,22.5,12.));
#4916=CARTESIAN_POINT($,(5.3,22.5,12.));
#4917=CARTESIAN_POINT('Origin',(36.5,25.5,9.));
#4918=CARTESIAN_POINT('',(39.5,25.5,12.));
#4919=CARTESIAN_POINT('Origin',(36.5,25.5,12.));
#4920=CARTESIAN_POINT('',(39.5,25.5,9.));
#4921=CARTESIAN_POINT('Origin',(36.5,25.5,9.));
#4922=CARTESIAN_POINT($,(39.5,25.5,12.));
#4923=CARTESIAN_POINT('Origin',(-38.91,110.,9.));
#4924=CARTESIAN_POINT('',(-38.91,13.5,9.));
#4925=CARTESIAN_POINT('',(-38.91,34.,9.));
#4926=CARTESIAN_POINT($,(-38.91,13.5,9.));
#4927=CARTESIAN_POINT('',(-38.91,13.5,12.));
#4928=CARTESIAN_POINT($,(-38.91,13.5,12.));
#4929=CARTESIAN_POINT('',(-38.91,34.,12.));
#4930=CARTESIAN_POINT($,(-38.91,13.5,12.));
#4931=CARTESIAN_POINT($,(-38.91,34.,12.));
#4932=CARTESIAN_POINT('Origin',(-38.91,110.,9.));
#4933=CARTESIAN_POINT('',(-38.91,-34.,12.));
#4934=CARTESIAN_POINT('',(-38.91,-13.5,12.));
#4935=CARTESIAN_POINT($,(-38.91,-34.,12.));
#4936=CARTESIAN_POINT('',(-38.91,-13.5,9.));
#4937=CARTESIAN_POINT($,(-38.91,-13.5,12.));
#4938=CARTESIAN_POINT('',(-38.91,-34.,9.));
#4939=CARTESIAN_POINT($,(-38.91,-34.,9.));
#4940=CARTESIAN_POINT($,(-38.91,-34.,12.));
#4941=CARTESIAN_POINT('Origin',(5.11738036548138,-71.,9.));
#4942=CARTESIAN_POINT('',(5.11738036548136,-74.,12.));
#4943=CARTESIAN_POINT('',(7.28459532456462,-73.0744105960792,12.));
#4944=CARTESIAN_POINT('Origin',(5.11738036548138,-71.,12.));
#4945=CARTESIAN_POINT('',(5.11738036548136,-74.,9.));
#4946=CARTESIAN_POINT($,(5.11738036548138,-74.,9.));
#4947=CARTESIAN_POINT('',(7.28459532456462,-73.0744105960792,9.));
#4948=CARTESIAN_POINT('Origin',(5.11738036548138,-71.,9.));
#4949=CARTESIAN_POINT($,(7.28459532456462,-73.0744105960792,12.));
#4950=CARTESIAN_POINT('Origin',(24.6223149972306,-71.,9.));
#4951=CARTESIAN_POINT('',(22.4551000381474,-73.0744105960792,12.));
#4952=CARTESIAN_POINT('',(24.6223149972306,-74.,12.));
#4953=CARTESIAN_POINT('Origin',(24.6223149972306,-71.,12.));
#4954=CARTESIAN_POINT('',(22.4551000381474,-73.0744105960792,9.));
#4955=CARTESIAN_POINT($,(22.4551000381474,-73.0744105960792,12.));
#4956=CARTESIAN_POINT('',(24.6223149972306,-74.,9.));
#4957=CARTESIAN_POINT('Origin',(24.6223149972306,-71.,9.));
#4958=CARTESIAN_POINT($,(24.6223149972306,-74.,9.));
#4959=CARTESIAN_POINT('Origin',(-61.637681834695,8.5,35.7985132860867));
#4960=CARTESIAN_POINT('',(-62.7120077776873,8.5,40.7283794691738));
#4961=CARTESIAN_POINT('',(-61.0019071533529,13.5,36.0299163316521));
#4962=CARTESIAN_POINT('Origin',(-61.0019071533529,8.5,36.0299163316521));
#4963=CARTESIAN_POINT('',(-59.8929298951742,8.5,41.7544398437745));
#4964=CARTESIAN_POINT($,(-62.7120077776873,8.5,40.7283794691738));
#4965=CARTESIAN_POINT('',(-58.1828292708398,13.5,37.0559767062528));
#4966=CARTESIAN_POINT('Origin',(-58.1828292708398,8.5,37.0559767062528));
#4967=CARTESIAN_POINT($,(-61.0019071533529,13.5,36.0299163316521));
#4968=CARTESIAN_POINT('Origin',(-58.1828292708398,-8.5,37.0559767062528));
#4969=CARTESIAN_POINT('',(-61.0019071533529,-13.5,36.0299163316521));
#4970=CARTESIAN_POINT('',(-62.7120077776873,-8.5,40.7283794691738));
#4971=CARTESIAN_POINT('Origin',(-61.0019071533529,-8.5,36.0299163316521));
#4972=CARTESIAN_POINT('',(-58.1828292708398,-13.5,37.0559767062528));
#4973=CARTESIAN_POINT($,(-61.0019071533529,-13.5,36.029916331652));
#4974=CARTESIAN_POINT('',(-59.8929298951742,-8.5,41.7544398437745));
#4975=CARTESIAN_POINT('Origin',(-58.1828292708398,-8.5,37.0559767062528));
#4976=CARTESIAN_POINT($,(-62.7120077776873,-8.5,40.7283794691738));
#4977=CARTESIAN_POINT('Origin',(-40.3,34.,15.2));
#4978=CARTESIAN_POINT('',(-40.3,34.,12.));
#4979=CARTESIAN_POINT($,(-38.91,34.,12.));
#4980=CARTESIAN_POINT('',(-43.5,34.,15.2));
#4981=CARTESIAN_POINT('Origin',(-40.3,34.,15.2));
#4982=CARTESIAN_POINT('',(-43.5,34.,24.673147668709));
#4983=CARTESIAN_POINT($,(-43.5,34.,15.2));
#4984=CARTESIAN_POINT('',(-46.5,34.,24.673147668709));
#4985=CARTESIAN_POINT($,(-43.5,34.,24.6731476687091));
#4986=CARTESIAN_POINT('',(-46.5,34.,15.2));
#4987=CARTESIAN_POINT($,(-46.5,34.,15.2));
#4988=CARTESIAN_POINT('',(-40.3,34.,9.));
#4989=CARTESIAN_POINT('Origin',(-40.3,34.,15.2));
#4990=CARTESIAN_POINT($,(-38.91,34.,9.));
#4991=CARTESIAN_POINT('Origin',(-46.5,-34.,80.));
#4992=CARTESIAN_POINT('',(-40.3,-34.,9.));
#4993=CARTESIAN_POINT($,(-40.3,-34.,9.));
#4994=CARTESIAN_POINT('',(-46.5,-34.,15.2));
#4995=CARTESIAN_POINT('Origin',(-40.3,-34.,15.2));
#4996=CARTESIAN_POINT($,(-46.5,-34.,24.6731476687728));
#4997=CARTESIAN_POINT('',(-43.5,-34.,15.2));
#4998=CARTESIAN_POINT($,(-43.5,-34.,15.2));
#4999=CARTESIAN_POINT('',(-40.3,-34.,12.));
#5000=CARTESIAN_POINT('Origin',(-40.3,-34.,15.2));
#5001=CARTESIAN_POINT($,(-38.91,-34.,12.));
#5002=CARTESIAN_POINT('Origin',(-46.5,110.,61.));
#5003=CARTESIAN_POINT('',(-46.5,-56.8485679537155,61.));
#5004=CARTESIAN_POINT('',(-46.5,-58.0510605474177,61.));
#5005=CARTESIAN_POINT($,(-46.5,-56.8485725400643,61.));
#5006=CARTESIAN_POINT('',(-43.5,-58.0510605474176,61.));
#5007=CARTESIAN_POINT($,(-43.5,-58.0510605491827,61.));
#5008=CARTESIAN_POINT('',(-43.5,-56.8485679537155,61.));
#5009=CARTESIAN_POINT($,(-43.5,-58.0510566363234,61.));
#5010=CARTESIAN_POINT($,(-43.5,-56.8485679523358,61.));
#5011=CARTESIAN_POINT('Origin',(-46.5,110.,61.));
#5012=CARTESIAN_POINT('',(-43.5,58.0510605474176,61.));
#5013=CARTESIAN_POINT('',(-43.5,56.8485679537155,61.));
#5014=CARTESIAN_POINT($,(-43.5,56.8485725401828,61.));
#5015=CARTESIAN_POINT('',(-46.5,58.0510605474175,61.));
#5016=CARTESIAN_POINT($,(-43.5,58.0510605491827,61.));
#5017=CARTESIAN_POINT('',(-46.5,56.8485679537155,61.));
#5018=CARTESIAN_POINT($,(-46.5,58.0510566361044,61.));
#5019=CARTESIAN_POINT($,(-43.5,56.8485679523358,61.));
#5020=CARTESIAN_POINT('Origin',(-43.5,-58.0510605491827,58.));
#5021=CARTESIAN_POINT('',(-43.5,-60.9249585018862,58.8606454307359));
#5022=CARTESIAN_POINT('Origin',(-43.5,-58.0510605491827,58.));
#5023=CARTESIAN_POINT('',(-46.5,-60.9249585018862,58.8606454307359));
#5024=CARTESIAN_POINT('Origin',(-46.5,-58.0510605491827,58.));
#5025=CARTESIAN_POINT($,(-46.5,-60.9249585018862,58.8606454307359));
#5026=CARTESIAN_POINT('Origin',(-46.5,-56.8485679523358,58.));
#5027=CARTESIAN_POINT('',(-43.5,-53.8599838580606,58.261467228243));
#5028=CARTESIAN_POINT('Origin',(-43.5,-56.8485679523358,58.));
#5029=CARTESIAN_POINT('',(-46.5,-53.8599838580606,58.261467228243));
#5030=CARTESIAN_POINT($,(-46.5,-53.8599838580606,58.261467228243));
#5031=CARTESIAN_POINT('Origin',(-46.5,-56.8485679523358,58.));
#5032=CARTESIAN_POINT('Origin',(-46.5,56.8485679523358,58.));
#5033=CARTESIAN_POINT('',(-43.5,53.8599838580606,58.261467228243));
#5034=CARTESIAN_POINT('Origin',(-43.5,56.8485679523358,58.));
#5035=CARTESIAN_POINT('',(-46.5,53.8599838580606,58.261467228243));
#5036=CARTESIAN_POINT('Origin',(-46.5,56.8485679523358,58.));
#5037=CARTESIAN_POINT($,(-46.5,53.8599838580606,58.261467228243));
#5038=CARTESIAN_POINT('Origin',(-46.5,58.0510605491827,58.));
#5039=CARTESIAN_POINT('',(-43.5,60.9249585018862,58.8606454307359));
#5040=CARTESIAN_POINT('Origin',(-43.5,58.0510605491827,58.));
#5041=CARTESIAN_POINT('',(-46.5,60.9249585018862,58.8606454307359));
#5042=CARTESIAN_POINT($,(-46.5,60.9249585018862,58.8606454307359));
#5043=CARTESIAN_POINT('Origin',(-46.5,58.0510605491827,58.));
#5044=CARTESIAN_POINT('Origin',(6.10694282637618,110.,9.));
#5045=CARTESIAN_POINT('',(6.10694282637621,-4.,12.));
#5046=CARTESIAN_POINT('',(6.10694282637621,-4.,9.));
#5047=CARTESIAN_POINT($,(6.10694282637621,-4.,12.));
#5048=CARTESIAN_POINT('',(6.1069428263762,4.,9.));
#5049=CARTESIAN_POINT($,(6.10694282637618,-4.,9.));
#5050=CARTESIAN_POINT('',(6.1069428263762,4.,12.));
#5051=CARTESIAN_POINT($,(6.1069428263762,4.,12.));
#5052=CARTESIAN_POINT($,(6.10694282637621,-4.,12.));
#5053=CARTESIAN_POINT('Origin',(24.0715673829759,-13.5,50.2380455258208));
#5054=CARTESIAN_POINT('',(29.0715673829759,-13.5,48.5380455258208));
#5055=CARTESIAN_POINT('Origin',(24.0715673829759,-13.5,48.5380455258208));
#5056=CARTESIAN_POINT('',(29.0715673829759,-13.5,45.5380455258208));
#5057=CARTESIAN_POINT('Origin',(24.0715673829759,-13.5,45.5380455258208));
#5058=CARTESIAN_POINT($,(29.0715673829759,-13.5,48.5380455258208));
#5059=CARTESIAN_POINT('Origin',(24.0715673829758,13.5,2.24264940499002));
#5060=CARTESIAN_POINT('',(29.0715673829759,13.5,48.5380455258208));
#5061=CARTESIAN_POINT('Origin',(24.0715673829759,13.5,48.5380455258208));
#5062=CARTESIAN_POINT('',(29.0715673829759,13.5,45.5380455258208));
#5063=CARTESIAN_POINT($,(29.0715673829759,13.5,48.5380455258208));
#5064=CARTESIAN_POINT('Origin',(24.0715673829759,13.5,45.5380455258208));
#5065=CARTESIAN_POINT('Origin',(1.25449278651232E-013,0.,48.5380455258209));
#5066=CARTESIAN_POINT($,(29.0715673829759,-13.5,48.5380455258208));
#5067=CARTESIAN_POINT($,(23.1276029555839,18.5,48.5380455258208));
#5068=CARTESIAN_POINT('Origin',(1.17153514344479E-013,0.,45.5380455258209));
#5069=CARTESIAN_POINT($,(29.0715673829759,-13.5,45.5380455258208));
#5070=CARTESIAN_POINT($,(23.1276029555839,18.5,45.5380455258208));
#5071=CARTESIAN_POINT('Origin',(23.1276029555839,-18.5,42.3380455258208));
#5072=CARTESIAN_POINT($,(17.5084946759566,-18.5,44.9582787486131));
#5073=CARTESIAN_POINT('Origin',(23.1276029555839,-18.5,42.3380455258208));
#5074=CARTESIAN_POINT($,(20.2274180370665,-18.5,43.690423963391));
#5075=CARTESIAN_POINT('Origin',(29.0715673829759,-18.5,50.2380455258208));
#5076=CARTESIAN_POINT('Origin',(-46.5,48.9187676309153,138.800259429547));
#5077=CARTESIAN_POINT('',(-46.5,-50.1406435998887,31.3288023343059));
#5078=CARTESIAN_POINT('',(-46.5,-48.1113547861333,33.5304167288557));
#5079=CARTESIAN_POINT($,(-46.5,-50.1406435998888,31.328802334306));
#5080=CARTESIAN_POINT('',(-43.5,-48.1113547861333,33.5304167288557));
#5081=CARTESIAN_POINT($,(-43.5,-48.1113547861333,33.5304167288557));
#5082=CARTESIAN_POINT('',(-43.5,-50.1406435998887,31.3288023343059));
#5083=CARTESIAN_POINT($,(-43.5,-50.1406435998888,31.328802334306));
#5084=CARTESIAN_POINT($,(-43.5,-50.1406435998887,31.3288023343059));
#5085=CARTESIAN_POINT('Origin',(-46.5,-50.3172479799528,35.5636494301128));
#5086=CARTESIAN_POINT('Origin',(-43.5,-50.3172479799528,35.5636494301128));
#5087=CARTESIAN_POINT('Origin',(-46.5,-50.3172479799528,35.5636494301128));
#5088=CARTESIAN_POINT('Origin',(-46.5,-49.5867555553568,43.839383963708));
#5089=CARTESIAN_POINT('',(-46.5,-52.575339649632,43.5779167354649));
#5090=CARTESIAN_POINT('Origin',(-46.5,-49.5867555553568,43.839383963708));
#5091=CARTESIAN_POINT('',(-43.5,-52.575339649632,43.5779167354649));
#5092=CARTESIAN_POINT($,(-43.5,-52.575339649632,43.5779167354649));
#5093=CARTESIAN_POINT('Origin',(-43.5,-49.5867555553568,43.839383963708));
#5094=CARTESIAN_POINT('Origin',(-46.5,-54.7197717075349,68.0888873170125));
#5095=CARTESIAN_POINT($,(-46.5,-52.5753396496321,43.5779167354649));
#5096=CARTESIAN_POINT($,(-43.5,-52.5753396496321,43.5779167354649));
#5097=CARTESIAN_POINT('Origin',(-46.5,10.9405887740991,-24.9714570963779));
#5098=CARTESIAN_POINT('',(-43.5,-49.5891703014253,30.8204941590142));
#5099=CARTESIAN_POINT('',(-46.5,-49.5891703014253,30.8204941590142));
#5100=CARTESIAN_POINT($,(-43.5,-49.5891703014253,30.8204941590142));
#5101=CARTESIAN_POINT($,(-46.5,-49.5891703014253,30.8204941590142));
#5102=CARTESIAN_POINT($,(-43.5,-49.5891703014253,30.8204941590142));
#5103=CARTESIAN_POINT('Origin',(-46.5,49.4702409347489,138.291951252967));
#5104=CARTESIAN_POINT('',(-43.5,-52.3001472365643,27.8793032339757));
#5105=CARTESIAN_POINT('',(-46.5,-52.3001472365643,27.8793032339757));
#5106=CARTESIAN_POINT($,(-43.5,-52.3001472365643,27.8793032339757));
#5107=CARTESIAN_POINT($,(-46.5,-52.300147236564,27.8793032339754));
#5108=CARTESIAN_POINT($,(-43.5,-52.300147236564,27.8793032339754));
#5109=CARTESIAN_POINT('Origin',(-46.5,8.22961182107719,-27.9126480171037));
#5110=CARTESIAN_POINT('',(-43.5,-53.035444967778,28.5570474677805));
#5111=CARTESIAN_POINT('',(-46.5,-53.035444967778,28.5570474677805));
#5112=CARTESIAN_POINT($,(-43.5,-53.035444967778,28.5570474677805));
#5113=CARTESIAN_POINT($,(-46.5,-53.0354449677781,28.5570474677804));
#5114=CARTESIAN_POINT($,(-43.5,-53.0354449677781,28.5570474677804));
#5115=CARTESIAN_POINT('Origin',(-46.5,48.7349432006258,138.969695487437));
#5116=CARTESIAN_POINT('',(-43.5,-56.4241661365902,24.8805588114762));
#5117=CARTESIAN_POINT('',(-46.5,-56.4241661365902,24.8805588114762));
#5118=CARTESIAN_POINT($,(-43.5,-56.4241661365902,24.8805588114762));
#5119=CARTESIAN_POINT($,(-46.5,-56.4241661365901,24.8805588114761));
#5120=CARTESIAN_POINT($,(-43.5,-56.4241661365901,24.8805588114761));
#5121=CARTESIAN_POINT('Origin',(-46.5,4.84089066194954,-31.5891366757463));
#5122=CARTESIAN_POINT('',(-43.5,-53.8506240771784,22.5084539932855));
#5123=CARTESIAN_POINT('',(-46.5,-53.8506240771783,22.5084539932855));
#5124=CARTESIAN_POINT($,(-43.5,-53.8506240771783,22.5084539932855));
#5125=CARTESIAN_POINT($,(-46.5,-53.8506240771783,22.5084539932855));
#5126=CARTESIAN_POINT($,(-43.5,-53.8506240771783,22.5084539932856));
#5127=CARTESIAN_POINT('Origin',(-46.5,51.3084852600496,136.597590669259));
#5128=CARTESIAN_POINT('',(-43.5,-50.4619029083663,26.1849426495896));
#5129=CARTESIAN_POINT('',(-46.5,-50.4619029083663,26.1849426495896));
#5130=CARTESIAN_POINT($,(-43.5,-50.4619029083663,26.1849426495896));
#5131=CARTESIAN_POINT($,(-46.5,-50.4619029083662,26.1849426495896));
#5132=CARTESIAN_POINT($,(-43.5,-50.4619029083662,26.1849426495896));
#5133=CARTESIAN_POINT('Origin',(-46.5,8.22961183627208,-27.9126480208971));
#5134=CARTESIAN_POINT('',(-43.5,-51.1972006396718,26.8626868833544));
#5135=CARTESIAN_POINT('',(-46.5,-51.1972006396718,26.8626868833544));
#5136=CARTESIAN_POINT($,(-43.5,-51.1972006396718,26.8626868833544));
#5137=CARTESIAN_POINT($,(-46.5,-51.1972006396718,26.8626868833544));
#5138=CARTESIAN_POINT($,(-43.5,-51.1972006396718,26.8626868833544));
#5139=CARTESIAN_POINT('Origin',(-46.5,50.5731875299409,137.275334902743));
#5140=CARTESIAN_POINT('',(-43.5,-48.4862237046245,29.8038778083531));
#5141=CARTESIAN_POINT('',(-46.5,-48.4862237046245,29.8038778083531));
#5142=CARTESIAN_POINT($,(-43.5,-48.4862237046245,29.8038778083531));
#5143=CARTESIAN_POINT($,(-46.5,-48.4862237046245,29.8038778083531));
#5144=CARTESIAN_POINT($,(-43.5,-48.4862237046245,29.8038778083531));
#5145=CARTESIAN_POINT('Origin',(-46.5,10.9405887827242,-24.9714570986134));
#5146=CARTESIAN_POINT('',(-43.5,-47.934750406203,29.2955696331549));
#5147=CARTESIAN_POINT('',(-46.5,-47.934750406203,29.2955696331549));
#5148=CARTESIAN_POINT($,(-43.5,-47.934750406203,29.2955696331549));
#5149=CARTESIAN_POINT($,(-46.5,-47.934750406203,29.2955696331549));
#5150=CARTESIAN_POINT($,(-43.5,-47.934750406203,29.2955696331549));
#5151=CARTESIAN_POINT('Origin',(-46.5,51.124660828308,136.767026727486));
#5152=CARTESIAN_POINT($,(-43.5,-45.9059735163945,31.4966286314853));
#5153=CARTESIAN_POINT($,(-46.5,-47.934750406203,29.2955696331549));
#5154=CARTESIAN_POINT('Origin',(-46.5,4.43947263795407,144.267732835183));
#5155=CARTESIAN_POINT('',(-46.5,-73.8644731016254,15.6525562582053));
#5156=CARTESIAN_POINT('',(-43.5,-73.8644731016253,15.6525562582053));
#5157=CARTESIAN_POINT($,(-46.5,-73.8644731016252,15.6525562582055));
#5158=CARTESIAN_POINT('',(-46.5,-74.,15.4299516908269));
#5159=CARTESIAN_POINT($,(-46.5,-73.8644731016255,15.6525562582053));
#5160=CARTESIAN_POINT('',(-43.5,-74.,15.4299516908269));
#5161=CARTESIAN_POINT($,(-46.5,-74.,15.4299516908268));
#5162=CARTESIAN_POINT($,(-43.5,-73.8644731016255,15.6525562582054));
#5163=CARTESIAN_POINT('Origin',(-43.5,110.,80.));
#5164=CARTESIAN_POINT($,(-43.5,-60.9249585018862,58.8606454307359));
#5165=CARTESIAN_POINT('',(-43.5,-74.,15.2));
#5166=CARTESIAN_POINT($,(-43.5,-74.,15.2));
#5167=CARTESIAN_POINT($,(-43.5,-74.,15.2));
#5168=CARTESIAN_POINT('Origin',(-46.5,110.,80.));
#5169=CARTESIAN_POINT('',(-46.5,-74.,15.2));
#5170=CARTESIAN_POINT($,(-46.5,-34.,15.2));
#5171=CARTESIAN_POINT($,(-46.5,-74.,15.2));
#5172=CARTESIAN_POINT($,(-46.5,-60.9249585018862,58.8606454307359));
#5173=CARTESIAN_POINT('Origin',(16.8102819989749,18.5,36.362352081381));
#5174=CARTESIAN_POINT($,(17.1552422470171,-18.5,37.1021217206079));
#5175=CARTESIAN_POINT('Origin',(14.091358637865,18.5,37.6302068666031));
#5176=CARTESIAN_POINT($,(14.4363188859071,18.5,38.3699765058301));
#5177=CARTESIAN_POINT('Origin',(-46.5,-4.,9.));
#5178=CARTESIAN_POINT('',(6.88694282637621,-4.,12.));
#5179=CARTESIAN_POINT($,(6.88694282637622,-4.,12.));
#5180=CARTESIAN_POINT('',(10.0383276360153,-4.,14.6443258314658));
#5181=CARTESIAN_POINT('Origin',(6.88694282637621,-4.,15.2));
#5182=CARTESIAN_POINT('',(10.2810626552437,-4.,16.0209445330008));
#5183=CARTESIAN_POINT($,(10.2810626552438,-4.,16.0209445330008));
#5184=CARTESIAN_POINT('',(13.2354859142804,-4.,15.5));
#5185=CARTESIAN_POINT($,(10.2810626552437,-4.,16.0209445330008));
#5186=CARTESIAN_POINT('',(12.9927508950519,-4.,14.123381298465));
#5187=CARTESIAN_POINT($,(13.2354859142804,-4.,15.5));
#5188=CARTESIAN_POINT('',(6.88694282637621,-4.,9.));
#5189=CARTESIAN_POINT('Origin',(6.88694282637621,-4.,15.2));
#5190=CARTESIAN_POINT($,(6.88694282637622,-4.,9.));
#5191=CARTESIAN_POINT('Origin',(-46.5,110.,12.));
#5192=CARTESIAN_POINT('',(-51.2398018892877,13.5,12.));
#5193=CARTESIAN_POINT($,(-51.2398018892877,13.5,12.));
#5194=CARTESIAN_POINT('',(-51.2398018892877,-13.5,12.));
#5195=CARTESIAN_POINT($,(-51.2398018892877,-13.5,12.));
#5196=CARTESIAN_POINT($,(-38.91,-13.5,12.));
#5197=CARTESIAN_POINT('',(-40.3,-74.,12.));
#5198=CARTESIAN_POINT($,(-40.3,-34.,12.));
#5199=CARTESIAN_POINT($,(5.11738036548136,-74.,12.));
#5200=CARTESIAN_POINT('Origin',(14.869847681356,-80.3348476823566,12.));
#5201=CARTESIAN_POINT('',(40.3,-74.,12.));
#5202=CARTESIAN_POINT($,(40.3,-74.,12.));
#5203=CARTESIAN_POINT('',(40.3,-39.,12.));
#5204=CARTESIAN_POINT($,(40.3,-74.,12.));
#5205=CARTESIAN_POINT('',(39.5,-39.,12.));
#5206=CARTESIAN_POINT($,(40.3,-39.,12.));
#5207=CARTESIAN_POINT($,(39.5,-39.,12.));
#5208=CARTESIAN_POINT($,(5.3,-22.5,12.));
#5209=CARTESIAN_POINT($,(6.88694282637622,-18.5,12.));
#5210=CARTESIAN_POINT('',(6.8869428263762,4.,12.));
#5211=CARTESIAN_POINT($,(6.88694282637621,4.,12.));
#5212=CARTESIAN_POINT($,(6.88694282637622,4.,12.));
#5213=CARTESIAN_POINT($,(5.3,18.5,12.));
#5214=CARTESIAN_POINT('',(39.5,39.,12.));
#5215=CARTESIAN_POINT($,(39.5,25.5,12.));
#5216=CARTESIAN_POINT('',(40.3,39.,12.));
#5217=CARTESIAN_POINT($,(40.3,39.,12.));
#5218=CARTESIAN_POINT('',(40.3,74.,12.));
#5219=CARTESIAN_POINT($,(40.3,39.,12.));
#5220=CARTESIAN_POINT('',(-40.3,74.,12.));
#5221=CARTESIAN_POINT($,(40.3,74.,12.));
#5222=CARTESIAN_POINT($,(-40.3,74.,12.));
#5223=CARTESIAN_POINT('',(22.5,-52.5,12.));
#5224=CARTESIAN_POINT('Origin',(22.5,-50.,12.));
#5225=CARTESIAN_POINT('',(-21.,47.5,12.));
#5226=CARTESIAN_POINT('Origin',(-21.,50.,12.));
#5227=CARTESIAN_POINT('',(-21.,-52.5,12.));
#5228=CARTESIAN_POINT('Origin',(-21.,-50.,12.));
#5229=CARTESIAN_POINT('',(22.5,39.,12.));
#5230=CARTESIAN_POINT('Origin',(22.5,41.5,12.));
#5231=CARTESIAN_POINT('Origin',(-46.5,110.,9.));
#5232=CARTESIAN_POINT('',(-51.2398018892878,-13.5,9.));
#5233=CARTESIAN_POINT($,(-38.91,-13.5,9.));
#5234=CARTESIAN_POINT('',(-51.2398018892878,13.5,9.));
#5235=CARTESIAN_POINT($,(-51.2398018892878,-13.5,9.));
#5236=CARTESIAN_POINT($,(-51.2398018892878,13.5,9.));
#5237=CARTESIAN_POINT('',(-40.3,74.,9.));
#5238=CARTESIAN_POINT($,(-40.3,74.,9.));
#5239=CARTESIAN_POINT('',(40.3,74.,9.));
#5240=CARTESIAN_POINT($,(-40.3,74.,9.));
#5241=CARTESIAN_POINT('',(40.3,39.,9.));
#5242=CARTESIAN_POINT($,(40.3,74.,9.));
#5243=CARTESIAN_POINT('',(39.5,39.,9.));
#5244=CARTESIAN_POINT($,(40.3,39.,9.));
#5245=CARTESIAN_POINT($,(39.5,25.5,9.));
#5246=CARTESIAN_POINT($,(5.3,18.5,9.));
#5247=CARTESIAN_POINT('',(6.8869428263762,4.,9.));
#5248=CARTESIAN_POINT($,(6.88694282637622,4.,9.));
#5249=CARTESIAN_POINT($,(6.10694282637619,4.,9.));
#5250=CARTESIAN_POINT($,(6.88694282637622,-18.5,9.));
#5251=CARTESIAN_POINT($,(5.3,-22.5,9.));
#5252=CARTESIAN_POINT('',(39.5,-39.,9.));
#5253=CARTESIAN_POINT($,(39.5,-39.,9.));
#5254=CARTESIAN_POINT('',(40.3,-39.,9.));
#5255=CARTESIAN_POINT($,(39.5,-39.,9.));
#5256=CARTESIAN_POINT('',(40.3,-74.,9.));
#5257=CARTESIAN_POINT($,(40.3,-39.,9.));
#5258=CARTESIAN_POINT($,(40.3,-74.,9.));
#5259=CARTESIAN_POINT('Origin',(14.869847681356,-80.3348476823566,9.));
#5260=CARTESIAN_POINT('',(-40.3,-74.,9.));
#5261=CARTESIAN_POINT($,(5.11738036548136,-74.,9.));
#5262=CARTESIAN_POINT($,(-40.3,-34.,9.));
#5263=CARTESIAN_POINT('',(20.,-50.,9.));
#5264=CARTESIAN_POINT('Origin',(22.5,-50.,9.));
#5265=CARTESIAN_POINT('',(-23.5,50.,9.));
#5266=CARTESIAN_POINT('Origin',(-21.,50.,9.));
#5267=CARTESIAN_POINT('',(-23.5,-50.,9.));
#5268=CARTESIAN_POINT('Origin',(-21.,-50.,9.));
#5269=CARTESIAN_POINT('',(20.,41.5,9.));
#5270=CARTESIAN_POINT('Origin',(22.5,41.5,9.));
#5271=CARTESIAN_POINT('Origin',(-46.5,4.,9.));
#5272=CARTESIAN_POINT('',(12.9927508950519,4.,14.123381298465));
#5273=CARTESIAN_POINT('Origin',(6.88694282637621,4.,15.2));
#5274=CARTESIAN_POINT('',(13.2354859142804,4.,15.5));
#5275=CARTESIAN_POINT($,(12.9927508950519,4.,14.123381298465));
#5276=CARTESIAN_POINT('',(10.2810626552437,4.,16.0209445330008));
#5277=CARTESIAN_POINT($,(10.2810626552437,4.,16.0209445330008));
#5278=CARTESIAN_POINT('',(10.0383276360153,4.,14.6443258314658));
#5279=CARTESIAN_POINT($,(10.2810626552438,4.,16.0209445330008));
#5280=CARTESIAN_POINT('Origin',(6.88694282637621,4.,15.2));
#5281=CARTESIAN_POINT('Origin',(-43.5,-61.5238979526947,56.8606454307359));
#5282=CARTESIAN_POINT('Origin',(-46.5,110.,80.));
#5283=CARTESIAN_POINT('',(-46.5,73.8644731016253,15.6525562582054));
#5284=CARTESIAN_POINT($,(-46.5,73.8644731016253,15.6525562582054));
#5285=CARTESIAN_POINT('',(-46.5,74.,15.4299516908268));
#5286=CARTESIAN_POINT($,(-46.5,73.8644731016253,15.6525562582054));
#5287=CARTESIAN_POINT('',(-46.5,74.,15.2));
#5288=CARTESIAN_POINT($,(-46.5,74.,15.4299516908268));
#5289=CARTESIAN_POINT($,(-46.5,74.,15.2));
#5290=CARTESIAN_POINT('',(-46.5,35.4028776978371,27.2126752531102));
#5291=CARTESIAN_POINT('Origin',(-46.5,37.,24.673147668709));
#5292=CARTESIAN_POINT('',(-46.5,41.8137459202419,31.7961502082826));
#5293=CARTESIAN_POINT('Origin',(-46.5,5.06504560515708E-011,83.5055367070851));
#5294=CARTESIAN_POINT('',(-46.5,45.9059735164378,31.4966286314383));
#5295=CARTESIAN_POINT('Origin',(-46.5,43.7000803226648,29.4633959301308));
#5296=CARTESIAN_POINT('',(-46.5,47.934750406203,29.2955696331549));
#5297=CARTESIAN_POINT($,(-46.5,47.934750406203,29.2955696331549));
#5298=CARTESIAN_POINT('',(-46.5,48.4862237046245,29.8038778083531));
#5299=CARTESIAN_POINT($,(-46.5,48.4862237046244,29.8038778083532));
#5300=CARTESIAN_POINT('',(-46.5,51.1972006396718,26.8626868833544));
#5301=CARTESIAN_POINT($,(-46.5,51.1972006396718,26.8626868833544));
#5302=CARTESIAN_POINT('',(-46.5,50.4619029083663,26.1849426495896));
#5303=CARTESIAN_POINT($,(-46.5,50.461902908366,26.1849426495899));
#5304=CARTESIAN_POINT('',(-46.5,53.8506240771784,22.5084539932855));
#5305=CARTESIAN_POINT($,(-46.5,53.8506240771784,22.5084539932855));
#5306=CARTESIAN_POINT('',(-46.5,56.4241661365902,24.8805588114762));
#5307=CARTESIAN_POINT($,(-46.5,56.4241661365901,24.8805588114763));
#5308=CARTESIAN_POINT('',(-46.5,53.035444967778,28.5570474677804));
#5309=CARTESIAN_POINT($,(-46.5,53.035444967778,28.5570474677804));
#5310=CARTESIAN_POINT('',(-46.5,52.3001472365643,27.8793032339757));
#5311=CARTESIAN_POINT($,(-46.5,52.3001472365641,27.8793032339759));
#5312=CARTESIAN_POINT('',(-46.5,49.5891703014252,30.8204941590142));
#5313=CARTESIAN_POINT($,(-46.5,49.5891703014252,30.8204941590142));
#5314=CARTESIAN_POINT('',(-46.5,50.1406435998887,31.3288023343059));
#5315=CARTESIAN_POINT($,(-46.5,50.1406435998886,31.328802334306));
#5316=CARTESIAN_POINT('',(-46.5,48.1113547861832,33.5304167288017));
#5317=CARTESIAN_POINT($,(-46.5,50.1406435998887,31.3288023343059));
#5318=CARTESIAN_POINT('',(-46.5,48.1452804412904,37.6330834132485));
#5319=CARTESIAN_POINT('Origin',(-46.5,50.3172479800026,35.5636494300587));
#5320=CARTESIAN_POINT('',(-46.5,51.9294369201853,41.9653924955082));
#5321=CARTESIAN_POINT('Origin',(-46.5,5.06504560515708E-011,83.5055367070851));
#5322=CARTESIAN_POINT('',(-46.5,52.575339649632,43.5779167354649));
#5323=CARTESIAN_POINT('Origin',(-46.5,49.5867555553568,43.839383963708));
#5324=CARTESIAN_POINT($,(-46.5,53.8599838580605,58.261467228243));
#5325=CARTESIAN_POINT('Origin',(-43.5,110.,80.));
#5326=CARTESIAN_POINT('',(-43.5,73.8644731016253,15.6525562582054));
#5327=CARTESIAN_POINT($,(-43.5,73.8644731016253,15.6525562582054));
#5328=CARTESIAN_POINT('',(-43.5,52.575339649632,43.5779167354649));
#5329=CARTESIAN_POINT($,(-43.5,53.8599838580605,58.261467228243));
#5330=CARTESIAN_POINT('',(-43.5,51.9294369201853,41.9653924955082));
#5331=CARTESIAN_POINT('Origin',(-43.5,49.5867555553568,43.839383963708));
#5332=CARTESIAN_POINT('',(-43.5,48.1452804412904,37.6330834132485));
#5333=CARTESIAN_POINT('Origin',(-43.5,5.06504560515708E-011,83.5055367070851));
#5334=CARTESIAN_POINT('',(-43.5,48.1113547861832,33.5304167288017));
#5335=CARTESIAN_POINT('Origin',(-43.5,50.3172479800026,35.5636494300587));
#5336=CARTESIAN_POINT('',(-43.5,50.1406435998888,31.3288023343059));
#5337=CARTESIAN_POINT($,(-43.5,48.1113547861831,33.5304167288017));
#5338=CARTESIAN_POINT('',(-43.5,49.5891703014252,30.8204941590142));
#5339=CARTESIAN_POINT($,(-43.5,50.1406435998887,31.328802334306));
#5340=CARTESIAN_POINT('',(-43.5,52.3001472365643,27.8793032339758));
#5341=CARTESIAN_POINT($,(-43.5,49.5891703014252,30.8204941590142));
#5342=CARTESIAN_POINT('',(-43.5,53.035444967778,28.5570474677805));
#5343=CARTESIAN_POINT($,(-43.5,52.3001472365642,27.8793032339759));
#5344=CARTESIAN_POINT('',(-43.5,56.4241661365902,24.8805588114762));
#5345=CARTESIAN_POINT($,(-43.5,53.035444967778,28.5570474677805));
#5346=CARTESIAN_POINT('',(-43.5,53.8506240771784,22.5084539932855));
#5347=CARTESIAN_POINT($,(-43.5,56.4241661365901,24.8805588114763));
#5348=CARTESIAN_POINT('',(-43.5,50.4619029083663,26.1849426495896));
#5349=CARTESIAN_POINT($,(-43.5,53.8506240771784,22.5084539932855));
#5350=CARTESIAN_POINT('',(-43.5,51.1972006396718,26.8626868833544));
#5351=CARTESIAN_POINT($,(-43.5,50.461902908366,26.1849426495899));
#5352=CARTESIAN_POINT('',(-43.5,48.4862237046245,29.8038778083531));
#5353=CARTESIAN_POINT($,(-43.5,51.1972006396718,26.8626868833544));
#5354=CARTESIAN_POINT('',(-43.5,47.934750406203,29.2955696331549));
#5355=CARTESIAN_POINT($,(-43.5,48.4862237046244,29.8038778083532));
#5356=CARTESIAN_POINT('',(-43.5,45.9059735164378,31.4966286314383));
#5357=CARTESIAN_POINT($,(-43.5,47.934750406203,29.2955696331549));
#5358=CARTESIAN_POINT('',(-43.5,41.8137459202419,31.7961502082826));
#5359=CARTESIAN_POINT('Origin',(-43.5,43.7000803226648,29.4633959301308));
#5360=CARTESIAN_POINT('',(-43.5,35.4028776978371,27.2126752531102));
#5361=CARTESIAN_POINT('Origin',(-43.5,5.06504560515708E-011,83.5055367070851));
#5362=CARTESIAN_POINT('Origin',(-43.5,37.,24.673147668709));
#5363=CARTESIAN_POINT('',(-43.5,74.,15.2));
#5364=CARTESIAN_POINT($,(-43.5,34.,15.2));
#5365=CARTESIAN_POINT('',(-43.5,74.,15.4299516908269));
#5366=CARTESIAN_POINT($,(-43.5,74.,15.2));
#5367=CARTESIAN_POINT($,(-43.5,73.8644731016253,15.6525562582054));
#5368=CARTESIAN_POINT('Origin',(-43.5,74.,15.2));
#5369=CARTESIAN_POINT($,(-46.5,73.8644731016252,15.6525562582055));
#5370=CARTESIAN_POINT('Origin',(-46.5,56.3909188761919,87.1901868603748));
#5371=CARTESIAN_POINT($,(-43.5,52.575339649632,43.5779167354649));
#5372=CARTESIAN_POINT('Origin',(-40.3,34.,15.2));
#5373=CARTESIAN_POINT('Origin',(-40.3,-74.,15.2));
#5374=CARTESIAN_POINT('Origin',(-40.3,34.,15.2));
#5375=CARTESIAN_POINT('Origin',(-40.3,-74.,15.2));
#5376=CARTESIAN_POINT('Origin',(-46.5,37.,24.673147668709));
#5377=CARTESIAN_POINT($,(-43.5,35.4028776978371,27.2126752531102));
#5378=CARTESIAN_POINT('Origin',(-46.5,49.5867555553568,43.839383963708));
#5379=CARTESIAN_POINT($,(-43.5,51.9294369201853,41.9653924955082));
#5380=CARTESIAN_POINT('Origin',(-46.5,5.06504560515708E-011,83.5055367070851));
#5381=CARTESIAN_POINT($,(-43.5,48.1452804412904,37.6330834132485));
#5382=CARTESIAN_POINT('Origin',(-46.5,50.3172479800026,35.5636494300587));
#5383=CARTESIAN_POINT($,(-43.5,48.1113547861832,33.5304167288017));
#5384=CARTESIAN_POINT('Origin',(-46.5,52.1354265736902,29.164623988003));
#5385=CARTESIAN_POINT($,(-43.5,50.1406435998887,31.3288023343059));
#5386=CARTESIAN_POINT('Origin',(-46.5,108.00521702786,84.6641783446303));
#5387=CARTESIAN_POINT($,(-43.5,49.5891703014252,30.8204941590142));
#5388=CARTESIAN_POINT('Origin',(-46.5,51.5839532770894,28.6563158108337));
#5389=CARTESIAN_POINT($,(-43.5,52.3001472365643,27.8793032339757));
#5390=CARTESIAN_POINT('Origin',(-46.5,110.716193957045,81.7229874258494));
#5391=CARTESIAN_POINT($,(-43.5,53.035444967778,28.5570474677804));
#5392=CARTESIAN_POINT('Origin',(-46.5,52.3192510074306,29.3340600456119));
#5393=CARTESIAN_POINT($,(-43.5,56.4241661365902,24.8805588114762));
#5394=CARTESIAN_POINT('Origin',(-46.5,114.104915128921,78.0464987661665));
#5395=CARTESIAN_POINT($,(-43.5,53.8506240771784,22.5084539932855));
#5396=CARTESIAN_POINT('Origin',(-46.5,49.7457089480073,26.9619552274337));
#5397=CARTESIAN_POINT($,(-43.5,50.4619029083663,26.1849426495896));
#5398=CARTESIAN_POINT('Origin',(-46.5,110.716193961919,81.7229874204185));
#5399=CARTESIAN_POINT($,(-43.5,51.1972006396718,26.8626868833544));
#5400=CARTESIAN_POINT('Origin',(-46.5,50.4810066796789,27.6396994607901));
#5401=CARTESIAN_POINT($,(-43.5,48.4862237046245,29.8038778083531));
#5402=CARTESIAN_POINT('Origin',(-46.5,108.005217031022,84.664178341433));
#5403=CARTESIAN_POINT($,(-43.5,47.934750406203,29.2955696331549));
#5404=CARTESIAN_POINT('Origin',(-46.5,49.9295333813115,27.1313912855333));
#5405=CARTESIAN_POINT($,(-43.5,45.9059735164378,31.4966286314383));
#5406=CARTESIAN_POINT('Origin',(-46.5,43.7000803226648,29.4633959301308));
#5407=CARTESIAN_POINT($,(-43.5,41.8137459202419,31.7961502082825));
#5408=CARTESIAN_POINT('Origin',(-46.5,5.06504560515708E-011,83.5055367070851));
#5409=CARTESIAN_POINT('Origin',(-46.5,55.0546232541735,46.5479618047183));
#5410=CARTESIAN_POINT($,(-46.5,74.,15.4299516908268));
#5411=CARTESIAN_POINT('Origin',(-40.3,34.,15.2));
#5412=CARTESIAN_POINT('Origin',(-40.3,74.,15.2));
#5413=CARTESIAN_POINT('Origin',(-40.3,34.,15.2));
#5414=CARTESIAN_POINT('Origin',(-40.3,74.,15.2));
#5415=CARTESIAN_POINT('Origin',(-46.5,-74.,3.46944695195362E-015));
#5416=CARTESIAN_POINT('Origin',(-40.3,74.,6.2));
#5417=CARTESIAN_POINT('',(43.5,74.,15.2));
#5418=CARTESIAN_POINT('Origin',(40.3,74.,15.2));
#5419=CARTESIAN_POINT('',(43.5,74.,63.));
#5420=CARTESIAN_POINT($,(43.5,74.,63.));
#5421=CARTESIAN_POINT('',(46.5,74.,63.));
#5422=CARTESIAN_POINT($,(46.5,74.,63.));
#5423=CARTESIAN_POINT('',(46.5,74.,15.2));
#5424=CARTESIAN_POINT($,(46.5,74.,15.2));
#5425=CARTESIAN_POINT('Origin',(40.3,74.,15.2));
#5426=CARTESIAN_POINT('Origin',(-62.7120077776873,-13.5,40.7283794691738));
#5427=CARTESIAN_POINT($,(-62.7120077776873,-8.5,40.7283794691738));
#5428=CARTESIAN_POINT('',(-58.8869386408125,13.5,30.2190877454351));
#5429=CARTESIAN_POINT($,(-58.8869386408126,13.5,30.2190877454351));
#5430=CARTESIAN_POINT('',(-58.8869386408125,-13.5,30.2190877454351));
#5431=CARTESIAN_POINT($,(-58.8869386408125,-13.5,30.2190877454351));
#5432=CARTESIAN_POINT($,(-58.8869386408126,-13.5,30.2190877454351));
#5433=CARTESIAN_POINT('Origin',(-59.8929298951742,-13.5,41.7544398437745));
#5434=CARTESIAN_POINT('',(-56.0678607582995,13.5,31.2451481200358));
#5435=CARTESIAN_POINT($,(-56.0678607582995,13.5,31.2451481200358));
#5436=CARTESIAN_POINT($,(-59.8929298951742,-8.5,41.7544398437745));
#5437=CARTESIAN_POINT('',(-56.0678607582995,-13.5,31.2451481200358));
#5438=CARTESIAN_POINT($,(-56.0678607582995,-13.5,31.2451481200358));
#5439=CARTESIAN_POINT($,(-56.0678607582995,-13.5,31.2451481200358));
#5440=CARTESIAN_POINT('Origin',(-59.8929298951742,-13.5,41.7544398437745));
#5441=CARTESIAN_POINT('Origin',(-49.7,13.5,3.));
#5442=CARTESIAN_POINT('',(-55.7175479206577,13.5,29.6649889508966));
#5443=CARTESIAN_POINT('Origin',(-61.8939550488265,13.5,29.1246233458611));
#5444=CARTESIAN_POINT('',(-54.4276249231813,13.5,14.9211016232075));
#5445=CARTESIAN_POINT($,(-54.4276249231813,13.5,14.9211016232075));
#5446=CARTESIAN_POINT('Origin',(-51.2398018892877,13.5,15.2));
#5447=CARTESIAN_POINT('',(-57.4162090174566,13.5,14.6596343949645));
#5448=CARTESIAN_POINT('Origin',(-51.2398018892877,13.5,15.2));
#5449=CARTESIAN_POINT('',(-58.7061320149329,13.5,29.4035217226536));
#5450=CARTESIAN_POINT($,(-57.4162090174566,13.5,14.6596343949645));
#5451=CARTESIAN_POINT('Origin',(-61.8939550488265,13.5,29.1246233458611));
#5452=CARTESIAN_POINT('Origin',(-39.3,-13.5,3.));
#5453=CARTESIAN_POINT('',(-58.7061320149329,-13.5,29.4035217226536));
#5454=CARTESIAN_POINT('Origin',(-61.8939550488265,-13.5,29.1246233458611));
#5455=CARTESIAN_POINT('',(-57.4162090174566,-13.5,14.6596343949645));
#5456=CARTESIAN_POINT($,(-57.4162090174566,-13.5,14.6596343949645));
#5457=CARTESIAN_POINT('Origin',(-51.2398018892877,-13.5,15.2));
#5458=CARTESIAN_POINT('',(-54.4276249231813,-13.5,14.9211016232075));
#5459=CARTESIAN_POINT('Origin',(-51.2398018892877,-13.5,15.2));
#5460=CARTESIAN_POINT('',(-55.7175479206577,-13.5,29.6649889508966));
#5461=CARTESIAN_POINT($,(-54.4276249231813,-13.5,14.9211016232075));
#5462=CARTESIAN_POINT('Origin',(-61.8939550488265,-13.5,29.1246233458611));
#5463=CARTESIAN_POINT('Origin',(-61.8939550488265,-13.5,29.1246233458611));
#5464=CARTESIAN_POINT($,(-58.7061320149329,-13.5,29.4035217226536));
#5465=CARTESIAN_POINT('Origin',(-58.7772724910468,-13.5,30.2166610854792));
#5466=CARTESIAN_POINT($,(-57.4162090174566,-13.5,14.6596343949645));
#5467=CARTESIAN_POINT('Origin',(-51.2398018892877,-13.5,15.2));
#5468=CARTESIAN_POINT('Origin',(-61.8939550488265,-13.5,29.1246233458611));
#5469=CARTESIAN_POINT($,(-55.7175479206577,-13.5,29.6649889508966));
#5470=CARTESIAN_POINT('Origin',(-55.7886883967716,-13.5,30.4781283137222));
#5471=CARTESIAN_POINT($,(-54.4276249231813,-13.5,14.9211016232075));
#5472=CARTESIAN_POINT('Origin',(-51.2398018892877,-13.5,15.2));
#5473=CARTESIAN_POINT('Origin',(14.869847681356,-80.3348476823566,9.));
#5474=CARTESIAN_POINT('Origin',(-46.5,-74.,3.46944695195362E-015));
#5475=CARTESIAN_POINT('',(46.5,-74.,15.2));
#5476=CARTESIAN_POINT('Origin',(40.3,-74.,15.2));
#5477=CARTESIAN_POINT('',(46.5,-74.,63.));
#5478=CARTESIAN_POINT($,(46.5,-74.,63.));
#5479=CARTESIAN_POINT('',(43.5,-74.,63.));
#5480=CARTESIAN_POINT($,(46.5,-74.,63.));
#5481=CARTESIAN_POINT('',(43.5,-74.,15.2));
#5482=CARTESIAN_POINT($,(43.5,-74.,63.));
#5483=CARTESIAN_POINT('Origin',(40.3,-74.,15.2));
#5484=CARTESIAN_POINT('Origin',(20.0554271655343,18.5,35.7497432830377));
#5485=CARTESIAN_POINT($,(16.9040423558953,18.5,36.3054174515719));
#5486=CARTESIAN_POINT('Origin',(20.0554271655343,18.5,35.7497432830377));
#5487=CARTESIAN_POINT($,(13.9496190968586,18.5,36.8263619845727));
#5488=CARTESIAN_POINT('Origin',(10.173669593606,0.,-1.86442323444944));
#5489=CARTESIAN_POINT($,(12.9927508950519,-18.5,14.123381298465));
#5490=CARTESIAN_POINT($,(13.2354859142804,-4.,15.5));
#5491=CARTESIAN_POINT($,(12.9927508950519,4.,14.123381298465));
#5492=CARTESIAN_POINT('Origin',(7.21924633456936,0.,-1.34347870144865));
#5493=CARTESIAN_POINT($,(10.0383276360153,4.,14.6443258314658));
#5494=CARTESIAN_POINT($,(10.2810626552437,-4.,16.0209445330008));
#5495=CARTESIAN_POINT($,(10.0383276360153,-18.5,14.6443258314658));
#5496=CARTESIAN_POINT('Origin',(6.88694282637621,-4.,15.2));
#5497=CARTESIAN_POINT('Origin',(6.88694282637621,-4.,15.2));
#5498=CARTESIAN_POINT('Origin',(13.2354859142804,0.,15.5));
#5499=CARTESIAN_POINT('Origin',(6.88694282637621,-4.,15.2));
#5500=CARTESIAN_POINT('Origin',(6.88694282637621,-4.,15.2));
#5501=CARTESIAN_POINT('Origin',(46.5,110.,0.));
#5502=CARTESIAN_POINT('',(46.5,-66.5115373151028,54.7741596360571));
#5503=CARTESIAN_POINT('',(46.5,-66.1334855449733,53.557411391309));
#5504=CARTESIAN_POINT('Origin',(46.5,-63.5229532208276,55.0356268643001));
#5505=CARTESIAN_POINT('',(46.5,-67.1665918497506,62.261467228243));
#5506=CARTESIAN_POINT($,(46.5,-67.1665918497507,62.261467228243));
#5507=CARTESIAN_POINT('',(46.5,-70.1551759440259,65.));
#5508=CARTESIAN_POINT('Origin',(46.5,-70.1551759440259,62.));
#5509=CARTESIAN_POINT('',(46.5,-72.,65.));
#5510=CARTESIAN_POINT($,(46.5,-72.,65.));
#5511=CARTESIAN_POINT('Origin',(46.5,-72.,63.));
#5512=CARTESIAN_POINT('',(46.5,-39.,15.2));
#5513=CARTESIAN_POINT($,(46.5,-39.,15.2));
#5514=CARTESIAN_POINT('',(46.5,-39.,24.0951488738372));
#5515=CARTESIAN_POINT($,(46.5,-39.,15.2));
#5516=CARTESIAN_POINT('',(46.5,-40.4050632911369,26.6360496776311));
#5517=CARTESIAN_POINT('Origin',(46.5,-42.,24.0951488738372));
#5518=CARTESIAN_POINT('',(46.5,-51.2650194591616,34.8994070967995));
#5519=CARTESIAN_POINT('Origin',(46.5,6.1707583487447E-011,91.0055367070789));
#5520=CARTESIAN_POINT('',(46.5,-55.0544220481855,34.5395940983866));
#5521=CARTESIAN_POINT('Origin',(46.5,-52.940512446024,32.4108888125639));
#5522=CARTESIAN_POINT('',(46.5,-57.1831389439104,32.4256729670182));
#5523=CARTESIAN_POINT($,(46.5,-55.0544220481855,34.5395940983866));
#5524=CARTESIAN_POINT('',(46.5,-57.7116163444286,32.9578492884832));
#5525=CARTESIAN_POINT($,(46.5,-57.1831389439104,32.4256729670182));
#5526=CARTESIAN_POINT('',(46.5,-60.5498900588001,30.1393031521405));
#5527=CARTESIAN_POINT($,(46.5,-57.7116163444287,32.9578492884832));
#5528=CARTESIAN_POINT('',(46.5,-59.8452535246961,29.4297347235943));
#5529=CARTESIAN_POINT($,(46.5,-60.5498900588002,30.1393031521404));
#5530=CARTESIAN_POINT('',(46.5,-63.3930956676707,25.9065520532771));
#5531=CARTESIAN_POINT($,(46.5,-59.8452535246961,29.4297347235943));
#5532=CARTESIAN_POINT('',(46.5,-65.8593235369148,28.3900415533573));
#5533=CARTESIAN_POINT($,(46.5,-63.3930956676707,25.9065520532771));
#5534=CARTESIAN_POINT('',(46.5,-62.3114813939404,31.9132242236743));
#5535=CARTESIAN_POINT($,(46.5,-65.8593235369149,28.3900415533574));
#5536=CARTESIAN_POINT('',(46.5,-61.6068448598729,31.203655795035));
#5537=CARTESIAN_POINT($,(46.5,-62.3114813939403,31.9132242236744));
#5538=CARTESIAN_POINT('',(46.5,-58.7685711455379,34.0222019312845));
#5539=CARTESIAN_POINT($,(46.5,-61.6068448598731,31.2036557950352));
#5540=CARTESIAN_POINT('',(46.5,-59.2970485459609,34.5543782527112));
#5541=CARTESIAN_POINT($,(46.5,-58.7685711455378,34.0222019312846));
#5542=CARTESIAN_POINT('',(46.5,-57.168341408266,36.66828969397));
#5543=CARTESIAN_POINT($,(46.5,-59.2970485459609,34.5543782527112));
#5544=CARTESIAN_POINT('',(46.5,-56.916254167752,40.6414620952603));
#5545=CARTESIAN_POINT('Origin',(46.5,-59.2822510104761,38.7969949797444));
#5546=CARTESIAN_POINT('Origin',(46.5,6.1707583487447E-011,91.0055367070789));
#5547=CARTESIAN_POINT('Origin',(43.5,110.,0.));
#5548=CARTESIAN_POINT('',(43.5,-62.3114813939404,31.9132242236743));
#5549=CARTESIAN_POINT('',(43.5,-61.6068448598729,31.203655795035));
#5550=CARTESIAN_POINT($,(43.5,-62.3114813939403,31.9132242236744));
#5551=CARTESIAN_POINT('',(43.5,-65.8593235369148,28.3900415533573));
#5552=CARTESIAN_POINT($,(43.5,-65.8593235369149,28.3900415533574));
#5553=CARTESIAN_POINT('',(43.5,-63.3930956676707,25.9065520532771));
#5554=CARTESIAN_POINT($,(43.5,-63.3930956676707,25.9065520532771));
#5555=CARTESIAN_POINT('',(43.5,-59.8452535246962,29.4297347235943));
#5556=CARTESIAN_POINT($,(43.5,-59.8452535246961,29.4297347235942));
#5557=CARTESIAN_POINT('',(43.5,-60.5498900588001,30.1393031521405));
#5558=CARTESIAN_POINT($,(43.5,-60.5498900588002,30.1393031521404));
#5559=CARTESIAN_POINT('',(43.5,-57.7116163444286,32.9578492884832));
#5560=CARTESIAN_POINT($,(43.5,-57.7116163444287,32.9578492884832));
#5561=CARTESIAN_POINT('',(43.5,-57.1831389439104,32.4256729670182));
#5562=CARTESIAN_POINT($,(43.5,-57.1831389439104,32.4256729670182));
#5563=CARTESIAN_POINT('',(43.5,-55.0544220481855,34.5395940983866));
#5564=CARTESIAN_POINT($,(43.5,-55.0544220481855,34.5395940983866));
#5565=CARTESIAN_POINT('',(43.5,-51.2650194591616,34.8994070967995));
#5566=CARTESIAN_POINT('Origin',(43.5,-52.940512446024,32.4108888125639));
#5567=CARTESIAN_POINT('',(43.5,-40.4050632911369,26.6360496776311));
#5568=CARTESIAN_POINT('Origin',(43.5,6.1707583487447E-011,91.0055367070789));
#5569=CARTESIAN_POINT('',(43.5,-39.,24.0951488738372));
#5570=CARTESIAN_POINT('Origin',(43.5,-42.,24.0951488738372));
#5571=CARTESIAN_POINT('',(43.5,-39.,15.2));
#5572=CARTESIAN_POINT($,(43.5,-39.,24.0951488738372));
#5573=CARTESIAN_POINT($,(43.5,-39.,15.2));
#5574=CARTESIAN_POINT('',(43.5,-72.,65.));
#5575=CARTESIAN_POINT('Origin',(43.5,-72.,63.));
#5576=CARTESIAN_POINT('',(43.5,-70.1551759440259,65.));
#5577=CARTESIAN_POINT($,(43.5,-72.,65.));
#5578=CARTESIAN_POINT('',(43.5,-67.1665918497506,62.261467228243));
#5579=CARTESIAN_POINT('Origin',(43.5,-70.1551759440259,62.));
#5580=CARTESIAN_POINT('',(43.5,-66.5115373151028,54.7741596360571));
#5581=CARTESIAN_POINT($,(43.5,-67.1665918497507,62.261467228243));
#5582=CARTESIAN_POINT('',(43.5,-66.1334855449733,53.557411391309));
#5583=CARTESIAN_POINT('Origin',(43.5,-63.5229532208276,55.0356268643001));
#5584=CARTESIAN_POINT('',(43.5,-56.916254167752,40.6414620952603));
#5585=CARTESIAN_POINT('Origin',(43.5,6.1707583487447E-011,91.0055367070789));
#5586=CARTESIAN_POINT('',(43.5,-57.168341408266,36.66828969397));
#5587=CARTESIAN_POINT('Origin',(43.5,-59.2822510104761,38.7969949797444));
#5588=CARTESIAN_POINT('',(43.5,-59.297048545961,34.5543782527112));
#5589=CARTESIAN_POINT($,(43.5,-59.297048545961,34.5543782527111));
#5590=CARTESIAN_POINT('',(43.5,-58.7685711455379,34.0222019312845));
#5591=CARTESIAN_POINT($,(43.5,-58.7685711455378,34.0222019312846));
#5592=CARTESIAN_POINT($,(43.5,-61.6068448598731,31.2036557950352));
#5593=CARTESIAN_POINT('Origin',(43.5,-42.,24.0951488738372));
#5594=CARTESIAN_POINT($,(43.5,-40.4050632911369,26.6360496776311));
#5595=CARTESIAN_POINT($,(46.5,-39.,24.0951488738372));
#5596=CARTESIAN_POINT('Origin',(46.5,39.1995720057346,-70.3083257072638));
#5597=CARTESIAN_POINT($,(43.5,-61.6068448598729,31.203655795035));
#5598=CARTESIAN_POINT($,(43.5,-62.3114813939404,31.9132242236743));
#5599=CARTESIAN_POINT('Origin',(46.5,8.48894659540782,102.221549930063));
#5600=CARTESIAN_POINT($,(43.5,-65.8593235369148,28.3900415533573));
#5601=CARTESIAN_POINT('Origin',(46.5,35.6517298685386,-73.8315083765726));
#5602=CARTESIAN_POINT($,(43.5,-63.3930956676707,25.9065520532771));
#5603=CARTESIAN_POINT('Origin',(46.5,10.9551744646402,99.7380604299706));
#5604=CARTESIAN_POINT($,(43.5,-59.8452535246961,29.4297347235943));
#5605=CARTESIAN_POINT('Origin',(46.5,39.1995720213823,-70.308325704596));
#5606=CARTESIAN_POINT($,(43.5,-60.5498900588001,30.1393031521405));
#5607=CARTESIAN_POINT('Origin',(46.5,10.2505379276359,100.447628858062));
#5608=CARTESIAN_POINT($,(43.5,-57.7116163444286,32.9578492884832));
#5609=CARTESIAN_POINT('Origin',(46.5,42.037845717369,-67.4897795715788));
#5610=CARTESIAN_POINT($,(43.5,-57.1831389439104,32.4256729670182));
#5611=CARTESIAN_POINT('Origin',(46.5,10.7790153337092,99.9154525376611));
#5612=CARTESIAN_POINT($,(43.5,-55.0544220481855,34.5395940983866));
#5613=CARTESIAN_POINT('Origin',(46.5,-52.940512446024,32.4108888125639));
#5614=CARTESIAN_POINT($,(43.5,-51.2650194591616,34.8994070967995));
#5615=CARTESIAN_POINT('Origin',(43.5,6.1707583487447E-011,91.0055367070789));
#5616=CARTESIAN_POINT('Origin',(46.5,-72.,63.));
#5617=CARTESIAN_POINT($,(46.5,-72.,65.));
#5618=CARTESIAN_POINT('Origin',(46.5,-70.1551759440259,65.));
#5619=CARTESIAN_POINT($,(46.5,-70.1551759440259,65.));
#5620=CARTESIAN_POINT('Origin',(46.5,-70.1551759440259,62.));
#5621=CARTESIAN_POINT($,(46.5,-67.1665918497506,62.261467228243));
#5622=CARTESIAN_POINT('Origin',(46.5,-60.4150173775405,-14.9093821151081));
#5623=CARTESIAN_POINT($,(43.5,-66.5115373151028,54.7741596360571));
#5624=CARTESIAN_POINT('Origin',(46.5,-63.5229532208276,55.0356268643001));
#5625=CARTESIAN_POINT($,(43.5,-66.1334855449733,53.557411391309));
#5626=CARTESIAN_POINT('Origin',(43.5,6.1707583487447E-011,91.0055367070789));
#5627=CARTESIAN_POINT($,(43.5,-56.916254167752,40.6414620952603));
#5628=CARTESIAN_POINT('Origin',(46.5,-59.2822510104761,38.7969949797444));
#5629=CARTESIAN_POINT($,(43.5,-57.168341408266,36.66828969397));
#5630=CARTESIAN_POINT('Origin',(46.5,8.66510572779125,102.0441578226));
#5631=CARTESIAN_POINT($,(43.5,-59.2970485459609,34.5543782527112));
#5632=CARTESIAN_POINT('Origin',(46.5,42.0378457081813,-67.4897795734452));
#5633=CARTESIAN_POINT($,(43.5,-58.7685711455379,34.0222019312845));
#5634=CARTESIAN_POINT('Origin',(46.5,9.19358312827079,101.51198150123));
#5635=CARTESIAN_POINT('Origin',(40.3,74.,15.2));
#5636=CARTESIAN_POINT('Origin',(40.3,-39.,15.2));
#5637=CARTESIAN_POINT('Origin',(40.3,74.,15.2));
#5638=CARTESIAN_POINT('Origin',(40.3,-39.,15.2));
#5639=CARTESIAN_POINT('Origin',(43.5,110.,0.));
#5640=CARTESIAN_POINT('',(43.5,57.168341408266,36.66828969397));
#5641=CARTESIAN_POINT('',(43.5,59.2970485459609,34.5543782527112));
#5642=CARTESIAN_POINT($,(43.5,57.1683414082662,36.6682896939702));
#5643=CARTESIAN_POINT('',(43.5,56.916254167712,40.6414620952092));
#5644=CARTESIAN_POINT('Origin',(43.5,59.2822510104761,38.7969949797444));
#5645=CARTESIAN_POINT('',(43.5,66.1334855449733,53.5574113913089));
#5646=CARTESIAN_POINT('Origin',(43.5,-5.08065811644087E-011,91.0055367070854));
#5647=CARTESIAN_POINT('',(43.5,66.5115373151028,54.7741596360571));
#5648=CARTESIAN_POINT('Origin',(43.5,63.5229532208276,55.0356268643001));
#5649=CARTESIAN_POINT('',(43.5,67.1665918497506,62.261467228243));
#5650=CARTESIAN_POINT($,(43.5,66.5115373151028,54.7741596360571));
#5651=CARTESIAN_POINT('',(43.5,70.1551759440259,65.));
#5652=CARTESIAN_POINT('Origin',(43.5,70.1551759440259,62.));
#5653=CARTESIAN_POINT('',(43.5,72.,65.));
#5654=CARTESIAN_POINT($,(43.5,70.1551759440259,65.));
#5655=CARTESIAN_POINT('Origin',(43.5,72.,63.));
#5656=CARTESIAN_POINT('',(43.5,39.,15.2));
#5657=CARTESIAN_POINT($,(43.5,74.,15.2));
#5658=CARTESIAN_POINT('',(43.5,39.,24.0951488738369));
#5659=CARTESIAN_POINT($,(43.5,39.,24.0951488738369));
#5660=CARTESIAN_POINT('',(43.5,40.4050632911373,26.6360496776311));
#5661=CARTESIAN_POINT('Origin',(43.5,42.,24.0951488738369));
#5662=CARTESIAN_POINT('',(43.5,51.2650194591753,34.8994070968087));
#5663=CARTESIAN_POINT('Origin',(43.5,-5.08065811644087E-011,91.0055367070854));
#5664=CARTESIAN_POINT('',(43.5,55.0544220481855,34.5395940983866));
#5665=CARTESIAN_POINT('Origin',(43.5,52.940512446024,32.4108888125639));
#5666=CARTESIAN_POINT('',(43.5,57.1831389439105,32.4256729670182));
#5667=CARTESIAN_POINT($,(43.5,57.1831389439105,32.4256729670182));
#5668=CARTESIAN_POINT('',(43.5,57.7116163444286,32.9578492884832));
#5669=CARTESIAN_POINT($,(43.5,57.7116163444286,32.9578492884832));
#5670=CARTESIAN_POINT('',(43.5,60.5498900588001,30.1393031521405));
#5671=CARTESIAN_POINT($,(43.5,60.5498900588001,30.1393031521405));
#5672=CARTESIAN_POINT('',(43.5,59.8452535246961,29.4297347235943));
#5673=CARTESIAN_POINT($,(43.5,59.8452535246962,29.4297347235942));
#5674=CARTESIAN_POINT('',(43.5,63.3930956676707,25.9065520532771));
#5675=CARTESIAN_POINT($,(43.5,63.3930956676707,25.9065520532771));
#5676=CARTESIAN_POINT('',(43.5,65.8593235369148,28.3900415533573));
#5677=CARTESIAN_POINT($,(43.5,65.8593235369148,28.3900415533573));
#5678=CARTESIAN_POINT('',(43.5,62.3114813939404,31.9132242236743));
#5679=CARTESIAN_POINT($,(43.5,62.3114813939405,31.9132242236744));
#5680=CARTESIAN_POINT('',(43.5,61.6068448598729,31.2036557950349));
#5681=CARTESIAN_POINT($,(43.5,61.6068448598729,31.2036557950349));
#5682=CARTESIAN_POINT('',(43.5,58.7685711455379,34.0222019312845));
#5683=CARTESIAN_POINT($,(43.5,58.768571145538,34.0222019312846));
#5684=CARTESIAN_POINT($,(43.5,59.2970485459609,34.5543782527112));
#5685=CARTESIAN_POINT('Origin',(46.5,110.,0.));
#5686=CARTESIAN_POINT('',(46.5,56.916254167712,40.6414620952092));
#5687=CARTESIAN_POINT('',(46.5,57.168341408266,36.66828969397));
#5688=CARTESIAN_POINT('Origin',(46.5,59.2822510104761,38.7969949797444));
#5689=CARTESIAN_POINT('',(46.5,59.2970485459609,34.5543782527112));
#5690=CARTESIAN_POINT($,(46.5,57.1683414082662,36.6682896939702));
#5691=CARTESIAN_POINT('',(46.5,58.7685711455379,34.0222019312845));
#5692=CARTESIAN_POINT($,(46.5,59.2970485459609,34.5543782527112));
#5693=CARTESIAN_POINT('',(46.5,61.6068448598729,31.2036557950349));
#5694=CARTESIAN_POINT($,(46.5,58.768571145538,34.0222019312846));
#5695=CARTESIAN_POINT('',(46.5,62.3114813939404,31.9132242236743));
#5696=CARTESIAN_POINT($,(46.5,61.6068448598729,31.2036557950349));
#5697=CARTESIAN_POINT('',(46.5,65.8593235369148,28.3900415533573));
#5698=CARTESIAN_POINT($,(46.5,62.3114813939405,31.9132242236744));
#5699=CARTESIAN_POINT('',(46.5,63.3930956676707,25.9065520532771));
#5700=CARTESIAN_POINT($,(46.5,65.8593235369148,28.3900415533573));
#5701=CARTESIAN_POINT('',(46.5,59.8452535246961,29.4297347235943));
#5702=CARTESIAN_POINT($,(46.5,63.3930956676707,25.9065520532771));
#5703=CARTESIAN_POINT('',(46.5,60.5498900588001,30.1393031521405));
#5704=CARTESIAN_POINT($,(46.5,59.8452535246962,29.4297347235942));
#5705=CARTESIAN_POINT('',(46.5,57.7116163444286,32.9578492884832));
#5706=CARTESIAN_POINT($,(46.5,60.5498900588001,30.1393031521405));
#5707=CARTESIAN_POINT('',(46.5,57.1831389439105,32.4256729670182));
#5708=CARTESIAN_POINT($,(46.5,57.7116163444286,32.9578492884832));
#5709=CARTESIAN_POINT('',(46.5,55.0544220481855,34.5395940983866));
#5710=CARTESIAN_POINT($,(46.5,57.1831389439105,32.4256729670182));
#5711=CARTESIAN_POINT('',(46.5,51.2650194591764,34.8994070968097));
#5712=CARTESIAN_POINT('Origin',(46.5,52.940512446024,32.4108888125639));
#5713=CARTESIAN_POINT('',(46.5,40.4050632911373,26.6360496776311));
#5714=CARTESIAN_POINT('Origin',(46.5,-5.08065811644087E-011,91.0055367070854));
#5715=CARTESIAN_POINT('',(46.5,39.,24.0951488738369));
#5716=CARTESIAN_POINT('Origin',(46.5,42.,24.0951488738369));
#5717=CARTESIAN_POINT('',(46.5,39.,15.2));
#5718=CARTESIAN_POINT($,(46.5,39.,24.0951488738369));
#5719=CARTESIAN_POINT($,(46.5,74.,15.2));
#5720=CARTESIAN_POINT('',(46.5,72.,65.));
#5721=CARTESIAN_POINT('Origin',(46.5,72.,63.));
#5722=CARTESIAN_POINT('',(46.5,70.1551759440259,65.));
#5723=CARTESIAN_POINT($,(46.5,70.1551759440259,65.));
#5724=CARTESIAN_POINT('',(46.5,67.1665918497506,62.261467228243));
#5725=CARTESIAN_POINT('Origin',(46.5,70.1551759440259,62.));
#5726=CARTESIAN_POINT('',(46.5,66.5115373151028,54.7741596360571));
#5727=CARTESIAN_POINT($,(46.5,66.5115373151028,54.7741596360571));
#5728=CARTESIAN_POINT('',(46.5,66.1334855449733,53.5574113913089));
#5729=CARTESIAN_POINT('Origin',(46.5,63.5229532208276,55.0356268643001));
#5730=CARTESIAN_POINT('Origin',(46.5,-5.08065811644087E-011,91.0055367070854));
#5731=CARTESIAN_POINT('Origin',(43.5,42.,24.0951488738369));
#5732=CARTESIAN_POINT($,(46.5,39.,24.0951488738369));
#5733=CARTESIAN_POINT($,(43.5,40.4050632911373,26.6360496776311));
#5734=CARTESIAN_POINT('Origin',(46.5,59.2822510104761,38.7969949797444));
#5735=CARTESIAN_POINT($,(43.5,57.168341408266,36.66828969397));
#5736=CARTESIAN_POINT($,(43.5,56.916254167712,40.6414620952092));
#5737=CARTESIAN_POINT('Origin',(46.5,102.102112340036,-7.95316658320724));
#5738=CARTESIAN_POINT($,(43.5,59.2970485459609,34.5543782527112));
#5739=CARTESIAN_POINT('Origin',(46.5,67.1949362005479,42.5075448321985));
#5740=CARTESIAN_POINT($,(43.5,58.7685711455379,34.0222019312845));
#5741=CARTESIAN_POINT('Origin',(46.5,101.573634939556,-8.48534290457764));
#5742=CARTESIAN_POINT($,(43.5,61.6068448598729,31.2036557950349));
#5743=CARTESIAN_POINT('Origin',(46.5,70.0332099186008,39.6889986984888));
#5744=CARTESIAN_POINT($,(43.5,62.3114813939404,31.9132242236743));
#5745=CARTESIAN_POINT('Origin',(46.5,102.278271473987,-7.77577447573349));
#5746=CARTESIAN_POINT($,(43.5,65.8593235369148,28.3900415533573));
#5747=CARTESIAN_POINT('Origin',(46.5,73.581052063143,36.1658160292313));
#5748=CARTESIAN_POINT($,(43.5,63.3930956676707,25.9065520532771));
#5749=CARTESIAN_POINT('Origin',(46.5,99.8120436047549,-10.2592639758257));
#5750=CARTESIAN_POINT($,(43.5,59.8452535246961,29.4297347235943));
#5751=CARTESIAN_POINT('Origin',(46.5,70.0332099230897,39.688998701297));
#5752=CARTESIAN_POINT($,(43.5,60.5498900588001,30.1393031521405));
#5753=CARTESIAN_POINT('Origin',(46.5,100.516680137965,-9.54969554776083));
#5754=CARTESIAN_POINT($,(43.5,57.7116163444286,32.9578492884832));
#5755=CARTESIAN_POINT('Origin',(46.5,67.1949362031883,42.5075448341475));
#5756=CARTESIAN_POINT($,(43.5,57.1831389439105,32.4256729670182));
#5757=CARTESIAN_POINT('Origin',(46.5,99.9882027391479,-10.081871868111));
#5758=CARTESIAN_POINT($,(43.5,55.0544220481855,34.5395940983866));
#5759=CARTESIAN_POINT('Origin',(46.5,52.940512446024,32.4108888125639));
#5760=CARTESIAN_POINT($,(43.5,51.2650194591764,34.8994070968097));
#5761=CARTESIAN_POINT('Origin',(43.5,-5.08065811644087E-011,91.0055367070854));
#5762=CARTESIAN_POINT('Origin',(-40.3,72.,63.));
#5763=CARTESIAN_POINT($,(43.5,72.,65.));
#5764=CARTESIAN_POINT('Origin',(46.5,110.,65.));
#5765=CARTESIAN_POINT($,(46.5,70.1551759440259,65.));
#5766=CARTESIAN_POINT('Origin',(46.5,70.1551759440259,62.));
#5767=CARTESIAN_POINT($,(43.5,67.1665918497506,62.261467228243));
#5768=CARTESIAN_POINT('Origin',(46.5,62.0861645461976,4.1919174282542));
#5769=CARTESIAN_POINT($,(43.5,66.5115373151028,54.7741596360571));
#5770=CARTESIAN_POINT('Origin',(46.5,63.5229532208276,55.0356268643001));
#5771=CARTESIAN_POINT($,(43.5,66.1334855449733,53.5574113913089));
#5772=CARTESIAN_POINT('Origin',(43.5,-5.08065811644087E-011,91.0055367070854));
#5773=CARTESIAN_POINT('Origin',(40.3,74.,15.2));
#5774=CARTESIAN_POINT('Origin',(40.3,39.,15.2));
#5775=CARTESIAN_POINT('Origin',(40.3,74.,15.2));
#5776=CARTESIAN_POINT('Origin',(40.3,39.,15.2));
#5777=CARTESIAN_POINT('Origin',(22.5,-50.,-172.175113266658));
#5778=CARTESIAN_POINT('Origin',(22.5,41.5,-172.175113266658));
#5779=CARTESIAN_POINT('Origin',(-46.5,-39.,9.));
#5780=CARTESIAN_POINT($,(39.5,-39.,12.));
#5781=CARTESIAN_POINT('Origin',(39.5,110.,9.));
#5782=CARTESIAN_POINT('Origin',(39.5,110.,9.));
#5783=CARTESIAN_POINT($,(39.5,39.,12.));
#5784=CARTESIAN_POINT('Origin',(-21.,-50.,-172.175175435763));
#5785=CARTESIAN_POINT('Origin',(-21.,50.,-172.175175435763));
#5786=CARTESIAN_POINT('Origin',(5.3,110.,0.));
#5787=CARTESIAN_POINT('Origin',(5.3,110.,0.));
#5788=CARTESIAN_POINT('Origin',(-46.5,39.,9.));
#5789=UNCERTAINTY_MEASURE_WITH_UNIT(LENGTH_MEASURE(0.01),#5791,
'DISTANCE_ACCURACY_VALUE',
'Maximum model space distance between geometric entities at asserted c
onnectivities');
#5790=(
GEOMETRIC_REPRESENTATION_CONTEXT(3)
GLOBAL_UNCERTAINTY_ASSIGNED_CONTEXT((#5789))
GLOBAL_UNIT_ASSIGNED_CONTEXT((#5791,#5794,#5792))
REPRESENTATION_CONTEXT('','3D')
);
#5791=(
LENGTH_UNIT()
NAMED_UNIT(*)
SI_UNIT(.MILLI.,.METRE.)
);
#5792=(
NAMED_UNIT(*)
SI_UNIT($,.STERADIAN.)
SOLID_ANGLE_UNIT()
);
#5793=DIMENSIONAL_EXPONENTS(0.,0.,0.,0.,0.,0.,0.);
#5794=(
CONVERSION_BASED_UNIT('degree',#5796)
NAMED_UNIT(#5793)
PLANE_ANGLE_UNIT()
);
#5795=(
NAMED_UNIT(*)
PLANE_ANGLE_UNIT()
SI_UNIT($,.RADIAN.)
);
#5796=PLANE_ANGLE_MEASURE_WITH_UNIT(PLANE_ANGLE_MEASURE(0.01745329252),
#5795);
#5797=SHAPE_DEFINITION_REPRESENTATION(#5798,#5799);
#5798=PRODUCT_DEFINITION_SHAPE('',$,#5801);
#5799=SHAPE_REPRESENTATION('',(#3541),#5790);
#5800=PRODUCT_DEFINITION_CONTEXT('3D Mechanical Parts',#5804,'design');
#5801=PRODUCT_DEFINITION('ass120726_B4x_Winkel01-06A',
'ass120726_B4x_Winkel01-06A',#5802,#5800);
#5802=PRODUCT_DEFINITION_FORMATION('',$,#5806);
#5803=APPLICATION_PROTOCOL_DEFINITION('international standard',
'automotive_design',2009,#5804);
#5804=APPLICATION_CONTEXT(
'Core Data for Automotive Mechanical Design Process');
#5805=PRODUCT_CONTEXT('3D Mechanical Parts',#5804,'mechanical');
#5806=PRODUCT('ass120726_B4x_Winkel01-06A','ass120726_B4x_Winkel01-06A',
$,(#5805));
#5807=PRESENTATION_STYLE_ASSIGNMENT((#5808));
#5808=SURFACE_STYLE_USAGE(.BOTH.,#5809);
#5809=SURFACE_SIDE_STYLE($,(#5810));
#5810=SURFACE_STYLE_FILL_AREA(#5811);
#5811=FILL_AREA_STYLE($,(#5812));
#5812=FILL_AREA_STYLE_COLOUR($,#5813);
#5813=COLOUR_RGB('',0.643137254901961,0.67843137254902,0.698039215686274);
ENDSEC;
END-ISO-10303-21;
