ISO-10303-21;
HEADER;
FILE_DESCRIPTION((''),'2;1');
FILE_NAME('CC100080','2016-02-11T',('jl66901'),('Deere & Company'),
'PRO/ENGINEER BY PARAMETRIC TECHNOLOGY CORPORATION, 2014310',
'PRO/ENGINEER BY PARAMETRIC TECHNOLOGY CORPORATION, 2014310','');
FILE_SCHEMA(('CONFIG_CONTROL_DESIGN'));
ENDSEC;
DATA;
#1=CARTESIAN_POINT('',(-4.52E2,-2.5E0,2.8E1));
#2=DIRECTION('',(0.E0,-1.E0,0.E0));
#3=DIRECTION('',(-1.E0,0.E0,2.250051996574E-14));
#4=AXIS2_PLACEMENT_3D('',#1,#2,#3);
#6=CARTESIAN_POINT('',(-4.52E2,-2.5E0,2.8E1));
#7=DIRECTION('',(0.E0,-1.E0,0.E0));
#8=DIRECTION('',(1.E0,0.E0,-2.250051996574E-14));
#9=AXIS2_PLACEMENT_3D('',#6,#7,#8);
#11=CARTESIAN_POINT('',(-4.69E2,-2.5E0,2.8E1));
#12=DIRECTION('',(0.E0,-1.E0,0.E0));
#13=DIRECTION('',(-1.E0,0.E0,2.250051996574E-14));
#14=AXIS2_PLACEMENT_3D('',#11,#12,#13);
#16=CARTESIAN_POINT('',(-4.69E2,-2.5E0,2.8E1));
#17=DIRECTION('',(0.E0,-1.E0,0.E0));
#18=DIRECTION('',(1.E0,0.E0,-2.250051996574E-14));
#19=AXIS2_PLACEMENT_3D('',#16,#17,#18);
#21=CARTESIAN_POINT('',(4.52E2,-2.5E0,2.8E1));
#22=DIRECTION('',(0.E0,1.E0,0.E0));
#23=DIRECTION('',(1.E0,0.E0,2.250051996574E-14));
#24=AXIS2_PLACEMENT_3D('',#21,#22,#23);
#26=CARTESIAN_POINT('',(4.52E2,-2.5E0,2.8E1));
#27=DIRECTION('',(0.E0,1.E0,0.E0));
#28=DIRECTION('',(-1.E0,0.E0,-2.250051996574E-14));
#29=AXIS2_PLACEMENT_3D('',#26,#27,#28);
#31=CARTESIAN_POINT('',(4.69E2,-2.5E0,2.8E1));
#32=DIRECTION('',(0.E0,1.E0,0.E0));
#33=DIRECTION('',(1.E0,0.E0,2.250051996574E-14));
#34=AXIS2_PLACEMENT_3D('',#31,#32,#33);
#36=CARTESIAN_POINT('',(4.69E2,-2.5E0,2.8E1));
#37=DIRECTION('',(0.E0,1.E0,0.E0));
#38=DIRECTION('',(-1.E0,0.E0,-2.250051996574E-14));
#39=AXIS2_PLACEMENT_3D('',#36,#37,#38);
#41=CARTESIAN_POINT('',(-1.1535E3,-2.5E0,3.E1));
#42=DIRECTION('',(0.E0,-1.E0,0.E0));
#43=DIRECTION('',(0.E0,0.E0,1.E0));
#44=AXIS2_PLACEMENT_3D('',#41,#42,#43);
#46=CARTESIAN_POINT('',(-1.1535E3,-2.5E0,3.E1));
#47=DIRECTION('',(0.E0,-1.E0,0.E0));
#48=DIRECTION('',(0.E0,0.E0,-1.E0));
#49=AXIS2_PLACEMENT_3D('',#46,#47,#48);
#51=CARTESIAN_POINT('',(1.1535E3,-2.5E0,3.E1));
#52=DIRECTION('',(0.E0,-1.E0,0.E0));
#53=DIRECTION('',(0.E0,0.E0,1.E0));
#54=AXIS2_PLACEMENT_3D('',#51,#52,#53);
#56=CARTESIAN_POINT('',(1.1535E3,-2.5E0,3.E1));
#57=DIRECTION('',(0.E0,-1.E0,0.E0));
#58=DIRECTION('',(7.579122514774E-14,0.E0,-1.E0));
#59=AXIS2_PLACEMENT_3D('',#56,#57,#58);
#61=CARTESIAN_POINT('',(1.1685E3,-2.5E0,4.5E1));
#62=DIRECTION('',(0.E0,-1.E0,0.E0));
#63=DIRECTION('',(1.E0,0.E0,0.E0));
#64=AXIS2_PLACEMENT_3D('',#61,#62,#63);
#66=CARTESIAN_POINT('',(-1.1685E3,-2.5E0,4.5E1));
#67=DIRECTION('',(0.E0,-1.E0,0.E0));
#68=DIRECTION('',(0.E0,0.E0,1.E0));
#69=AXIS2_PLACEMENT_3D('',#66,#67,#68);
#71=DIRECTION('',(1.E0,0.E0,0.E0));
#72=VECTOR('',#71,2.337E3);
#73=CARTESIAN_POINT('',(-1.1685E3,-2.5E0,5.E1));
#74=LINE('',#73,#72);
#75=DIRECTION('',(0.E0,1.E0,0.E0));
#76=VECTOR('',#75,2.5E0);
#77=CARTESIAN_POINT('',(-4.55E2,-2.5E0,2.8E1));
#78=LINE('',#77,#76);
#79=DIRECTION('',(0.E0,1.E0,0.E0));
#80=VECTOR('',#79,2.5E0);
#81=CARTESIAN_POINT('',(-4.49E2,-2.5E0,2.8E1));
#82=LINE('',#81,#80);
#83=CARTESIAN_POINT('',(-4.69E2,0.E0,2.8E1));
#84=DIRECTION('',(0.E0,-1.E0,0.E0));
#85=DIRECTION('',(-1.E0,0.E0,2.250051996574E-14));
#86=AXIS2_PLACEMENT_3D('',#83,#84,#85);
#88=CARTESIAN_POINT('',(-4.69E2,0.E0,2.8E1));
#89=DIRECTION('',(0.E0,-1.E0,0.E0));
#90=DIRECTION('',(1.E0,0.E0,-2.250051996574E-14));
#91=AXIS2_PLACEMENT_3D('',#88,#89,#90);
#93=CARTESIAN_POINT('',(-4.52E2,0.E0,2.8E1));
#94=DIRECTION('',(0.E0,-1.E0,0.E0));
#95=DIRECTION('',(-1.E0,0.E0,2.250051996574E-14));
#96=AXIS2_PLACEMENT_3D('',#93,#94,#95);
#98=CARTESIAN_POINT('',(-4.52E2,0.E0,2.8E1));
#99=DIRECTION('',(0.E0,-1.E0,0.E0));
#100=DIRECTION('',(1.E0,0.E0,-2.250051996574E-14));
#101=AXIS2_PLACEMENT_3D('',#98,#99,#100);
#103=CARTESIAN_POINT('',(4.69E2,0.E0,2.8E1));
#104=DIRECTION('',(0.E0,1.E0,0.E0));
#105=DIRECTION('',(1.E0,0.E0,2.250051996574E-14));
#106=AXIS2_PLACEMENT_3D('',#103,#104,#105);
#108=CARTESIAN_POINT('',(4.69E2,0.E0,2.8E1));
#109=DIRECTION('',(0.E0,1.E0,0.E0));
#110=DIRECTION('',(-1.E0,0.E0,-2.250051996574E-14));
#111=AXIS2_PLACEMENT_3D('',#108,#109,#110);
#113=CARTESIAN_POINT('',(4.52E2,0.E0,2.8E1));
#114=DIRECTION('',(0.E0,1.E0,0.E0));
#115=DIRECTION('',(1.E0,0.E0,2.250051996574E-14));
#116=AXIS2_PLACEMENT_3D('',#113,#114,#115);
#118=CARTESIAN_POINT('',(4.52E2,0.E0,2.8E1));
#119=DIRECTION('',(0.E0,1.E0,0.E0));
#120=DIRECTION('',(-1.E0,0.E0,-2.250051996574E-14));
#121=AXIS2_PLACEMENT_3D('',#118,#119,#120);
#123=CARTESIAN_POINT('',(1.1535E3,0.E0,3.E1));
#124=DIRECTION('',(0.E0,-1.E0,0.E0));
#125=DIRECTION('',(0.E0,0.E0,1.E0));
#126=AXIS2_PLACEMENT_3D('',#123,#124,#125);
#128=CARTESIAN_POINT('',(1.1535E3,0.E0,3.E1));
#129=DIRECTION('',(0.E0,-1.E0,0.E0));
#130=DIRECTION('',(7.579122514774E-14,0.E0,-1.E0));
#131=AXIS2_PLACEMENT_3D('',#128,#129,#130);
#133=CARTESIAN_POINT('',(-1.1535E3,0.E0,3.E1));
#134=DIRECTION('',(0.E0,-1.E0,0.E0));
#135=DIRECTION('',(0.E0,0.E0,1.E0));
#136=AXIS2_PLACEMENT_3D('',#133,#134,#135);
#138=CARTESIAN_POINT('',(-1.1535E3,0.E0,3.E1));
#139=DIRECTION('',(0.E0,-1.E0,0.E0));
#140=DIRECTION('',(0.E0,0.E0,-1.E0));
#141=AXIS2_PLACEMENT_3D('',#138,#139,#140);
#143=CARTESIAN_POINT('',(1.1685E3,0.E0,4.5E1));
#144=DIRECTION('',(0.E0,1.E0,0.E0));
#145=DIRECTION('',(0.E0,0.E0,1.E0));
#146=AXIS2_PLACEMENT_3D('',#143,#144,#145);
#148=DIRECTION('',(1.E0,0.E0,0.E0));
#149=VECTOR('',#148,2.337E3);
#150=CARTESIAN_POINT('',(-1.1685E3,0.E0,5.E1));
#151=LINE('',#150,#149);
#152=CARTESIAN_POINT('',(-1.1685E3,0.E0,4.5E1));
#153=DIRECTION('',(0.E0,1.E0,0.E0));
#154=DIRECTION('',(-1.E0,0.E0,0.E0));
#155=AXIS2_PLACEMENT_3D('',#152,#153,#154);
#157=DIRECTION('',(0.E0,1.E0,0.E0));
#158=VECTOR('',#157,2.5E0);
#159=CARTESIAN_POINT('',(-4.72E2,-2.5E0,2.8E1));
#160=LINE('',#159,#158);
#161=DIRECTION('',(0.E0,1.E0,0.E0));
#162=VECTOR('',#161,2.5E0);
#163=CARTESIAN_POINT('',(-4.66E2,-2.5E0,2.8E1));
#164=LINE('',#163,#162);
#165=DIRECTION('',(0.E0,1.E0,0.E0));
#166=VECTOR('',#165,2.5E0);
#167=CARTESIAN_POINT('',(4.66E2,-2.5E0,2.8E1));
#168=LINE('',#167,#166);
#169=DIRECTION('',(0.E0,1.E0,0.E0));
#170=VECTOR('',#169,2.5E0);
#171=CARTESIAN_POINT('',(4.72E2,-2.5E0,2.8E1));
#172=LINE('',#171,#170);
#173=DIRECTION('',(0.E0,1.E0,0.E0));
#174=VECTOR('',#173,2.5E0);
#175=CARTESIAN_POINT('',(4.49E2,-2.5E0,2.8E1));
#176=LINE('',#175,#174);
#177=DIRECTION('',(0.E0,1.E0,0.E0));
#178=VECTOR('',#177,2.5E0);
#179=CARTESIAN_POINT('',(4.55E2,-2.5E0,2.8E1));
#180=LINE('',#179,#178);
#181=DIRECTION('',(-9.094947017729E-14,1.E0,0.E0));
#182=VECTOR('',#181,2.5E0);
#183=CARTESIAN_POINT('',(1.1535E3,-2.5E0,3.6E1));
#184=LINE('',#183,#182);
#185=DIRECTION('',(9.094947017729E-14,1.E0,0.E0));
#186=VECTOR('',#185,2.5E0);
#187=CARTESIAN_POINT('',(1.1535E3,-2.5E0,2.4E1));
#188=LINE('',#187,#186);
#189=DIRECTION('',(0.E0,1.E0,0.E0));
#190=VECTOR('',#189,2.5E0);
#191=CARTESIAN_POINT('',(-1.1535E3,-2.5E0,3.6E1));
#192=LINE('',#191,#190);
#193=DIRECTION('',(0.E0,1.E0,0.E0));
#194=VECTOR('',#193,2.5E0);
#195=CARTESIAN_POINT('',(-1.1535E3,-2.5E0,2.4E1));
#196=LINE('',#195,#194);
#197=DIRECTION('',(0.E0,1.E0,0.E0));
#198=VECTOR('',#197,2.5E0);
#199=CARTESIAN_POINT('',(1.1735E3,-2.5E0,4.5E1));
#200=LINE('',#199,#198);
#201=DIRECTION('',(0.E0,0.E0,-1.E0));
#202=VECTOR('',#201,4.2E1);
#203=CARTESIAN_POINT('',(1.1735E3,0.E0,4.5E1));
#204=LINE('',#203,#202);
#205=DIRECTION('',(0.E0,-1.E0,0.E0));
#206=VECTOR('',#205,2.5E0);
#207=CARTESIAN_POINT('',(1.1735E3,0.E0,3.E0));
#208=LINE('',#207,#206);
#209=DIRECTION('',(0.E0,0.E0,-1.E0));
#210=VECTOR('',#209,4.2E1);
#211=CARTESIAN_POINT('',(1.1735E3,-2.5E0,4.5E1));
#212=LINE('',#211,#210);
#213=CARTESIAN_POINT('',(1.1735E3,3.E0,3.E0));
#214=DIRECTION('',(1.E0,0.E0,0.E0));
#215=DIRECTION('',(0.E0,-1.E0,0.E0));
#216=AXIS2_PLACEMENT_3D('',#213,#214,#215);
#218=DIRECTION('',(0.E0,0.E0,-1.E0));
#219=VECTOR('',#218,2.5E0);
#220=CARTESIAN_POINT('',(1.1735E3,3.E0,0.E0));
#221=LINE('',#220,#219);
#222=CARTESIAN_POINT('',(1.1735E3,3.E0,3.E0));
#223=DIRECTION('',(1.E0,0.E0,0.E0));
#224=DIRECTION('',(0.E0,-1.E0,0.E0));
#225=AXIS2_PLACEMENT_3D('',#222,#223,#224);
#227=DIRECTION('',(1.E0,0.E0,0.E0));
#228=VECTOR('',#227,2.347E3);
#229=CARTESIAN_POINT('',(-1.1735E3,0.E0,3.E0));
#230=LINE('',#229,#228);
#231=CARTESIAN_POINT('',(-1.1735E3,3.E0,3.E0));
#232=DIRECTION('',(1.E0,0.E0,0.E0));
#233=DIRECTION('',(0.E0,-1.E0,0.E0));
#234=AXIS2_PLACEMENT_3D('',#231,#232,#233);
#236=DIRECTION('',(0.E0,-1.E0,0.E0));
#237=VECTOR('',#236,2.5E0);
#238=CARTESIAN_POINT('',(-1.1735E3,0.E0,3.E0));
#239=LINE('',#238,#237);
#240=CARTESIAN_POINT('',(-1.1735E3,3.E0,3.E0));
#241=DIRECTION('',(1.E0,0.E0,0.E0));
#242=DIRECTION('',(0.E0,-1.E0,0.E0));
#243=AXIS2_PLACEMENT_3D('',#240,#241,#242);
#245=DIRECTION('',(0.E0,1.E0,-1.193711796077E-13));
#246=VECTOR('',#245,2.5E0);
#247=CARTESIAN_POINT('',(-1.1735E3,-2.5E0,4.5E1));
#248=LINE('',#247,#246);
#249=DIRECTION('',(0.E0,0.E0,-1.E0));
#250=VECTOR('',#249,4.2E1);
#251=CARTESIAN_POINT('',(-1.1735E3,-2.5E0,4.5E1));
#252=LINE('',#251,#250);
#253=DIRECTION('',(0.E0,0.E0,-1.E0));
#254=VECTOR('',#253,4.2E1);
#255=CARTESIAN_POINT('',(-1.1735E3,0.E0,4.5E1));
#256=LINE('',#255,#254);
#257=DIRECTION('',(0.E0,1.E0,0.E0));
#258=VECTOR('',#257,2.5E0);
#259=CARTESIAN_POINT('',(1.1685E3,-2.5E0,5.E1));
#260=LINE('',#259,#258);
#261=DIRECTION('',(0.E0,1.E0,0.E0));
#262=VECTOR('',#261,2.5E0);
#263=CARTESIAN_POINT('',(-1.1685E3,-2.5E0,5.E1));
#264=LINE('',#263,#262);
#265=DIRECTION('',(1.E0,0.E0,0.E0));
#266=VECTOR('',#265,2.347E3);
#267=CARTESIAN_POINT('',(-1.1735E3,-2.5E0,3.E0));
#268=LINE('',#267,#266);
#269=DIRECTION('',(1.E0,0.E0,0.E0));
#270=VECTOR('',#269,2.347E3);
#271=CARTESIAN_POINT('',(-1.1735E3,3.E0,-2.5E0));
#272=LINE('',#271,#270);
#273=DIRECTION('',(0.E0,1.E0,0.E0));
#274=VECTOR('',#273,1.791412964795E2);
#275=CARTESIAN_POINT('',(-1.1735E3,3.E0,0.E0));
#276=LINE('',#275,#274);
#277=DIRECTION('',(0.E0,0.E0,-1.E0));
#278=VECTOR('',#277,2.5E0);
#279=CARTESIAN_POINT('',(-1.1735E3,3.E0,0.E0));
#280=LINE('',#279,#278);
#281=DIRECTION('',(0.E0,1.E0,0.E0));
#282=VECTOR('',#281,1.791412964795E2);
#283=CARTESIAN_POINT('',(-1.1735E3,3.E0,-2.5E0));
#284=LINE('',#283,#282);
#285=DIRECTION('',(1.E0,0.E0,0.E0));
#286=VECTOR('',#285,2.347E3);
#287=CARTESIAN_POINT('',(-1.1735E3,3.E0,0.E0));
#288=LINE('',#287,#286);
#289=DIRECTION('',(1.E0,0.E0,0.E0));
#290=VECTOR('',#289,2.347E3);
#291=CARTESIAN_POINT('',(-1.1735E3,1.821412964795E2,0.E0));
#292=LINE('',#291,#290);
#293=CARTESIAN_POINT('',(-1.1735E3,1.821412964795E2,-4.1E0));
#294=DIRECTION('',(-1.E0,0.E0,0.E0));
#295=DIRECTION('',(0.E0,0.E0,1.E0));
#296=AXIS2_PLACEMENT_3D('',#293,#294,#295);
#298=DIRECTION('',(0.E0,0.E0,-1.E0));
#299=VECTOR('',#298,2.5E0);
#300=CARTESIAN_POINT('',(-1.1735E3,1.821412964795E2,0.E0));
#301=LINE('',#300,#299);
#302=CARTESIAN_POINT('',(-1.1735E3,1.821412964795E2,-4.1E0));
#303=DIRECTION('',(-1.E0,0.E0,0.E0));
#304=DIRECTION('',(0.E0,0.E0,1.E0));
#305=AXIS2_PLACEMENT_3D('',#302,#303,#304);
#307=DIRECTION('',(1.E0,0.E0,0.E0));
#308=VECTOR('',#307,2.347E3);
#309=CARTESIAN_POINT('',(-1.1735E3,1.821412964795E2,-2.5E0));
#310=LINE('',#309,#308);
#311=CARTESIAN_POINT('',(1.1735E3,1.821412964795E2,-4.1E0));
#312=DIRECTION('',(-1.E0,0.E0,0.E0));
#313=DIRECTION('',(0.E0,0.E0,1.E0));
#314=AXIS2_PLACEMENT_3D('',#311,#312,#313);
#316=DIRECTION('',(0.E0,-1.736481776669E-1,-9.848077530122E-1));
#317=VECTOR('',#316,2.5E0);
#318=CARTESIAN_POINT('',(1.1735E3,1.828532540080E2,-6.228821264995E-2));
#319=LINE('',#318,#317);
#320=CARTESIAN_POINT('',(1.1735E3,1.821412964795E2,-4.1E0));
#321=DIRECTION('',(-1.E0,0.E0,0.E0));
#322=DIRECTION('',(0.E0,0.E0,1.E0));
#323=AXIS2_PLACEMENT_3D('',#320,#321,#322);
#325=DIRECTION('',(0.E0,9.848077530122E-1,-1.736481776669E-1));
#326=VECTOR('',#325,8.277416048551E1);
#327=CARTESIAN_POINT('',(1.1735E3,1.828532540080E2,-6.228821264995E-2));
#328=LINE('',#327,#326);
#329=DIRECTION('',(0.E0,-1.736481776669E-1,-9.848077530122E-1));
#330=VECTOR('',#329,2.5E0);
#331=CARTESIAN_POINT('',(1.1735E3,2.643698890032E2,-1.443587033887E1));
#332=LINE('',#331,#330);
#333=DIRECTION('',(0.E0,9.848077530122E-1,-1.736481776669E-1));
#334=VECTOR('',#333,8.277416048551E1);
#335=CARTESIAN_POINT('',(1.1735E3,1.824191335638E2,-2.524307595180E0));
#336=LINE('',#335,#334);
#337=DIRECTION('',(1.E0,0.E0,0.E0));
#338=VECTOR('',#337,2.347E3);
#339=CARTESIAN_POINT('',(-1.1735E3,1.828532540080E2,-6.228821264995E-2));
#340=LINE('',#339,#338);
#341=DIRECTION('',(0.E0,9.848077530122E-1,-1.736481776669E-1));
#342=VECTOR('',#341,8.277416048551E1);
#343=CARTESIAN_POINT('',(-1.1735E3,1.828532540080E2,-6.228821264995E-2));
#344=LINE('',#343,#342);
#345=DIRECTION('',(0.E0,-1.736481776669E-1,-9.848077530122E-1));
#346=VECTOR('',#345,2.5E0);
#347=CARTESIAN_POINT('',(-1.1735E3,1.828532540080E2,-6.228821264995E-2));
#348=LINE('',#347,#346);
#349=DIRECTION('',(0.E0,9.848077530122E-1,-1.736481776669E-1));
#350=VECTOR('',#349,8.277416048551E1);
#351=CARTESIAN_POINT('',(-1.1735E3,1.824191335638E2,-2.524307595180E0));
#352=LINE('',#351,#350);
#353=DIRECTION('',(1.E0,0.E0,0.E0));
#354=VECTOR('',#353,2.347E3);
#355=CARTESIAN_POINT('',(-1.1735E3,1.824191335638E2,-2.524307595180E0));
#356=LINE('',#355,#354);
#357=DIRECTION('',(1.E0,0.E0,0.E0));
#358=VECTOR('',#357,2.347E3);
#359=CARTESIAN_POINT('',(-1.1735E3,2.639357685590E2,-1.689788972140E1));
#360=LINE('',#359,#358);
#361=CARTESIAN_POINT('',(-1.1735E3,2.636579314747E2,-1.847358212622E1));
#362=DIRECTION('',(-1.E0,0.E0,0.E0));
#363=DIRECTION('',(0.E0,1.736481776669E-1,9.848077530122E-1));
#364=AXIS2_PLACEMENT_3D('',#361,#362,#363);
#366=DIRECTION('',(0.E0,-1.736481776669E-1,-9.848077530122E-1));
#367=VECTOR('',#366,2.5E0);
#368=CARTESIAN_POINT('',(-1.1735E3,2.643698890032E2,-1.443587033887E1));
#369=LINE('',#368,#367);
#370=CARTESIAN_POINT('',(-1.1735E3,2.636579314747E2,-1.847358212622E1));
#371=DIRECTION('',(-1.E0,0.E0,0.E0));
#372=DIRECTION('',(0.E0,1.736481776669E-1,9.848077530122E-1));
#373=AXIS2_PLACEMENT_3D('',#370,#371,#372);
#375=DIRECTION('',(1.E0,0.E0,0.E0));
#376=VECTOR('',#375,2.347E3);
#377=CARTESIAN_POINT('',(-1.1735E3,2.643698890032E2,-1.443587033887E1));
#378=LINE('',#377,#376);
#379=DIRECTION('',(1.E0,0.E0,0.E0));
#380=VECTOR('',#379,2.347E3);
#381=CARTESIAN_POINT('',(-1.1735E3,2.652599291016E2,-1.469951222706E1));
#382=LINE('',#381,#380);
#383=DIRECTION('',(0.E0,9.205048534524E-1,-3.907311284893E-1));
#384=VECTOR('',#383,8.506572801193E1);
#385=CARTESIAN_POINT('',(-1.1735E3,2.652599291016E2,-1.469951222706E1));
#386=LINE('',#385,#384);
#387=DIRECTION('',(0.E0,-3.907311284893E-1,-9.205048534524E-1));
#388=VECTOR('',#387,2.5E0);
#389=CARTESIAN_POINT('',(-1.1735E3,2.652599291016E2,-1.469951222706E1));
#390=LINE('',#389,#388);
#391=DIRECTION('',(0.E0,9.205048534524E-1,-3.907311284893E-1));
#392=VECTOR('',#391,8.506572801193E1);
#393=CARTESIAN_POINT('',(-1.1735E3,2.642831012803E2,-1.700077436069E1));
#394=LINE('',#393,#392);
#395=DIRECTION('',(1.E0,0.E0,0.E0));
#396=VECTOR('',#395,2.347E3);
#397=CARTESIAN_POINT('',(-1.1735E3,2.642831012803E2,-1.700077436069E1));
#398=LINE('',#397,#396);
#399=DIRECTION('',(0.E0,9.205048534524E-1,-3.907311284893E-1));
#400=VECTOR('',#399,8.506572801193E1);
#401=CARTESIAN_POINT('',(1.1735E3,2.652599291016E2,-1.469951222706E1));
#402=LINE('',#401,#400);
#403=DIRECTION('',(0.E0,-3.907311284893E-1,-9.205048534524E-1));
#404=VECTOR('',#403,2.5E0);
#405=CARTESIAN_POINT('',(1.1735E3,3.435633445990E2,-4.793734012892E1));
#406=LINE('',#405,#404);
#407=DIRECTION('',(0.E0,9.205048534524E-1,-3.907311284893E-1));
#408=VECTOR('',#407,8.506572801193E1);
#409=CARTESIAN_POINT('',(1.1735E3,2.642831012803E2,-1.700077436069E1));
#410=LINE('',#409,#408);
#411=CARTESIAN_POINT('',(1.1735E3,3.419613469722E2,-5.171141002808E1));
#412=DIRECTION('',(-1.E0,0.E0,0.E0));
#413=DIRECTION('',(0.E0,3.907311284893E-1,9.205048534524E-1));
#414=AXIS2_PLACEMENT_3D('',#411,#412,#413);
#416=DIRECTION('',(0.E0,-5.877852522925E-1,-8.090169943750E-1));
#417=VECTOR('',#416,2.5E0);
#418=CARTESIAN_POINT('',(1.1735E3,3.443712665066E2,-4.839444035114E1));
#419=LINE('',#418,#417);
#420=CARTESIAN_POINT('',(1.1735E3,3.419613469722E2,-5.171141002808E1));
#421=DIRECTION('',(-1.E0,0.E0,0.E0));
#422=DIRECTION('',(0.E0,3.907311284893E-1,9.205048534525E-1));
#423=AXIS2_PLACEMENT_3D('',#420,#421,#422);
#425=DIRECTION('',(1.E0,0.E0,0.E0));
#426=VECTOR('',#425,2.347E3);
#427=CARTESIAN_POINT('',(-1.1735E3,3.435633445990E2,-4.793734012892E1));
#428=LINE('',#427,#426);
#429=CARTESIAN_POINT('',(-1.1735E3,3.419613469722E2,-5.171141002808E1));
#430=DIRECTION('',(-1.E0,0.E0,0.E0));
#431=DIRECTION('',(0.E0,3.907311284893E-1,9.205048534524E-1));
#432=AXIS2_PLACEMENT_3D('',#429,#430,#431);
#434=DIRECTION('',(0.E0,-3.907311284893E-1,-9.205048534524E-1));
#435=VECTOR('',#434,2.5E0);
#436=CARTESIAN_POINT('',(-1.1735E3,3.435633445990E2,-4.793734012892E1));
#437=LINE('',#436,#435);
#438=CARTESIAN_POINT('',(-1.1735E3,3.419613469722E2,-5.171141002808E1));
#439=DIRECTION('',(-1.E0,0.E0,0.E0));
#440=DIRECTION('',(0.E0,3.907311284893E-1,9.205048534525E-1));
#441=AXIS2_PLACEMENT_3D('',#438,#439,#440);
#443=DIRECTION('',(1.E0,0.E0,0.E0));
#444=VECTOR('',#443,2.347E3);
#445=CARTESIAN_POINT('',(-1.1735E3,3.425865167778E2,-5.023860226256E1));
#446=LINE('',#445,#444);
#447=DIRECTION('',(1.E0,0.E0,0.E0));
#448=VECTOR('',#447,2.347E3);
#449=CARTESIAN_POINT('',(-1.1735E3,3.429018033759E2,-5.041698283708E1));
#450=LINE('',#449,#448);
#451=CARTESIAN_POINT('',(-4.69E2,3.879745691087E2,-8.316426399678E1));
#452=DIRECTION('',(0.E0,-5.877852522925E-1,-8.090169943749E-1));
#453=DIRECTION('',(-1.E0,-2.526374171591E-14,1.894780628694E-14));
#454=AXIS2_PLACEMENT_3D('',#451,#452,#453);
#456=DIRECTION('',(0.E0,8.090169943749E-1,-5.877852522925E-1));
#457=VECTOR('',#456,2.05E1);
#458=CARTESIAN_POINT('',(-4.6675E2,3.713897207240E2,-7.111466632479E1));
#459=LINE('',#458,#457);
#460=CARTESIAN_POINT('',(-4.69E2,3.713897207240E2,-7.111466632479E1));
#461=DIRECTION('',(0.E0,-5.877852522925E-1,-8.090169943749E-1));
#462=DIRECTION('',(1.E0,2.526374171591E-14,-1.894780628694E-14));
#463=AXIS2_PLACEMENT_3D('',#460,#461,#462);
#465=DIRECTION('',(0.E0,-8.090169943749E-1,5.877852522925E-1));
#466=VECTOR('',#465,2.05E1);
#467=CARTESIAN_POINT('',(-4.7125E2,3.879745691087E2,-8.316426399678E1));
#468=LINE('',#467,#466);
#469=CARTESIAN_POINT('',(-4.52E2,3.879745691087E2,-8.316426399678E1));
#470=DIRECTION('',(0.E0,-5.877852522925E-1,-8.090169943749E-1));
#471=DIRECTION('',(-1.E0,-2.526374171591E-14,1.894780628694E-14));
#472=AXIS2_PLACEMENT_3D('',#469,#470,#471);
#474=DIRECTION('',(0.E0,8.090169943749E-1,-5.877852522925E-1));
#475=VECTOR('',#474,2.05E1);
#476=CARTESIAN_POINT('',(-4.4975E2,3.713897207240E2,-7.111466632479E1));
#477=LINE('',#476,#475);
#478=CARTESIAN_POINT('',(-4.52E2,3.713897207240E2,-7.111466632479E1));
#479=DIRECTION('',(0.E0,-5.877852522925E-1,-8.090169943749E-1));
#480=DIRECTION('',(1.E0,2.526374171591E-14,-1.894780628694E-14));
#481=AXIS2_PLACEMENT_3D('',#478,#479,#480);
#483=DIRECTION('',(0.E0,-8.090169943749E-1,5.877852522925E-1));
#484=VECTOR('',#483,2.05E1);
#485=CARTESIAN_POINT('',(-4.5425E2,3.879745691087E2,-8.316426399678E1));
#486=LINE('',#485,#484);
#487=CARTESIAN_POINT('',(4.52E2,3.879745691087E2,-8.316426399678E1));
#488=DIRECTION('',(0.E0,-5.877852522925E-1,-8.090169943749E-1));
#489=DIRECTION('',(-1.E0,-2.526374171591E-14,1.894780628694E-14));
#490=AXIS2_PLACEMENT_3D('',#487,#488,#489);
#492=DIRECTION('',(0.E0,8.090169943749E-1,-5.877852522925E-1));
#493=VECTOR('',#492,2.05E1);
#494=CARTESIAN_POINT('',(4.5425E2,3.713897207240E2,-7.111466632479E1));
#495=LINE('',#494,#493);
#496=CARTESIAN_POINT('',(4.52E2,3.713897207240E2,-7.111466632479E1));
#497=DIRECTION('',(0.E0,-5.877852522925E-1,-8.090169943749E-1));
#498=DIRECTION('',(1.E0,2.526374171591E-14,-1.894780628694E-14));
#499=AXIS2_PLACEMENT_3D('',#496,#497,#498);
#501=DIRECTION('',(0.E0,-8.090169943749E-1,5.877852522925E-1));
#502=VECTOR('',#501,2.05E1);
#503=CARTESIAN_POINT('',(4.4975E2,3.879745691087E2,-8.316426399678E1));
#504=LINE('',#503,#502);
#505=CARTESIAN_POINT('',(4.69E2,3.879745691087E2,-8.316426399678E1));
#506=DIRECTION('',(0.E0,-5.877852522925E-1,-8.090169943749E-1));
#507=DIRECTION('',(-1.E0,-2.526374171591E-14,1.894780628694E-14));
#508=AXIS2_PLACEMENT_3D('',#505,#506,#507);
#510=DIRECTION('',(0.E0,8.090169943749E-1,-5.877852522925E-1));
#511=VECTOR('',#510,2.05E1);
#512=CARTESIAN_POINT('',(4.7125E2,3.713897207240E2,-7.111466632479E1));
#513=LINE('',#512,#511);
#514=CARTESIAN_POINT('',(4.69E2,3.713897207240E2,-7.111466632479E1));
#515=DIRECTION('',(0.E0,-5.877852522925E-1,-8.090169943749E-1));
#516=DIRECTION('',(1.E0,2.526374171591E-14,-1.894780628694E-14));
#517=AXIS2_PLACEMENT_3D('',#514,#515,#516);
#519=DIRECTION('',(0.E0,-8.090169943749E-1,5.877852522925E-1));
#520=VECTOR('',#519,2.05E1);
#521=CARTESIAN_POINT('',(4.6675E2,3.879745691087E2,-8.316426399678E1));
#522=LINE('',#521,#520);
#523=DIRECTION('',(0.E0,8.090169943749E-1,-5.877852522925E-1));
#524=VECTOR('',#523,8.522098506727E1);
#525=CARTESIAN_POINT('',(-1.1735E3,3.443712665066E2,-4.839444035114E1));
#526=LINE('',#525,#524);
#527=DIRECTION('',(0.E0,-5.877852522925E-1,-8.090169943750E-1));
#528=VECTOR('',#527,2.5E0);
#529=CARTESIAN_POINT('',(-1.1735E3,3.443712665066E2,-4.839444035114E1));
#530=LINE('',#529,#528);
#531=DIRECTION('',(0.E0,8.090169943749E-1,-5.877852522925E-1));
#532=VECTOR('',#531,8.522098506727E1);
#533=CARTESIAN_POINT('',(-1.1735E3,3.429018033759E2,-5.041698283708E1));
#534=LINE('',#533,#532);
#535=DIRECTION('',(1.E0,0.E0,0.E0));
#536=VECTOR('',#535,2.347E3);
#537=CARTESIAN_POINT('',(-1.1735E3,3.443712665066E2,-4.839444035114E1));
#538=LINE('',#537,#536);
#539=CARTESIAN_POINT('',(-4.69E2,3.894440322394E2,-8.114172151085E1));
#540=DIRECTION('',(0.E0,-5.877852522925E-1,-8.090169943749E-1));
#541=DIRECTION('',(-1.E0,-2.526374171591E-14,1.894780628694E-14));
#542=AXIS2_PLACEMENT_3D('',#539,#540,#541);
#544=DIRECTION('',(0.E0,-8.090169943749E-1,5.877852522925E-1));
#545=VECTOR('',#544,2.05E1);
#546=CARTESIAN_POINT('',(-4.7125E2,3.894440322394E2,-8.114172151085E1));
#547=LINE('',#546,#545);
#548=CARTESIAN_POINT('',(-4.69E2,3.728591838547E2,-6.909212383885E1));
#549=DIRECTION('',(0.E0,-5.877852522925E-1,-8.090169943749E-1));
#550=DIRECTION('',(1.E0,2.526374171591E-14,-1.894780628694E-14));
#551=AXIS2_PLACEMENT_3D('',#548,#549,#550);
#553=DIRECTION('',(0.E0,8.090169943749E-1,-5.877852522925E-1));
#554=VECTOR('',#553,2.05E1);
#555=CARTESIAN_POINT('',(-4.6675E2,3.728591838547E2,-6.909212383885E1));
#556=LINE('',#555,#554);
#557=CARTESIAN_POINT('',(-4.52E2,3.894440322394E2,-8.114172151085E1));
#558=DIRECTION('',(0.E0,-5.877852522925E-1,-8.090169943749E-1));
#559=DIRECTION('',(-1.E0,-2.526374171591E-14,1.894780628694E-14));
#560=AXIS2_PLACEMENT_3D('',#557,#558,#559);
#562=DIRECTION('',(0.E0,-8.090169943749E-1,5.877852522925E-1));
#563=VECTOR('',#562,2.05E1);
#564=CARTESIAN_POINT('',(-4.5425E2,3.894440322394E2,-8.114172151085E1));
#565=LINE('',#564,#563);
#566=CARTESIAN_POINT('',(-4.52E2,3.728591838547E2,-6.909212383885E1));
#567=DIRECTION('',(0.E0,-5.877852522925E-1,-8.090169943749E-1));
#568=DIRECTION('',(1.E0,2.526374171591E-14,-1.894780628694E-14));
#569=AXIS2_PLACEMENT_3D('',#566,#567,#568);
#571=DIRECTION('',(0.E0,8.090169943749E-1,-5.877852522925E-1));
#572=VECTOR('',#571,2.05E1);
#573=CARTESIAN_POINT('',(-4.4975E2,3.728591838547E2,-6.909212383885E1));
#574=LINE('',#573,#572);
#575=CARTESIAN_POINT('',(4.52E2,3.894440322394E2,-8.114172151085E1));
#576=DIRECTION('',(0.E0,-5.877852522925E-1,-8.090169943749E-1));
#577=DIRECTION('',(-1.E0,-2.526374171591E-14,1.894780628694E-14));
#578=AXIS2_PLACEMENT_3D('',#575,#576,#577);
#580=DIRECTION('',(0.E0,-8.090169943749E-1,5.877852522925E-1));
#581=VECTOR('',#580,2.05E1);
#582=CARTESIAN_POINT('',(4.4975E2,3.894440322394E2,-8.114172151085E1));
#583=LINE('',#582,#581);
#584=CARTESIAN_POINT('',(4.52E2,3.728591838547E2,-6.909212383885E1));
#585=DIRECTION('',(0.E0,-5.877852522925E-1,-8.090169943749E-1));
#586=DIRECTION('',(1.E0,2.526374171591E-14,-1.894780628694E-14));
#587=AXIS2_PLACEMENT_3D('',#584,#585,#586);
#589=DIRECTION('',(0.E0,8.090169943749E-1,-5.877852522925E-1));
#590=VECTOR('',#589,2.05E1);
#591=CARTESIAN_POINT('',(4.5425E2,3.728591838547E2,-6.909212383885E1));
#592=LINE('',#591,#590);
#593=CARTESIAN_POINT('',(4.69E2,3.894440322394E2,-8.114172151085E1));
#594=DIRECTION('',(0.E0,-5.877852522925E-1,-8.090169943749E-1));
#595=DIRECTION('',(-1.E0,-2.526374171591E-14,1.894780628694E-14));
#596=AXIS2_PLACEMENT_3D('',#593,#594,#595);
#598=DIRECTION('',(0.E0,-8.090169943749E-1,5.877852522925E-1));
#599=VECTOR('',#598,2.05E1);
#600=CARTESIAN_POINT('',(4.6675E2,3.894440322394E2,-8.114172151085E1));
#601=LINE('',#600,#599);
#602=CARTESIAN_POINT('',(4.69E2,3.728591838547E2,-6.909212383885E1));
#603=DIRECTION('',(0.E0,-5.877852522925E-1,-8.090169943749E-1));
#604=DIRECTION('',(1.E0,2.526374171591E-14,-1.894780628694E-14));
#605=AXIS2_PLACEMENT_3D('',#602,#603,#604);
#607=DIRECTION('',(0.E0,8.090169943749E-1,-5.877852522925E-1));
#608=VECTOR('',#607,2.05E1);
#609=CARTESIAN_POINT('',(4.7125E2,3.728591838547E2,-6.909212383885E1));
#610=LINE('',#609,#608);
#611=DIRECTION('',(1.E0,0.E0,0.E0));
#612=VECTOR('',#611,2.347E3);
#613=CARTESIAN_POINT('',(-1.1735E3,4.133164917034E2,-9.848607855952E1));
#614=LINE('',#613,#612);
#615=CARTESIAN_POINT('',(-1.1735E3,4.109065721690E2,-1.018030482365E2));
#616=DIRECTION('',(-1.E0,0.E0,0.E0));
#617=DIRECTION('',(0.E0,5.877852522925E-1,8.090169943749E-1));
#618=AXIS2_PLACEMENT_3D('',#615,#616,#617);
#620=DIRECTION('',(0.E0,-5.877852522925E-1,-8.090169943749E-1));
#621=VECTOR('',#620,2.5E0);
#622=CARTESIAN_POINT('',(-1.1735E3,4.133164917034E2,-9.848607855952E1));
#623=LINE('',#622,#621);
#624=CARTESIAN_POINT('',(-1.1735E3,4.109065721690E2,-1.018030482365E2));
#625=DIRECTION('',(-1.E0,0.E0,0.E0));
#626=DIRECTION('',(0.E0,5.877852522925E-1,8.090169943749E-1));
#627=AXIS2_PLACEMENT_3D('',#624,#625,#626);
#629=DIRECTION('',(1.E0,0.E0,0.E0));
#630=VECTOR('',#629,2.347E3);
#631=CARTESIAN_POINT('',(-1.1735E3,4.118470285727E2,-1.005086210455E2));
#632=LINE('',#631,#630);
#633=CARTESIAN_POINT('',(1.1735E3,4.109065721690E2,-1.018030482365E2));
#634=DIRECTION('',(-1.E0,0.E0,0.E0));
#635=DIRECTION('',(0.E0,5.877852522925E-1,8.090169943749E-1));
#636=AXIS2_PLACEMENT_3D('',#633,#634,#635);
#638=DIRECTION('',(0.E0,-7.033947028105E-1,-7.107994738730E-1));
#639=VECTOR('',#638,2.5E0);
#640=CARTESIAN_POINT('',(1.1735E3,4.137904904505E2,-9.888877039358E1));
#641=LINE('',#640,#639);
#642=CARTESIAN_POINT('',(1.1735E3,4.109065721690E2,-1.018030482365E2));
#643=DIRECTION('',(-1.E0,0.E0,0.E0));
#644=DIRECTION('',(0.E0,5.877852522925E-1,8.090169943749E-1));
#645=AXIS2_PLACEMENT_3D('',#642,#643,#644);
#647=DIRECTION('',(0.E0,7.107994738730E-1,-7.033947028105E-1));
#648=VECTOR('',#647,4.173011643692E1);
#649=CARTESIAN_POINT('',(1.1735E3,4.137904904505E2,-9.888877039358E1));
#650=LINE('',#649,#648);
#651=DIRECTION('',(0.E0,7.107994738730E-1,-7.033947028105E-1));
#652=VECTOR('',#651,4.173011643692E1);
#653=CARTESIAN_POINT('',(1.1735E3,4.120320036935E2,-1.006657690783E2));
#654=LINE('',#653,#652);
#655=DIRECTION('',(1.E0,0.E0,0.E0));
#656=VECTOR('',#655,2.347E3);
#657=CARTESIAN_POINT('',(-1.1735E3,4.137904904505E2,-9.888877039358E1));
#658=LINE('',#657,#656);
#659=DIRECTION('',(0.E0,-7.107994738730E-1,7.033947028105E-1));
#660=VECTOR('',#659,1.484394176877E2);
#661=CARTESIAN_POINT('',(-1.1685E3,5.525168926223E2,-2.361699868468E2));
#662=LINE('',#661,#660);
#663=DIRECTION('',(0.E0,7.107994738730E-1,-7.033947028105E-1));
#664=VECTOR('',#663,1.484394176877E2);
#665=CARTESIAN_POINT('',(1.1685E3,4.470062326279E2,-1.317584867570E2));
#666=LINE('',#665,#664);
#667=DIRECTION('',(0.E0,7.107994738730E-1,-7.033947028105E-1));
#668=VECTOR('',#667,4.173011643692E1);
#669=CARTESIAN_POINT('',(-1.1735E3,4.137904904505E2,-9.888877039358E1));
#670=LINE('',#669,#668);
#671=DIRECTION('',(0.E0,-7.033947028105E-1,-7.107994738730E-1));
#672=VECTOR('',#671,2.5E0);
#673=CARTESIAN_POINT('',(-1.1735E3,4.137904904505E2,-9.888877039358E1));
#674=LINE('',#673,#672);
#675=DIRECTION('',(0.E0,7.107994738730E-1,-7.033947028105E-1));
#676=VECTOR('',#675,4.173011643692E1);
#677=CARTESIAN_POINT('',(-1.1735E3,4.120320036935E2,-1.006657690783E2));
#678=LINE('',#677,#676);
#679=DIRECTION('',(0.E0,7.107994738730E-1,-7.033947028105E-1));
#680=VECTOR('',#679,1.484394176877E2);
#681=CARTESIAN_POINT('',(1.1685E3,4.452477458709E2,-1.335354854417E2));
#682=LINE('',#681,#680);
#683=DIRECTION('',(0.E0,-7.107994738730E-1,7.033947028105E-1));
#684=VECTOR('',#683,1.484394176877E2);
#685=CARTESIAN_POINT('',(-1.1685E3,5.507584058653E2,-2.379469855315E2));
#686=LINE('',#685,#684);
#687=DIRECTION('',(1.E0,0.E0,0.E0));
#688=VECTOR('',#687,2.347E3);
#689=CARTESIAN_POINT('',(-1.1735E3,4.120320036935E2,-1.006657690783E2));
#690=LINE('',#689,#688);
#691=CARTESIAN_POINT('',(1.171E3,4.434522352585E2,-1.282415132430E2));
#692=DIRECTION('',(0.E0,7.033947028105E-1,7.107994738730E-1));
#693=DIRECTION('',(1.E0,-2.273736754432E-14,1.136868377216E-14));
#694=AXIS2_PLACEMENT_3D('',#691,#692,#693);
#696=DIRECTION('',(0.E0,7.033947028105E-1,7.107994738730E-1));
#697=VECTOR('',#696,2.5E0);
#698=CARTESIAN_POINT('',(1.171E3,4.434707471862E2,-1.317769986847E2));
#699=LINE('',#698,#697);
#700=CARTESIAN_POINT('',(1.171E3,4.416937485015E2,-1.300185119277E2));
#701=DIRECTION('',(0.E0,-7.033947028105E-1,-7.107994738730E-1));
#702=DIRECTION('',(0.E0,7.107994738730E-1,-7.033947028105E-1));
#703=AXIS2_PLACEMENT_3D('',#700,#701,#702);
#705=DIRECTION('',(0.E0,7.033947028105E-1,7.107994738730E-1));
#706=VECTOR('',#705,2.5E0);
#707=CARTESIAN_POINT('',(1.1735E3,4.416937485015E2,-1.300185119277E2));
#708=LINE('',#707,#706);
#709=CARTESIAN_POINT('',(1.171E3,4.470062326279E2,-1.317584867570E2));
#710=DIRECTION('',(0.E0,-7.033947028105E-1,-7.107994738730E-1));
#711=DIRECTION('',(0.E0,-7.107994738730E-1,7.033947028105E-1));
#712=AXIS2_PLACEMENT_3D('',#709,#710,#711);
#714=DIRECTION('',(0.E0,-7.033947028105E-1,-7.107994738730E-1));
#715=VECTOR('',#714,2.5E0);
#716=CARTESIAN_POINT('',(1.1685E3,4.470062326279E2,-1.317584867570E2));
#717=LINE('',#716,#715);
#718=CARTESIAN_POINT('',(1.171E3,4.452477458709E2,-1.335354854417E2));
#719=DIRECTION('',(0.E0,7.033947028105E-1,7.107994738730E-1));
#720=DIRECTION('',(-1.E0,-2.273736754432E-14,2.273736754432E-14));
#721=AXIS2_PLACEMENT_3D('',#718,#719,#720);
#723=DIRECTION('',(0.E0,-7.033947028105E-1,-7.107994738730E-1));
#724=VECTOR('',#723,2.5E0);
#725=CARTESIAN_POINT('',(1.1685E3,5.525168926223E2,-2.361699868468E2));
#726=LINE('',#725,#724);
#727=CARTESIAN_POINT('',(1.1685E3,5.701017601926E2,-2.184E2));
#728=DIRECTION('',(-1.E0,0.E0,0.E0));
#729=DIRECTION('',(0.E0,4.430711908242E-1,-8.964864303834E-1));
#730=AXIS2_PLACEMENT_3D('',#727,#728,#729);
#732=DIRECTION('',(0.E0,4.430711908241E-1,-8.964864303835E-1));
#733=VECTOR('',#732,2.5E0);
#734=CARTESIAN_POINT('',(1.1685E3,5.811785399632E2,-2.408121607596E2));
#735=LINE('',#734,#733);
#736=CARTESIAN_POINT('',(1.1685E3,5.701017601926E2,-2.184E2));
#737=DIRECTION('',(-1.E0,0.E0,0.E0));
#738=DIRECTION('',(0.E0,4.430711908242E-1,-8.964864303834E-1));
#739=AXIS2_PLACEMENT_3D('',#736,#737,#738);
#741=DIRECTION('',(1.E0,0.E0,0.E0));
#742=VECTOR('',#741,2.337E3);
#743=CARTESIAN_POINT('',(-1.1685E3,5.525168926223E2,-2.361699868468E2));
#744=LINE('',#743,#742);
#745=CARTESIAN_POINT('',(-1.1685E3,5.701017601926E2,-2.184E2));
#746=DIRECTION('',(-1.E0,0.E0,0.E0));
#747=DIRECTION('',(0.E0,4.430711908242E-1,-8.964864303834E-1));
#748=AXIS2_PLACEMENT_3D('',#745,#746,#747);
#750=DIRECTION('',(0.E0,-7.033947028105E-1,-7.107994738730E-1));
#751=VECTOR('',#750,2.5E0);
#752=CARTESIAN_POINT('',(-1.1685E3,5.525168926223E2,-2.361699868468E2));
#753=LINE('',#752,#751);
#754=CARTESIAN_POINT('',(-1.1685E3,5.701017601926E2,-2.184E2));
#755=DIRECTION('',(-1.E0,0.E0,0.E0));
#756=DIRECTION('',(0.E0,4.430711908242E-1,-8.964864303834E-1));
#757=AXIS2_PLACEMENT_3D('',#754,#755,#756);
#759=CARTESIAN_POINT('',(-1.171E3,4.452477458709E2,-1.335354854417E2));
#760=DIRECTION('',(0.E0,7.033947028105E-1,7.107994738730E-1));
#761=DIRECTION('',(0.E0,-7.107994738730E-1,7.033947028105E-1));
#762=AXIS2_PLACEMENT_3D('',#759,#760,#761);
#764=DIRECTION('',(0.E0,-7.033947028105E-1,-7.107994738730E-1));
#765=VECTOR('',#764,2.5E0);
#766=CARTESIAN_POINT('',(-1.1685E3,4.470062326279E2,-1.317584867570E2));
#767=LINE('',#766,#765);
#768=CARTESIAN_POINT('',(-1.171E3,4.470062326279E2,-1.317584867570E2));
#769=DIRECTION('',(0.E0,-7.033947028105E-1,-7.107994738730E-1));
#770=DIRECTION('',(1.E0,-2.273736754432E-14,1.136868377216E-14));
#771=AXIS2_PLACEMENT_3D('',#768,#769,#770);
#773=DIRECTION('',(0.E0,7.033947028105E-1,7.107994738730E-1));
#774=VECTOR('',#773,2.5E0);
#775=CARTESIAN_POINT('',(-1.1735E3,4.416937485015E2,-1.300185119277E2));
#776=LINE('',#775,#774);
#777=CARTESIAN_POINT('',(-1.171E3,4.416937485015E2,-1.300185119277E2));
#778=DIRECTION('',(0.E0,-7.033947028105E-1,-7.107994738730E-1));
#779=DIRECTION('',(-1.E0,-6.821210263297E-14,5.684341886081E-14));
#780=AXIS2_PLACEMENT_3D('',#777,#778,#779);
#782=DIRECTION('',(0.E0,7.033947028105E-1,7.107994738730E-1));
#783=VECTOR('',#782,2.5E0);
#784=CARTESIAN_POINT('',(-1.171E3,4.434707471862E2,-1.317769986847E2));
#785=LINE('',#784,#783);
#786=CARTESIAN_POINT('',(-1.171E3,4.434522352585E2,-1.282415132430E2));
#787=DIRECTION('',(0.E0,7.033947028105E-1,7.107994738730E-1));
#788=DIRECTION('',(0.E0,7.107994738730E-1,-7.033947028105E-1));
#789=AXIS2_PLACEMENT_3D('',#786,#787,#788);
#791=DIRECTION('',(1.E0,0.E0,0.E0));
#792=VECTOR('',#791,2.337E3);
#793=CARTESIAN_POINT('',(-1.1685E3,5.507584058653E2,-2.379469855315E2));
#794=LINE('',#793,#792);
#795=DIRECTION('',(0.E0,8.964864303834E-1,4.430711908242E-1));
#796=VECTOR('',#795,7.3E1);
#797=CARTESIAN_POINT('',(-1.1685E3,5.822862179402E2,-2.430533768355E2));
#798=LINE('',#797,#796);
#799=DIRECTION('',(1.E0,0.E0,0.E0));
#800=VECTOR('',#799,2.337E3);
#801=CARTESIAN_POINT('',(-1.1685E3,5.822862179402E2,-2.430533768355E2));
#802=LINE('',#801,#800);
#803=DIRECTION('',(0.E0,8.964864303834E-1,4.430711908242E-1));
#804=VECTOR('',#803,7.3E1);
#805=CARTESIAN_POINT('',(1.1685E3,5.822862179402E2,-2.430533768355E2));
#806=LINE('',#805,#804);
#807=DIRECTION('',(0.E0,4.430711908241E-1,-8.964864303835E-1));
#808=VECTOR('',#807,2.5E0);
#809=CARTESIAN_POINT('',(-1.1685E3,5.811785399632E2,-2.408121607596E2));
#810=LINE('',#809,#808);
#811=DIRECTION('',(0.E0,8.964864303834E-1,4.430711908242E-1));
#812=VECTOR('',#811,7.3E1);
#813=CARTESIAN_POINT('',(-1.1685E3,5.811785399632E2,-2.408121607596E2));
#814=LINE('',#813,#812);
#815=DIRECTION('',(0.E0,8.964864303834E-1,4.430711908242E-1));
#816=VECTOR('',#815,7.3E1);
#817=CARTESIAN_POINT('',(1.1685E3,5.811785399632E2,-2.408121607596E2));
#818=LINE('',#817,#816);
#819=DIRECTION('',(1.E0,0.E0,0.E0));
#820=VECTOR('',#819,2.337E3);
#821=CARTESIAN_POINT('',(-1.1685E3,5.811785399632E2,-2.408121607596E2));
#822=LINE('',#821,#820);
#823=DIRECTION('',(1.E0,0.E0,0.E0));
#824=VECTOR('',#823,2.337E3);
#825=CARTESIAN_POINT('',(-1.1685E3,6.466220493812E2,-2.084679638294E2));
#826=LINE('',#825,#824);
#827=CARTESIAN_POINT('',(-1.1685E3,6.355452696106E2,-1.860558030698E2));
#828=DIRECTION('',(-1.E0,0.E0,0.E0));
#829=DIRECTION('',(0.E0,8.964864303834E-1,4.430711908242E-1));
#830=AXIS2_PLACEMENT_3D('',#827,#828,#829);
#832=DIRECTION('',(0.E0,4.430711908241E-1,-8.964864303835E-1));
#833=VECTOR('',#832,2.5E0);
#834=CARTESIAN_POINT('',(-1.1685E3,6.466220493812E2,-2.084679638294E2));
#835=LINE('',#834,#833);
#836=CARTESIAN_POINT('',(-1.1685E3,6.355452696106E2,-1.860558030698E2));
#837=DIRECTION('',(-1.E0,0.E0,0.E0));
#838=DIRECTION('',(0.E0,8.964864303834E-1,4.430711908242E-1));
#839=AXIS2_PLACEMENT_3D('',#836,#837,#838);
#841=DIRECTION('',(1.E0,0.E0,0.E0));
#842=VECTOR('',#841,2.337E3);
#843=CARTESIAN_POINT('',(-1.1685E3,6.477297273582E2,-2.107091799054E2));
#844=LINE('',#843,#842);
#845=CARTESIAN_POINT('',(1.1685E3,6.355452696106E2,-1.860558030698E2));
#846=DIRECTION('',(-1.E0,0.E0,0.E0));
#847=DIRECTION('',(0.E0,8.964864303834E-1,4.430711908242E-1));
#848=AXIS2_PLACEMENT_3D('',#845,#846,#847);
#850=DIRECTION('',(0.E0,8.964864303834E-1,4.430711908242E-1));
#851=VECTOR('',#850,2.5E0);
#852=CARTESIAN_POINT('',(1.1685E3,6.579574303702E2,-1.749790232992E2));
#853=LINE('',#852,#851);
#854=CARTESIAN_POINT('',(1.1685E3,6.355452696106E2,-1.860558030698E2));
#855=DIRECTION('',(-1.E0,0.E0,0.E0));
#856=DIRECTION('',(0.E0,8.964864303834E-1,4.430711908242E-1));
#857=AXIS2_PLACEMENT_3D('',#854,#855,#856);
#859=DIRECTION('',(0.E0,-8.964864303834E-1,-4.430711908242E-1));
#860=VECTOR('',#859,2.5E0);
#861=CARTESIAN_POINT('',(1.1685E3,6.475711175076E2,-1.483214820562E2));
#862=LINE('',#861,#860);
#863=DIRECTION('',(0.E0,-8.964864303834E-1,-4.430711908242E-1));
#864=VECTOR('',#863,2.5E0);
#865=CARTESIAN_POINT('',(1.1635E3,6.453557615535E2,-1.438390499043E2));
#866=LINE('',#865,#864);
#867=DIRECTION('',(1.E0,0.E0,0.E0));
#868=VECTOR('',#867,2.327E3);
#869=CARTESIAN_POINT('',(-1.1635E3,6.431145454775E2,-1.449467278814E2));
#870=LINE('',#869,#868);
#871=DIRECTION('',(0.E0,-8.964864303834E-1,-4.430711908242E-1));
#872=VECTOR('',#871,2.5E0);
#873=CARTESIAN_POINT('',(-1.1635E3,6.453557615535E2,-1.438390499043E2));
#874=LINE('',#873,#872);
#875=DIRECTION('',(1.E0,0.E0,0.E0));
#876=VECTOR('',#875,2.327E3);
#877=CARTESIAN_POINT('',(-1.1635E3,6.453557615535E2,-1.438390499043E2));
#878=LINE('',#877,#876);
#879=CARTESIAN_POINT('',(1.1635E3,6.453299014317E2,-1.494291600333E2));
#880=DIRECTION('',(0.E0,-8.964864303834E-1,-4.430711908242E-1));
#881=DIRECTION('',(1.E0,0.E0,0.E0));
#882=AXIS2_PLACEMENT_3D('',#879,#880,#881);
#884=DIRECTION('',(0.E0,-4.430711908242E-1,8.964864303834E-1));
#885=VECTOR('',#884,2.85E1);
#886=CARTESIAN_POINT('',(1.1685E3,6.579574303702E2,-1.749790232992E2));
#887=LINE('',#886,#885);
#888=DIRECTION('',(1.E0,0.E0,0.E0));
#889=VECTOR('',#888,2.337E3);
#890=CARTESIAN_POINT('',(-1.1685E3,6.579574303702E2,-1.749790232992E2));
#891=LINE('',#890,#889);
#892=DIRECTION('',(0.E0,-4.430711908242E-1,8.964864303834E-1));
#893=VECTOR('',#892,2.85E1);
#894=CARTESIAN_POINT('',(-1.1685E3,6.579574303702E2,-1.749790232992E2));
#895=LINE('',#894,#893);
#896=CARTESIAN_POINT('',(-1.1635E3,6.453299014317E2,-1.494291600333E2));
#897=DIRECTION('',(0.E0,-8.964864303834E-1,-4.430711908242E-1));
#898=DIRECTION('',(0.E0,-4.430711908242E-1,8.964864303834E-1));
#899=AXIS2_PLACEMENT_3D('',#896,#897,#898);
#901=DIRECTION('',(0.E0,-8.964864303834E-1,-4.430711908242E-1));
#902=VECTOR('',#901,2.5E0);
#903=CARTESIAN_POINT('',(-1.1685E3,6.475711175076E2,-1.483214820562E2));
#904=LINE('',#903,#902);
#905=DIRECTION('',(0.E0,8.964864303834E-1,4.430711908242E-1));
#906=VECTOR('',#905,2.5E0);
#907=CARTESIAN_POINT('',(-1.1685E3,6.579574303702E2,-1.749790232992E2));
#908=LINE('',#907,#906);
#909=CARTESIAN_POINT('',(1.1635E3,6.475711175076E2,-1.483214820562E2));
#910=DIRECTION('',(0.E0,8.964864303834E-1,4.430711908242E-1));
#911=DIRECTION('',(0.E0,-4.430711908242E-1,8.964864303834E-1));
#912=AXIS2_PLACEMENT_3D('',#909,#910,#911);
#914=CARTESIAN_POINT('',(-1.1635E3,6.475711175076E2,-1.483214820562E2));
#915=DIRECTION('',(0.E0,8.964864303834E-1,4.430711908242E-1));
#916=DIRECTION('',(-1.E0,2.273736754432E-14,-4.547473508865E-14));
#917=AXIS2_PLACEMENT_3D('',#914,#915,#916);
#919=DIRECTION('',(0.E0,-4.430711908242E-1,8.964864303834E-1));
#920=VECTOR('',#919,2.85E1);
#921=CARTESIAN_POINT('',(-1.1685E3,6.601986464461E2,-1.738713453222E2));
#922=LINE('',#921,#920);
#923=DIRECTION('',(1.E0,0.E0,0.E0));
#924=VECTOR('',#923,2.337E3);
#925=CARTESIAN_POINT('',(-1.1685E3,6.601986464461E2,-1.738713453222E2));
#926=LINE('',#925,#924);
#927=DIRECTION('',(0.E0,-4.430711908242E-1,8.964864303834E-1));
#928=VECTOR('',#927,2.85E1);
#929=CARTESIAN_POINT('',(1.1685E3,6.601986464461E2,-1.738713453222E2));
#930=LINE('',#929,#928);
#931=DIRECTION('',(0.E0,4.430711908241E-1,-8.964864303835E-1));
#932=VECTOR('',#931,2.5E0);
#933=CARTESIAN_POINT('',(1.1685E3,6.466220493812E2,-2.084679638294E2));
#934=LINE('',#933,#932);
#935=DIRECTION('',(0.E0,8.090169943749E-1,-5.877852522925E-1));
#936=VECTOR('',#935,8.522098506727E1);
#937=CARTESIAN_POINT('',(1.1735E3,3.443712665066E2,-4.839444035114E1));
#938=LINE('',#937,#936);
#939=DIRECTION('',(0.E0,-5.877852522925E-1,-8.090169943749E-1));
#940=VECTOR('',#939,2.5E0);
#941=CARTESIAN_POINT('',(1.1735E3,4.133164917034E2,-9.848607855952E1));
#942=LINE('',#941,#940);
#943=DIRECTION('',(0.E0,8.090169943749E-1,-5.877852522925E-1));
#944=VECTOR('',#943,8.522098506727E1);
#945=CARTESIAN_POINT('',(1.1735E3,3.429018033759E2,-5.041698283708E1));
#946=LINE('',#945,#944);
#947=DIRECTION('',(0.E0,5.877852522925E-1,8.090169943749E-1));
#948=VECTOR('',#947,2.5E0);
#949=CARTESIAN_POINT('',(-4.7125E2,3.879745691087E2,-8.316426399678E1));
#950=LINE('',#949,#948);
#951=DIRECTION('',(0.E0,5.877852522925E-1,8.090169943749E-1));
#952=VECTOR('',#951,2.5E0);
#953=CARTESIAN_POINT('',(-4.7125E2,3.713897207240E2,-7.111466632479E1));
#954=LINE('',#953,#952);
#955=DIRECTION('',(0.E0,5.877852522925E-1,8.090169943750E-1));
#956=VECTOR('',#955,2.5E0);
#957=CARTESIAN_POINT('',(-4.6675E2,3.713897207240E2,-7.111466632479E1));
#958=LINE('',#957,#956);
#959=DIRECTION('',(0.E0,5.877852522925E-1,8.090169943749E-1));
#960=VECTOR('',#959,2.5E0);
#961=CARTESIAN_POINT('',(-4.6675E2,3.879745691087E2,-8.316426399678E1));
#962=LINE('',#961,#960);
#963=DIRECTION('',(0.E0,5.877852522925E-1,8.090169943749E-1));
#964=VECTOR('',#963,2.5E0);
#965=CARTESIAN_POINT('',(-4.5425E2,3.879745691087E2,-8.316426399678E1));
#966=LINE('',#965,#964);
#967=DIRECTION('',(0.E0,5.877852522925E-1,8.090169943749E-1));
#968=VECTOR('',#967,2.5E0);
#969=CARTESIAN_POINT('',(-4.5425E2,3.713897207240E2,-7.111466632479E1));
#970=LINE('',#969,#968);
#971=DIRECTION('',(0.E0,5.877852522925E-1,8.090169943750E-1));
#972=VECTOR('',#971,2.5E0);
#973=CARTESIAN_POINT('',(-4.4975E2,3.713897207240E2,-7.111466632479E1));
#974=LINE('',#973,#972);
#975=DIRECTION('',(0.E0,5.877852522925E-1,8.090169943749E-1));
#976=VECTOR('',#975,2.5E0);
#977=CARTESIAN_POINT('',(-4.4975E2,3.879745691087E2,-8.316426399678E1));
#978=LINE('',#977,#976);
#979=DIRECTION('',(0.E0,5.877852522925E-1,8.090169943749E-1));
#980=VECTOR('',#979,2.5E0);
#981=CARTESIAN_POINT('',(4.4975E2,3.879745691087E2,-8.316426399678E1));
#982=LINE('',#981,#980);
#983=DIRECTION('',(0.E0,5.877852522925E-1,8.090169943749E-1));
#984=VECTOR('',#983,2.5E0);
#985=CARTESIAN_POINT('',(4.4975E2,3.713897207240E2,-7.111466632479E1));
#986=LINE('',#985,#984);
#987=DIRECTION('',(0.E0,5.877852522925E-1,8.090169943750E-1));
#988=VECTOR('',#987,2.5E0);
#989=CARTESIAN_POINT('',(4.5425E2,3.713897207240E2,-7.111466632479E1));
#990=LINE('',#989,#988);
#991=DIRECTION('',(0.E0,5.877852522925E-1,8.090169943749E-1));
#992=VECTOR('',#991,2.5E0);
#993=CARTESIAN_POINT('',(4.5425E2,3.879745691087E2,-8.316426399678E1));
#994=LINE('',#993,#992);
#995=DIRECTION('',(0.E0,5.877852522925E-1,8.090169943749E-1));
#996=VECTOR('',#995,2.5E0);
#997=CARTESIAN_POINT('',(4.6675E2,3.879745691087E2,-8.316426399678E1));
#998=LINE('',#997,#996);
#999=DIRECTION('',(0.E0,5.877852522925E-1,8.090169943749E-1));
#1000=VECTOR('',#999,2.5E0);
#1001=CARTESIAN_POINT('',(4.6675E2,3.713897207240E2,-7.111466632479E1));
#1002=LINE('',#1001,#1000);
#1003=DIRECTION('',(0.E0,5.877852522925E-1,8.090169943750E-1));
#1004=VECTOR('',#1003,2.5E0);
#1005=CARTESIAN_POINT('',(4.7125E2,3.713897207240E2,-7.111466632479E1));
#1006=LINE('',#1005,#1004);
#1007=DIRECTION('',(0.E0,5.877852522925E-1,8.090169943749E-1));
#1008=VECTOR('',#1007,2.5E0);
#1009=CARTESIAN_POINT('',(4.7125E2,3.879745691087E2,-8.316426399678E1));
#1010=LINE('',#1009,#1008);
#1011=CARTESIAN_POINT('',(1.1735E3,2.636579314747E2,-1.847358212622E1));
#1012=DIRECTION('',(-1.E0,0.E0,0.E0));
#1013=DIRECTION('',(0.E0,1.736481776669E-1,9.848077530122E-1));
#1014=AXIS2_PLACEMENT_3D('',#1011,#1012,#1013);
#1016=DIRECTION('',(0.E0,-3.907311284893E-1,-9.205048534524E-1));
#1017=VECTOR('',#1016,2.5E0);
#1018=CARTESIAN_POINT('',(1.1735E3,2.652599291016E2,-1.469951222706E1));
#1019=LINE('',#1018,#1017);
#1020=CARTESIAN_POINT('',(1.1735E3,2.636579314747E2,-1.847358212622E1));
#1021=DIRECTION('',(-1.E0,0.E0,0.E0));
#1022=DIRECTION('',(0.E0,1.736481776669E-1,9.848077530122E-1));
#1023=AXIS2_PLACEMENT_3D('',#1020,#1021,#1022);
#1025=DIRECTION('',(0.E0,1.E0,0.E0));
#1026=VECTOR('',#1025,1.791412964795E2);
#1027=CARTESIAN_POINT('',(1.1735E3,3.E0,0.E0));
#1028=LINE('',#1027,#1026);
#1029=DIRECTION('',(0.E0,0.E0,-1.E0));
#1030=VECTOR('',#1029,2.5E0);
#1031=CARTESIAN_POINT('',(1.1735E3,1.821412964795E2,0.E0));
#1032=LINE('',#1031,#1030);
#1033=DIRECTION('',(0.E0,1.E0,0.E0));
#1034=VECTOR('',#1033,1.791412964795E2);
#1035=CARTESIAN_POINT('',(1.1735E3,3.E0,-2.5E0));
#1036=LINE('',#1035,#1034);
#1037=CARTESIAN_POINT('',(-1.1735E3,3.E0,0.E0));
#1038=CARTESIAN_POINT('',(-1.1735E3,1.821412964795E2,0.E0));
#1039=VERTEX_POINT('',#1037);
#1040=VERTEX_POINT('',#1038);
#1041=CARTESIAN_POINT('',(-1.1735E3,1.828532540080E2,-6.228821264995E-2));
#1042=CARTESIAN_POINT('',(-1.1735E3,2.643698890032E2,-1.443587033887E1));
#1043=VERTEX_POINT('',#1041);
#1044=VERTEX_POINT('',#1042);
#1045=CARTESIAN_POINT('',(-1.1735E3,2.652599291016E2,-1.469951222706E1));
#1046=CARTESIAN_POINT('',(-1.1735E3,3.435633445990E2,-4.793734012892E1));
#1047=VERTEX_POINT('',#1045);
#1048=VERTEX_POINT('',#1046);
#1049=CARTESIAN_POINT('',(-1.1735E3,3.443712665066E2,-4.839444035114E1));
#1050=CARTESIAN_POINT('',(-1.1735E3,4.133164917034E2,-9.848607855952E1));
#1051=VERTEX_POINT('',#1049);
#1052=VERTEX_POINT('',#1050);
#1053=CARTESIAN_POINT('',(-1.1735E3,0.E0,3.E0));
#1054=VERTEX_POINT('',#1053);
#1055=CARTESIAN_POINT('',(1.1735E3,3.E0,0.E0));
#1056=CARTESIAN_POINT('',(1.1735E3,1.821412964795E2,0.E0));
#1057=VERTEX_POINT('',#1055);
#1058=VERTEX_POINT('',#1056);
#1059=CARTESIAN_POINT('',(1.1735E3,1.828532540080E2,-6.228821264995E-2));
#1060=CARTESIAN_POINT('',(1.1735E3,2.643698890032E2,-1.443587033887E1));
#1061=VERTEX_POINT('',#1059);
#1062=VERTEX_POINT('',#1060);
#1063=CARTESIAN_POINT('',(1.1735E3,2.652599291016E2,-1.469951222706E1));
#1064=CARTESIAN_POINT('',(1.1735E3,3.435633445990E2,-4.793734012892E1));
#1065=VERTEX_POINT('',#1063);
#1066=VERTEX_POINT('',#1064);
#1067=CARTESIAN_POINT('',(1.1735E3,3.443712665066E2,-4.839444035114E1));
#1068=CARTESIAN_POINT('',(1.1735E3,4.133164917034E2,-9.848607855952E1));
#1069=VERTEX_POINT('',#1067);
#1070=VERTEX_POINT('',#1068);
#1071=CARTESIAN_POINT('',(1.1735E3,0.E0,3.E0));
#1072=VERTEX_POINT('',#1071);
#1073=CARTESIAN_POINT('',(-1.1735E3,3.E0,-2.5E0));
#1074=CARTESIAN_POINT('',(-1.1735E3,1.821412964795E2,-2.5E0));
#1075=VERTEX_POINT('',#1073);
#1076=VERTEX_POINT('',#1074);
#1077=CARTESIAN_POINT('',(-1.1735E3,1.824191335638E2,-2.524307595180E0));
#1078=CARTESIAN_POINT('',(-1.1735E3,2.639357685590E2,-1.689788972140E1));
#1079=VERTEX_POINT('',#1077);
#1080=VERTEX_POINT('',#1078);
#1081=CARTESIAN_POINT('',(-1.1735E3,2.642831012803E2,-1.700077436069E1));
#1082=CARTESIAN_POINT('',(-1.1735E3,3.425865167778E2,-5.023860226256E1));
#1083=VERTEX_POINT('',#1081);
#1084=VERTEX_POINT('',#1082);
#1085=CARTESIAN_POINT('',(-1.1735E3,3.429018033759E2,-5.041698283708E1));
#1086=CARTESIAN_POINT('',(-1.1735E3,4.118470285727E2,-1.005086210455E2));
#1087=VERTEX_POINT('',#1085);
#1088=VERTEX_POINT('',#1086);
#1089=CARTESIAN_POINT('',(1.1735E3,3.E0,-2.5E0));
#1090=CARTESIAN_POINT('',(1.1735E3,1.821412964795E2,-2.5E0));
#1091=VERTEX_POINT('',#1089);
#1092=VERTEX_POINT('',#1090);
#1093=CARTESIAN_POINT('',(1.1735E3,1.824191335638E2,-2.524307595180E0));
#1094=CARTESIAN_POINT('',(1.1735E3,2.639357685590E2,-1.689788972140E1));
#1095=VERTEX_POINT('',#1093);
#1096=VERTEX_POINT('',#1094);
#1097=CARTESIAN_POINT('',(1.1735E3,2.642831012803E2,-1.700077436069E1));
#1098=CARTESIAN_POINT('',(1.1735E3,3.425865167778E2,-5.023860226256E1));
#1099=VERTEX_POINT('',#1097);
#1100=VERTEX_POINT('',#1098);
#1101=CARTESIAN_POINT('',(1.1735E3,3.429018033759E2,-5.041698283708E1));
#1102=CARTESIAN_POINT('',(1.1735E3,4.118470285727E2,-1.005086210455E2));
#1103=VERTEX_POINT('',#1101);
#1104=VERTEX_POINT('',#1102);
#1105=CARTESIAN_POINT('',(-1.1735E3,4.137904904505E2,-9.888877039358E1));
#1106=CARTESIAN_POINT('',(-1.1735E3,4.120320036935E2,-1.006657690783E2));
#1107=VERTEX_POINT('',#1105);
#1108=VERTEX_POINT('',#1106);
#1109=CARTESIAN_POINT('',(1.1735E3,-2.5E0,3.E0));
#1110=VERTEX_POINT('',#1109);
#1111=CARTESIAN_POINT('',(1.1735E3,4.137904904505E2,-9.888877039358E1));
#1112=VERTEX_POINT('',#1111);
#1113=CARTESIAN_POINT('',(-1.1735E3,-2.5E0,3.E0));
#1114=VERTEX_POINT('',#1113);
#1115=CARTESIAN_POINT('',(1.1735E3,4.120320036935E2,-1.006657690783E2));
#1116=VERTEX_POINT('',#1115);
#1117=CARTESIAN_POINT('',(-4.55E2,-2.5E0,2.8E1));
#1118=CARTESIAN_POINT('',(-4.49E2,-2.5E0,2.8E1));
#1119=VERTEX_POINT('',#1117);
#1120=VERTEX_POINT('',#1118);
#1121=CARTESIAN_POINT('',(-4.72E2,-2.5E0,2.8E1));
#1122=CARTESIAN_POINT('',(-4.66E2,-2.5E0,2.8E1));
#1123=VERTEX_POINT('',#1121);
#1124=VERTEX_POINT('',#1122);
#1125=CARTESIAN_POINT('',(-4.55E2,0.E0,2.8E1));
#1126=CARTESIAN_POINT('',(-4.49E2,0.E0,2.8E1));
#1127=VERTEX_POINT('',#1125);
#1128=VERTEX_POINT('',#1126);
#1129=CARTESIAN_POINT('',(-4.72E2,0.E0,2.8E1));
#1130=CARTESIAN_POINT('',(-4.66E2,0.E0,2.8E1));
#1131=VERTEX_POINT('',#1129);
#1132=VERTEX_POINT('',#1130);
#1133=CARTESIAN_POINT('',(4.55E2,-2.5E0,2.8E1));
#1134=CARTESIAN_POINT('',(4.49E2,-2.5E0,2.8E1));
#1135=VERTEX_POINT('',#1133);
#1136=VERTEX_POINT('',#1134);
#1137=CARTESIAN_POINT('',(4.72E2,-2.5E0,2.8E1));
#1138=CARTESIAN_POINT('',(4.66E2,-2.5E0,2.8E1));
#1139=VERTEX_POINT('',#1137);
#1140=VERTEX_POINT('',#1138);
#1141=CARTESIAN_POINT('',(4.55E2,0.E0,2.8E1));
#1142=CARTESIAN_POINT('',(4.49E2,0.E0,2.8E1));
#1143=VERTEX_POINT('',#1141);
#1144=VERTEX_POINT('',#1142);
#1145=CARTESIAN_POINT('',(4.72E2,0.E0,2.8E1));
#1146=CARTESIAN_POINT('',(4.66E2,0.E0,2.8E1));
#1147=VERTEX_POINT('',#1145);
#1148=VERTEX_POINT('',#1146);
#1149=CARTESIAN_POINT('',(-4.7125E2,3.879745691087E2,-8.316426399678E1));
#1150=CARTESIAN_POINT('',(-4.6675E2,3.879745691087E2,-8.316426399678E1));
#1151=VERTEX_POINT('',#1149);
#1152=VERTEX_POINT('',#1150);
#1153=CARTESIAN_POINT('',(-4.7125E2,3.713897207240E2,-7.111466632479E1));
#1154=VERTEX_POINT('',#1153);
#1155=CARTESIAN_POINT('',(-4.6675E2,3.713897207240E2,-7.111466632479E1));
#1156=VERTEX_POINT('',#1155);
#1157=CARTESIAN_POINT('',(-4.7125E2,3.894440322394E2,-8.114172151085E1));
#1158=CARTESIAN_POINT('',(-4.6675E2,3.894440322394E2,-8.114172151085E1));
#1159=VERTEX_POINT('',#1157);
#1160=VERTEX_POINT('',#1158);
#1161=CARTESIAN_POINT('',(-4.7125E2,3.728591838547E2,-6.909212383885E1));
#1162=VERTEX_POINT('',#1161);
#1163=CARTESIAN_POINT('',(-4.6675E2,3.728591838547E2,-6.909212383885E1));
#1164=VERTEX_POINT('',#1163);
#1165=CARTESIAN_POINT('',(-4.5425E2,3.879745691087E2,-8.316426399678E1));
#1166=CARTESIAN_POINT('',(-4.4975E2,3.879745691087E2,-8.316426399678E1));
#1167=VERTEX_POINT('',#1165);
#1168=VERTEX_POINT('',#1166);
#1169=CARTESIAN_POINT('',(-4.5425E2,3.713897207240E2,-7.111466632479E1));
#1170=VERTEX_POINT('',#1169);
#1171=CARTESIAN_POINT('',(-4.4975E2,3.713897207240E2,-7.111466632479E1));
#1172=VERTEX_POINT('',#1171);
#1173=CARTESIAN_POINT('',(-4.5425E2,3.894440322394E2,-8.114172151085E1));
#1174=CARTESIAN_POINT('',(-4.4975E2,3.894440322394E2,-8.114172151085E1));
#1175=VERTEX_POINT('',#1173);
#1176=VERTEX_POINT('',#1174);
#1177=CARTESIAN_POINT('',(-4.5425E2,3.728591838547E2,-6.909212383885E1));
#1178=VERTEX_POINT('',#1177);
#1179=CARTESIAN_POINT('',(-4.4975E2,3.728591838547E2,-6.909212383885E1));
#1180=VERTEX_POINT('',#1179);
#1181=CARTESIAN_POINT('',(4.4975E2,3.879745691087E2,-8.316426399678E1));
#1182=CARTESIAN_POINT('',(4.5425E2,3.879745691087E2,-8.316426399678E1));
#1183=VERTEX_POINT('',#1181);
#1184=VERTEX_POINT('',#1182);
#1185=CARTESIAN_POINT('',(4.4975E2,3.713897207240E2,-7.111466632479E1));
#1186=VERTEX_POINT('',#1185);
#1187=CARTESIAN_POINT('',(4.5425E2,3.713897207240E2,-7.111466632479E1));
#1188=VERTEX_POINT('',#1187);
#1189=CARTESIAN_POINT('',(4.4975E2,3.894440322394E2,-8.114172151085E1));
#1190=CARTESIAN_POINT('',(4.5425E2,3.894440322394E2,-8.114172151085E1));
#1191=VERTEX_POINT('',#1189);
#1192=VERTEX_POINT('',#1190);
#1193=CARTESIAN_POINT('',(4.4975E2,3.728591838547E2,-6.909212383885E1));
#1194=VERTEX_POINT('',#1193);
#1195=CARTESIAN_POINT('',(4.5425E2,3.728591838547E2,-6.909212383885E1));
#1196=VERTEX_POINT('',#1195);
#1197=CARTESIAN_POINT('',(4.6675E2,3.879745691087E2,-8.316426399678E1));
#1198=CARTESIAN_POINT('',(4.7125E2,3.879745691087E2,-8.316426399678E1));
#1199=VERTEX_POINT('',#1197);
#1200=VERTEX_POINT('',#1198);
#1201=CARTESIAN_POINT('',(4.6675E2,3.713897207240E2,-7.111466632479E1));
#1202=VERTEX_POINT('',#1201);
#1203=CARTESIAN_POINT('',(4.7125E2,3.713897207240E2,-7.111466632479E1));
#1204=VERTEX_POINT('',#1203);
#1205=CARTESIAN_POINT('',(4.6675E2,3.894440322394E2,-8.114172151085E1));
#1206=CARTESIAN_POINT('',(4.7125E2,3.894440322394E2,-8.114172151085E1));
#1207=VERTEX_POINT('',#1205);
#1208=VERTEX_POINT('',#1206);
#1209=CARTESIAN_POINT('',(4.6675E2,3.728591838547E2,-6.909212383885E1));
#1210=VERTEX_POINT('',#1209);
#1211=CARTESIAN_POINT('',(4.7125E2,3.728591838547E2,-6.909212383885E1));
#1212=VERTEX_POINT('',#1211);
#1213=CARTESIAN_POINT('',(1.1685E3,5.811785399632E2,-2.408121607596E2));
#1214=CARTESIAN_POINT('',(1.1685E3,5.525168926223E2,-2.361699868468E2));
#1215=VERTEX_POINT('',#1213);
#1216=VERTEX_POINT('',#1214);
#1217=CARTESIAN_POINT('',(1.1685E3,6.466220493812E2,-2.084679638294E2));
#1218=VERTEX_POINT('',#1217);
#1219=CARTESIAN_POINT('',(1.1685E3,6.579574303702E2,-1.749790232992E2));
#1220=VERTEX_POINT('',#1219);
#1221=CARTESIAN_POINT('',(1.1685E3,5.822862179402E2,-2.430533768355E2));
#1222=CARTESIAN_POINT('',(1.1685E3,5.507584058653E2,-2.379469855315E2));
#1223=VERTEX_POINT('',#1221);
#1224=VERTEX_POINT('',#1222);
#1225=CARTESIAN_POINT('',(1.1685E3,6.477297273582E2,-2.107091799054E2));
#1226=VERTEX_POINT('',#1225);
#1227=CARTESIAN_POINT('',(1.1685E3,6.601986464461E2,-1.738713453222E2));
#1228=VERTEX_POINT('',#1227);
#1229=CARTESIAN_POINT('',(-1.1685E3,5.811785399632E2,-2.408121607596E2));
#1230=CARTESIAN_POINT('',(-1.1685E3,5.525168926223E2,-2.361699868468E2));
#1231=VERTEX_POINT('',#1229);
#1232=VERTEX_POINT('',#1230);
#1233=CARTESIAN_POINT('',(-1.1685E3,6.466220493812E2,-2.084679638294E2));
#1234=VERTEX_POINT('',#1233);
#1235=CARTESIAN_POINT('',(-1.1685E3,6.579574303702E2,-1.749790232992E2));
#1236=VERTEX_POINT('',#1235);
#1237=CARTESIAN_POINT('',(-1.1685E3,5.822862179402E2,-2.430533768355E2));
#1238=CARTESIAN_POINT('',(-1.1685E3,5.507584058653E2,-2.379469855315E2));
#1239=VERTEX_POINT('',#1237);
#1240=VERTEX_POINT('',#1238);
#1241=CARTESIAN_POINT('',(-1.1685E3,6.477297273582E2,-2.107091799054E2));
#1242=VERTEX_POINT('',#1241);
#1243=CARTESIAN_POINT('',(-1.1685E3,6.601986464461E2,-1.738713453222E2));
#1244=VERTEX_POINT('',#1243);
#1245=CARTESIAN_POINT('',(1.1685E3,4.470062326279E2,-1.317584867570E2));
#1246=CARTESIAN_POINT('',(1.1685E3,4.452477458709E2,-1.335354854417E2));
#1247=VERTEX_POINT('',#1245);
#1248=VERTEX_POINT('',#1246);
#1249=CARTESIAN_POINT('',(1.1735E3,4.434522352585E2,-1.282415132430E2));
#1250=VERTEX_POINT('',#1249);
#1251=CARTESIAN_POINT('',(1.1735E3,4.416937485015E2,-1.300185119277E2));
#1252=VERTEX_POINT('',#1251);
#1253=CARTESIAN_POINT('',(-1.1535E3,-2.5E0,3.6E1));
#1254=CARTESIAN_POINT('',(-1.1535E3,-2.5E0,2.4E1));
#1255=VERTEX_POINT('',#1253);
#1256=VERTEX_POINT('',#1254);
#1257=CARTESIAN_POINT('',(1.1535E3,-2.5E0,3.6E1));
#1258=CARTESIAN_POINT('',(1.1535E3,-2.5E0,2.4E1));
#1259=VERTEX_POINT('',#1257);
#1260=VERTEX_POINT('',#1258);
#1261=CARTESIAN_POINT('',(-1.1535E3,0.E0,3.6E1));
#1262=CARTESIAN_POINT('',(-1.1535E3,0.E0,2.4E1));
#1263=VERTEX_POINT('',#1261);
#1264=VERTEX_POINT('',#1262);
#1265=CARTESIAN_POINT('',(1.1535E3,0.E0,3.6E1));
#1266=CARTESIAN_POINT('',(1.1535E3,0.E0,2.4E1));
#1267=VERTEX_POINT('',#1265);
#1268=VERTEX_POINT('',#1266);
#1269=CARTESIAN_POINT('',(1.1735E3,-2.5E0,4.5E1));
#1270=CARTESIAN_POINT('',(1.1735E3,0.E0,4.5E1));
#1271=VERTEX_POINT('',#1269);
#1272=VERTEX_POINT('',#1270);
#1273=CARTESIAN_POINT('',(1.1685E3,-2.5E0,5.E1));
#1274=VERTEX_POINT('',#1273);
#1275=CARTESIAN_POINT('',(1.1685E3,0.E0,5.E1));
#1276=VERTEX_POINT('',#1275);
#1277=CARTESIAN_POINT('',(1.1635E3,6.453557615535E2,-1.438390499043E2));
#1278=CARTESIAN_POINT('',(1.1635E3,6.431145454775E2,-1.449467278814E2));
#1279=VERTEX_POINT('',#1277);
#1280=VERTEX_POINT('',#1278);
#1281=CARTESIAN_POINT('',(1.1685E3,6.475711175076E2,-1.483214820562E2));
#1282=VERTEX_POINT('',#1281);
#1283=CARTESIAN_POINT('',(1.1685E3,6.453299014317E2,-1.494291600333E2));
#1284=VERTEX_POINT('',#1283);
#1285=CARTESIAN_POINT('',(-1.1685E3,6.475711175076E2,-1.483214820562E2));
#1286=CARTESIAN_POINT('',(-1.1685E3,6.453299014317E2,-1.494291600333E2));
#1287=VERTEX_POINT('',#1285);
#1288=VERTEX_POINT('',#1286);
#1289=CARTESIAN_POINT('',(-1.1635E3,6.453557615535E2,-1.438390499043E2));
#1290=VERTEX_POINT('',#1289);
#1291=CARTESIAN_POINT('',(-1.1635E3,6.431145454775E2,-1.449467278814E2));
#1292=VERTEX_POINT('',#1291);
#1293=CARTESIAN_POINT('',(-1.1685E3,-2.5E0,5.E1));
#1294=CARTESIAN_POINT('',(-1.1685E3,0.E0,5.E1));
#1295=VERTEX_POINT('',#1293);
#1296=VERTEX_POINT('',#1294);
#1297=CARTESIAN_POINT('',(-1.1735E3,-2.5E0,4.5E1));
#1298=VERTEX_POINT('',#1297);
#1299=CARTESIAN_POINT('',(-1.1735E3,0.E0,4.5E1));
#1300=VERTEX_POINT('',#1299);
#1301=CARTESIAN_POINT('',(-1.1685E3,4.470062326279E2,-1.317584867570E2));
#1302=CARTESIAN_POINT('',(-1.1685E3,4.452477458709E2,-1.335354854417E2));
#1303=VERTEX_POINT('',#1301);
#1304=VERTEX_POINT('',#1302);
#1305=CARTESIAN_POINT('',(-1.1735E3,4.434522352585E2,-1.282415132430E2));
#1306=VERTEX_POINT('',#1305);
#1307=CARTESIAN_POINT('',(-1.1735E3,4.416937485015E2,-1.300185119277E2));
#1308=VERTEX_POINT('',#1307);
#1309=CARTESIAN_POINT('',(1.171E3,4.452292339432E2,-1.3E2));
#1310=VERTEX_POINT('',#1309);
#1311=CARTESIAN_POINT('',(1.171E3,4.434707471862E2,-1.317769986847E2));
#1312=VERTEX_POINT('',#1311);
#1313=CARTESIAN_POINT('',(-1.171E3,4.434707471862E2,-1.317769986847E2));
#1314=VERTEX_POINT('',#1313);
#1315=CARTESIAN_POINT('',(-1.171E3,4.452292339432E2,-1.3E2));
#1316=VERTEX_POINT('',#1315);
#1317=CARTESIAN_POINT('',(-1.1735E3,-2.5E0,5.E1));
#1318=DIRECTION('',(0.E0,1.E0,0.E0));
#1319=DIRECTION('',(0.E0,0.E0,-1.E0));
#1320=AXIS2_PLACEMENT_3D('',#1317,#1318,#1319);
#1321=PLANE('',#1320);
#1323=ORIENTED_EDGE('',*,*,#1322,.F.);
#1325=ORIENTED_EDGE('',*,*,#1324,.T.);
#1327=ORIENTED_EDGE('',*,*,#1326,.F.);
#1329=ORIENTED_EDGE('',*,*,#1328,.F.);
#1331=ORIENTED_EDGE('',*,*,#1330,.F.);
#1333=ORIENTED_EDGE('',*,*,#1332,.T.);
#1334=EDGE_LOOP('',(#1323,#1325,#1327,#1329,#1331,#1333));
#1335=FACE_OUTER_BOUND('',#1334,.F.);
#1337=ORIENTED_EDGE('',*,*,#1336,.T.);
#1339=ORIENTED_EDGE('',*,*,#1338,.T.);
#1340=EDGE_LOOP('',(#1337,#1339));
#1341=FACE_BOUND('',#1340,.F.);
#1343=ORIENTED_EDGE('',*,*,#1342,.F.);
#1345=ORIENTED_EDGE('',*,*,#1344,.F.);
#1346=EDGE_LOOP('',(#1343,#1345));
#1347=FACE_BOUND('',#1346,.F.);
#1349=ORIENTED_EDGE('',*,*,#1348,.F.);
#1351=ORIENTED_EDGE('',*,*,#1350,.F.);
#1352=EDGE_LOOP('',(#1349,#1351));
#1353=FACE_BOUND('',#1352,.F.);
#1355=ORIENTED_EDGE('',*,*,#1354,.T.);
#1357=ORIENTED_EDGE('',*,*,#1356,.T.);
#1358=EDGE_LOOP('',(#1355,#1357));
#1359=FACE_BOUND('',#1358,.F.);
#1361=ORIENTED_EDGE('',*,*,#1360,.T.);
#1363=ORIENTED_EDGE('',*,*,#1362,.T.);
#1364=EDGE_LOOP('',(#1361,#1363));
#1365=FACE_BOUND('',#1364,.F.);
#1367=ORIENTED_EDGE('',*,*,#1366,.T.);
#1369=ORIENTED_EDGE('',*,*,#1368,.T.);
#1370=EDGE_LOOP('',(#1367,#1369));
#1371=FACE_BOUND('',#1370,.F.);
#1372=ADVANCED_FACE('',(#1335,#1341,#1347,#1353,#1359,#1365,#1371),#1321,.F.);
#1373=CARTESIAN_POINT('',(-4.52E2,-1.25E0,2.8E1));
#1374=DIRECTION('',(0.E0,-1.E0,0.E0));
#1375=DIRECTION('',(-1.E0,0.E0,2.250051996574E-14));
#1376=AXIS2_PLACEMENT_3D('',#1373,#1374,#1375);
#1377=CYLINDRICAL_SURFACE('',#1376,3.E0);
#1378=ORIENTED_EDGE('',*,*,#1366,.F.);
#1380=ORIENTED_EDGE('',*,*,#1379,.T.);
#1382=ORIENTED_EDGE('',*,*,#1381,.T.);
#1384=ORIENTED_EDGE('',*,*,#1383,.F.);
#1385=EDGE_LOOP('',(#1378,#1380,#1382,#1384));
#1386=FACE_OUTER_BOUND('',#1385,.F.);
#1387=ADVANCED_FACE('',(#1386),#1377,.F.);
#1388=CARTESIAN_POINT('',(-4.52E2,-1.25E0,2.8E1));
#1389=DIRECTION('',(0.E0,-1.E0,0.E0));
#1390=DIRECTION('',(1.E0,0.E0,-2.250051996574E-14));
#1391=AXIS2_PLACEMENT_3D('',#1388,#1389,#1390);
#1392=CYLINDRICAL_SURFACE('',#1391,3.E0);
#1393=ORIENTED_EDGE('',*,*,#1368,.F.);
#1394=ORIENTED_EDGE('',*,*,#1383,.T.);
#1396=ORIENTED_EDGE('',*,*,#1395,.T.);
#1397=ORIENTED_EDGE('',*,*,#1379,.F.);
#1398=EDGE_LOOP('',(#1393,#1394,#1396,#1397));
#1399=FACE_OUTER_BOUND('',#1398,.F.);
#1400=ADVANCED_FACE('',(#1399),#1392,.F.);
#1401=CARTESIAN_POINT('',(-1.1735E3,0.E0,5.E1));
#1402=DIRECTION('',(0.E0,1.E0,0.E0));
#1403=DIRECTION('',(0.E0,0.E0,-1.E0));
#1404=AXIS2_PLACEMENT_3D('',#1401,#1402,#1403);
#1405=PLANE('',#1404);
#1407=ORIENTED_EDGE('',*,*,#1406,.F.);
#1409=ORIENTED_EDGE('',*,*,#1408,.F.);
#1411=ORIENTED_EDGE('',*,*,#1410,.F.);
#1413=ORIENTED_EDGE('',*,*,#1412,.T.);
#1415=ORIENTED_EDGE('',*,*,#1414,.T.);
#1417=ORIENTED_EDGE('',*,*,#1416,.F.);
#1418=EDGE_LOOP('',(#1407,#1409,#1411,#1413,#1415,#1417));
#1419=FACE_OUTER_BOUND('',#1418,.F.);
#1420=ORIENTED_EDGE('',*,*,#1381,.F.);
#1421=ORIENTED_EDGE('',*,*,#1395,.F.);
#1422=EDGE_LOOP('',(#1420,#1421));
#1423=FACE_BOUND('',#1422,.F.);
#1425=ORIENTED_EDGE('',*,*,#1424,.T.);
#1427=ORIENTED_EDGE('',*,*,#1426,.T.);
#1428=EDGE_LOOP('',(#1425,#1427));
#1429=FACE_BOUND('',#1428,.F.);
#1431=ORIENTED_EDGE('',*,*,#1430,.T.);
#1433=ORIENTED_EDGE('',*,*,#1432,.T.);
#1434=EDGE_LOOP('',(#1431,#1433));
#1435=FACE_BOUND('',#1434,.F.);
#1437=ORIENTED_EDGE('',*,*,#1436,.F.);
#1439=ORIENTED_EDGE('',*,*,#1438,.F.);
#1440=EDGE_LOOP('',(#1437,#1439));
#1441=FACE_BOUND('',#1440,.F.);
#1443=ORIENTED_EDGE('',*,*,#1442,.F.);
#1445=ORIENTED_EDGE('',*,*,#1444,.F.);
#1446=EDGE_LOOP('',(#1443,#1445));
#1447=FACE_BOUND('',#1446,.F.);
#1449=ORIENTED_EDGE('',*,*,#1448,.F.);
#1451=ORIENTED_EDGE('',*,*,#1450,.F.);
#1452=EDGE_LOOP('',(#1449,#1451));
#1453=FACE_BOUND('',#1452,.F.);
#1454=ADVANCED_FACE('',(#1419,#1423,#1429,#1435,#1441,#1447,#1453),#1405,.T.);
#1455=CARTESIAN_POINT('',(-4.69E2,-1.25E0,2.8E1));
#1456=DIRECTION('',(0.E0,-1.E0,0.E0));
#1457=DIRECTION('',(-1.E0,0.E0,2.250051996574E-14));
#1458=AXIS2_PLACEMENT_3D('',#1455,#1456,#1457);
#1459=CYLINDRICAL_SURFACE('',#1458,3.E0);
#1460=ORIENTED_EDGE('',*,*,#1336,.F.);
#1462=ORIENTED_EDGE('',*,*,#1461,.T.);
#1463=ORIENTED_EDGE('',*,*,#1448,.T.);
#1465=ORIENTED_EDGE('',*,*,#1464,.F.);
#1466=EDGE_LOOP('',(#1460,#1462,#1463,#1465));
#1467=FACE_OUTER_BOUND('',#1466,.F.);
#1468=ADVANCED_FACE('',(#1467),#1459,.F.);
#1469=CARTESIAN_POINT('',(-4.69E2,-1.25E0,2.8E1));
#1470=DIRECTION('',(0.E0,-1.E0,0.E0));
#1471=DIRECTION('',(1.E0,0.E0,-2.250051996574E-14));
#1472=AXIS2_PLACEMENT_3D('',#1469,#1470,#1471);
#1473=CYLINDRICAL_SURFACE('',#1472,3.E0);
#1474=ORIENTED_EDGE('',*,*,#1338,.F.);
#1475=ORIENTED_EDGE('',*,*,#1464,.T.);
#1476=ORIENTED_EDGE('',*,*,#1450,.T.);
#1477=ORIENTED_EDGE('',*,*,#1461,.F.);
#1478=EDGE_LOOP('',(#1474,#1475,#1476,#1477));
#1479=FACE_OUTER_BOUND('',#1478,.F.);
#1480=ADVANCED_FACE('',(#1479),#1473,.F.);
#1481=CARTESIAN_POINT('',(4.69E2,-1.25E0,2.8E1));
#1482=DIRECTION('',(0.E0,1.E0,0.E0));
#1483=DIRECTION('',(1.E0,0.E0,2.250051996574E-14));
#1484=AXIS2_PLACEMENT_3D('',#1481,#1482,#1483);
#1485=CYLINDRICAL_SURFACE('',#1484,3.E0);
#1486=ORIENTED_EDGE('',*,*,#1348,.T.);
#1488=ORIENTED_EDGE('',*,*,#1487,.T.);
#1489=ORIENTED_EDGE('',*,*,#1424,.F.);
#1491=ORIENTED_EDGE('',*,*,#1490,.F.);
#1492=EDGE_LOOP('',(#1486,#1488,#1489,#1491));
#1493=FACE_OUTER_BOUND('',#1492,.F.);
#1494=ADVANCED_FACE('',(#1493),#1485,.F.);
#1495=CARTESIAN_POINT('',(4.69E2,-1.25E0,2.8E1));
#1496=DIRECTION('',(0.E0,1.E0,0.E0));
#1497=DIRECTION('',(-1.E0,0.E0,-2.250051996574E-14));
#1498=AXIS2_PLACEMENT_3D('',#1495,#1496,#1497);
#1499=CYLINDRICAL_SURFACE('',#1498,3.E0);
#1500=ORIENTED_EDGE('',*,*,#1350,.T.);
#1501=ORIENTED_EDGE('',*,*,#1490,.T.);
#1502=ORIENTED_EDGE('',*,*,#1426,.F.);
#1503=ORIENTED_EDGE('',*,*,#1487,.F.);
#1504=EDGE_LOOP('',(#1500,#1501,#1502,#1503));
#1505=FACE_OUTER_BOUND('',#1504,.F.);
#1506=ADVANCED_FACE('',(#1505),#1499,.F.);
#1507=CARTESIAN_POINT('',(4.52E2,-1.25E0,2.8E1));
#1508=DIRECTION('',(0.E0,1.E0,0.E0));
#1509=DIRECTION('',(1.E0,0.E0,2.250051996574E-14));
#1510=AXIS2_PLACEMENT_3D('',#1507,#1508,#1509);
#1511=CYLINDRICAL_SURFACE('',#1510,3.E0);
#1512=ORIENTED_EDGE('',*,*,#1342,.T.);
#1514=ORIENTED_EDGE('',*,*,#1513,.T.);
#1515=ORIENTED_EDGE('',*,*,#1430,.F.);
#1517=ORIENTED_EDGE('',*,*,#1516,.F.);
#1518=EDGE_LOOP('',(#1512,#1514,#1515,#1517));
#1519=FACE_OUTER_BOUND('',#1518,.F.);
#1520=ADVANCED_FACE('',(#1519),#1511,.F.);
#1521=CARTESIAN_POINT('',(4.52E2,-1.25E0,2.8E1));
#1522=DIRECTION('',(0.E0,1.E0,0.E0));
#1523=DIRECTION('',(-1.E0,0.E0,-2.250051996574E-14));
#1524=AXIS2_PLACEMENT_3D('',#1521,#1522,#1523);
#1525=CYLINDRICAL_SURFACE('',#1524,3.E0);
#1526=ORIENTED_EDGE('',*,*,#1344,.T.);
#1527=ORIENTED_EDGE('',*,*,#1516,.T.);
#1528=ORIENTED_EDGE('',*,*,#1432,.F.);
#1529=ORIENTED_EDGE('',*,*,#1513,.F.);
#1530=EDGE_LOOP('',(#1526,#1527,#1528,#1529));
#1531=FACE_OUTER_BOUND('',#1530,.F.);
#1532=ADVANCED_FACE('',(#1531),#1525,.F.);
#1533=CARTESIAN_POINT('',(1.1535E3,-1.25E0,3.E1));
#1534=DIRECTION('',(0.E0,-1.E0,0.E0));
#1535=DIRECTION('',(-7.579122514774E-14,0.E0,1.E0));
#1536=AXIS2_PLACEMENT_3D('',#1533,#1534,#1535);
#1537=CYLINDRICAL_SURFACE('',#1536,6.E0);
#1538=ORIENTED_EDGE('',*,*,#1360,.F.);
#1540=ORIENTED_EDGE('',*,*,#1539,.T.);
#1541=ORIENTED_EDGE('',*,*,#1436,.T.);
#1543=ORIENTED_EDGE('',*,*,#1542,.F.);
#1544=EDGE_LOOP('',(#1538,#1540,#1541,#1543));
#1545=FACE_OUTER_BOUND('',#1544,.F.);
#1546=ADVANCED_FACE('',(#1545),#1537,.F.);
#1547=CARTESIAN_POINT('',(1.1535E3,-1.25E0,3.E1));
#1548=DIRECTION('',(0.E0,-1.E0,0.E0));
#1549=DIRECTION('',(7.579122514774E-14,0.E0,-1.E0));
#1550=AXIS2_PLACEMENT_3D('',#1547,#1548,#1549);
#1551=CYLINDRICAL_SURFACE('',#1550,6.E0);
#1552=ORIENTED_EDGE('',*,*,#1362,.F.);
#1553=ORIENTED_EDGE('',*,*,#1542,.T.);
#1554=ORIENTED_EDGE('',*,*,#1438,.T.);
#1555=ORIENTED_EDGE('',*,*,#1539,.F.);
#1556=EDGE_LOOP('',(#1552,#1553,#1554,#1555));
#1557=FACE_OUTER_BOUND('',#1556,.F.);
#1558=ADVANCED_FACE('',(#1557),#1551,.F.);
#1559=CARTESIAN_POINT('',(-1.1535E3,-1.25E0,3.E1));
#1560=DIRECTION('',(0.E0,-1.E0,0.E0));
#1561=DIRECTION('',(0.E0,0.E0,1.E0));
#1562=AXIS2_PLACEMENT_3D('',#1559,#1560,#1561);
#1563=CYLINDRICAL_SURFACE('',#1562,6.E0);
#1564=ORIENTED_EDGE('',*,*,#1354,.F.);
#1566=ORIENTED_EDGE('',*,*,#1565,.T.);
#1567=ORIENTED_EDGE('',*,*,#1442,.T.);
#1569=ORIENTED_EDGE('',*,*,#1568,.F.);
#1570=EDGE_LOOP('',(#1564,#1566,#1567,#1569));
#1571=FACE_OUTER_BOUND('',#1570,.F.);
#1572=ADVANCED_FACE('',(#1571),#1563,.F.);
#1573=CARTESIAN_POINT('',(-1.1535E3,-1.25E0,3.E1));
#1574=DIRECTION('',(0.E0,-1.E0,0.E0));
#1575=DIRECTION('',(0.E0,0.E0,-1.E0));
#1576=AXIS2_PLACEMENT_3D('',#1573,#1574,#1575);
#1577=CYLINDRICAL_SURFACE('',#1576,6.E0);
#1578=ORIENTED_EDGE('',*,*,#1356,.F.);
#1579=ORIENTED_EDGE('',*,*,#1568,.T.);
#1580=ORIENTED_EDGE('',*,*,#1444,.T.);
#1581=ORIENTED_EDGE('',*,*,#1565,.F.);
#1582=EDGE_LOOP('',(#1578,#1579,#1580,#1581));
#1583=FACE_OUTER_BOUND('',#1582,.F.);
#1584=ADVANCED_FACE('',(#1583),#1577,.F.);
#1585=CARTESIAN_POINT('',(1.1685E3,-2.637109682571E0,4.5E1));
#1586=DIRECTION('',(0.E0,1.E0,0.E0));
#1587=DIRECTION('',(0.E0,0.E0,1.E0));
#1588=AXIS2_PLACEMENT_3D('',#1585,#1586,#1587);
#1589=CYLINDRICAL_SURFACE('',#1588,5.E0);
#1591=ORIENTED_EDGE('',*,*,#1590,.F.);
#1592=ORIENTED_EDGE('',*,*,#1322,.T.);
#1594=ORIENTED_EDGE('',*,*,#1593,.T.);
#1595=ORIENTED_EDGE('',*,*,#1406,.T.);
#1596=EDGE_LOOP('',(#1591,#1592,#1594,#1595));
#1597=FACE_OUTER_BOUND('',#1596,.F.);
#1598=ADVANCED_FACE('',(#1597),#1589,.T.);
#1599=CARTESIAN_POINT('',(1.1735E3,-1.25E0,2.65E1));
#1600=DIRECTION('',(1.E0,0.E0,0.E0));
#1601=DIRECTION('',(0.E0,0.E0,-1.E0));
#1602=AXIS2_PLACEMENT_3D('',#1599,#1600,#1601);
#1603=PLANE('',#1602);
#1604=ORIENTED_EDGE('',*,*,#1590,.T.);
#1605=ORIENTED_EDGE('',*,*,#1416,.T.);
#1607=ORIENTED_EDGE('',*,*,#1606,.T.);
#1608=ORIENTED_EDGE('',*,*,#1324,.F.);
#1609=EDGE_LOOP('',(#1604,#1605,#1607,#1608));
#1610=FACE_OUTER_BOUND('',#1609,.F.);
#1611=ADVANCED_FACE('',(#1610),#1603,.T.);
#1612=CARTESIAN_POINT('',(1.1735E3,-5.203820042827E-3,-5.203820042827E-3));
#1613=DIRECTION('',(1.E0,0.E0,0.E0));
#1614=DIRECTION('',(0.E0,0.E0,-1.E0));
#1615=AXIS2_PLACEMENT_3D('',#1612,#1613,#1614);
#1616=PLANE('',#1615);
#1618=ORIENTED_EDGE('',*,*,#1617,.T.);
#1620=ORIENTED_EDGE('',*,*,#1619,.T.);
#1622=ORIENTED_EDGE('',*,*,#1621,.F.);
#1623=ORIENTED_EDGE('',*,*,#1606,.F.);
#1624=EDGE_LOOP('',(#1618,#1620,#1622,#1623));
#1625=FACE_OUTER_BOUND('',#1624,.F.);
#1626=ADVANCED_FACE('',(#1625),#1616,.T.);
#1627=CARTESIAN_POINT('',(-1.1735E3,3.E0,3.E0));
#1628=DIRECTION('',(-1.E0,0.E0,0.E0));
#1629=DIRECTION('',(0.E0,-1.E0,0.E0));
#1630=AXIS2_PLACEMENT_3D('',#1627,#1628,#1629);
#1631=CYLINDRICAL_SURFACE('',#1630,3.E0);
#1633=ORIENTED_EDGE('',*,*,#1632,.T.);
#1635=ORIENTED_EDGE('',*,*,#1634,.T.);
#1636=ORIENTED_EDGE('',*,*,#1617,.F.);
#1637=ORIENTED_EDGE('',*,*,#1414,.F.);
#1638=EDGE_LOOP('',(#1633,#1635,#1636,#1637));
#1639=FACE_OUTER_BOUND('',#1638,.F.);
#1640=ADVANCED_FACE('',(#1639),#1631,.F.);
#1641=CARTESIAN_POINT('',(-1.1735E3,-5.203820042827E-3,-5.203820042827E-3));
#1642=DIRECTION('',(1.E0,0.E0,0.E0));
#1643=DIRECTION('',(0.E0,0.E0,-1.E0));
#1644=AXIS2_PLACEMENT_3D('',#1641,#1642,#1643);
#1645=PLANE('',#1644);
#1646=ORIENTED_EDGE('',*,*,#1632,.F.);
#1648=ORIENTED_EDGE('',*,*,#1647,.T.);
#1650=ORIENTED_EDGE('',*,*,#1649,.T.);
#1652=ORIENTED_EDGE('',*,*,#1651,.F.);
#1653=EDGE_LOOP('',(#1646,#1648,#1650,#1652));
#1654=FACE_OUTER_BOUND('',#1653,.F.);
#1655=ADVANCED_FACE('',(#1654),#1645,.F.);
#1656=CARTESIAN_POINT('',(-1.1735E3,-1.25E0,2.65E1));
#1657=DIRECTION('',(1.E0,0.E0,0.E0));
#1658=DIRECTION('',(0.E0,0.E0,-1.E0));
#1659=AXIS2_PLACEMENT_3D('',#1656,#1657,#1658);
#1660=PLANE('',#1659);
#1662=ORIENTED_EDGE('',*,*,#1661,.F.);
#1663=ORIENTED_EDGE('',*,*,#1328,.T.);
#1664=ORIENTED_EDGE('',*,*,#1647,.F.);
#1665=ORIENTED_EDGE('',*,*,#1412,.F.);
#1666=EDGE_LOOP('',(#1662,#1663,#1664,#1665));
#1667=FACE_OUTER_BOUND('',#1666,.F.);
#1668=ADVANCED_FACE('',(#1667),#1660,.F.);
#1669=CARTESIAN_POINT('',(-1.1685E3,-2.637109682571E0,4.5E1));
#1670=DIRECTION('',(0.E0,1.E0,0.E0));
#1671=DIRECTION('',(-1.E0,0.E0,0.E0));
#1672=AXIS2_PLACEMENT_3D('',#1669,#1670,#1671);
#1673=CYLINDRICAL_SURFACE('',#1672,5.E0);
#1675=ORIENTED_EDGE('',*,*,#1674,.F.);
#1676=ORIENTED_EDGE('',*,*,#1330,.T.);
#1677=ORIENTED_EDGE('',*,*,#1661,.T.);
#1678=ORIENTED_EDGE('',*,*,#1410,.T.);
#1679=EDGE_LOOP('',(#1675,#1676,#1677,#1678));
#1680=FACE_OUTER_BOUND('',#1679,.F.);
#1681=ADVANCED_FACE('',(#1680),#1673,.T.);
#1682=CARTESIAN_POINT('',(0.E0,-1.25E0,5.E1));
#1683=DIRECTION('',(0.E0,0.E0,1.E0));
#1684=DIRECTION('',(1.E0,0.E0,0.E0));
#1685=AXIS2_PLACEMENT_3D('',#1682,#1683,#1684);
#1686=PLANE('',#1685);
#1687=ORIENTED_EDGE('',*,*,#1593,.F.);
#1688=ORIENTED_EDGE('',*,*,#1332,.F.);
#1689=ORIENTED_EDGE('',*,*,#1674,.T.);
#1690=ORIENTED_EDGE('',*,*,#1408,.T.);
#1691=EDGE_LOOP('',(#1687,#1688,#1689,#1690));
#1692=FACE_OUTER_BOUND('',#1691,.F.);
#1693=ADVANCED_FACE('',(#1692),#1686,.T.);
#1694=CARTESIAN_POINT('',(-1.1735E3,3.E0,3.E0));
#1695=DIRECTION('',(-1.E0,0.E0,0.E0));
#1696=DIRECTION('',(0.E0,-1.E0,0.E0));
#1697=AXIS2_PLACEMENT_3D('',#1694,#1695,#1696);
#1698=CYLINDRICAL_SURFACE('',#1697,5.5E0);
#1699=ORIENTED_EDGE('',*,*,#1649,.F.);
#1700=ORIENTED_EDGE('',*,*,#1326,.T.);
#1701=ORIENTED_EDGE('',*,*,#1621,.T.);
#1703=ORIENTED_EDGE('',*,*,#1702,.F.);
#1704=EDGE_LOOP('',(#1699,#1700,#1701,#1703));
#1705=FACE_OUTER_BOUND('',#1704,.F.);
#1706=ADVANCED_FACE('',(#1705),#1698,.T.);
#1707=CARTESIAN_POINT('',(-1.1735E3,3.E0,-2.5E0));
#1708=DIRECTION('',(0.E0,0.E0,1.E0));
#1709=DIRECTION('',(0.E0,1.E0,0.E0));
#1710=AXIS2_PLACEMENT_3D('',#1707,#1708,#1709);
#1711=PLANE('',#1710);
#1713=ORIENTED_EDGE('',*,*,#1712,.F.);
#1714=ORIENTED_EDGE('',*,*,#1702,.T.);
#1716=ORIENTED_EDGE('',*,*,#1715,.T.);
#1718=ORIENTED_EDGE('',*,*,#1717,.F.);
#1719=EDGE_LOOP('',(#1713,#1714,#1716,#1718));
#1720=FACE_OUTER_BOUND('',#1719,.F.);
#1721=ADVANCED_FACE('',(#1720),#1711,.F.);
#1722=CARTESIAN_POINT('',(-1.1735E3,9.257064823977E1,-1.25E0));
#1723=DIRECTION('',(1.E0,0.E0,0.E0));
#1724=DIRECTION('',(0.E0,1.E0,0.E0));
#1725=AXIS2_PLACEMENT_3D('',#1722,#1723,#1724);
#1726=PLANE('',#1725);
#1728=ORIENTED_EDGE('',*,*,#1727,.F.);
#1729=ORIENTED_EDGE('',*,*,#1651,.T.);
#1730=ORIENTED_EDGE('',*,*,#1712,.T.);
#1732=ORIENTED_EDGE('',*,*,#1731,.F.);
#1733=EDGE_LOOP('',(#1728,#1729,#1730,#1732));
#1734=FACE_OUTER_BOUND('',#1733,.F.);
#1735=ADVANCED_FACE('',(#1734),#1726,.F.);
#1736=CARTESIAN_POINT('',(-1.1735E3,3.E0,0.E0));
#1737=DIRECTION('',(0.E0,0.E0,1.E0));
#1738=DIRECTION('',(0.E0,1.E0,0.E0));
#1739=AXIS2_PLACEMENT_3D('',#1736,#1737,#1738);
#1740=PLANE('',#1739);
#1741=ORIENTED_EDGE('',*,*,#1727,.T.);
#1743=ORIENTED_EDGE('',*,*,#1742,.T.);
#1745=ORIENTED_EDGE('',*,*,#1744,.F.);
#1746=ORIENTED_EDGE('',*,*,#1634,.F.);
#1747=EDGE_LOOP('',(#1741,#1743,#1745,#1746));
#1748=FACE_OUTER_BOUND('',#1747,.F.);
#1749=ADVANCED_FACE('',(#1748),#1740,.T.);
#1750=CARTESIAN_POINT('',(-1.1735E3,1.821412964795E2,-4.1E0));
#1751=DIRECTION('',(-1.E0,0.E0,0.E0));
#1752=DIRECTION('',(0.E0,-1.E0,0.E0));
#1753=AXIS2_PLACEMENT_3D('',#1750,#1751,#1752);
#1754=CYLINDRICAL_SURFACE('',#1753,4.1E0);
#1756=ORIENTED_EDGE('',*,*,#1755,.T.);
#1758=ORIENTED_EDGE('',*,*,#1757,.T.);
#1760=ORIENTED_EDGE('',*,*,#1759,.F.);
#1761=ORIENTED_EDGE('',*,*,#1742,.F.);
#1762=EDGE_LOOP('',(#1756,#1758,#1760,#1761));
#1763=FACE_OUTER_BOUND('',#1762,.F.);
#1764=ADVANCED_FACE('',(#1763),#1754,.T.);
#1765=CARTESIAN_POINT('',(-1.1735E3,1.823896903464E2,-1.260845110439E0));
#1766=DIRECTION('',(1.E0,0.E0,0.E0));
#1767=DIRECTION('',(0.E0,1.E0,0.E0));
#1768=AXIS2_PLACEMENT_3D('',#1765,#1766,#1767);
#1769=PLANE('',#1768);
#1770=ORIENTED_EDGE('',*,*,#1755,.F.);
#1771=ORIENTED_EDGE('',*,*,#1731,.T.);
#1773=ORIENTED_EDGE('',*,*,#1772,.T.);
#1775=ORIENTED_EDGE('',*,*,#1774,.F.);
#1776=EDGE_LOOP('',(#1770,#1771,#1773,#1775));
#1777=FACE_OUTER_BOUND('',#1776,.F.);
#1778=ADVANCED_FACE('',(#1777),#1769,.F.);
#1779=CARTESIAN_POINT('',(-1.1735E3,1.821412964795E2,-4.1E0));
#1780=DIRECTION('',(-1.E0,0.E0,0.E0));
#1781=DIRECTION('',(0.E0,-1.E0,0.E0));
#1782=AXIS2_PLACEMENT_3D('',#1779,#1780,#1781);
#1783=CYLINDRICAL_SURFACE('',#1782,1.6E0);
#1784=ORIENTED_EDGE('',*,*,#1772,.F.);
#1785=ORIENTED_EDGE('',*,*,#1717,.T.);
#1787=ORIENTED_EDGE('',*,*,#1786,.T.);
#1789=ORIENTED_EDGE('',*,*,#1788,.F.);
#1790=EDGE_LOOP('',(#1784,#1785,#1787,#1789));
#1791=FACE_OUTER_BOUND('',#1790,.F.);
#1792=ADVANCED_FACE('',(#1791),#1783,.F.);
#1793=CARTESIAN_POINT('',(1.1735E3,1.823896903464E2,-1.260845110439E0));
#1794=DIRECTION('',(1.E0,0.E0,0.E0));
#1795=DIRECTION('',(0.E0,1.E0,0.E0));
#1796=AXIS2_PLACEMENT_3D('',#1793,#1794,#1795);
#1797=PLANE('',#1796);
#1798=ORIENTED_EDGE('',*,*,#1759,.T.);
#1800=ORIENTED_EDGE('',*,*,#1799,.T.);
#1801=ORIENTED_EDGE('',*,*,#1786,.F.);
#1803=ORIENTED_EDGE('',*,*,#1802,.F.);
#1804=EDGE_LOOP('',(#1798,#1800,#1801,#1803));
#1805=FACE_OUTER_BOUND('',#1804,.F.);
#1806=ADVANCED_FACE('',(#1805),#1797,.T.);
#1807=CARTESIAN_POINT('',(1.1735E3,2.233945112835E2,-8.480088967024E0));
#1808=DIRECTION('',(1.E0,0.E0,0.E0));
#1809=DIRECTION('',(0.E0,9.848077530122E-1,-1.736481776669E-1));
#1810=AXIS2_PLACEMENT_3D('',#1807,#1808,#1809);
#1811=PLANE('',#1810);
#1813=ORIENTED_EDGE('',*,*,#1812,.T.);
#1815=ORIENTED_EDGE('',*,*,#1814,.T.);
#1817=ORIENTED_EDGE('',*,*,#1816,.F.);
#1818=ORIENTED_EDGE('',*,*,#1799,.F.);
#1819=EDGE_LOOP('',(#1813,#1815,#1817,#1818));
#1820=FACE_OUTER_BOUND('',#1819,.F.);
#1821=ADVANCED_FACE('',(#1820),#1811,.T.);
#1822=CARTESIAN_POINT('',(-1.1735E3,1.828532540080E2,-6.228821264995E-2));
#1823=DIRECTION('',(0.E0,1.736481776669E-1,9.848077530122E-1));
#1824=DIRECTION('',(0.E0,9.848077530122E-1,-1.736481776669E-1));
#1825=AXIS2_PLACEMENT_3D('',#1822,#1823,#1824);
#1826=PLANE('',#1825);
#1828=ORIENTED_EDGE('',*,*,#1827,.T.);
#1830=ORIENTED_EDGE('',*,*,#1829,.T.);
#1831=ORIENTED_EDGE('',*,*,#1812,.F.);
#1832=ORIENTED_EDGE('',*,*,#1757,.F.);
#1833=EDGE_LOOP('',(#1828,#1830,#1831,#1832));
#1834=FACE_OUTER_BOUND('',#1833,.F.);
#1835=ADVANCED_FACE('',(#1834),#1826,.T.);
#1836=CARTESIAN_POINT('',(-1.1735E3,2.233945112835E2,-8.480088967024E0));
#1837=DIRECTION('',(1.E0,0.E0,0.E0));
#1838=DIRECTION('',(0.E0,9.848077530122E-1,-1.736481776669E-1));
#1839=AXIS2_PLACEMENT_3D('',#1836,#1837,#1838);
#1840=PLANE('',#1839);
#1841=ORIENTED_EDGE('',*,*,#1827,.F.);
#1842=ORIENTED_EDGE('',*,*,#1774,.T.);
#1844=ORIENTED_EDGE('',*,*,#1843,.T.);
#1846=ORIENTED_EDGE('',*,*,#1845,.F.);
#1847=EDGE_LOOP('',(#1841,#1842,#1844,#1846));
#1848=FACE_OUTER_BOUND('',#1847,.F.);
#1849=ADVANCED_FACE('',(#1848),#1840,.F.);
#1850=CARTESIAN_POINT('',(-1.1735E3,1.824191335638E2,-2.524307595180E0));
#1851=DIRECTION('',(0.E0,1.736481776669E-1,9.848077530122E-1));
#1852=DIRECTION('',(0.E0,9.848077530122E-1,-1.736481776669E-1));
#1853=AXIS2_PLACEMENT_3D('',#1850,#1851,#1852);
#1854=PLANE('',#1853);
#1855=ORIENTED_EDGE('',*,*,#1843,.F.);
#1856=ORIENTED_EDGE('',*,*,#1788,.T.);
#1857=ORIENTED_EDGE('',*,*,#1816,.T.);
#1859=ORIENTED_EDGE('',*,*,#1858,.F.);
#1860=EDGE_LOOP('',(#1855,#1856,#1857,#1859));
#1861=FACE_OUTER_BOUND('',#1860,.F.);
#1862=ADVANCED_FACE('',(#1861),#1854,.F.);
#1863=CARTESIAN_POINT('',(-1.1735E3,2.636579314747E2,-1.847358212622E1));
#1864=DIRECTION('',(-1.E0,0.E0,0.E0));
#1865=DIRECTION('',(0.E0,-1.E0,0.E0));
#1866=AXIS2_PLACEMENT_3D('',#1863,#1864,#1865);
#1867=CYLINDRICAL_SURFACE('',#1866,1.6E0);
#1869=ORIENTED_EDGE('',*,*,#1868,.F.);
#1870=ORIENTED_EDGE('',*,*,#1858,.T.);
#1872=ORIENTED_EDGE('',*,*,#1871,.T.);
#1874=ORIENTED_EDGE('',*,*,#1873,.F.);
#1875=EDGE_LOOP('',(#1869,#1870,#1872,#1874));
#1876=FACE_OUTER_BOUND('',#1875,.F.);
#1877=ADVANCED_FACE('',(#1876),#1867,.F.);
#1878=CARTESIAN_POINT('',(-1.1735E3,2.644673752072E2,-1.574094588184E1));
#1879=DIRECTION('',(1.E0,0.E0,0.E0));
#1880=DIRECTION('',(0.E0,9.848077530122E-1,-1.736481776669E-1));
#1881=AXIS2_PLACEMENT_3D('',#1878,#1879,#1880);
#1882=PLANE('',#1881);
#1884=ORIENTED_EDGE('',*,*,#1883,.F.);
#1885=ORIENTED_EDGE('',*,*,#1845,.T.);
#1886=ORIENTED_EDGE('',*,*,#1868,.T.);
#1888=ORIENTED_EDGE('',*,*,#1887,.F.);
#1889=EDGE_LOOP('',(#1884,#1885,#1886,#1888));
#1890=FACE_OUTER_BOUND('',#1889,.F.);
#1891=ADVANCED_FACE('',(#1890),#1882,.F.);
#1892=CARTESIAN_POINT('',(-1.1735E3,2.636579314747E2,-1.847358212622E1));
#1893=DIRECTION('',(-1.E0,0.E0,0.E0));
#1894=DIRECTION('',(0.E0,-1.E0,0.E0));
#1895=AXIS2_PLACEMENT_3D('',#1892,#1893,#1894);
#1896=CYLINDRICAL_SURFACE('',#1895,4.1E0);
#1897=ORIENTED_EDGE('',*,*,#1883,.T.);
#1899=ORIENTED_EDGE('',*,*,#1898,.T.);
#1901=ORIENTED_EDGE('',*,*,#1900,.F.);
#1902=ORIENTED_EDGE('',*,*,#1829,.F.);
#1903=EDGE_LOOP('',(#1897,#1899,#1901,#1902));
#1904=FACE_OUTER_BOUND('',#1903,.F.);
#1905=ADVANCED_FACE('',(#1904),#1896,.T.);
#1906=CARTESIAN_POINT('',(-1.1735E3,2.652599291016E2,-1.469951222706E1));
#1907=DIRECTION('',(0.E0,3.907311284893E-1,9.205048534524E-1));
#1908=DIRECTION('',(0.E0,9.205048534524E-1,-3.907311284893E-1));
#1909=AXIS2_PLACEMENT_3D('',#1906,#1907,#1908);
#1910=PLANE('',#1909);
#1912=ORIENTED_EDGE('',*,*,#1911,.T.);
#1914=ORIENTED_EDGE('',*,*,#1913,.T.);
#1916=ORIENTED_EDGE('',*,*,#1915,.F.);
#1917=ORIENTED_EDGE('',*,*,#1898,.F.);
#1918=EDGE_LOOP('',(#1912,#1914,#1916,#1917));
#1919=FACE_OUTER_BOUND('',#1918,.F.);
#1920=ADVANCED_FACE('',(#1919),#1910,.T.);
#1921=CARTESIAN_POINT('',(-1.1735E3,3.039232229397E2,-3.246905724481E1));
#1922=DIRECTION('',(1.E0,0.E0,0.E0));
#1923=DIRECTION('',(0.E0,9.205048534524E-1,-3.907311284893E-1));
#1924=AXIS2_PLACEMENT_3D('',#1921,#1922,#1923);
#1925=PLANE('',#1924);
#1926=ORIENTED_EDGE('',*,*,#1911,.F.);
#1927=ORIENTED_EDGE('',*,*,#1887,.T.);
#1929=ORIENTED_EDGE('',*,*,#1928,.T.);
#1931=ORIENTED_EDGE('',*,*,#1930,.F.);
#1932=EDGE_LOOP('',(#1926,#1927,#1929,#1931));
#1933=FACE_OUTER_BOUND('',#1932,.F.);
#1934=ADVANCED_FACE('',(#1933),#1925,.F.);
#1935=CARTESIAN_POINT('',(-1.1735E3,2.642831012803E2,-1.700077436069E1));
#1936=DIRECTION('',(0.E0,3.907311284893E-1,9.205048534524E-1));
#1937=DIRECTION('',(0.E0,9.205048534524E-1,-3.907311284893E-1));
#1938=AXIS2_PLACEMENT_3D('',#1935,#1936,#1937);
#1939=PLANE('',#1938);
#1940=ORIENTED_EDGE('',*,*,#1928,.F.);
#1941=ORIENTED_EDGE('',*,*,#1873,.T.);
#1943=ORIENTED_EDGE('',*,*,#1942,.T.);
#1945=ORIENTED_EDGE('',*,*,#1944,.F.);
#1946=EDGE_LOOP('',(#1940,#1941,#1943,#1945));
#1947=FACE_OUTER_BOUND('',#1946,.F.);
#1948=ADVANCED_FACE('',(#1947),#1939,.F.);
#1949=CARTESIAN_POINT('',(1.1735E3,3.039232229397E2,-3.246905724481E1));
#1950=DIRECTION('',(1.E0,0.E0,0.E0));
#1951=DIRECTION('',(0.E0,9.205048534524E-1,-3.907311284893E-1));
#1952=AXIS2_PLACEMENT_3D('',#1949,#1950,#1951);
#1953=PLANE('',#1952);
#1954=ORIENTED_EDGE('',*,*,#1915,.T.);
#1956=ORIENTED_EDGE('',*,*,#1955,.T.);
#1957=ORIENTED_EDGE('',*,*,#1942,.F.);
#1959=ORIENTED_EDGE('',*,*,#1958,.F.);
#1960=EDGE_LOOP('',(#1954,#1956,#1957,#1959));
#1961=FACE_OUTER_BOUND('',#1960,.F.);
#1962=ADVANCED_FACE('',(#1961),#1953,.T.);
#1963=CARTESIAN_POINT('',(1.1735E3,3.433647541185E2,-4.923089629465E1));
#1964=DIRECTION('',(1.E0,0.E0,0.E0));
#1965=DIRECTION('',(0.E0,9.205048534524E-1,-3.907311284893E-1));
#1966=AXIS2_PLACEMENT_3D('',#1963,#1964,#1965);
#1967=PLANE('',#1966);
#1969=ORIENTED_EDGE('',*,*,#1968,.T.);
#1971=ORIENTED_EDGE('',*,*,#1970,.T.);
#1973=ORIENTED_EDGE('',*,*,#1972,.F.);
#1974=ORIENTED_EDGE('',*,*,#1955,.F.);
#1975=EDGE_LOOP('',(#1969,#1971,#1973,#1974));
#1976=FACE_OUTER_BOUND('',#1975,.F.);
#1977=ADVANCED_FACE('',(#1976),#1967,.T.);
#1978=CARTESIAN_POINT('',(-1.1735E3,3.419613469722E2,-5.171141002808E1));
#1979=DIRECTION('',(-1.E0,0.E0,0.E0));
#1980=DIRECTION('',(0.E0,-1.E0,0.E0));
#1981=AXIS2_PLACEMENT_3D('',#1978,#1979,#1980);
#1982=CYLINDRICAL_SURFACE('',#1981,4.1E0);
#1984=ORIENTED_EDGE('',*,*,#1983,.T.);
#1986=ORIENTED_EDGE('',*,*,#1985,.T.);
#1987=ORIENTED_EDGE('',*,*,#1968,.F.);
#1988=ORIENTED_EDGE('',*,*,#1913,.F.);
#1989=EDGE_LOOP('',(#1984,#1986,#1987,#1988));
#1990=FACE_OUTER_BOUND('',#1989,.F.);
#1991=ADVANCED_FACE('',(#1990),#1982,.T.);
#1992=CARTESIAN_POINT('',(-1.1735E3,3.433647541185E2,-4.923089629465E1));
#1993=DIRECTION('',(1.E0,0.E0,0.E0));
#1994=DIRECTION('',(0.E0,9.205048534524E-1,-3.907311284893E-1));
#1995=AXIS2_PLACEMENT_3D('',#1992,#1993,#1994);
#1996=PLANE('',#1995);
#1997=ORIENTED_EDGE('',*,*,#1983,.F.);
#1998=ORIENTED_EDGE('',*,*,#1930,.T.);
#2000=ORIENTED_EDGE('',*,*,#1999,.T.);
#2002=ORIENTED_EDGE('',*,*,#2001,.F.);
#2003=EDGE_LOOP('',(#1997,#1998,#2000,#2002));
#2004=FACE_OUTER_BOUND('',#2003,.F.);
#2005=ADVANCED_FACE('',(#2004),#1996,.F.);
#2006=CARTESIAN_POINT('',(-1.1735E3,3.419613469722E2,-5.171141002808E1));
#2007=DIRECTION('',(-1.E0,0.E0,0.E0));
#2008=DIRECTION('',(0.E0,-1.E0,0.E0));
#2009=AXIS2_PLACEMENT_3D('',#2006,#2007,#2008);
#2010=CYLINDRICAL_SURFACE('',#2009,1.6E0);
#2011=ORIENTED_EDGE('',*,*,#1999,.F.);
#2012=ORIENTED_EDGE('',*,*,#1944,.T.);
#2013=ORIENTED_EDGE('',*,*,#1972,.T.);
#2015=ORIENTED_EDGE('',*,*,#2014,.F.);
#2016=EDGE_LOOP('',(#2011,#2012,#2013,#2015));
#2017=FACE_OUTER_BOUND('',#2016,.F.);
#2018=ADVANCED_FACE('',(#2017),#2010,.F.);
#2019=CARTESIAN_POINT('',(-1.1735E3,3.429018033759E2,-5.041698283708E1));
#2020=DIRECTION('',(0.E0,5.877852522925E-1,8.090169943749E-1));
#2021=DIRECTION('',(0.E0,8.090169943749E-1,-5.877852522925E-1));
#2022=AXIS2_PLACEMENT_3D('',#2019,#2020,#2021);
#2023=PLANE('',#2022);
#2025=ORIENTED_EDGE('',*,*,#2024,.F.);
#2026=ORIENTED_EDGE('',*,*,#2014,.T.);
#2028=ORIENTED_EDGE('',*,*,#2027,.T.);
#2030=ORIENTED_EDGE('',*,*,#2029,.F.);
#2031=EDGE_LOOP('',(#2025,#2026,#2028,#2030));
#2032=FACE_OUTER_BOUND('',#2031,.F.);
#2034=ORIENTED_EDGE('',*,*,#2033,.T.);
#2036=ORIENTED_EDGE('',*,*,#2035,.F.);
#2038=ORIENTED_EDGE('',*,*,#2037,.T.);
#2040=ORIENTED_EDGE('',*,*,#2039,.F.);
#2041=EDGE_LOOP('',(#2034,#2036,#2038,#2040));
#2042=FACE_BOUND('',#2041,.F.);
#2044=ORIENTED_EDGE('',*,*,#2043,.T.);
#2046=ORIENTED_EDGE('',*,*,#2045,.F.);
#2048=ORIENTED_EDGE('',*,*,#2047,.T.);
#2050=ORIENTED_EDGE('',*,*,#2049,.F.);
#2051=EDGE_LOOP('',(#2044,#2046,#2048,#2050));
#2052=FACE_BOUND('',#2051,.F.);
#2054=ORIENTED_EDGE('',*,*,#2053,.T.);
#2056=ORIENTED_EDGE('',*,*,#2055,.F.);
#2058=ORIENTED_EDGE('',*,*,#2057,.T.);
#2060=ORIENTED_EDGE('',*,*,#2059,.F.);
#2061=EDGE_LOOP('',(#2054,#2056,#2058,#2060));
#2062=FACE_BOUND('',#2061,.F.);
#2064=ORIENTED_EDGE('',*,*,#2063,.T.);
#2066=ORIENTED_EDGE('',*,*,#2065,.F.);
#2068=ORIENTED_EDGE('',*,*,#2067,.T.);
#2070=ORIENTED_EDGE('',*,*,#2069,.F.);
#2071=EDGE_LOOP('',(#2064,#2066,#2068,#2070));
#2072=FACE_BOUND('',#2071,.F.);
#2073=ADVANCED_FACE('',(#2032,#2042,#2052,#2062,#2072),#2023,.F.);
#2074=CARTESIAN_POINT('',(-1.1735E3,3.781091475396E2,-7.445153069830E1));
#2075=DIRECTION('',(1.E0,0.E0,0.E0));
#2076=DIRECTION('',(0.E0,8.090169943749E-1,-5.877852522925E-1));
#2077=AXIS2_PLACEMENT_3D('',#2074,#2075,#2076);
#2078=PLANE('',#2077);
#2080=ORIENTED_EDGE('',*,*,#2079,.F.);
#2081=ORIENTED_EDGE('',*,*,#2001,.T.);
#2082=ORIENTED_EDGE('',*,*,#2024,.T.);
#2084=ORIENTED_EDGE('',*,*,#2083,.F.);
#2085=EDGE_LOOP('',(#2080,#2081,#2082,#2084));
#2086=FACE_OUTER_BOUND('',#2085,.F.);
#2087=ADVANCED_FACE('',(#2086),#2078,.F.);
#2088=CARTESIAN_POINT('',(-1.1735E3,3.443712665066E2,-4.839444035114E1));
#2089=DIRECTION('',(0.E0,5.877852522925E-1,8.090169943749E-1));
#2090=DIRECTION('',(0.E0,8.090169943749E-1,-5.877852522925E-1));
#2091=AXIS2_PLACEMENT_3D('',#2088,#2089,#2090);
#2092=PLANE('',#2091);
#2093=ORIENTED_EDGE('',*,*,#2079,.T.);
#2095=ORIENTED_EDGE('',*,*,#2094,.T.);
#2097=ORIENTED_EDGE('',*,*,#2096,.F.);
#2098=ORIENTED_EDGE('',*,*,#1985,.F.);
#2099=EDGE_LOOP('',(#2093,#2095,#2097,#2098));
#2100=FACE_OUTER_BOUND('',#2099,.F.);
#2102=ORIENTED_EDGE('',*,*,#2101,.F.);
#2104=ORIENTED_EDGE('',*,*,#2103,.T.);
#2106=ORIENTED_EDGE('',*,*,#2105,.F.);
#2108=ORIENTED_EDGE('',*,*,#2107,.T.);
#2109=EDGE_LOOP('',(#2102,#2104,#2106,#2108));
#2110=FACE_BOUND('',#2109,.F.);
#2112=ORIENTED_EDGE('',*,*,#2111,.F.);
#2114=ORIENTED_EDGE('',*,*,#2113,.T.);
#2116=ORIENTED_EDGE('',*,*,#2115,.F.);
#2118=ORIENTED_EDGE('',*,*,#2117,.T.);
#2119=EDGE_LOOP('',(#2112,#2114,#2116,#2118));
#2120=FACE_BOUND('',#2119,.F.);
#2122=ORIENTED_EDGE('',*,*,#2121,.F.);
#2124=ORIENTED_EDGE('',*,*,#2123,.T.);
#2126=ORIENTED_EDGE('',*,*,#2125,.F.);
#2128=ORIENTED_EDGE('',*,*,#2127,.T.);
#2129=EDGE_LOOP('',(#2122,#2124,#2126,#2128));
#2130=FACE_BOUND('',#2129,.F.);
#2132=ORIENTED_EDGE('',*,*,#2131,.F.);
#2134=ORIENTED_EDGE('',*,*,#2133,.T.);
#2136=ORIENTED_EDGE('',*,*,#2135,.F.);
#2138=ORIENTED_EDGE('',*,*,#2137,.T.);
#2139=EDGE_LOOP('',(#2132,#2134,#2136,#2138));
#2140=FACE_BOUND('',#2139,.F.);
#2141=ADVANCED_FACE('',(#2100,#2110,#2120,#2130,#2140),#2092,.T.);
#2142=CARTESIAN_POINT('',(-1.1735E3,4.109065721690E2,-1.018030482365E2));
#2143=DIRECTION('',(-1.E0,0.E0,0.E0));
#2144=DIRECTION('',(0.E0,-1.E0,0.E0));
#2145=AXIS2_PLACEMENT_3D('',#2142,#2143,#2144);
#2146=CYLINDRICAL_SURFACE('',#2145,4.1E0);
#2148=ORIENTED_EDGE('',*,*,#2147,.T.);
#2150=ORIENTED_EDGE('',*,*,#2149,.T.);
#2152=ORIENTED_EDGE('',*,*,#2151,.F.);
#2153=ORIENTED_EDGE('',*,*,#2094,.F.);
#2154=EDGE_LOOP('',(#2148,#2150,#2152,#2153));
#2155=FACE_OUTER_BOUND('',#2154,.F.);
#2156=ADVANCED_FACE('',(#2155),#2146,.T.);
#2157=CARTESIAN_POINT('',(-1.1735E3,4.127518191664E2,-9.963105295137E1));
#2158=DIRECTION('',(1.E0,0.E0,0.E0));
#2159=DIRECTION('',(0.E0,8.090169943749E-1,-5.877852522925E-1));
#2160=AXIS2_PLACEMENT_3D('',#2157,#2158,#2159);
#2161=PLANE('',#2160);
#2162=ORIENTED_EDGE('',*,*,#2147,.F.);
#2163=ORIENTED_EDGE('',*,*,#2083,.T.);
#2165=ORIENTED_EDGE('',*,*,#2164,.T.);
#2167=ORIENTED_EDGE('',*,*,#2166,.F.);
#2168=EDGE_LOOP('',(#2162,#2163,#2165,#2167));
#2169=FACE_OUTER_BOUND('',#2168,.F.);
#2170=ADVANCED_FACE('',(#2169),#2161,.F.);
#2171=CARTESIAN_POINT('',(-1.1735E3,4.109065721690E2,-1.018030482365E2));
#2172=DIRECTION('',(-1.E0,0.E0,0.E0));
#2173=DIRECTION('',(0.E0,-1.E0,0.E0));
#2174=AXIS2_PLACEMENT_3D('',#2171,#2172,#2173);
#2175=CYLINDRICAL_SURFACE('',#2174,1.6E0);
#2176=ORIENTED_EDGE('',*,*,#2164,.F.);
#2177=ORIENTED_EDGE('',*,*,#2029,.T.);
#2179=ORIENTED_EDGE('',*,*,#2178,.T.);
#2181=ORIENTED_EDGE('',*,*,#2180,.F.);
#2182=EDGE_LOOP('',(#2176,#2177,#2179,#2181));
#2183=FACE_OUTER_BOUND('',#2182,.F.);
#2184=ADVANCED_FACE('',(#2183),#2175,.F.);
#2185=CARTESIAN_POINT('',(1.1735E3,4.127518191664E2,-9.963105295137E1));
#2186=DIRECTION('',(1.E0,0.E0,0.E0));
#2187=DIRECTION('',(0.E0,8.090169943749E-1,-5.877852522925E-1));
#2188=AXIS2_PLACEMENT_3D('',#2185,#2186,#2187);
#2189=PLANE('',#2188);
#2190=ORIENTED_EDGE('',*,*,#2151,.T.);
#2192=ORIENTED_EDGE('',*,*,#2191,.T.);
#2193=ORIENTED_EDGE('',*,*,#2178,.F.);
#2195=ORIENTED_EDGE('',*,*,#2194,.F.);
#2196=EDGE_LOOP('',(#2190,#2192,#2193,#2195));
#2197=FACE_OUTER_BOUND('',#2196,.F.);
#2198=ADVANCED_FACE('',(#2197),#2189,.T.);
#2199=CARTESIAN_POINT('',(1.1735E3,4.822744481579E2,-1.684178779625E2));
#2200=DIRECTION('',(1.E0,0.E0,0.E0));
#2201=DIRECTION('',(0.E0,7.107994738730E-1,-7.033947028105E-1));
#2202=AXIS2_PLACEMENT_3D('',#2199,#2200,#2201);
#2203=PLANE('',#2202);
#2205=ORIENTED_EDGE('',*,*,#2204,.T.);
#2207=ORIENTED_EDGE('',*,*,#2206,.F.);
#2209=ORIENTED_EDGE('',*,*,#2208,.F.);
#2210=ORIENTED_EDGE('',*,*,#2191,.F.);
#2211=EDGE_LOOP('',(#2205,#2207,#2209,#2210));
#2212=FACE_OUTER_BOUND('',#2211,.F.);
#2213=ADVANCED_FACE('',(#2212),#2203,.T.);
#2214=CARTESIAN_POINT('',(-1.1735E3,4.137904904505E2,-9.888877039358E1));
#2215=DIRECTION('',(0.E0,7.033947028105E-1,7.107994738730E-1));
#2216=DIRECTION('',(0.E0,7.107994738730E-1,-7.033947028105E-1));
#2217=AXIS2_PLACEMENT_3D('',#2214,#2215,#2216);
#2218=PLANE('',#2217);
#2219=ORIENTED_EDGE('',*,*,#2204,.F.);
#2220=ORIENTED_EDGE('',*,*,#2149,.F.);
#2222=ORIENTED_EDGE('',*,*,#2221,.T.);
#2224=ORIENTED_EDGE('',*,*,#2223,.F.);
#2226=ORIENTED_EDGE('',*,*,#2225,.F.);
#2228=ORIENTED_EDGE('',*,*,#2227,.F.);
#2230=ORIENTED_EDGE('',*,*,#2229,.T.);
#2232=ORIENTED_EDGE('',*,*,#2231,.F.);
#2234=ORIENTED_EDGE('',*,*,#2233,.F.);
#2236=ORIENTED_EDGE('',*,*,#2235,.F.);
#2237=EDGE_LOOP('',(#2219,#2220,#2222,#2224,#2226,#2228,#2230,#2232,#2234,
#2236));
#2238=FACE_OUTER_BOUND('',#2237,.F.);
#2239=ADVANCED_FACE('',(#2238),#2218,.T.);
#2240=CARTESIAN_POINT('',(-1.1735E3,4.822744481579E2,-1.684178779625E2));
#2241=DIRECTION('',(1.E0,0.E0,0.E0));
#2242=DIRECTION('',(0.E0,7.107994738730E-1,-7.033947028105E-1));
#2243=AXIS2_PLACEMENT_3D('',#2240,#2241,#2242);
#2244=PLANE('',#2243);
#2245=ORIENTED_EDGE('',*,*,#2221,.F.);
#2246=ORIENTED_EDGE('',*,*,#2166,.T.);
#2248=ORIENTED_EDGE('',*,*,#2247,.T.);
#2250=ORIENTED_EDGE('',*,*,#2249,.T.);
#2251=EDGE_LOOP('',(#2245,#2246,#2248,#2250));
#2252=FACE_OUTER_BOUND('',#2251,.F.);
#2253=ADVANCED_FACE('',(#2252),#2244,.F.);
#2254=CARTESIAN_POINT('',(-1.1735E3,4.120320036935E2,-1.006657690783E2));
#2255=DIRECTION('',(0.E0,7.033947028105E-1,7.107994738730E-1));
#2256=DIRECTION('',(0.E0,7.107994738730E-1,-7.033947028105E-1));
#2257=AXIS2_PLACEMENT_3D('',#2254,#2255,#2256);
#2258=PLANE('',#2257);
#2259=ORIENTED_EDGE('',*,*,#2208,.T.);
#2261=ORIENTED_EDGE('',*,*,#2260,.F.);
#2263=ORIENTED_EDGE('',*,*,#2262,.F.);
#2265=ORIENTED_EDGE('',*,*,#2264,.T.);
#2267=ORIENTED_EDGE('',*,*,#2266,.F.);
#2269=ORIENTED_EDGE('',*,*,#2268,.T.);
#2271=ORIENTED_EDGE('',*,*,#2270,.F.);
#2273=ORIENTED_EDGE('',*,*,#2272,.F.);
#2274=ORIENTED_EDGE('',*,*,#2247,.F.);
#2275=ORIENTED_EDGE('',*,*,#2180,.T.);
#2276=EDGE_LOOP('',(#2259,#2261,#2263,#2265,#2267,#2269,#2271,#2273,#2274,
#2275));
#2277=FACE_OUTER_BOUND('',#2276,.F.);
#2278=ADVANCED_FACE('',(#2277),#2258,.F.);
#2279=CARTESIAN_POINT('',(1.171E3,4.415973062771E2,-1.301159694179E2));
#2280=DIRECTION('',(0.E0,7.033947028105E-1,7.107994738730E-1));
#2281=DIRECTION('',(1.E0,0.E0,0.E0));
#2282=AXIS2_PLACEMENT_3D('',#2279,#2280,#2281);
#2283=CYLINDRICAL_SURFACE('',#2282,2.5E0);
#2284=ORIENTED_EDGE('',*,*,#2235,.T.);
#2286=ORIENTED_EDGE('',*,*,#2285,.F.);
#2287=ORIENTED_EDGE('',*,*,#2260,.T.);
#2288=ORIENTED_EDGE('',*,*,#2206,.T.);
#2289=EDGE_LOOP('',(#2284,#2286,#2287,#2288));
#2290=FACE_OUTER_BOUND('',#2289,.F.);
#2291=ADVANCED_FACE('',(#2290),#2283,.T.);
#2292=CARTESIAN_POINT('',(1.171E3,4.471191034416E2,-1.316444277306E2));
#2293=DIRECTION('',(0.E0,-7.033947028105E-1,-7.107994738730E-1));
#2294=DIRECTION('',(0.E0,-7.107994738730E-1,7.033947028105E-1));
#2295=AXIS2_PLACEMENT_3D('',#2292,#2293,#2294);
#2296=CYLINDRICAL_SURFACE('',#2295,2.5E0);
#2297=ORIENTED_EDGE('',*,*,#2285,.T.);
#2298=ORIENTED_EDGE('',*,*,#2233,.T.);
#2300=ORIENTED_EDGE('',*,*,#2299,.T.);
#2301=ORIENTED_EDGE('',*,*,#2262,.T.);
#2302=EDGE_LOOP('',(#2297,#2298,#2300,#2301));
#2303=FACE_OUTER_BOUND('',#2302,.F.);
#2304=ADVANCED_FACE('',(#2303),#2296,.F.);
#2305=CARTESIAN_POINT('',(1.1685E3,4.979938199043E2,-1.839734927658E2));
#2306=DIRECTION('',(1.E0,0.E0,0.E0));
#2307=DIRECTION('',(0.E0,7.107994738730E-1,-7.033947028105E-1));
#2308=AXIS2_PLACEMENT_3D('',#2305,#2306,#2307);
#2309=PLANE('',#2308);
#2310=ORIENTED_EDGE('',*,*,#2299,.F.);
#2311=ORIENTED_EDGE('',*,*,#2231,.T.);
#2313=ORIENTED_EDGE('',*,*,#2312,.T.);
#2314=ORIENTED_EDGE('',*,*,#2264,.F.);
#2315=EDGE_LOOP('',(#2310,#2311,#2313,#2314));
#2316=FACE_OUTER_BOUND('',#2315,.F.);
#2317=ADVANCED_FACE('',(#2316),#2309,.T.);
#2318=CARTESIAN_POINT('',(1.1685E3,5.659048790157E2,-2.443123269582E2));
#2319=DIRECTION('',(-1.E0,0.E0,0.E0));
#2320=DIRECTION('',(0.E0,-8.964864303834E-1,-4.430711908242E-1));
#2321=AXIS2_PLACEMENT_3D('',#2318,#2319,#2320);
#2322=PLANE('',#2321);
#2324=ORIENTED_EDGE('',*,*,#2323,.F.);
#2326=ORIENTED_EDGE('',*,*,#2325,.T.);
#2328=ORIENTED_EDGE('',*,*,#2327,.T.);
#2329=ORIENTED_EDGE('',*,*,#2312,.F.);
#2330=EDGE_LOOP('',(#2324,#2326,#2328,#2329));
#2331=FACE_OUTER_BOUND('',#2330,.F.);
#2332=ADVANCED_FACE('',(#2331),#2322,.F.);
#2333=CARTESIAN_POINT('',(-1.1735E3,5.701017601926E2,-2.184E2));
#2334=DIRECTION('',(-1.E0,0.E0,0.E0));
#2335=DIRECTION('',(0.E0,-1.E0,0.E0));
#2336=AXIS2_PLACEMENT_3D('',#2333,#2334,#2335);
#2337=CYLINDRICAL_SURFACE('',#2336,2.5E1);
#2339=ORIENTED_EDGE('',*,*,#2338,.F.);
#2341=ORIENTED_EDGE('',*,*,#2340,.T.);
#2342=ORIENTED_EDGE('',*,*,#2323,.T.);
#2343=ORIENTED_EDGE('',*,*,#2229,.F.);
#2344=EDGE_LOOP('',(#2339,#2341,#2342,#2343));
#2345=FACE_OUTER_BOUND('',#2344,.F.);
#2346=ADVANCED_FACE('',(#2345),#2337,.F.);
#2347=CARTESIAN_POINT('',(-1.1685E3,5.659048790157E2,-2.443123269582E2));
#2348=DIRECTION('',(-1.E0,0.E0,0.E0));
#2349=DIRECTION('',(0.E0,-8.964864303834E-1,-4.430711908242E-1));
#2350=AXIS2_PLACEMENT_3D('',#2347,#2348,#2349);
#2351=PLANE('',#2350);
#2352=ORIENTED_EDGE('',*,*,#2338,.T.);
#2354=ORIENTED_EDGE('',*,*,#2353,.T.);
#2356=ORIENTED_EDGE('',*,*,#2355,.F.);
#2358=ORIENTED_EDGE('',*,*,#2357,.F.);
#2359=EDGE_LOOP('',(#2352,#2354,#2356,#2358));
#2360=FACE_OUTER_BOUND('',#2359,.F.);
#2361=ADVANCED_FACE('',(#2360),#2351,.T.);
#2362=CARTESIAN_POINT('',(-1.1685E3,4.979938199043E2,-1.839734927658E2));
#2363=DIRECTION('',(-1.E0,0.E0,0.E0));
#2364=DIRECTION('',(0.E0,-7.107994738730E-1,7.033947028105E-1));
#2365=AXIS2_PLACEMENT_3D('',#2362,#2363,#2364);
#2366=PLANE('',#2365);
#2368=ORIENTED_EDGE('',*,*,#2367,.T.);
#2369=ORIENTED_EDGE('',*,*,#2268,.F.);
#2370=ORIENTED_EDGE('',*,*,#2353,.F.);
#2371=ORIENTED_EDGE('',*,*,#2227,.T.);
#2372=EDGE_LOOP('',(#2368,#2369,#2370,#2371));
#2373=FACE_OUTER_BOUND('',#2372,.F.);
#2374=ADVANCED_FACE('',(#2373),#2366,.T.);
#2375=CARTESIAN_POINT('',(-1.171E3,4.471191034416E2,-1.316444277306E2));
#2376=DIRECTION('',(0.E0,-7.033947028105E-1,-7.107994738730E-1));
#2377=DIRECTION('',(1.E0,0.E0,0.E0));
#2378=AXIS2_PLACEMENT_3D('',#2375,#2376,#2377);
#2379=CYLINDRICAL_SURFACE('',#2378,2.5E0);
#2381=ORIENTED_EDGE('',*,*,#2380,.F.);
#2382=ORIENTED_EDGE('',*,*,#2270,.T.);
#2383=ORIENTED_EDGE('',*,*,#2367,.F.);
#2384=ORIENTED_EDGE('',*,*,#2225,.T.);
#2385=EDGE_LOOP('',(#2381,#2382,#2383,#2384));
#2386=FACE_OUTER_BOUND('',#2385,.F.);
#2387=ADVANCED_FACE('',(#2386),#2379,.F.);
#2388=CARTESIAN_POINT('',(-1.171E3,4.415973062771E2,-1.301159694179E2));
#2389=DIRECTION('',(0.E0,7.033947028105E-1,7.107994738730E-1));
#2390=DIRECTION('',(0.E0,7.107994738730E-1,-7.033947028105E-1));
#2391=AXIS2_PLACEMENT_3D('',#2388,#2389,#2390);
#2392=CYLINDRICAL_SURFACE('',#2391,2.5E0);
#2393=ORIENTED_EDGE('',*,*,#2249,.F.);
#2394=ORIENTED_EDGE('',*,*,#2272,.T.);
#2395=ORIENTED_EDGE('',*,*,#2380,.T.);
#2396=ORIENTED_EDGE('',*,*,#2223,.T.);
#2397=EDGE_LOOP('',(#2393,#2394,#2395,#2396));
#2398=FACE_OUTER_BOUND('',#2397,.F.);
#2399=ADVANCED_FACE('',(#2398),#2392,.T.);
#2400=CARTESIAN_POINT('',(-1.1735E3,5.701017601926E2,-2.184E2));
#2401=DIRECTION('',(-1.E0,0.E0,0.E0));
#2402=DIRECTION('',(0.E0,-1.E0,0.E0));
#2403=AXIS2_PLACEMENT_3D('',#2400,#2401,#2402);
#2404=CYLINDRICAL_SURFACE('',#2403,2.75E1);
#2405=ORIENTED_EDGE('',*,*,#2355,.T.);
#2406=ORIENTED_EDGE('',*,*,#2266,.T.);
#2407=ORIENTED_EDGE('',*,*,#2327,.F.);
#2409=ORIENTED_EDGE('',*,*,#2408,.F.);
#2410=EDGE_LOOP('',(#2405,#2406,#2407,#2409));
#2411=FACE_OUTER_BOUND('',#2410,.F.);
#2412=ADVANCED_FACE('',(#2411),#2404,.T.);
#2413=CARTESIAN_POINT('',(-1.1735E3,5.822862179402E2,-2.430533768355E2));
#2414=DIRECTION('',(0.E0,-4.430711908242E-1,8.964864303834E-1));
#2415=DIRECTION('',(0.E0,8.964864303834E-1,4.430711908242E-1));
#2416=AXIS2_PLACEMENT_3D('',#2413,#2414,#2415);
#2417=PLANE('',#2416);
#2419=ORIENTED_EDGE('',*,*,#2418,.F.);
#2420=ORIENTED_EDGE('',*,*,#2408,.T.);
#2422=ORIENTED_EDGE('',*,*,#2421,.T.);
#2424=ORIENTED_EDGE('',*,*,#2423,.F.);
#2425=EDGE_LOOP('',(#2419,#2420,#2422,#2424));
#2426=FACE_OUTER_BOUND('',#2425,.F.);
#2427=ADVANCED_FACE('',(#2426),#2417,.F.);
#2428=CARTESIAN_POINT('',(-1.1685E3,6.144541336607E2,-2.257606703325E2));
#2429=DIRECTION('',(1.E0,0.E0,0.E0));
#2430=DIRECTION('',(0.E0,8.964864303834E-1,4.430711908242E-1));
#2431=AXIS2_PLACEMENT_3D('',#2428,#2429,#2430);
#2432=PLANE('',#2431);
#2434=ORIENTED_EDGE('',*,*,#2433,.F.);
#2435=ORIENTED_EDGE('',*,*,#2357,.T.);
#2436=ORIENTED_EDGE('',*,*,#2418,.T.);
#2438=ORIENTED_EDGE('',*,*,#2437,.F.);
#2439=EDGE_LOOP('',(#2434,#2435,#2436,#2438));
#2440=FACE_OUTER_BOUND('',#2439,.F.);
#2441=ADVANCED_FACE('',(#2440),#2432,.F.);
#2442=CARTESIAN_POINT('',(-1.1735E3,5.811785399632E2,-2.408121607596E2));
#2443=DIRECTION('',(0.E0,-4.430711908242E-1,8.964864303834E-1));
#2444=DIRECTION('',(0.E0,8.964864303834E-1,4.430711908242E-1));
#2445=AXIS2_PLACEMENT_3D('',#2442,#2443,#2444);
#2446=PLANE('',#2445);
#2447=ORIENTED_EDGE('',*,*,#2433,.T.);
#2449=ORIENTED_EDGE('',*,*,#2448,.T.);
#2451=ORIENTED_EDGE('',*,*,#2450,.F.);
#2452=ORIENTED_EDGE('',*,*,#2340,.F.);
#2453=EDGE_LOOP('',(#2447,#2449,#2451,#2452));
#2454=FACE_OUTER_BOUND('',#2453,.F.);
#2455=ADVANCED_FACE('',(#2454),#2446,.T.);
#2456=CARTESIAN_POINT('',(-1.1735E3,6.355452696106E2,-1.860558030698E2));
#2457=DIRECTION('',(-1.E0,0.E0,0.E0));
#2458=DIRECTION('',(0.E0,-1.E0,0.E0));
#2459=AXIS2_PLACEMENT_3D('',#2456,#2457,#2458);
#2460=CYLINDRICAL_SURFACE('',#2459,2.5E1);
#2462=ORIENTED_EDGE('',*,*,#2461,.F.);
#2464=ORIENTED_EDGE('',*,*,#2463,.T.);
#2466=ORIENTED_EDGE('',*,*,#2465,.T.);
#2467=ORIENTED_EDGE('',*,*,#2448,.F.);
#2468=EDGE_LOOP('',(#2462,#2464,#2466,#2467));
#2469=FACE_OUTER_BOUND('',#2468,.F.);
#2470=ADVANCED_FACE('',(#2469),#2460,.F.);
#2471=CARTESIAN_POINT('',(-1.1685E3,6.604095394014E2,-1.944718940727E2));
#2472=DIRECTION('',(-1.E0,0.E0,0.E0));
#2473=DIRECTION('',(0.E0,4.430711908242E-1,-8.964864303834E-1));
#2474=AXIS2_PLACEMENT_3D('',#2471,#2472,#2473);
#2475=PLANE('',#2474);
#2476=ORIENTED_EDGE('',*,*,#2461,.T.);
#2477=ORIENTED_EDGE('',*,*,#2437,.T.);
#2479=ORIENTED_EDGE('',*,*,#2478,.F.);
#2481=ORIENTED_EDGE('',*,*,#2480,.F.);
#2482=EDGE_LOOP('',(#2476,#2477,#2479,#2481));
#2483=FACE_OUTER_BOUND('',#2482,.F.);
#2484=ADVANCED_FACE('',(#2483),#2475,.T.);
#2485=CARTESIAN_POINT('',(-1.1735E3,6.355452696106E2,-1.860558030698E2));
#2486=DIRECTION('',(-1.E0,0.E0,0.E0));
#2487=DIRECTION('',(0.E0,-1.E0,0.E0));
#2488=AXIS2_PLACEMENT_3D('',#2485,#2486,#2487);
#2489=CYLINDRICAL_SURFACE('',#2488,2.75E1);
#2490=ORIENTED_EDGE('',*,*,#2478,.T.);
#2491=ORIENTED_EDGE('',*,*,#2423,.T.);
#2493=ORIENTED_EDGE('',*,*,#2492,.F.);
#2495=ORIENTED_EDGE('',*,*,#2494,.F.);
#2496=EDGE_LOOP('',(#2490,#2491,#2493,#2495));
#2497=FACE_OUTER_BOUND('',#2496,.F.);
#2498=ADVANCED_FACE('',(#2497),#2489,.T.);
#2499=CARTESIAN_POINT('',(1.1685E3,6.604095394014E2,-1.944718940727E2));
#2500=DIRECTION('',(-1.E0,0.E0,0.E0));
#2501=DIRECTION('',(0.E0,4.430711908242E-1,-8.964864303834E-1));
#2502=AXIS2_PLACEMENT_3D('',#2499,#2500,#2501);
#2503=PLANE('',#2502);
#2504=ORIENTED_EDGE('',*,*,#2465,.F.);
#2506=ORIENTED_EDGE('',*,*,#2505,.T.);
#2507=ORIENTED_EDGE('',*,*,#2492,.T.);
#2509=ORIENTED_EDGE('',*,*,#2508,.F.);
#2510=EDGE_LOOP('',(#2504,#2506,#2507,#2509));
#2511=FACE_OUTER_BOUND('',#2510,.F.);
#2512=ADVANCED_FACE('',(#2511),#2503,.F.);
#2513=CARTESIAN_POINT('',(1.1685E3,6.516565959618E2,-1.594090366018E2));
#2514=DIRECTION('',(1.E0,0.E0,0.E0));
#2515=DIRECTION('',(0.E0,-4.430711908242E-1,8.964864303834E-1));
#2516=AXIS2_PLACEMENT_3D('',#2513,#2514,#2515);
#2517=PLANE('',#2516);
#2519=ORIENTED_EDGE('',*,*,#2518,.F.);
#2521=ORIENTED_EDGE('',*,*,#2520,.F.);
#2522=ORIENTED_EDGE('',*,*,#2505,.F.);
#2524=ORIENTED_EDGE('',*,*,#2523,.T.);
#2525=EDGE_LOOP('',(#2519,#2521,#2522,#2524));
#2526=FACE_OUTER_BOUND('',#2525,.F.);
#2527=ADVANCED_FACE('',(#2526),#2517,.T.);
#2528=CARTESIAN_POINT('',(1.1635E3,6.476940344775E2,-1.482607327059E2));
#2529=DIRECTION('',(0.E0,-8.964864303834E-1,-4.430711908242E-1));
#2530=DIRECTION('',(1.E0,0.E0,0.E0));
#2531=AXIS2_PLACEMENT_3D('',#2528,#2529,#2530);
#2532=CYLINDRICAL_SURFACE('',#2531,5.E0);
#2534=ORIENTED_EDGE('',*,*,#2533,.F.);
#2536=ORIENTED_EDGE('',*,*,#2535,.T.);
#2537=ORIENTED_EDGE('',*,*,#2518,.T.);
#2539=ORIENTED_EDGE('',*,*,#2538,.T.);
#2540=EDGE_LOOP('',(#2534,#2536,#2537,#2539));
#2541=FACE_OUTER_BOUND('',#2540,.F.);
#2542=ADVANCED_FACE('',(#2541),#2532,.T.);
#2543=CARTESIAN_POINT('',(0.E0,6.442351535155E2,-1.443928888929E2));
#2544=DIRECTION('',(0.E0,4.430711908242E-1,-8.964864303834E-1));
#2545=DIRECTION('',(1.E0,0.E0,0.E0));
#2546=AXIS2_PLACEMENT_3D('',#2543,#2544,#2545);
#2547=PLANE('',#2546);
#2548=ORIENTED_EDGE('',*,*,#2533,.T.);
#2550=ORIENTED_EDGE('',*,*,#2549,.F.);
#2552=ORIENTED_EDGE('',*,*,#2551,.F.);
#2554=ORIENTED_EDGE('',*,*,#2553,.T.);
#2555=EDGE_LOOP('',(#2548,#2550,#2552,#2554));
#2556=FACE_OUTER_BOUND('',#2555,.F.);
#2557=ADVANCED_FACE('',(#2556),#2547,.F.);
#2558=CARTESIAN_POINT('',(-1.1735E3,6.579574303702E2,-1.749790232992E2));
#2559=DIRECTION('',(0.E0,-8.964864303834E-1,-4.430711908242E-1));
#2560=DIRECTION('',(0.E0,-4.430711908242E-1,8.964864303834E-1));
#2561=AXIS2_PLACEMENT_3D('',#2558,#2559,#2560);
#2562=PLANE('',#2561);
#2563=ORIENTED_EDGE('',*,*,#2538,.F.);
#2564=ORIENTED_EDGE('',*,*,#2523,.F.);
#2565=ORIENTED_EDGE('',*,*,#2463,.F.);
#2567=ORIENTED_EDGE('',*,*,#2566,.T.);
#2569=ORIENTED_EDGE('',*,*,#2568,.F.);
#2570=ORIENTED_EDGE('',*,*,#2549,.T.);
#2571=EDGE_LOOP('',(#2563,#2564,#2565,#2567,#2569,#2570));
#2572=FACE_OUTER_BOUND('',#2571,.F.);
#2573=ADVANCED_FACE('',(#2572),#2562,.T.);
#2574=CARTESIAN_POINT('',(-1.1685E3,6.516565959618E2,-1.594090366018E2));
#2575=DIRECTION('',(1.E0,0.E0,0.E0));
#2576=DIRECTION('',(0.E0,-4.430711908242E-1,8.964864303834E-1));
#2577=AXIS2_PLACEMENT_3D('',#2574,#2575,#2576);
#2578=PLANE('',#2577);
#2580=ORIENTED_EDGE('',*,*,#2579,.T.);
#2581=ORIENTED_EDGE('',*,*,#2566,.F.);
#2582=ORIENTED_EDGE('',*,*,#2480,.T.);
#2584=ORIENTED_EDGE('',*,*,#2583,.T.);
#2585=EDGE_LOOP('',(#2580,#2581,#2582,#2584));
#2586=FACE_OUTER_BOUND('',#2585,.F.);
#2587=ADVANCED_FACE('',(#2586),#2578,.F.);
#2588=CARTESIAN_POINT('',(-1.1635E3,6.476940344775E2,-1.482607327059E2));
#2589=DIRECTION('',(0.E0,-8.964864303834E-1,-4.430711908242E-1));
#2590=DIRECTION('',(0.E0,-4.430711908242E-1,8.964864303834E-1));
#2591=AXIS2_PLACEMENT_3D('',#2588,#2589,#2590);
#2592=CYLINDRICAL_SURFACE('',#2591,5.E0);
#2593=ORIENTED_EDGE('',*,*,#2579,.F.);
#2595=ORIENTED_EDGE('',*,*,#2594,.T.);
#2596=ORIENTED_EDGE('',*,*,#2551,.T.);
#2597=ORIENTED_EDGE('',*,*,#2568,.T.);
#2598=EDGE_LOOP('',(#2593,#2595,#2596,#2597));
#2599=FACE_OUTER_BOUND('',#2598,.F.);
#2600=ADVANCED_FACE('',(#2599),#2592,.T.);
#2601=CARTESIAN_POINT('',(-1.1735E3,6.601986464461E2,-1.738713453222E2));
#2602=DIRECTION('',(0.E0,-8.964864303834E-1,-4.430711908242E-1));
#2603=DIRECTION('',(0.E0,-4.430711908242E-1,8.964864303834E-1));
#2604=AXIS2_PLACEMENT_3D('',#2601,#2602,#2603);
#2605=PLANE('',#2604);
#2606=ORIENTED_EDGE('',*,*,#2535,.F.);
#2607=ORIENTED_EDGE('',*,*,#2553,.F.);
#2608=ORIENTED_EDGE('',*,*,#2594,.F.);
#2609=ORIENTED_EDGE('',*,*,#2583,.F.);
#2610=ORIENTED_EDGE('',*,*,#2494,.T.);
#2611=ORIENTED_EDGE('',*,*,#2520,.T.);
#2612=EDGE_LOOP('',(#2606,#2607,#2608,#2609,#2610,#2611));
#2613=FACE_OUTER_BOUND('',#2612,.F.);
#2614=ADVANCED_FACE('',(#2613),#2605,.F.);
#2615=CARTESIAN_POINT('',(1.1685E3,6.144541336607E2,-2.257606703325E2));
#2616=DIRECTION('',(1.E0,0.E0,0.E0));
#2617=DIRECTION('',(0.E0,8.964864303834E-1,4.430711908242E-1));
#2618=AXIS2_PLACEMENT_3D('',#2615,#2616,#2617);
#2619=PLANE('',#2618);
#2620=ORIENTED_EDGE('',*,*,#2450,.T.);
#2621=ORIENTED_EDGE('',*,*,#2508,.T.);
#2622=ORIENTED_EDGE('',*,*,#2421,.F.);
#2623=ORIENTED_EDGE('',*,*,#2325,.F.);
#2624=EDGE_LOOP('',(#2620,#2621,#2622,#2623));
#2625=FACE_OUTER_BOUND('',#2624,.F.);
#2626=ADVANCED_FACE('',(#2625),#2619,.T.);
#2627=CARTESIAN_POINT('',(1.1735E3,3.781091475396E2,-7.445153069830E1));
#2628=DIRECTION('',(1.E0,0.E0,0.E0));
#2629=DIRECTION('',(0.E0,8.090169943749E-1,-5.877852522925E-1));
#2630=AXIS2_PLACEMENT_3D('',#2627,#2628,#2629);
#2631=PLANE('',#2630);
#2632=ORIENTED_EDGE('',*,*,#2096,.T.);
#2633=ORIENTED_EDGE('',*,*,#2194,.T.);
#2634=ORIENTED_EDGE('',*,*,#2027,.F.);
#2635=ORIENTED_EDGE('',*,*,#1970,.F.);
#2636=EDGE_LOOP('',(#2632,#2633,#2634,#2635));
#2637=FACE_OUTER_BOUND('',#2636,.F.);
#2638=ADVANCED_FACE('',(#2637),#2631,.T.);
#2639=CARTESIAN_POINT('',(-4.69E2,3.887093006740E2,-8.215299275381E1));
#2640=DIRECTION('',(0.E0,-5.877852522925E-1,-8.090169943749E-1));
#2641=DIRECTION('',(-1.E0,-2.554555094316E-14,1.855992916153E-14));
#2642=AXIS2_PLACEMENT_3D('',#2639,#2640,#2641);
#2643=CYLINDRICAL_SURFACE('',#2642,2.25E0);
#2644=ORIENTED_EDGE('',*,*,#2033,.F.);
#2646=ORIENTED_EDGE('',*,*,#2645,.T.);
#2647=ORIENTED_EDGE('',*,*,#2101,.T.);
#2649=ORIENTED_EDGE('',*,*,#2648,.F.);
#2650=EDGE_LOOP('',(#2644,#2646,#2647,#2649));
#2651=FACE_OUTER_BOUND('',#2650,.F.);
#2652=ADVANCED_FACE('',(#2651),#2643,.F.);
#2653=CARTESIAN_POINT('',(-4.7125E2,3.804168764817E2,-7.612819391782E1));
#2654=DIRECTION('',(1.E0,0.E0,0.E0));
#2655=DIRECTION('',(0.E0,-8.090169943749E-1,5.877852522925E-1));
#2656=AXIS2_PLACEMENT_3D('',#2653,#2654,#2655);
#2657=PLANE('',#2656);
#2658=ORIENTED_EDGE('',*,*,#2039,.T.);
#2660=ORIENTED_EDGE('',*,*,#2659,.T.);
#2661=ORIENTED_EDGE('',*,*,#2103,.F.);
#2662=ORIENTED_EDGE('',*,*,#2645,.F.);
#2663=EDGE_LOOP('',(#2658,#2660,#2661,#2662));
#2664=FACE_OUTER_BOUND('',#2663,.F.);
#2665=ADVANCED_FACE('',(#2664),#2657,.T.);
#2666=CARTESIAN_POINT('',(-4.69E2,3.721244522893E2,-7.010339508182E1));
#2667=DIRECTION('',(0.E0,-5.877852522925E-1,-8.090169943749E-1));
#2668=DIRECTION('',(1.E0,2.554555094316E-14,-1.855992916153E-14));
#2669=AXIS2_PLACEMENT_3D('',#2666,#2667,#2668);
#2670=CYLINDRICAL_SURFACE('',#2669,2.25E0);
#2671=ORIENTED_EDGE('',*,*,#2037,.F.);
#2673=ORIENTED_EDGE('',*,*,#2672,.T.);
#2674=ORIENTED_EDGE('',*,*,#2105,.T.);
#2675=ORIENTED_EDGE('',*,*,#2659,.F.);
#2676=EDGE_LOOP('',(#2671,#2673,#2674,#2675));
#2677=FACE_OUTER_BOUND('',#2676,.F.);
#2678=ADVANCED_FACE('',(#2677),#2670,.F.);
#2679=CARTESIAN_POINT('',(-4.6675E2,3.804168764817E2,-7.612819391782E1));
#2680=DIRECTION('',(-1.E0,0.E0,0.E0));
#2681=DIRECTION('',(0.E0,8.090169943749E-1,-5.877852522925E-1));
#2682=AXIS2_PLACEMENT_3D('',#2679,#2680,#2681);
#2683=PLANE('',#2682);
#2684=ORIENTED_EDGE('',*,*,#2035,.T.);
#2685=ORIENTED_EDGE('',*,*,#2648,.T.);
#2686=ORIENTED_EDGE('',*,*,#2107,.F.);
#2687=ORIENTED_EDGE('',*,*,#2672,.F.);
#2688=EDGE_LOOP('',(#2684,#2685,#2686,#2687));
#2689=FACE_OUTER_BOUND('',#2688,.F.);
#2690=ADVANCED_FACE('',(#2689),#2683,.T.);
#2691=CARTESIAN_POINT('',(-4.52E2,3.887093006740E2,-8.215299275381E1));
#2692=DIRECTION('',(0.E0,-5.877852522925E-1,-8.090169943749E-1));
#2693=DIRECTION('',(-1.E0,-2.554555094316E-14,1.855992916153E-14));
#2694=AXIS2_PLACEMENT_3D('',#2691,#2692,#2693);
#2695=CYLINDRICAL_SURFACE('',#2694,2.25E0);
#2696=ORIENTED_EDGE('',*,*,#2043,.F.);
#2698=ORIENTED_EDGE('',*,*,#2697,.T.);
#2699=ORIENTED_EDGE('',*,*,#2111,.T.);
#2701=ORIENTED_EDGE('',*,*,#2700,.F.);
#2702=EDGE_LOOP('',(#2696,#2698,#2699,#2701));
#2703=FACE_OUTER_BOUND('',#2702,.F.);
#2704=ADVANCED_FACE('',(#2703),#2695,.F.);
#2705=CARTESIAN_POINT('',(-4.5425E2,3.804168764817E2,-7.612819391782E1));
#2706=DIRECTION('',(1.E0,0.E0,0.E0));
#2707=DIRECTION('',(0.E0,-8.090169943749E-1,5.877852522925E-1));
#2708=AXIS2_PLACEMENT_3D('',#2705,#2706,#2707);
#2709=PLANE('',#2708);
#2710=ORIENTED_EDGE('',*,*,#2049,.T.);
#2712=ORIENTED_EDGE('',*,*,#2711,.T.);
#2713=ORIENTED_EDGE('',*,*,#2113,.F.);
#2714=ORIENTED_EDGE('',*,*,#2697,.F.);
#2715=EDGE_LOOP('',(#2710,#2712,#2713,#2714));
#2716=FACE_OUTER_BOUND('',#2715,.F.);
#2717=ADVANCED_FACE('',(#2716),#2709,.T.);
#2718=CARTESIAN_POINT('',(-4.52E2,3.721244522893E2,-7.010339508182E1));
#2719=DIRECTION('',(0.E0,-5.877852522925E-1,-8.090169943749E-1));
#2720=DIRECTION('',(1.E0,2.554555094316E-14,-1.855992916153E-14));
#2721=AXIS2_PLACEMENT_3D('',#2718,#2719,#2720);
#2722=CYLINDRICAL_SURFACE('',#2721,2.25E0);
#2723=ORIENTED_EDGE('',*,*,#2047,.F.);
#2725=ORIENTED_EDGE('',*,*,#2724,.T.);
#2726=ORIENTED_EDGE('',*,*,#2115,.T.);
#2727=ORIENTED_EDGE('',*,*,#2711,.F.);
#2728=EDGE_LOOP('',(#2723,#2725,#2726,#2727));
#2729=FACE_OUTER_BOUND('',#2728,.F.);
#2730=ADVANCED_FACE('',(#2729),#2722,.F.);
#2731=CARTESIAN_POINT('',(-4.4975E2,3.804168764817E2,-7.612819391782E1));
#2732=DIRECTION('',(-1.E0,0.E0,0.E0));
#2733=DIRECTION('',(0.E0,8.090169943749E-1,-5.877852522925E-1));
#2734=AXIS2_PLACEMENT_3D('',#2731,#2732,#2733);
#2735=PLANE('',#2734);
#2736=ORIENTED_EDGE('',*,*,#2045,.T.);
#2737=ORIENTED_EDGE('',*,*,#2700,.T.);
#2738=ORIENTED_EDGE('',*,*,#2117,.F.);
#2739=ORIENTED_EDGE('',*,*,#2724,.F.);
#2740=EDGE_LOOP('',(#2736,#2737,#2738,#2739));
#2741=FACE_OUTER_BOUND('',#2740,.F.);
#2742=ADVANCED_FACE('',(#2741),#2735,.T.);
#2743=CARTESIAN_POINT('',(4.52E2,3.887093006740E2,-8.215299275381E1));
#2744=DIRECTION('',(0.E0,-5.877852522925E-1,-8.090169943749E-1));
#2745=DIRECTION('',(-1.E0,-2.554555094316E-14,1.855992916153E-14));
#2746=AXIS2_PLACEMENT_3D('',#2743,#2744,#2745);
#2747=CYLINDRICAL_SURFACE('',#2746,2.25E0);
#2748=ORIENTED_EDGE('',*,*,#2053,.F.);
#2750=ORIENTED_EDGE('',*,*,#2749,.T.);
#2751=ORIENTED_EDGE('',*,*,#2121,.T.);
#2753=ORIENTED_EDGE('',*,*,#2752,.F.);
#2754=EDGE_LOOP('',(#2748,#2750,#2751,#2753));
#2755=FACE_OUTER_BOUND('',#2754,.F.);
#2756=ADVANCED_FACE('',(#2755),#2747,.F.);
#2757=CARTESIAN_POINT('',(4.4975E2,3.804168764817E2,-7.612819391782E1));
#2758=DIRECTION('',(1.E0,0.E0,0.E0));
#2759=DIRECTION('',(0.E0,-8.090169943749E-1,5.877852522925E-1));
#2760=AXIS2_PLACEMENT_3D('',#2757,#2758,#2759);
#2761=PLANE('',#2760);
#2762=ORIENTED_EDGE('',*,*,#2059,.T.);
#2764=ORIENTED_EDGE('',*,*,#2763,.T.);
#2765=ORIENTED_EDGE('',*,*,#2123,.F.);
#2766=ORIENTED_EDGE('',*,*,#2749,.F.);
#2767=EDGE_LOOP('',(#2762,#2764,#2765,#2766));
#2768=FACE_OUTER_BOUND('',#2767,.F.);
#2769=ADVANCED_FACE('',(#2768),#2761,.T.);
#2770=CARTESIAN_POINT('',(4.52E2,3.721244522893E2,-7.010339508182E1));
#2771=DIRECTION('',(0.E0,-5.877852522925E-1,-8.090169943749E-1));
#2772=DIRECTION('',(1.E0,2.554555094316E-14,-1.855992916153E-14));
#2773=AXIS2_PLACEMENT_3D('',#2770,#2771,#2772);
#2774=CYLINDRICAL_SURFACE('',#2773,2.25E0);
#2775=ORIENTED_EDGE('',*,*,#2057,.F.);
#2777=ORIENTED_EDGE('',*,*,#2776,.T.);
#2778=ORIENTED_EDGE('',*,*,#2125,.T.);
#2779=ORIENTED_EDGE('',*,*,#2763,.F.);
#2780=EDGE_LOOP('',(#2775,#2777,#2778,#2779));
#2781=FACE_OUTER_BOUND('',#2780,.F.);
#2782=ADVANCED_FACE('',(#2781),#2774,.F.);
#2783=CARTESIAN_POINT('',(4.5425E2,3.804168764817E2,-7.612819391782E1));
#2784=DIRECTION('',(-1.E0,0.E0,0.E0));
#2785=DIRECTION('',(0.E0,8.090169943749E-1,-5.877852522925E-1));
#2786=AXIS2_PLACEMENT_3D('',#2783,#2784,#2785);
#2787=PLANE('',#2786);
#2788=ORIENTED_EDGE('',*,*,#2055,.T.);
#2789=ORIENTED_EDGE('',*,*,#2752,.T.);
#2790=ORIENTED_EDGE('',*,*,#2127,.F.);
#2791=ORIENTED_EDGE('',*,*,#2776,.F.);
#2792=EDGE_LOOP('',(#2788,#2789,#2790,#2791));
#2793=FACE_OUTER_BOUND('',#2792,.F.);
#2794=ADVANCED_FACE('',(#2793),#2787,.T.);
#2795=CARTESIAN_POINT('',(4.69E2,3.887093006740E2,-8.215299275381E1));
#2796=DIRECTION('',(0.E0,-5.877852522925E-1,-8.090169943749E-1));
#2797=DIRECTION('',(-1.E0,-2.554555094316E-14,1.855992916153E-14));
#2798=AXIS2_PLACEMENT_3D('',#2795,#2796,#2797);
#2799=CYLINDRICAL_SURFACE('',#2798,2.25E0);
#2800=ORIENTED_EDGE('',*,*,#2063,.F.);
#2802=ORIENTED_EDGE('',*,*,#2801,.T.);
#2803=ORIENTED_EDGE('',*,*,#2131,.T.);
#2805=ORIENTED_EDGE('',*,*,#2804,.F.);
#2806=EDGE_LOOP('',(#2800,#2802,#2803,#2805));
#2807=FACE_OUTER_BOUND('',#2806,.F.);
#2808=ADVANCED_FACE('',(#2807),#2799,.F.);
#2809=CARTESIAN_POINT('',(4.6675E2,3.804168764817E2,-7.612819391782E1));
#2810=DIRECTION('',(1.E0,0.E0,0.E0));
#2811=DIRECTION('',(0.E0,-8.090169943749E-1,5.877852522925E-1));
#2812=AXIS2_PLACEMENT_3D('',#2809,#2810,#2811);
#2813=PLANE('',#2812);
#2814=ORIENTED_EDGE('',*,*,#2069,.T.);
#2816=ORIENTED_EDGE('',*,*,#2815,.T.);
#2817=ORIENTED_EDGE('',*,*,#2133,.F.);
#2818=ORIENTED_EDGE('',*,*,#2801,.F.);
#2819=EDGE_LOOP('',(#2814,#2816,#2817,#2818));
#2820=FACE_OUTER_BOUND('',#2819,.F.);
#2821=ADVANCED_FACE('',(#2820),#2813,.T.);
#2822=CARTESIAN_POINT('',(4.69E2,3.721244522893E2,-7.010339508182E1));
#2823=DIRECTION('',(0.E0,-5.877852522925E-1,-8.090169943749E-1));
#2824=DIRECTION('',(1.E0,2.554555094316E-14,-1.855992916153E-14));
#2825=AXIS2_PLACEMENT_3D('',#2822,#2823,#2824);
#2826=CYLINDRICAL_SURFACE('',#2825,2.25E0);
#2827=ORIENTED_EDGE('',*,*,#2067,.F.);
#2829=ORIENTED_EDGE('',*,*,#2828,.T.);
#2830=ORIENTED_EDGE('',*,*,#2135,.T.);
#2831=ORIENTED_EDGE('',*,*,#2815,.F.);
#2832=EDGE_LOOP('',(#2827,#2829,#2830,#2831));
#2833=FACE_OUTER_BOUND('',#2832,.F.);
#2834=ADVANCED_FACE('',(#2833),#2826,.F.);
#2835=CARTESIAN_POINT('',(4.7125E2,3.804168764817E2,-7.612819391782E1));
#2836=DIRECTION('',(-1.E0,0.E0,0.E0));
#2837=DIRECTION('',(0.E0,8.090169943749E-1,-5.877852522925E-1));
#2838=AXIS2_PLACEMENT_3D('',#2835,#2836,#2837);
#2839=PLANE('',#2838);
#2840=ORIENTED_EDGE('',*,*,#2065,.T.);
#2841=ORIENTED_EDGE('',*,*,#2804,.T.);
#2842=ORIENTED_EDGE('',*,*,#2137,.F.);
#2843=ORIENTED_EDGE('',*,*,#2828,.F.);
#2844=EDGE_LOOP('',(#2840,#2841,#2842,#2843));
#2845=FACE_OUTER_BOUND('',#2844,.F.);
#2846=ADVANCED_FACE('',(#2845),#2839,.T.);
#2847=CARTESIAN_POINT('',(1.1735E3,2.644673752072E2,-1.574094588184E1));
#2848=DIRECTION('',(1.E0,0.E0,0.E0));
#2849=DIRECTION('',(0.E0,9.848077530122E-1,-1.736481776669E-1));
#2850=AXIS2_PLACEMENT_3D('',#2847,#2848,#2849);
#2851=PLANE('',#2850);
#2852=ORIENTED_EDGE('',*,*,#1900,.T.);
#2853=ORIENTED_EDGE('',*,*,#1958,.T.);
#2854=ORIENTED_EDGE('',*,*,#1871,.F.);
#2855=ORIENTED_EDGE('',*,*,#1814,.F.);
#2856=EDGE_LOOP('',(#2852,#2853,#2854,#2855));
#2857=FACE_OUTER_BOUND('',#2856,.F.);
#2858=ADVANCED_FACE('',(#2857),#2851,.T.);
#2859=CARTESIAN_POINT('',(1.1735E3,9.257064823977E1,-1.25E0));
#2860=DIRECTION('',(1.E0,0.E0,0.E0));
#2861=DIRECTION('',(0.E0,1.E0,0.E0));
#2862=AXIS2_PLACEMENT_3D('',#2859,#2860,#2861);
#2863=PLANE('',#2862);
#2864=ORIENTED_EDGE('',*,*,#1744,.T.);
#2865=ORIENTED_EDGE('',*,*,#1802,.T.);
#2866=ORIENTED_EDGE('',*,*,#1715,.F.);
#2867=ORIENTED_EDGE('',*,*,#1619,.F.);
#2868=EDGE_LOOP('',(#2864,#2865,#2866,#2867));
#2869=FACE_OUTER_BOUND('',#2868,.F.);
#2870=ADVANCED_FACE('',(#2869),#2863,.T.);
#2871=CLOSED_SHELL('',(#1372,#1387,#1400,#1454,#1468,#1480,#1494,#1506,#1520,
#1532,#1546,#1558,#1572,#1584,#1598,#1611,#1626,#1640,#1655,#1668,#1681,#1693,
#1706,#1721,#1735,#1749,#1764,#1778,#1792,#1806,#1821,#1835,#1849,#1862,#1877,
#1891,#1905,#1920,#1934,#1948,#1962,#1977,#1991,#2005,#2018,#2073,#2087,#2141,
#2156,#2170,#2184,#2198,#2213,#2239,#2253,#2278,#2291,#2304,#2317,#2332,#2346,
#2361,#2374,#2387,#2399,#2412,#2427,#2441,#2455,#2470,#2484,#2498,#2512,#2527,
#2542,#2557,#2573,#2587,#2600,#2614,#2626,#2638,#2652,#2665,#2678,#2690,#2704,
#2717,#2730,#2742,#2756,#2769,#2782,#2794,#2808,#2821,#2834,#2846,#2858,#2870));
#2872=MANIFOLD_SOLID_BREP('',#2871);
#2874=DIMENSIONAL_EXPONENTS(0.E0,0.E0,0.E0,0.E0,0.E0,0.E0,0.E0);
#2876=PLANE_ANGLE_MEASURE_WITH_UNIT(PLANE_ANGLE_MEASURE(1.745329251994E-2),
#2875);
#2877=(CONVERSION_BASED_UNIT('DEGREE',#2876)NAMED_UNIT(*)PLANE_ANGLE_UNIT());
#2879=UNCERTAINTY_MEASURE_WITH_UNIT(LENGTH_MEASURE(1.025471807660E-2),#2873,
'closure',
'Maximum model space distance between geometric entities at asserted connectivities');
#2880=(GEOMETRIC_REPRESENTATION_CONTEXT(3)GLOBAL_UNCERTAINTY_ASSIGNED_CONTEXT((
#2879))GLOBAL_UNIT_ASSIGNED_CONTEXT((#2873,#2877,#2878))REPRESENTATION_CONTEXT(
'ID1','3'));
#2882=APPLICATION_CONTEXT(
'CONFIGURATION CONTROLLED 3D DESIGNS OF MECHANICAL PARTS AND ASSEMBLIES');
#2883=APPLICATION_PROTOCOL_DEFINITION('international standard',
'config_control_design',1994,#2882);
#2884=DESIGN_CONTEXT('',#2882,'design');
#2885=MECHANICAL_CONTEXT('',#2882,'mechanical');
#2886=PRODUCT('CC100080','CC100080','NOT SPECIFIED',(#2885));
#2887=PRODUCT_DEFINITION_FORMATION_WITH_SPECIFIED_SOURCE('1','LAST_VERSION',
#2886,.MADE.);
#2891=PRODUCT_CATEGORY('part','');
#2892=PRODUCT_RELATED_PRODUCT_CATEGORY('detail','',(#2886));
#2893=PRODUCT_CATEGORY_RELATIONSHIP('','',#2891,#2892);
#2894=SECURITY_CLASSIFICATION_LEVEL('unclassified');
#2895=SECURITY_CLASSIFICATION('','',#2894);
#2896=CC_DESIGN_SECURITY_CLASSIFICATION(#2895,(#2887));
#2897=APPROVAL_STATUS('approved');
#2898=APPROVAL(#2897,'');
#2899=CC_DESIGN_APPROVAL(#2898,(#2895,#2887,#2888));
#2900=CALENDAR_DATE(116,11,2);
#2901=COORDINATED_UNIVERSAL_TIME_OFFSET(6,0,.BEHIND.);
#2902=LOCAL_TIME(8,3,2.7E1,#2901);
#2903=DATE_AND_TIME(#2900,#2902);
#2904=APPROVAL_DATE_TIME(#2903,#2898);
#2905=DATE_TIME_ROLE('creation_date');
#2906=CC_DESIGN_DATE_AND_TIME_ASSIGNMENT(#2903,#2905,(#2888));
#2907=DATE_TIME_ROLE('classification_date');
#2908=CC_DESIGN_DATE_AND_TIME_ASSIGNMENT(#2903,#2907,(#2895));
#2909=PERSON('UNSPECIFIED','UNSPECIFIED',$,$,$,$);
#2910=ORGANIZATION('UNSPECIFIED','UNSPECIFIED','UNSPECIFIED');
#2911=PERSON_AND_ORGANIZATION(#2909,#2910);
#2912=APPROVAL_ROLE('approver');
#2913=APPROVAL_PERSON_ORGANIZATION(#2911,#2898,#2912);
#2914=PERSON_AND_ORGANIZATION_ROLE('creator');
#2915=CC_DESIGN_PERSON_AND_ORGANIZATION_ASSIGNMENT(#2911,#2914,(#2887,#2888));
#2916=PERSON_AND_ORGANIZATION_ROLE('design_supplier');
#2917=CC_DESIGN_PERSON_AND_ORGANIZATION_ASSIGNMENT(#2911,#2916,(#2887));
#2918=PERSON_AND_ORGANIZATION_ROLE('classification_officer');
#2919=CC_DESIGN_PERSON_AND_ORGANIZATION_ASSIGNMENT(#2911,#2918,(#2895));
#2920=PERSON_AND_ORGANIZATION_ROLE('design_owner');
#2921=CC_DESIGN_PERSON_AND_ORGANIZATION_ASSIGNMENT(#2911,#2920,(#2886));
#5=CIRCLE('',#4,3.E0);
#10=CIRCLE('',#9,3.E0);
#15=CIRCLE('',#14,3.E0);
#20=CIRCLE('',#19,3.E0);
#25=CIRCLE('',#24,3.E0);
#30=CIRCLE('',#29,3.E0);
#35=CIRCLE('',#34,3.E0);
#40=CIRCLE('',#39,3.E0);
#45=CIRCLE('',#44,6.E0);
#50=CIRCLE('',#49,6.E0);
#55=CIRCLE('',#54,6.E0);
#60=CIRCLE('',#59,6.E0);
#65=CIRCLE('',#64,5.E0);
#70=CIRCLE('',#69,5.E0);
#87=CIRCLE('',#86,3.E0);
#92=CIRCLE('',#91,3.E0);
#97=CIRCLE('',#96,3.E0);
#102=CIRCLE('',#101,3.E0);
#107=CIRCLE('',#106,3.E0);
#112=CIRCLE('',#111,3.E0);
#117=CIRCLE('',#116,3.E0);
#122=CIRCLE('',#121,3.E0);
#127=CIRCLE('',#126,6.E0);
#132=CIRCLE('',#131,6.E0);
#137=CIRCLE('',#136,6.E0);
#142=CIRCLE('',#141,6.E0);
#147=CIRCLE('',#146,5.E0);
#156=CIRCLE('',#155,5.E0);
#217=CIRCLE('',#216,3.E0);
#226=CIRCLE('',#225,5.5E0);
#235=CIRCLE('',#234,3.E0);
#244=CIRCLE('',#243,5.5E0);
#297=CIRCLE('',#296,4.1E0);
#306=CIRCLE('',#305,1.6E0);
#315=CIRCLE('',#314,4.1E0);
#324=CIRCLE('',#323,1.6E0);
#365=CIRCLE('',#364,4.1E0);
#374=CIRCLE('',#373,1.6E0);
#415=CIRCLE('',#414,4.1E0);
#424=CIRCLE('',#423,1.6E0);
#433=CIRCLE('',#432,4.1E0);
#442=CIRCLE('',#441,1.6E0);
#455=CIRCLE('',#454,2.25E0);
#464=CIRCLE('',#463,2.25E0);
#473=CIRCLE('',#472,2.25E0);
#482=CIRCLE('',#481,2.25E0);
#491=CIRCLE('',#490,2.25E0);
#500=CIRCLE('',#499,2.25E0);
#509=CIRCLE('',#508,2.25E0);
#518=CIRCLE('',#517,2.25E0);
#543=CIRCLE('',#542,2.25E0);
#552=CIRCLE('',#551,2.25E0);
#561=CIRCLE('',#560,2.25E0);
#570=CIRCLE('',#569,2.25E0);
#579=CIRCLE('',#578,2.25E0);
#588=CIRCLE('',#587,2.25E0);
#597=CIRCLE('',#596,2.25E0);
#606=CIRCLE('',#605,2.25E0);
#619=CIRCLE('',#618,4.1E0);
#628=CIRCLE('',#627,1.6E0);
#637=CIRCLE('',#636,4.1E0);
#646=CIRCLE('',#645,1.6E0);
#695=CIRCLE('',#694,2.5E0);
#704=CIRCLE('',#703,2.5E0);
#713=CIRCLE('',#712,2.5E0);
#722=CIRCLE('',#721,2.5E0);
#731=CIRCLE('',#730,2.5E1);
#740=CIRCLE('',#739,2.75E1);
#749=CIRCLE('',#748,2.5E1);
#758=CIRCLE('',#757,2.75E1);
#763=CIRCLE('',#762,2.5E0);
#772=CIRCLE('',#771,2.5E0);
#781=CIRCLE('',#780,2.5E0);
#790=CIRCLE('',#789,2.5E0);
#831=CIRCLE('',#830,2.5E1);
#840=CIRCLE('',#839,2.75E1);
#849=CIRCLE('',#848,2.5E1);
#858=CIRCLE('',#857,2.75E1);
#883=CIRCLE('',#882,5.E0);
#900=CIRCLE('',#899,5.E0);
#913=CIRCLE('',#912,5.E0);
#918=CIRCLE('',#917,5.E0);
#1015=CIRCLE('',#1014,4.1E0);
#1024=CIRCLE('',#1023,1.6E0);
#1322=EDGE_CURVE('',#1271,#1274,#65,.T.);
#1324=EDGE_CURVE('',#1271,#1110,#212,.T.);
#1326=EDGE_CURVE('',#1114,#1110,#268,.T.);
#1328=EDGE_CURVE('',#1298,#1114,#252,.T.);
#1330=EDGE_CURVE('',#1295,#1298,#70,.T.);
#1332=EDGE_CURVE('',#1295,#1274,#74,.T.);
#1336=EDGE_CURVE('',#1123,#1124,#15,.T.);
#1338=EDGE_CURVE('',#1124,#1123,#20,.T.);
#1342=EDGE_CURVE('',#1135,#1136,#25,.T.);
#1344=EDGE_CURVE('',#1136,#1135,#30,.T.);
#1348=EDGE_CURVE('',#1139,#1140,#35,.T.);
#1350=EDGE_CURVE('',#1140,#1139,#40,.T.);
#1354=EDGE_CURVE('',#1255,#1256,#45,.T.);
#1356=EDGE_CURVE('',#1256,#1255,#50,.T.);
#1360=EDGE_CURVE('',#1259,#1260,#55,.T.);
#1362=EDGE_CURVE('',#1260,#1259,#60,.T.);
#1366=EDGE_CURVE('',#1119,#1120,#5,.T.);
#1368=EDGE_CURVE('',#1120,#1119,#10,.T.);
#1379=EDGE_CURVE('',#1119,#1127,#78,.T.);
#1381=EDGE_CURVE('',#1127,#1128,#97,.T.);
#1383=EDGE_CURVE('',#1120,#1128,#82,.T.);
#1395=EDGE_CURVE('',#1128,#1127,#102,.T.);
#1406=EDGE_CURVE('',#1276,#1272,#147,.T.);
#1408=EDGE_CURVE('',#1296,#1276,#151,.T.);
#1410=EDGE_CURVE('',#1300,#1296,#156,.T.);
#1412=EDGE_CURVE('',#1300,#1054,#256,.T.);
#1414=EDGE_CURVE('',#1054,#1072,#230,.T.);
#1416=EDGE_CURVE('',#1272,#1072,#204,.T.);
#1424=EDGE_CURVE('',#1147,#1148,#107,.T.);
#1426=EDGE_CURVE('',#1148,#1147,#112,.T.);
#1430=EDGE_CURVE('',#1143,#1144,#117,.T.);
#1432=EDGE_CURVE('',#1144,#1143,#122,.T.);
#1436=EDGE_CURVE('',#1267,#1268,#127,.T.);
#1438=EDGE_CURVE('',#1268,#1267,#132,.T.);
#1442=EDGE_CURVE('',#1263,#1264,#137,.T.);
#1444=EDGE_CURVE('',#1264,#1263,#142,.T.);
#1448=EDGE_CURVE('',#1131,#1132,#87,.T.);
#1450=EDGE_CURVE('',#1132,#1131,#92,.T.);
#1461=EDGE_CURVE('',#1123,#1131,#160,.T.);
#1464=EDGE_CURVE('',#1124,#1132,#164,.T.);
#1487=EDGE_CURVE('',#1140,#1148,#168,.T.);
#1490=EDGE_CURVE('',#1139,#1147,#172,.T.);
#1513=EDGE_CURVE('',#1136,#1144,#176,.T.);
#1516=EDGE_CURVE('',#1135,#1143,#180,.T.);
#1539=EDGE_CURVE('',#1259,#1267,#184,.T.);
#1542=EDGE_CURVE('',#1260,#1268,#188,.T.);
#1565=EDGE_CURVE('',#1255,#1263,#192,.T.);
#1568=EDGE_CURVE('',#1256,#1264,#196,.T.);
#1590=EDGE_CURVE('',#1271,#1272,#200,.T.);
#1593=EDGE_CURVE('',#1274,#1276,#260,.T.);
#1606=EDGE_CURVE('',#1072,#1110,#208,.T.);
#1617=EDGE_CURVE('',#1072,#1057,#217,.T.);
#1619=EDGE_CURVE('',#1057,#1091,#221,.T.);
#1621=EDGE_CURVE('',#1110,#1091,#226,.T.);
#1632=EDGE_CURVE('',#1054,#1039,#235,.T.);
#1634=EDGE_CURVE('',#1039,#1057,#288,.T.);
#1647=EDGE_CURVE('',#1054,#1114,#239,.T.);
#1649=EDGE_CURVE('',#1114,#1075,#244,.T.);
#1651=EDGE_CURVE('',#1039,#1075,#280,.T.);
#1661=EDGE_CURVE('',#1298,#1300,#248,.T.);
#1674=EDGE_CURVE('',#1295,#1296,#264,.T.);
#1702=EDGE_CURVE('',#1075,#1091,#272,.T.);
#1712=EDGE_CURVE('',#1075,#1076,#284,.T.);
#1715=EDGE_CURVE('',#1091,#1092,#1036,.T.);
#1717=EDGE_CURVE('',#1076,#1092,#310,.T.);
#1727=EDGE_CURVE('',#1039,#1040,#276,.T.);
#1731=EDGE_CURVE('',#1040,#1076,#301,.T.);
#1742=EDGE_CURVE('',#1040,#1058,#292,.T.);
#1744=EDGE_CURVE('',#1057,#1058,#1028,.T.);
#1755=EDGE_CURVE('',#1040,#1043,#297,.T.);
#1757=EDGE_CURVE('',#1043,#1061,#340,.T.);
#1759=EDGE_CURVE('',#1058,#1061,#315,.T.);
#1772=EDGE_CURVE('',#1076,#1079,#306,.T.);
#1774=EDGE_CURVE('',#1043,#1079,#348,.T.);
#1786=EDGE_CURVE('',#1092,#1095,#324,.T.);
#1788=EDGE_CURVE('',#1079,#1095,#356,.T.);
#1799=EDGE_CURVE('',#1061,#1095,#319,.T.);
#1802=EDGE_CURVE('',#1058,#1092,#1032,.T.);
#1812=EDGE_CURVE('',#1061,#1062,#328,.T.);
#1814=EDGE_CURVE('',#1062,#1096,#332,.T.);
#1816=EDGE_CURVE('',#1095,#1096,#336,.T.);
#1827=EDGE_CURVE('',#1043,#1044,#344,.T.);
#1829=EDGE_CURVE('',#1044,#1062,#378,.T.);
#1843=EDGE_CURVE('',#1079,#1080,#352,.T.);
#1845=EDGE_CURVE('',#1044,#1080,#369,.T.);
#1858=EDGE_CURVE('',#1080,#1096,#360,.T.);
#1868=EDGE_CURVE('',#1080,#1083,#374,.T.);
#1871=EDGE_CURVE('',#1096,#1099,#1024,.T.);
#1873=EDGE_CURVE('',#1083,#1099,#398,.T.);
#1883=EDGE_CURVE('',#1044,#1047,#365,.T.);
#1887=EDGE_CURVE('',#1047,#1083,#390,.T.);
#1898=EDGE_CURVE('',#1047,#1065,#382,.T.);
#1900=EDGE_CURVE('',#1062,#1065,#1015,.T.);
#1911=EDGE_CURVE('',#1047,#1048,#386,.T.);
#1913=EDGE_CURVE('',#1048,#1066,#428,.T.);
#1915=EDGE_CURVE('',#1065,#1066,#402,.T.);
#1928=EDGE_CURVE('',#1083,#1084,#394,.T.);
#1930=EDGE_CURVE('',#1048,#1084,#437,.T.);
#1942=EDGE_CURVE('',#1099,#1100,#410,.T.);
#1944=EDGE_CURVE('',#1084,#1100,#446,.T.);
#1955=EDGE_CURVE('',#1066,#1100,#406,.T.);
#1958=EDGE_CURVE('',#1065,#1099,#1019,.T.);
#1968=EDGE_CURVE('',#1066,#1069,#415,.T.);
#1970=EDGE_CURVE('',#1069,#1103,#419,.T.);
#1972=EDGE_CURVE('',#1100,#1103,#424,.T.);
#1983=EDGE_CURVE('',#1048,#1051,#433,.T.);
#1985=EDGE_CURVE('',#1051,#1069,#538,.T.);
#1999=EDGE_CURVE('',#1084,#1087,#442,.T.);
#2001=EDGE_CURVE('',#1051,#1087,#530,.T.);
#2014=EDGE_CURVE('',#1087,#1103,#450,.T.);
#2024=EDGE_CURVE('',#1087,#1088,#534,.T.);
#2027=EDGE_CURVE('',#1103,#1104,#946,.T.);
#2029=EDGE_CURVE('',#1088,#1104,#632,.T.);
#2033=EDGE_CURVE('',#1151,#1152,#455,.T.);
#2035=EDGE_CURVE('',#1156,#1152,#459,.T.);
#2037=EDGE_CURVE('',#1156,#1154,#464,.T.);
#2039=EDGE_CURVE('',#1151,#1154,#468,.T.);
#2043=EDGE_CURVE('',#1167,#1168,#473,.T.);
#2045=EDGE_CURVE('',#1172,#1168,#477,.T.);
#2047=EDGE_CURVE('',#1172,#1170,#482,.T.);
#2049=EDGE_CURVE('',#1167,#1170,#486,.T.);
#2053=EDGE_CURVE('',#1183,#1184,#491,.T.);
#2055=EDGE_CURVE('',#1188,#1184,#495,.T.);
#2057=EDGE_CURVE('',#1188,#1186,#500,.T.);
#2059=EDGE_CURVE('',#1183,#1186,#504,.T.);
#2063=EDGE_CURVE('',#1199,#1200,#509,.T.);
#2065=EDGE_CURVE('',#1204,#1200,#513,.T.);
#2067=EDGE_CURVE('',#1204,#1202,#518,.T.);
#2069=EDGE_CURVE('',#1199,#1202,#522,.T.);
#2079=EDGE_CURVE('',#1051,#1052,#526,.T.);
#2083=EDGE_CURVE('',#1052,#1088,#623,.T.);
#2094=EDGE_CURVE('',#1052,#1070,#614,.T.);
#2096=EDGE_CURVE('',#1069,#1070,#938,.T.);
#2101=EDGE_CURVE('',#1159,#1160,#543,.T.);
#2103=EDGE_CURVE('',#1159,#1162,#547,.T.);
#2105=EDGE_CURVE('',#1164,#1162,#552,.T.);
#2107=EDGE_CURVE('',#1164,#1160,#556,.T.);
#2111=EDGE_CURVE('',#1175,#1176,#561,.T.);
#2113=EDGE_CURVE('',#1175,#1178,#565,.T.);
#2115=EDGE_CURVE('',#1180,#1178,#570,.T.);
#2117=EDGE_CURVE('',#1180,#1176,#574,.T.);
#2121=EDGE_CURVE('',#1191,#1192,#579,.T.);
#2123=EDGE_CURVE('',#1191,#1194,#583,.T.);
#2125=EDGE_CURVE('',#1196,#1194,#588,.T.);
#2127=EDGE_CURVE('',#1196,#1192,#592,.T.);
#2131=EDGE_CURVE('',#1207,#1208,#597,.T.);
#2133=EDGE_CURVE('',#1207,#1210,#601,.T.);
#2135=EDGE_CURVE('',#1212,#1210,#606,.T.);
#2137=EDGE_CURVE('',#1212,#1208,#610,.T.);
#2147=EDGE_CURVE('',#1052,#1107,#619,.T.);
#2149=EDGE_CURVE('',#1107,#1112,#658,.T.);
#2151=EDGE_CURVE('',#1070,#1112,#637,.T.);
#2164=EDGE_CURVE('',#1088,#1108,#628,.T.);
#2166=EDGE_CURVE('',#1107,#1108,#674,.T.);
#2178=EDGE_CURVE('',#1104,#1116,#646,.T.);
#2180=EDGE_CURVE('',#1108,#1116,#690,.T.);
#2191=EDGE_CURVE('',#1112,#1116,#641,.T.);
#2194=EDGE_CURVE('',#1070,#1104,#942,.T.);
#2204=EDGE_CURVE('',#1112,#1250,#650,.T.);
#2206=EDGE_CURVE('',#1252,#1250,#708,.T.);
#2208=EDGE_CURVE('',#1116,#1252,#654,.T.);
#2221=EDGE_CURVE('',#1107,#1306,#670,.T.);
#2223=EDGE_CURVE('',#1316,#1306,#790,.T.);
#2225=EDGE_CURVE('',#1303,#1316,#772,.T.);
#2227=EDGE_CURVE('',#1232,#1303,#662,.T.);
#2229=EDGE_CURVE('',#1232,#1216,#744,.T.);
#2231=EDGE_CURVE('',#1247,#1216,#666,.T.);
#2233=EDGE_CURVE('',#1310,#1247,#713,.T.);
#2235=EDGE_CURVE('',#1250,#1310,#695,.T.);
#2247=EDGE_CURVE('',#1108,#1308,#678,.T.);
#2249=EDGE_CURVE('',#1308,#1306,#776,.T.);
#2260=EDGE_CURVE('',#1312,#1252,#704,.T.);
#2262=EDGE_CURVE('',#1248,#1312,#722,.T.);
#2264=EDGE_CURVE('',#1248,#1224,#682,.T.);
#2266=EDGE_CURVE('',#1240,#1224,#794,.T.);
#2268=EDGE_CURVE('',#1240,#1304,#686,.T.);
#2270=EDGE_CURVE('',#1314,#1304,#763,.T.);
#2272=EDGE_CURVE('',#1308,#1314,#781,.T.);
#2285=EDGE_CURVE('',#1312,#1310,#699,.T.);
#2299=EDGE_CURVE('',#1247,#1248,#717,.T.);
#2312=EDGE_CURVE('',#1216,#1224,#726,.T.);
#2323=EDGE_CURVE('',#1215,#1216,#731,.T.);
#2325=EDGE_CURVE('',#1215,#1223,#735,.T.);
#2327=EDGE_CURVE('',#1223,#1224,#740,.T.);
#2338=EDGE_CURVE('',#1231,#1232,#749,.T.);
#2340=EDGE_CURVE('',#1231,#1215,#822,.T.);
#2353=EDGE_CURVE('',#1232,#1240,#753,.T.);
#2355=EDGE_CURVE('',#1239,#1240,#758,.T.);
#2357=EDGE_CURVE('',#1231,#1239,#810,.T.);
#2367=EDGE_CURVE('',#1303,#1304,#767,.T.);
#2380=EDGE_CURVE('',#1314,#1316,#785,.T.);
#2408=EDGE_CURVE('',#1239,#1223,#802,.T.);
#2418=EDGE_CURVE('',#1239,#1242,#798,.T.);
#2421=EDGE_CURVE('',#1223,#1226,#806,.T.);
#2423=EDGE_CURVE('',#1242,#1226,#844,.T.);
#2433=EDGE_CURVE('',#1231,#1234,#814,.T.);
#2437=EDGE_CURVE('',#1234,#1242,#835,.T.);
#2448=EDGE_CURVE('',#1234,#1218,#826,.T.);
#2450=EDGE_CURVE('',#1215,#1218,#818,.T.);
#2461=EDGE_CURVE('',#1236,#1234,#831,.T.);
#2463=EDGE_CURVE('',#1236,#1220,#891,.T.);
#2465=EDGE_CURVE('',#1220,#1218,#849,.T.);
#2478=EDGE_CURVE('',#1244,#1242,#840,.T.);
#2480=EDGE_CURVE('',#1236,#1244,#908,.T.);
#2492=EDGE_CURVE('',#1228,#1226,#858,.T.);
#2494=EDGE_CURVE('',#1244,#1228,#926,.T.);
#2505=EDGE_CURVE('',#1220,#1228,#853,.T.);
#2508=EDGE_CURVE('',#1218,#1226,#934,.T.);
#2518=EDGE_CURVE('',#1282,#1284,#862,.T.);
#2520=EDGE_CURVE('',#1228,#1282,#930,.T.);
#2523=EDGE_CURVE('',#1220,#1284,#887,.T.);
#2533=EDGE_CURVE('',#1279,#1280,#866,.T.);
#2535=EDGE_CURVE('',#1279,#1282,#913,.T.);
#2538=EDGE_CURVE('',#1284,#1280,#883,.T.);
#2549=EDGE_CURVE('',#1292,#1280,#870,.T.);
#2551=EDGE_CURVE('',#1290,#1292,#874,.T.);
#2553=EDGE_CURVE('',#1290,#1279,#878,.T.);
#2566=EDGE_CURVE('',#1236,#1288,#895,.T.);
#2568=EDGE_CURVE('',#1292,#1288,#900,.T.);
#2579=EDGE_CURVE('',#1287,#1288,#904,.T.);
#2583=EDGE_CURVE('',#1244,#1287,#922,.T.);
#2594=EDGE_CURVE('',#1287,#1290,#918,.T.);
#2645=EDGE_CURVE('',#1151,#1159,#950,.T.);
#2648=EDGE_CURVE('',#1152,#1160,#962,.T.);
#2659=EDGE_CURVE('',#1154,#1162,#954,.T.);
#2672=EDGE_CURVE('',#1156,#1164,#958,.T.);
#2697=EDGE_CURVE('',#1167,#1175,#966,.T.);
#2700=EDGE_CURVE('',#1168,#1176,#978,.T.);
#2711=EDGE_CURVE('',#1170,#1178,#970,.T.);
#2724=EDGE_CURVE('',#1172,#1180,#974,.T.);
#2749=EDGE_CURVE('',#1183,#1191,#982,.T.);
#2752=EDGE_CURVE('',#1184,#1192,#994,.T.);
#2763=EDGE_CURVE('',#1186,#1194,#986,.T.);
#2776=EDGE_CURVE('',#1188,#1196,#990,.T.);
#2801=EDGE_CURVE('',#1199,#1207,#998,.T.);
#2804=EDGE_CURVE('',#1200,#1208,#1010,.T.);
#2815=EDGE_CURVE('',#1202,#1210,#1002,.T.);
#2828=EDGE_CURVE('',#1204,#1212,#1006,.T.);
#2873=(LENGTH_UNIT()NAMED_UNIT(*)SI_UNIT(.MILLI.,.METRE.));
#2875=(NAMED_UNIT(*)PLANE_ANGLE_UNIT()SI_UNIT($,.RADIAN.));
#2878=(NAMED_UNIT(*)SI_UNIT($,.STERADIAN.)SOLID_ANGLE_UNIT());
#2881=ADVANCED_BREP_SHAPE_REPRESENTATION('',(#2872),#2880);
#2888=PRODUCT_DEFINITION('design','',#2887,#2884);
#2889=PRODUCT_DEFINITION_SHAPE('','SHAPE FOR CC100080.',#2888);
#2890=SHAPE_DEFINITION_REPRESENTATION(#2889,#2881);
ENDSEC;
END-ISO-10303-21;
