ISO-10303-21;
HEADER;
FILE_DESCRIPTION((''),'2;1');
FILE_NAME('HXE26336','2018-04-12T08:35:13',('db92607'),('Deere & Company'),
'CREO PARAMETRIC BY PTC INC, 2017110','CREO PARAMETRIC BY PTC INC, 2017110','');
FILE_SCHEMA(('CONFIG_CONTROL_DESIGN'));
ENDSEC;
DATA;
#1=DIRECTION('',(-1.E0,0.E0,0.E0));
#2=VECTOR('',#1,9.000000000001E0);
#3=CARTESIAN_POINT('',(-3.95E1,0.E0,3.155E2));
#4=LINE('',#3,#2);
#5=DIRECTION('',(0.E0,0.E0,1.E0));
#6=VECTOR('',#5,9.E0);
#7=CARTESIAN_POINT('',(-3.85E1,0.E0,3.055E2));
#8=LINE('',#7,#6);
#9=DIRECTION('',(1.E0,0.E0,0.E0));
#10=VECTOR('',#9,9.000000000001E0);
#11=CARTESIAN_POINT('',(-4.85E1,-1.424144278306E-14,3.045E2));
#12=LINE('',#11,#10);
#13=DIRECTION('',(0.E0,0.E0,-1.E0));
#14=VECTOR('',#13,9.E0);
#15=CARTESIAN_POINT('',(-4.95E1,-1.483877670352E-14,3.145E2));
#16=LINE('',#15,#14);
#17=DIRECTION('',(0.E0,0.E0,1.E0));
#18=VECTOR('',#17,9.000000000001E0);
#19=CARTESIAN_POINT('',(-3.85E1,0.E0,2.35E2));
#20=LINE('',#19,#18);
#21=DIRECTION('',(1.E0,0.E0,0.E0));
#22=VECTOR('',#21,9.000000000001E0);
#23=CARTESIAN_POINT('',(-4.85E1,-1.424144278306E-14,2.34E2));
#24=LINE('',#23,#22);
#25=DIRECTION('',(0.E0,0.E0,-1.E0));
#26=VECTOR('',#25,9.000000000001E0);
#27=CARTESIAN_POINT('',(-4.95E1,-1.483877670352E-14,2.44E2));
#28=LINE('',#27,#26);
#29=DIRECTION('',(-1.E0,0.E0,0.E0));
#30=VECTOR('',#29,9.000000000001E0);
#31=CARTESIAN_POINT('',(-3.95E1,0.E0,2.45E2));
#32=LINE('',#31,#30);
#33=DIRECTION('',(-1.E0,0.E0,0.E0));
#34=VECTOR('',#33,9.000000000001E0);
#35=CARTESIAN_POINT('',(-3.95E1,0.E0,5.500000000001E0));
#36=LINE('',#35,#34);
#37=DIRECTION('',(0.E0,0.E0,1.E0));
#38=VECTOR('',#37,9.000000000001E0);
#39=CARTESIAN_POINT('',(-3.85E1,0.E0,-4.5E0));
#40=LINE('',#39,#38);
#41=DIRECTION('',(1.E0,0.E0,0.E0));
#42=VECTOR('',#41,9.000000000001E0);
#43=CARTESIAN_POINT('',(-4.85E1,-1.424144278306E-14,-5.5E0));
#44=LINE('',#43,#42);
#45=DIRECTION('',(0.E0,0.E0,-1.E0));
#46=VECTOR('',#45,9.000000000001E0);
#47=CARTESIAN_POINT('',(-4.95E1,-1.483877670352E-14,4.500000000001E0));
#48=LINE('',#47,#46);
#49=DIRECTION('',(-1.E0,0.E0,0.E0));
#50=VECTOR('',#49,9.000000000001E0);
#51=CARTESIAN_POINT('',(-3.95E1,0.E0,6.255E2));
#52=LINE('',#51,#50);
#53=DIRECTION('',(0.E0,0.E0,1.E0));
#54=VECTOR('',#53,9.000000000001E0);
#55=CARTESIAN_POINT('',(-3.85E1,0.E0,6.155E2));
#56=LINE('',#55,#54);
#57=DIRECTION('',(1.E0,0.E0,0.E0));
#58=VECTOR('',#57,9.000000000001E0);
#59=CARTESIAN_POINT('',(-4.85E1,-1.424144278306E-14,6.145E2));
#60=LINE('',#59,#58);
#61=DIRECTION('',(0.E0,0.E0,-1.E0));
#62=VECTOR('',#61,9.000000000001E0);
#63=CARTESIAN_POINT('',(-4.95E1,-1.483877670352E-14,6.245E2));
#64=LINE('',#63,#62);
#65=DIRECTION('',(0.E0,0.E0,-1.E0));
#66=VECTOR('',#65,9.E0);
#67=CARTESIAN_POINT('',(-4.95E1,-1.483877670352E-14,4.89E2));
#68=LINE('',#67,#66);
#69=DIRECTION('',(-1.E0,0.E0,0.E0));
#70=VECTOR('',#69,9.000000000001E0);
#71=CARTESIAN_POINT('',(-3.95E1,0.E0,4.9E2));
#72=LINE('',#71,#70);
#73=DIRECTION('',(0.E0,0.E0,1.E0));
#74=VECTOR('',#73,9.E0);
#75=CARTESIAN_POINT('',(-3.85E1,0.E0,4.8E2));
#76=LINE('',#75,#74);
#77=DIRECTION('',(1.E0,0.E0,0.E0));
#78=VECTOR('',#77,9.000000000001E0);
#79=CARTESIAN_POINT('',(-4.85E1,-1.424144278306E-14,4.79E2));
#80=LINE('',#79,#78);
#81=DIRECTION('',(-1.E0,0.E0,0.E0));
#82=VECTOR('',#81,9.000000000001E0);
#83=CARTESIAN_POINT('',(-3.95E1,0.E0,-4.79E2));
#84=LINE('',#83,#82);
#85=DIRECTION('',(0.E0,0.E0,1.E0));
#86=VECTOR('',#85,9.E0);
#87=CARTESIAN_POINT('',(-3.85E1,0.E0,-4.89E2));
#88=LINE('',#87,#86);
#89=DIRECTION('',(1.E0,0.E0,0.E0));
#90=VECTOR('',#89,9.000000000001E0);
#91=CARTESIAN_POINT('',(-4.85E1,-1.424144278306E-14,-4.9E2));
#92=LINE('',#91,#90);
#93=DIRECTION('',(0.E0,0.E0,-1.E0));
#94=VECTOR('',#93,9.E0);
#95=CARTESIAN_POINT('',(-4.95E1,-1.483877670352E-14,-4.8E2));
#96=LINE('',#95,#94);
#97=DIRECTION('',(1.E0,0.E0,0.E0));
#98=VECTOR('',#97,9.000000000001E0);
#99=CARTESIAN_POINT('',(-4.85E1,-1.424144278306E-14,-6.255E2));
#100=LINE('',#99,#98);
#101=DIRECTION('',(0.E0,0.E0,-1.E0));
#102=VECTOR('',#101,9.000000000001E0);
#103=CARTESIAN_POINT('',(-4.95E1,-1.483877670352E-14,-6.155E2));
#104=LINE('',#103,#102);
#105=DIRECTION('',(-1.E0,0.E0,0.E0));
#106=VECTOR('',#105,9.000000000001E0);
#107=CARTESIAN_POINT('',(-3.95E1,0.E0,-6.145E2));
#108=LINE('',#107,#106);
#109=DIRECTION('',(0.E0,0.E0,1.E0));
#110=VECTOR('',#109,9.000000000001E0);
#111=CARTESIAN_POINT('',(-3.85E1,0.E0,-6.245E2));
#112=LINE('',#111,#110);
#113=DIRECTION('',(0.E0,0.E0,1.E0));
#114=VECTOR('',#113,9.000000000001E0);
#115=CARTESIAN_POINT('',(-3.85E1,0.E0,-2.44E2));
#116=LINE('',#115,#114);
#117=DIRECTION('',(1.E0,0.E0,0.E0));
#118=VECTOR('',#117,9.000000000001E0);
#119=CARTESIAN_POINT('',(-4.85E1,-1.424144278306E-14,-2.45E2));
#120=LINE('',#119,#118);
#121=DIRECTION('',(0.E0,0.E0,-1.E0));
#122=VECTOR('',#121,9.000000000001E0);
#123=CARTESIAN_POINT('',(-4.95E1,-1.483877670352E-14,-2.35E2));
#124=LINE('',#123,#122);
#125=DIRECTION('',(-1.E0,0.E0,0.E0));
#126=VECTOR('',#125,9.000000000001E0);
#127=CARTESIAN_POINT('',(-3.95E1,0.E0,-2.34E2));
#128=LINE('',#127,#126);
#129=DIRECTION('',(0.E0,0.E0,1.E0));
#130=VECTOR('',#129,9.000000000001E0);
#131=CARTESIAN_POINT('',(-3.85E1,0.E0,-3.145E2));
#132=LINE('',#131,#130);
#133=DIRECTION('',(1.E0,0.E0,0.E0));
#134=VECTOR('',#133,9.000000000001E0);
#135=CARTESIAN_POINT('',(-4.85E1,-1.424144278306E-14,-3.155E2));
#136=LINE('',#135,#134);
#137=DIRECTION('',(0.E0,0.E0,-1.E0));
#138=VECTOR('',#137,9.000000000001E0);
#139=CARTESIAN_POINT('',(-4.95E1,-1.483877670352E-14,-3.055E2));
#140=LINE('',#139,#138);
#141=DIRECTION('',(-1.E0,0.E0,0.E0));
#142=VECTOR('',#141,9.000000000001E0);
#143=CARTESIAN_POINT('',(-3.95E1,0.E0,-3.045E2));
#144=LINE('',#143,#142);
#145=CARTESIAN_POINT('',(-5.95E1,-2.842170943040E-14,-6.585E2));
#146=DIRECTION('',(0.E0,1.E0,0.E0));
#147=DIRECTION('',(0.E0,0.E0,-1.E0));
#148=AXIS2_PLACEMENT_3D('',#145,#146,#147);
#150=DIRECTION('',(0.E0,0.E0,-1.E0));
#151=VECTOR('',#150,9.45E1);
#152=CARTESIAN_POINT('',(-3.267542648054E1,0.E0,-5.65E2));
#153=LINE('',#152,#151);
#154=DIRECTION('',(-1.E0,0.E0,0.E0));
#155=VECTOR('',#154,2.324573519457E0);
#156=CARTESIAN_POINT('',(-3.267542648054E1,0.E0,-5.65E2));
#157=LINE('',#156,#155);
#158=DIRECTION('',(0.E0,0.E0,-1.E0));
#159=VECTOR('',#158,9.E0);
#160=CARTESIAN_POINT('',(-3.6E1,0.E0,-5.55E2));
#161=LINE('',#160,#159);
#162=DIRECTION('',(-1.E0,0.E0,-1.467196069774E-13));
#163=VECTOR('',#162,2.324573519457E0);
#164=CARTESIAN_POINT('',(-3.267542648054E1,0.E0,-5.54E2));
#165=LINE('',#164,#163);
#166=DIRECTION('',(0.E0,0.E0,-1.E0));
#167=VECTOR('',#166,1.108E3);
#168=CARTESIAN_POINT('',(-3.267542648054E1,0.E0,5.54E2));
#169=LINE('',#168,#167);
#170=DIRECTION('',(-1.E0,0.E0,4.890653565913E-14));
#171=VECTOR('',#170,2.324573519457E0);
#172=CARTESIAN_POINT('',(-3.267542648054E1,0.E0,5.54E2));
#173=LINE('',#172,#171);
#174=DIRECTION('',(0.E0,0.E0,-1.E0));
#175=VECTOR('',#174,9.E0);
#176=CARTESIAN_POINT('',(-3.6E1,0.E0,5.64E2));
#177=LINE('',#176,#175);
#178=DIRECTION('',(-1.E0,0.E0,-4.890653565913E-14));
#179=VECTOR('',#178,2.324573519457E0);
#180=CARTESIAN_POINT('',(-3.267542648054E1,0.E0,5.65E2));
#181=LINE('',#180,#179);
#182=DIRECTION('',(0.E0,0.E0,-1.E0));
#183=VECTOR('',#182,9.45E1);
#184=CARTESIAN_POINT('',(-3.267542648054E1,0.E0,6.595E2));
#185=LINE('',#184,#183);
#186=CARTESIAN_POINT('',(-5.95E1,-2.842170943040E-14,6.585E2));
#187=DIRECTION('',(0.E0,1.E0,0.E0));
#188=DIRECTION('',(-1.E0,0.E0,0.E0));
#189=AXIS2_PLACEMENT_3D('',#186,#187,#188);
#191=DIRECTION('',(0.E0,-1.E0,0.E0));
#192=VECTOR('',#191,2.5E0);
#193=CARTESIAN_POINT('',(-3.95E1,0.E0,3.155E2));
#194=LINE('',#193,#192);
#195=DIRECTION('',(0.E0,-1.E0,0.E0));
#196=VECTOR('',#195,2.5E0);
#197=CARTESIAN_POINT('',(-4.85E1,-1.424144278306E-14,3.155E2));
#198=LINE('',#197,#196);
#199=CARTESIAN_POINT('',(-3.95E1,0.E0,3.145E2));
#200=DIRECTION('',(0.E0,-1.E0,0.E0));
#201=DIRECTION('',(1.E0,0.E0,0.E0));
#202=AXIS2_PLACEMENT_3D('',#199,#200,#201);
#204=CARTESIAN_POINT('',(-3.95E1,-2.5E0,3.145E2));
#205=DIRECTION('',(0.E0,1.E0,0.E0));
#206=DIRECTION('',(0.E0,0.E0,1.E0));
#207=AXIS2_PLACEMENT_3D('',#204,#205,#206);
#209=DIRECTION('',(0.E0,-1.E0,0.E0));
#210=VECTOR('',#209,2.5E0);
#211=CARTESIAN_POINT('',(-3.85E1,0.E0,3.145E2));
#212=LINE('',#211,#210);
#213=DIRECTION('',(0.E0,-1.E0,0.E0));
#214=VECTOR('',#213,2.5E0);
#215=CARTESIAN_POINT('',(-3.85E1,0.E0,3.055E2));
#216=LINE('',#215,#214);
#217=DIRECTION('',(0.E0,0.E0,1.E0));
#218=VECTOR('',#217,9.E0);
#219=CARTESIAN_POINT('',(-3.85E1,-2.5E0,3.055E2));
#220=LINE('',#219,#218);
#221=DIRECTION('',(-1.E0,0.E0,0.E0));
#222=VECTOR('',#221,9.000000000001E0);
#223=CARTESIAN_POINT('',(-3.95E1,-2.5E0,3.155E2));
#224=LINE('',#223,#222);
#225=DIRECTION('',(0.E0,0.E0,-1.E0));
#226=VECTOR('',#225,9.E0);
#227=CARTESIAN_POINT('',(-4.95E1,-2.5E0,3.145E2));
#228=LINE('',#227,#226);
#229=DIRECTION('',(1.E0,0.E0,0.E0));
#230=VECTOR('',#229,9.000000000001E0);
#231=CARTESIAN_POINT('',(-4.85E1,-2.5E0,3.045E2));
#232=LINE('',#231,#230);
#233=DIRECTION('',(1.E0,0.E0,0.E0));
#234=VECTOR('',#233,9.000000000001E0);
#235=CARTESIAN_POINT('',(-4.85E1,-2.5E0,2.34E2));
#236=LINE('',#235,#234);
#237=DIRECTION('',(0.E0,0.E0,1.E0));
#238=VECTOR('',#237,9.000000000001E0);
#239=CARTESIAN_POINT('',(-3.85E1,-2.5E0,2.35E2));
#240=LINE('',#239,#238);
#241=DIRECTION('',(-1.E0,0.E0,0.E0));
#242=VECTOR('',#241,9.000000000001E0);
#243=CARTESIAN_POINT('',(-3.95E1,-2.5E0,2.45E2));
#244=LINE('',#243,#242);
#245=DIRECTION('',(0.E0,0.E0,-1.E0));
#246=VECTOR('',#245,9.000000000001E0);
#247=CARTESIAN_POINT('',(-4.95E1,-2.5E0,2.44E2));
#248=LINE('',#247,#246);
#249=DIRECTION('',(0.E0,0.E0,1.E0));
#250=VECTOR('',#249,9.000000000001E0);
#251=CARTESIAN_POINT('',(-3.85E1,-2.5E0,-4.5E0));
#252=LINE('',#251,#250);
#253=DIRECTION('',(-1.E0,0.E0,0.E0));
#254=VECTOR('',#253,9.000000000001E0);
#255=CARTESIAN_POINT('',(-3.95E1,-2.5E0,5.500000000001E0));
#256=LINE('',#255,#254);
#257=DIRECTION('',(0.E0,0.E0,-1.E0));
#258=VECTOR('',#257,9.000000000001E0);
#259=CARTESIAN_POINT('',(-4.95E1,-2.5E0,4.500000000001E0));
#260=LINE('',#259,#258);
#261=DIRECTION('',(1.E0,0.E0,0.E0));
#262=VECTOR('',#261,9.000000000001E0);
#263=CARTESIAN_POINT('',(-4.85E1,-2.5E0,-5.5E0));
#264=LINE('',#263,#262);
#265=DIRECTION('',(0.E0,0.E0,1.E0));
#266=VECTOR('',#265,9.000000000001E0);
#267=CARTESIAN_POINT('',(-3.85E1,-2.5E0,6.155E2));
#268=LINE('',#267,#266);
#269=DIRECTION('',(-1.E0,0.E0,0.E0));
#270=VECTOR('',#269,9.000000000001E0);
#271=CARTESIAN_POINT('',(-3.95E1,-2.5E0,6.255E2));
#272=LINE('',#271,#270);
#273=DIRECTION('',(0.E0,0.E0,-1.E0));
#274=VECTOR('',#273,9.000000000001E0);
#275=CARTESIAN_POINT('',(-4.95E1,-2.5E0,6.245E2));
#276=LINE('',#275,#274);
#277=DIRECTION('',(1.E0,0.E0,0.E0));
#278=VECTOR('',#277,9.000000000001E0);
#279=CARTESIAN_POINT('',(-4.85E1,-2.5E0,6.145E2));
#280=LINE('',#279,#278);
#281=DIRECTION('',(-1.E0,0.E0,0.E0));
#282=VECTOR('',#281,9.000000000001E0);
#283=CARTESIAN_POINT('',(-3.95E1,-2.5E0,4.9E2));
#284=LINE('',#283,#282);
#285=DIRECTION('',(0.E0,0.E0,-1.E0));
#286=VECTOR('',#285,9.E0);
#287=CARTESIAN_POINT('',(-4.95E1,-2.5E0,4.89E2));
#288=LINE('',#287,#286);
#289=DIRECTION('',(1.E0,0.E0,0.E0));
#290=VECTOR('',#289,9.000000000001E0);
#291=CARTESIAN_POINT('',(-4.85E1,-2.5E0,4.79E2));
#292=LINE('',#291,#290);
#293=DIRECTION('',(0.E0,0.E0,1.E0));
#294=VECTOR('',#293,9.E0);
#295=CARTESIAN_POINT('',(-3.85E1,-2.5E0,4.8E2));
#296=LINE('',#295,#294);
#297=DIRECTION('',(0.E0,0.E0,1.E0));
#298=VECTOR('',#297,9.E0);
#299=CARTESIAN_POINT('',(-3.85E1,-2.5E0,-4.89E2));
#300=LINE('',#299,#298);
#301=DIRECTION('',(-1.E0,0.E0,0.E0));
#302=VECTOR('',#301,9.000000000001E0);
#303=CARTESIAN_POINT('',(-3.95E1,-2.5E0,-4.79E2));
#304=LINE('',#303,#302);
#305=DIRECTION('',(0.E0,0.E0,-1.E0));
#306=VECTOR('',#305,9.E0);
#307=CARTESIAN_POINT('',(-4.95E1,-2.5E0,-4.8E2));
#308=LINE('',#307,#306);
#309=DIRECTION('',(1.E0,0.E0,0.E0));
#310=VECTOR('',#309,9.000000000001E0);
#311=CARTESIAN_POINT('',(-4.85E1,-2.5E0,-4.9E2));
#312=LINE('',#311,#310);
#313=DIRECTION('',(0.E0,0.E0,-1.E0));
#314=VECTOR('',#313,9.000000000001E0);
#315=CARTESIAN_POINT('',(-4.95E1,-2.5E0,-6.155E2));
#316=LINE('',#315,#314);
#317=DIRECTION('',(1.E0,0.E0,0.E0));
#318=VECTOR('',#317,9.000000000001E0);
#319=CARTESIAN_POINT('',(-4.85E1,-2.5E0,-6.255E2));
#320=LINE('',#319,#318);
#321=DIRECTION('',(0.E0,0.E0,1.E0));
#322=VECTOR('',#321,9.000000000001E0);
#323=CARTESIAN_POINT('',(-3.85E1,-2.5E0,-6.245E2));
#324=LINE('',#323,#322);
#325=DIRECTION('',(-1.E0,0.E0,0.E0));
#326=VECTOR('',#325,9.000000000001E0);
#327=CARTESIAN_POINT('',(-3.95E1,-2.5E0,-6.145E2));
#328=LINE('',#327,#326);
#329=DIRECTION('',(1.E0,0.E0,0.E0));
#330=VECTOR('',#329,9.000000000001E0);
#331=CARTESIAN_POINT('',(-4.85E1,-2.5E0,-2.45E2));
#332=LINE('',#331,#330);
#333=DIRECTION('',(0.E0,0.E0,1.E0));
#334=VECTOR('',#333,9.000000000001E0);
#335=CARTESIAN_POINT('',(-3.85E1,-2.5E0,-2.44E2));
#336=LINE('',#335,#334);
#337=DIRECTION('',(-1.E0,0.E0,0.E0));
#338=VECTOR('',#337,9.000000000001E0);
#339=CARTESIAN_POINT('',(-3.95E1,-2.5E0,-2.34E2));
#340=LINE('',#339,#338);
#341=DIRECTION('',(0.E0,0.E0,-1.E0));
#342=VECTOR('',#341,9.000000000001E0);
#343=CARTESIAN_POINT('',(-4.95E1,-2.5E0,-2.35E2));
#344=LINE('',#343,#342);
#345=DIRECTION('',(1.E0,0.E0,0.E0));
#346=VECTOR('',#345,9.000000000001E0);
#347=CARTESIAN_POINT('',(-4.85E1,-2.5E0,-3.155E2));
#348=LINE('',#347,#346);
#349=DIRECTION('',(0.E0,0.E0,1.E0));
#350=VECTOR('',#349,9.000000000001E0);
#351=CARTESIAN_POINT('',(-3.85E1,-2.5E0,-3.145E2));
#352=LINE('',#351,#350);
#353=DIRECTION('',(-1.E0,0.E0,0.E0));
#354=VECTOR('',#353,9.000000000001E0);
#355=CARTESIAN_POINT('',(-3.95E1,-2.5E0,-3.045E2));
#356=LINE('',#355,#354);
#357=DIRECTION('',(0.E0,0.E0,-1.E0));
#358=VECTOR('',#357,9.000000000001E0);
#359=CARTESIAN_POINT('',(-4.95E1,-2.5E0,-3.055E2));
#360=LINE('',#359,#358);
#361=CARTESIAN_POINT('',(-5.95E1,-2.5E0,-6.585E2));
#362=DIRECTION('',(0.E0,-1.E0,0.E0));
#363=DIRECTION('',(-1.E0,0.E0,0.E0));
#364=AXIS2_PLACEMENT_3D('',#361,#362,#363);
#366=CARTESIAN_POINT('',(-5.95E1,-2.5E0,6.585E2));
#367=DIRECTION('',(0.E0,-1.E0,0.E0));
#368=DIRECTION('',(5.684341886081E-14,0.E0,1.E0));
#369=AXIS2_PLACEMENT_3D('',#366,#367,#368);
#371=DIRECTION('',(0.E0,0.E0,-1.E0));
#372=VECTOR('',#371,9.45E1);
#373=CARTESIAN_POINT('',(-3.267542648054E1,-2.5E0,6.595E2));
#374=LINE('',#373,#372);
#375=DIRECTION('',(-1.E0,0.E0,-4.890653565913E-14));
#376=VECTOR('',#375,2.324573519457E0);
#377=CARTESIAN_POINT('',(-3.267542648054E1,-2.5E0,5.65E2));
#378=LINE('',#377,#376);
#379=DIRECTION('',(0.E0,0.E0,-1.E0));
#380=VECTOR('',#379,9.E0);
#381=CARTESIAN_POINT('',(-3.6E1,-2.5E0,5.64E2));
#382=LINE('',#381,#380);
#383=DIRECTION('',(-1.E0,0.E0,4.890653565913E-14));
#384=VECTOR('',#383,2.324573519457E0);
#385=CARTESIAN_POINT('',(-3.267542648054E1,-2.5E0,5.54E2));
#386=LINE('',#385,#384);
#387=DIRECTION('',(0.E0,0.E0,-1.E0));
#388=VECTOR('',#387,1.108E3);
#389=CARTESIAN_POINT('',(-3.267542648054E1,-2.5E0,5.54E2));
#390=LINE('',#389,#388);
#391=DIRECTION('',(-1.E0,0.E0,-1.467196069774E-13));
#392=VECTOR('',#391,2.324573519457E0);
#393=CARTESIAN_POINT('',(-3.267542648054E1,-2.5E0,-5.54E2));
#394=LINE('',#393,#392);
#395=DIRECTION('',(0.E0,0.E0,-1.E0));
#396=VECTOR('',#395,9.E0);
#397=CARTESIAN_POINT('',(-3.6E1,-2.5E0,-5.55E2));
#398=LINE('',#397,#396);
#399=DIRECTION('',(-1.E0,0.E0,0.E0));
#400=VECTOR('',#399,2.324573519457E0);
#401=CARTESIAN_POINT('',(-3.267542648054E1,-2.5E0,-5.65E2));
#402=LINE('',#401,#400);
#403=DIRECTION('',(0.E0,0.E0,-1.E0));
#404=VECTOR('',#403,9.45E1);
#405=CARTESIAN_POINT('',(-3.267542648054E1,-2.5E0,-5.65E2));
#406=LINE('',#405,#404);
#407=CARTESIAN_POINT('',(-4.85E1,-1.421085471520E-14,3.145E2));
#408=DIRECTION('',(0.E0,-1.E0,0.E0));
#409=DIRECTION('',(0.E0,0.E0,1.E0));
#410=AXIS2_PLACEMENT_3D('',#407,#408,#409);
#412=CARTESIAN_POINT('',(-4.85E1,-2.5E0,3.145E2));
#413=DIRECTION('',(0.E0,1.E0,0.E0));
#414=DIRECTION('',(-1.E0,0.E0,0.E0));
#415=AXIS2_PLACEMENT_3D('',#412,#413,#414);
#417=DIRECTION('',(0.E0,-1.E0,0.E0));
#418=VECTOR('',#417,2.5E0);
#419=CARTESIAN_POINT('',(-4.95E1,-1.483877670352E-14,3.145E2));
#420=LINE('',#419,#418);
#421=DIRECTION('',(0.E0,-1.E0,0.E0));
#422=VECTOR('',#421,2.5E0);
#423=CARTESIAN_POINT('',(-4.95E1,-1.483877670352E-14,3.055E2));
#424=LINE('',#423,#422);
#425=CARTESIAN_POINT('',(-4.85E1,-1.421085471520E-14,3.055E2));
#426=DIRECTION('',(0.E0,-1.E0,0.E0));
#427=DIRECTION('',(-1.E0,0.E0,6.821210263297E-13));
#428=AXIS2_PLACEMENT_3D('',#425,#426,#427);
#430=CARTESIAN_POINT('',(-4.85E1,-2.5E0,3.055E2));
#431=DIRECTION('',(0.E0,1.E0,0.E0));
#432=DIRECTION('',(0.E0,0.E0,-1.E0));
#433=AXIS2_PLACEMENT_3D('',#430,#431,#432);
#435=DIRECTION('',(0.E0,-1.E0,0.E0));
#436=VECTOR('',#435,2.5E0);
#437=CARTESIAN_POINT('',(-4.85E1,-1.424144278306E-14,3.045E2));
#438=LINE('',#437,#436);
#439=DIRECTION('',(0.E0,-1.E0,0.E0));
#440=VECTOR('',#439,2.5E0);
#441=CARTESIAN_POINT('',(-3.95E1,0.E0,3.045E2));
#442=LINE('',#441,#440);
#443=CARTESIAN_POINT('',(-3.95E1,0.E0,3.055E2));
#444=DIRECTION('',(0.E0,-1.E0,0.E0));
#445=DIRECTION('',(0.E0,0.E0,-1.E0));
#446=AXIS2_PLACEMENT_3D('',#443,#444,#445);
#448=CARTESIAN_POINT('',(-3.95E1,-2.5E0,3.055E2));
#449=DIRECTION('',(0.E0,1.E0,0.E0));
#450=DIRECTION('',(1.E0,0.E0,6.821210263297E-13));
#451=AXIS2_PLACEMENT_3D('',#448,#449,#450);
#453=DIRECTION('',(0.E0,-1.E0,0.E0));
#454=VECTOR('',#453,2.5E0);
#455=CARTESIAN_POINT('',(-4.85E1,-1.424144278306E-14,2.34E2));
#456=LINE('',#455,#454);
#457=DIRECTION('',(0.E0,-1.E0,0.E0));
#458=VECTOR('',#457,2.5E0);
#459=CARTESIAN_POINT('',(-3.95E1,0.E0,2.34E2));
#460=LINE('',#459,#458);
#461=CARTESIAN_POINT('',(-4.85E1,-1.421085471520E-14,2.35E2));
#462=DIRECTION('',(0.E0,-1.E0,0.E0));
#463=DIRECTION('',(-1.E0,0.E0,6.821210263297E-13));
#464=AXIS2_PLACEMENT_3D('',#461,#462,#463);
#466=CARTESIAN_POINT('',(-4.85E1,-2.5E0,2.35E2));
#467=DIRECTION('',(0.E0,1.E0,0.E0));
#468=DIRECTION('',(0.E0,0.E0,-1.E0));
#469=AXIS2_PLACEMENT_3D('',#466,#467,#468);
#471=DIRECTION('',(0.E0,-1.E0,0.E0));
#472=VECTOR('',#471,2.5E0);
#473=CARTESIAN_POINT('',(-4.95E1,-1.483877670352E-14,2.44E2));
#474=LINE('',#473,#472);
#475=DIRECTION('',(0.E0,-1.E0,0.E0));
#476=VECTOR('',#475,2.5E0);
#477=CARTESIAN_POINT('',(-4.95E1,-1.483877670352E-14,2.35E2));
#478=LINE('',#477,#476);
#479=CARTESIAN_POINT('',(-4.85E1,-1.421085471520E-14,2.44E2));
#480=DIRECTION('',(0.E0,-1.E0,0.E0));
#481=DIRECTION('',(0.E0,0.E0,1.E0));
#482=AXIS2_PLACEMENT_3D('',#479,#480,#481);
#484=CARTESIAN_POINT('',(-4.85E1,-2.5E0,2.44E2));
#485=DIRECTION('',(0.E0,1.E0,0.E0));
#486=DIRECTION('',(-1.E0,0.E0,0.E0));
#487=AXIS2_PLACEMENT_3D('',#484,#485,#486);
#489=DIRECTION('',(0.E0,-1.E0,0.E0));
#490=VECTOR('',#489,2.5E0);
#491=CARTESIAN_POINT('',(-3.95E1,0.E0,2.45E2));
#492=LINE('',#491,#490);
#493=DIRECTION('',(0.E0,-1.E0,0.E0));
#494=VECTOR('',#493,2.5E0);
#495=CARTESIAN_POINT('',(-4.85E1,-1.424144278306E-14,2.45E2));
#496=LINE('',#495,#494);
#497=CARTESIAN_POINT('',(-3.95E1,0.E0,2.44E2));
#498=DIRECTION('',(0.E0,-1.E0,0.E0));
#499=DIRECTION('',(1.E0,0.E0,0.E0));
#500=AXIS2_PLACEMENT_3D('',#497,#498,#499);
#502=CARTESIAN_POINT('',(-3.95E1,-2.5E0,2.44E2));
#503=DIRECTION('',(0.E0,1.E0,0.E0));
#504=DIRECTION('',(0.E0,0.E0,1.E0));
#505=AXIS2_PLACEMENT_3D('',#502,#503,#504);
#507=DIRECTION('',(0.E0,-1.E0,0.E0));
#508=VECTOR('',#507,2.5E0);
#509=CARTESIAN_POINT('',(-3.85E1,0.E0,2.44E2));
#510=LINE('',#509,#508);
#511=DIRECTION('',(0.E0,-1.E0,0.E0));
#512=VECTOR('',#511,2.5E0);
#513=CARTESIAN_POINT('',(-3.85E1,0.E0,2.35E2));
#514=LINE('',#513,#512);
#515=CARTESIAN_POINT('',(-3.95E1,0.E0,2.35E2));
#516=DIRECTION('',(0.E0,-1.E0,0.E0));
#517=DIRECTION('',(0.E0,0.E0,-1.E0));
#518=AXIS2_PLACEMENT_3D('',#515,#516,#517);
#520=CARTESIAN_POINT('',(-3.95E1,-2.5E0,2.35E2));
#521=DIRECTION('',(0.E0,1.E0,0.E0));
#522=DIRECTION('',(1.E0,0.E0,6.821210263297E-13));
#523=AXIS2_PLACEMENT_3D('',#520,#521,#522);
#525=DIRECTION('',(0.E0,-1.E0,0.E0));
#526=VECTOR('',#525,2.5E0);
#527=CARTESIAN_POINT('',(-3.85E1,0.E0,4.500000000001E0));
#528=LINE('',#527,#526);
#529=DIRECTION('',(0.E0,-1.E0,0.E0));
#530=VECTOR('',#529,2.5E0);
#531=CARTESIAN_POINT('',(-3.85E1,0.E0,-4.5E0));
#532=LINE('',#531,#530);
#533=CARTESIAN_POINT('',(-3.95E1,0.E0,4.500000000001E0));
#534=DIRECTION('',(0.E0,-1.E0,0.E0));
#535=DIRECTION('',(1.E0,0.E0,0.E0));
#536=AXIS2_PLACEMENT_3D('',#533,#534,#535);
#538=CARTESIAN_POINT('',(-3.95E1,-2.5E0,4.500000000001E0));
#539=DIRECTION('',(0.E0,1.E0,0.E0));
#540=DIRECTION('',(0.E0,0.E0,1.E0));
#541=AXIS2_PLACEMENT_3D('',#538,#539,#540);
#543=DIRECTION('',(0.E0,-1.E0,0.E0));
#544=VECTOR('',#543,2.5E0);
#545=CARTESIAN_POINT('',(-3.95E1,0.E0,5.500000000001E0));
#546=LINE('',#545,#544);
#547=DIRECTION('',(0.E0,-1.E0,0.E0));
#548=VECTOR('',#547,2.5E0);
#549=CARTESIAN_POINT('',(-4.85E1,-1.424144278306E-14,5.500000000001E0));
#550=LINE('',#549,#548);
#551=CARTESIAN_POINT('',(-4.85E1,-1.421085471520E-14,4.500000000001E0));
#552=DIRECTION('',(0.E0,-1.E0,0.E0));
#553=DIRECTION('',(0.E0,0.E0,1.E0));
#554=AXIS2_PLACEMENT_3D('',#551,#552,#553);
#556=CARTESIAN_POINT('',(-4.85E1,-2.5E0,4.500000000001E0));
#557=DIRECTION('',(0.E0,1.E0,0.E0));
#558=DIRECTION('',(-1.E0,0.E0,0.E0));
#559=AXIS2_PLACEMENT_3D('',#556,#557,#558);
#561=DIRECTION('',(0.E0,-1.E0,0.E0));
#562=VECTOR('',#561,2.5E0);
#563=CARTESIAN_POINT('',(-4.95E1,-1.483877670352E-14,4.500000000001E0));
#564=LINE('',#563,#562);
#565=DIRECTION('',(0.E0,-1.E0,0.E0));
#566=VECTOR('',#565,2.5E0);
#567=CARTESIAN_POINT('',(-4.95E1,-1.483877670352E-14,-4.5E0));
#568=LINE('',#567,#566);
#569=CARTESIAN_POINT('',(-4.85E1,-1.421085471520E-14,-4.500000000001E0));
#570=DIRECTION('',(0.E0,-1.E0,0.E0));
#571=DIRECTION('',(-1.E0,0.E0,6.821210263297E-13));
#572=AXIS2_PLACEMENT_3D('',#569,#570,#571);
#574=CARTESIAN_POINT('',(-4.85E1,-2.5E0,-4.500000000001E0));
#575=DIRECTION('',(0.E0,1.E0,0.E0));
#576=DIRECTION('',(0.E0,0.E0,-1.E0));
#577=AXIS2_PLACEMENT_3D('',#574,#575,#576);
#579=DIRECTION('',(0.E0,-1.E0,0.E0));
#580=VECTOR('',#579,2.5E0);
#581=CARTESIAN_POINT('',(-4.85E1,-1.424144278306E-14,-5.5E0));
#582=LINE('',#581,#580);
#583=DIRECTION('',(0.E0,-1.E0,0.E0));
#584=VECTOR('',#583,2.5E0);
#585=CARTESIAN_POINT('',(-3.95E1,0.E0,-5.5E0));
#586=LINE('',#585,#584);
#587=CARTESIAN_POINT('',(-3.95E1,0.E0,-4.500000000001E0));
#588=DIRECTION('',(0.E0,-1.E0,0.E0));
#589=DIRECTION('',(0.E0,0.E0,-1.E0));
#590=AXIS2_PLACEMENT_3D('',#587,#588,#589);
#592=CARTESIAN_POINT('',(-3.95E1,-2.5E0,-4.500000000001E0));
#593=DIRECTION('',(0.E0,1.E0,0.E0));
#594=DIRECTION('',(1.E0,0.E0,6.821210263297E-13));
#595=AXIS2_PLACEMENT_3D('',#592,#593,#594);
#597=DIRECTION('',(0.E0,-1.E0,0.E0));
#598=VECTOR('',#597,2.5E0);
#599=CARTESIAN_POINT('',(-3.85E1,0.E0,6.245E2));
#600=LINE('',#599,#598);
#601=DIRECTION('',(0.E0,-1.E0,0.E0));
#602=VECTOR('',#601,2.5E0);
#603=CARTESIAN_POINT('',(-3.85E1,0.E0,6.155E2));
#604=LINE('',#603,#602);
#605=CARTESIAN_POINT('',(-3.95E1,0.E0,6.245E2));
#606=DIRECTION('',(0.E0,-1.E0,0.E0));
#607=DIRECTION('',(1.E0,0.E0,0.E0));
#608=AXIS2_PLACEMENT_3D('',#605,#606,#607);
#610=CARTESIAN_POINT('',(-3.95E1,-2.5E0,6.245E2));
#611=DIRECTION('',(0.E0,1.E0,0.E0));
#612=DIRECTION('',(0.E0,0.E0,1.E0));
#613=AXIS2_PLACEMENT_3D('',#610,#611,#612);
#615=DIRECTION('',(0.E0,-1.E0,0.E0));
#616=VECTOR('',#615,2.5E0);
#617=CARTESIAN_POINT('',(-4.85E1,-1.424144278306E-14,6.255E2));
#618=LINE('',#617,#616);
#619=DIRECTION('',(0.E0,-1.E0,0.E0));
#620=VECTOR('',#619,2.5E0);
#621=CARTESIAN_POINT('',(-3.95E1,0.E0,6.255E2));
#622=LINE('',#621,#620);
#623=CARTESIAN_POINT('',(-4.85E1,-1.421085471520E-14,6.245E2));
#624=DIRECTION('',(0.E0,-1.E0,0.E0));
#625=DIRECTION('',(0.E0,0.E0,1.E0));
#626=AXIS2_PLACEMENT_3D('',#623,#624,#625);
#628=CARTESIAN_POINT('',(-4.85E1,-2.5E0,6.245E2));
#629=DIRECTION('',(0.E0,1.E0,0.E0));
#630=DIRECTION('',(-1.E0,0.E0,0.E0));
#631=AXIS2_PLACEMENT_3D('',#628,#629,#630);
#633=DIRECTION('',(0.E0,-1.E0,0.E0));
#634=VECTOR('',#633,2.5E0);
#635=CARTESIAN_POINT('',(-4.95E1,-1.483877670352E-14,6.155E2));
#636=LINE('',#635,#634);
#637=DIRECTION('',(0.E0,-1.E0,0.E0));
#638=VECTOR('',#637,2.5E0);
#639=CARTESIAN_POINT('',(-4.95E1,-1.483877670352E-14,6.245E2));
#640=LINE('',#639,#638);
#641=CARTESIAN_POINT('',(-4.85E1,-1.421085471520E-14,6.155E2));
#642=DIRECTION('',(0.E0,-1.E0,0.E0));
#643=DIRECTION('',(-1.E0,0.E0,0.E0));
#644=AXIS2_PLACEMENT_3D('',#641,#642,#643);
#646=CARTESIAN_POINT('',(-4.85E1,-2.5E0,6.155E2));
#647=DIRECTION('',(0.E0,1.E0,0.E0));
#648=DIRECTION('',(0.E0,0.E0,-1.E0));
#649=AXIS2_PLACEMENT_3D('',#646,#647,#648);
#651=DIRECTION('',(0.E0,-1.E0,0.E0));
#652=VECTOR('',#651,2.5E0);
#653=CARTESIAN_POINT('',(-4.85E1,-1.424144278306E-14,6.145E2));
#654=LINE('',#653,#652);
#655=DIRECTION('',(0.E0,-1.E0,0.E0));
#656=VECTOR('',#655,2.5E0);
#657=CARTESIAN_POINT('',(-3.95E1,0.E0,6.145E2));
#658=LINE('',#657,#656);
#659=CARTESIAN_POINT('',(-3.95E1,0.E0,6.155E2));
#660=DIRECTION('',(0.E0,-1.E0,0.E0));
#661=DIRECTION('',(0.E0,0.E0,-1.E0));
#662=AXIS2_PLACEMENT_3D('',#659,#660,#661);
#664=CARTESIAN_POINT('',(-3.95E1,-2.5E0,6.155E2));
#665=DIRECTION('',(0.E0,1.E0,0.E0));
#666=DIRECTION('',(1.E0,0.E0,0.E0));
#667=AXIS2_PLACEMENT_3D('',#664,#665,#666);
#669=DIRECTION('',(0.E0,-1.E0,0.E0));
#670=VECTOR('',#669,2.5E0);
#671=CARTESIAN_POINT('',(-3.95E1,0.E0,4.9E2));
#672=LINE('',#671,#670);
#673=DIRECTION('',(0.E0,-1.E0,0.E0));
#674=VECTOR('',#673,2.5E0);
#675=CARTESIAN_POINT('',(-4.85E1,-1.424144278306E-14,4.9E2));
#676=LINE('',#675,#674);
#677=CARTESIAN_POINT('',(-3.95E1,0.E0,4.89E2));
#678=DIRECTION('',(0.E0,-1.E0,0.E0));
#679=DIRECTION('',(1.E0,0.E0,0.E0));
#680=AXIS2_PLACEMENT_3D('',#677,#678,#679);
#682=CARTESIAN_POINT('',(-3.95E1,-2.5E0,4.89E2));
#683=DIRECTION('',(0.E0,1.E0,0.E0));
#684=DIRECTION('',(0.E0,0.E0,1.E0));
#685=AXIS2_PLACEMENT_3D('',#682,#683,#684);
#687=DIRECTION('',(0.E0,-1.E0,0.E0));
#688=VECTOR('',#687,2.5E0);
#689=CARTESIAN_POINT('',(-3.85E1,0.E0,4.89E2));
#690=LINE('',#689,#688);
#691=DIRECTION('',(0.E0,-1.E0,0.E0));
#692=VECTOR('',#691,2.5E0);
#693=CARTESIAN_POINT('',(-3.85E1,0.E0,4.8E2));
#694=LINE('',#693,#692);
#695=CARTESIAN_POINT('',(-3.95E1,0.E0,4.8E2));
#696=DIRECTION('',(0.E0,-1.E0,0.E0));
#697=DIRECTION('',(0.E0,0.E0,-1.E0));
#698=AXIS2_PLACEMENT_3D('',#695,#696,#697);
#700=CARTESIAN_POINT('',(-3.95E1,-2.5E0,4.8E2));
#701=DIRECTION('',(0.E0,1.E0,0.E0));
#702=DIRECTION('',(1.E0,0.E0,-6.252776074689E-13));
#703=AXIS2_PLACEMENT_3D('',#700,#701,#702);
#705=DIRECTION('',(0.E0,-1.E0,0.E0));
#706=VECTOR('',#705,2.5E0);
#707=CARTESIAN_POINT('',(-3.95E1,0.E0,4.79E2));
#708=LINE('',#707,#706);
#709=DIRECTION('',(0.E0,-1.E0,0.E0));
#710=VECTOR('',#709,2.5E0);
#711=CARTESIAN_POINT('',(-4.85E1,-1.424144278306E-14,4.79E2));
#712=LINE('',#711,#710);
#713=CARTESIAN_POINT('',(-4.85E1,-1.421085471520E-14,4.8E2));
#714=DIRECTION('',(0.E0,-1.E0,0.E0));
#715=DIRECTION('',(-1.E0,0.E0,-6.252776074689E-13));
#716=AXIS2_PLACEMENT_3D('',#713,#714,#715);
#718=CARTESIAN_POINT('',(-4.85E1,-2.5E0,4.8E2));
#719=DIRECTION('',(0.E0,1.E0,0.E0));
#720=DIRECTION('',(0.E0,0.E0,-1.E0));
#721=AXIS2_PLACEMENT_3D('',#718,#719,#720);
#723=DIRECTION('',(0.E0,-1.E0,0.E0));
#724=VECTOR('',#723,2.5E0);
#725=CARTESIAN_POINT('',(-4.95E1,-1.483877670352E-14,4.8E2));
#726=LINE('',#725,#724);
#727=DIRECTION('',(0.E0,-1.E0,0.E0));
#728=VECTOR('',#727,2.5E0);
#729=CARTESIAN_POINT('',(-4.95E1,-1.483877670352E-14,4.89E2));
#730=LINE('',#729,#728);
#731=CARTESIAN_POINT('',(-4.85E1,-1.421085471520E-14,4.89E2));
#732=DIRECTION('',(0.E0,-1.E0,0.E0));
#733=DIRECTION('',(0.E0,0.E0,1.E0));
#734=AXIS2_PLACEMENT_3D('',#731,#732,#733);
#736=CARTESIAN_POINT('',(-4.85E1,-2.5E0,4.89E2));
#737=DIRECTION('',(0.E0,1.E0,0.E0));
#738=DIRECTION('',(-1.E0,0.E0,0.E0));
#739=AXIS2_PLACEMENT_3D('',#736,#737,#738);
#741=DIRECTION('',(0.E0,-1.E0,0.E0));
#742=VECTOR('',#741,2.5E0);
#743=CARTESIAN_POINT('',(-3.85E1,0.E0,-4.8E2));
#744=LINE('',#743,#742);
#745=DIRECTION('',(0.E0,-1.E0,0.E0));
#746=VECTOR('',#745,2.5E0);
#747=CARTESIAN_POINT('',(-3.85E1,0.E0,-4.89E2));
#748=LINE('',#747,#746);
#749=CARTESIAN_POINT('',(-3.95E1,0.E0,-4.8E2));
#750=DIRECTION('',(0.E0,-1.E0,0.E0));
#751=DIRECTION('',(1.E0,0.E0,3.979039320257E-13));
#752=AXIS2_PLACEMENT_3D('',#749,#750,#751);
#754=CARTESIAN_POINT('',(-3.95E1,-2.5E0,-4.8E2));
#755=DIRECTION('',(0.E0,1.E0,0.E0));
#756=DIRECTION('',(0.E0,0.E0,1.E0));
#757=AXIS2_PLACEMENT_3D('',#754,#755,#756);
#759=DIRECTION('',(0.E0,-1.E0,0.E0));
#760=VECTOR('',#759,2.5E0);
#761=CARTESIAN_POINT('',(-4.85E1,-1.424144278306E-14,-4.79E2));
#762=LINE('',#761,#760);
#763=DIRECTION('',(0.E0,-1.E0,0.E0));
#764=VECTOR('',#763,2.5E0);
#765=CARTESIAN_POINT('',(-3.95E1,0.E0,-4.79E2));
#766=LINE('',#765,#764);
#767=CARTESIAN_POINT('',(-4.85E1,-1.421085471520E-14,-4.8E2));
#768=DIRECTION('',(0.E0,-1.E0,0.E0));
#769=DIRECTION('',(0.E0,0.E0,1.E0));
#770=AXIS2_PLACEMENT_3D('',#767,#768,#769);
#772=CARTESIAN_POINT('',(-4.85E1,-2.5E0,-4.8E2));
#773=DIRECTION('',(0.E0,1.E0,0.E0));
#774=DIRECTION('',(-1.E0,0.E0,3.979039320257E-13));
#775=AXIS2_PLACEMENT_3D('',#772,#773,#774);
#777=DIRECTION('',(0.E0,-1.E0,0.E0));
#778=VECTOR('',#777,2.5E0);
#779=CARTESIAN_POINT('',(-4.95E1,-1.483877670352E-14,-4.89E2));
#780=LINE('',#779,#778);
#781=DIRECTION('',(0.E0,-1.E0,0.E0));
#782=VECTOR('',#781,2.5E0);
#783=CARTESIAN_POINT('',(-4.95E1,-1.483877670352E-14,-4.8E2));
#784=LINE('',#783,#782);
#785=CARTESIAN_POINT('',(-4.85E1,-1.421085471520E-14,-4.89E2));
#786=DIRECTION('',(0.E0,-1.E0,0.E0));
#787=DIRECTION('',(-1.E0,0.E0,0.E0));
#788=AXIS2_PLACEMENT_3D('',#785,#786,#787);
#790=CARTESIAN_POINT('',(-4.85E1,-2.5E0,-4.89E2));
#791=DIRECTION('',(0.E0,1.E0,0.E0));
#792=DIRECTION('',(0.E0,0.E0,-1.E0));
#793=AXIS2_PLACEMENT_3D('',#790,#791,#792);
#795=DIRECTION('',(0.E0,-1.E0,0.E0));
#796=VECTOR('',#795,2.5E0);
#797=CARTESIAN_POINT('',(-4.85E1,-1.424144278306E-14,-4.9E2));
#798=LINE('',#797,#796);
#799=DIRECTION('',(0.E0,-1.E0,0.E0));
#800=VECTOR('',#799,2.5E0);
#801=CARTESIAN_POINT('',(-3.95E1,0.E0,-4.9E2));
#802=LINE('',#801,#800);
#803=CARTESIAN_POINT('',(-3.95E1,0.E0,-4.89E2));
#804=DIRECTION('',(0.E0,-1.E0,0.E0));
#805=DIRECTION('',(0.E0,0.E0,-1.E0));
#806=AXIS2_PLACEMENT_3D('',#803,#804,#805);
#808=CARTESIAN_POINT('',(-3.95E1,-2.5E0,-4.89E2));
#809=DIRECTION('',(0.E0,1.E0,0.E0));
#810=DIRECTION('',(1.E0,0.E0,0.E0));
#811=AXIS2_PLACEMENT_3D('',#808,#809,#810);
#813=DIRECTION('',(0.E0,-1.E0,0.E0));
#814=VECTOR('',#813,2.5E0);
#815=CARTESIAN_POINT('',(-4.95E1,-1.483877670352E-14,-6.155E2));
#816=LINE('',#815,#814);
#817=DIRECTION('',(0.E0,-1.E0,0.E0));
#818=VECTOR('',#817,2.5E0);
#819=CARTESIAN_POINT('',(-4.95E1,-1.483877670352E-14,-6.245E2));
#820=LINE('',#819,#818);
#821=CARTESIAN_POINT('',(-4.85E1,-1.421085471520E-14,-6.155E2));
#822=DIRECTION('',(0.E0,-1.E0,0.E0));
#823=DIRECTION('',(0.E0,0.E0,1.E0));
#824=AXIS2_PLACEMENT_3D('',#821,#822,#823);
#826=CARTESIAN_POINT('',(-4.85E1,-2.5E0,-6.155E2));
#827=DIRECTION('',(0.E0,1.E0,0.E0));
#828=DIRECTION('',(-1.E0,0.E0,0.E0));
#829=AXIS2_PLACEMENT_3D('',#826,#827,#828);
#831=DIRECTION('',(0.E0,-1.E0,0.E0));
#832=VECTOR('',#831,2.5E0);
#833=CARTESIAN_POINT('',(-3.95E1,0.E0,-6.145E2));
#834=LINE('',#833,#832);
#835=DIRECTION('',(0.E0,-1.E0,0.E0));
#836=VECTOR('',#835,2.5E0);
#837=CARTESIAN_POINT('',(-4.85E1,-1.424144278306E-14,-6.145E2));
#838=LINE('',#837,#836);
#839=CARTESIAN_POINT('',(-3.95E1,0.E0,-6.155E2));
#840=DIRECTION('',(0.E0,-1.E0,0.E0));
#841=DIRECTION('',(1.E0,0.E0,0.E0));
#842=AXIS2_PLACEMENT_3D('',#839,#840,#841);
#844=CARTESIAN_POINT('',(-3.95E1,-2.5E0,-6.155E2));
#845=DIRECTION('',(0.E0,1.E0,0.E0));
#846=DIRECTION('',(0.E0,0.E0,1.E0));
#847=AXIS2_PLACEMENT_3D('',#844,#845,#846);
#849=DIRECTION('',(0.E0,-1.E0,0.E0));
#850=VECTOR('',#849,2.5E0);
#851=CARTESIAN_POINT('',(-3.85E1,0.E0,-6.245E2));
#852=LINE('',#851,#850);
#853=DIRECTION('',(0.E0,-1.E0,0.E0));
#854=VECTOR('',#853,2.5E0);
#855=CARTESIAN_POINT('',(-3.85E1,0.E0,-6.155E2));
#856=LINE('',#855,#854);
#857=CARTESIAN_POINT('',(-3.95E1,0.E0,-6.245E2));
#858=DIRECTION('',(0.E0,-1.E0,0.E0));
#859=DIRECTION('',(0.E0,0.E0,-1.E0));
#860=AXIS2_PLACEMENT_3D('',#857,#858,#859);
#862=CARTESIAN_POINT('',(-3.95E1,-2.5E0,-6.245E2));
#863=DIRECTION('',(0.E0,1.E0,0.E0));
#864=DIRECTION('',(1.E0,0.E0,0.E0));
#865=AXIS2_PLACEMENT_3D('',#862,#863,#864);
#867=DIRECTION('',(0.E0,-1.E0,0.E0));
#868=VECTOR('',#867,2.5E0);
#869=CARTESIAN_POINT('',(-3.95E1,0.E0,-6.255E2));
#870=LINE('',#869,#868);
#871=DIRECTION('',(0.E0,-1.E0,0.E0));
#872=VECTOR('',#871,2.5E0);
#873=CARTESIAN_POINT('',(-4.85E1,-1.424144278306E-14,-6.255E2));
#874=LINE('',#873,#872);
#875=CARTESIAN_POINT('',(-4.85E1,-1.421085471520E-14,-6.245E2));
#876=DIRECTION('',(0.E0,-1.E0,0.E0));
#877=DIRECTION('',(-1.E0,0.E0,0.E0));
#878=AXIS2_PLACEMENT_3D('',#875,#876,#877);
#880=CARTESIAN_POINT('',(-4.85E1,-2.5E0,-6.245E2));
#881=DIRECTION('',(0.E0,1.E0,0.E0));
#882=DIRECTION('',(0.E0,0.E0,-1.E0));
#883=AXIS2_PLACEMENT_3D('',#880,#881,#882);
#885=DIRECTION('',(0.E0,-1.E0,0.E0));
#886=VECTOR('',#885,2.5E0);
#887=CARTESIAN_POINT('',(-4.85E1,-1.424144278306E-14,-2.45E2));
#888=LINE('',#887,#886);
#889=DIRECTION('',(0.E0,-1.E0,0.E0));
#890=VECTOR('',#889,2.5E0);
#891=CARTESIAN_POINT('',(-3.95E1,0.E0,-2.45E2));
#892=LINE('',#891,#890);
#893=CARTESIAN_POINT('',(-4.85E1,-1.421085471520E-14,-2.44E2));
#894=DIRECTION('',(0.E0,-1.E0,0.E0));
#895=DIRECTION('',(-1.E0,0.E0,6.821210263297E-13));
#896=AXIS2_PLACEMENT_3D('',#893,#894,#895);
#898=CARTESIAN_POINT('',(-4.85E1,-2.5E0,-2.44E2));
#899=DIRECTION('',(0.E0,1.E0,0.E0));
#900=DIRECTION('',(0.E0,0.E0,-1.E0));
#901=AXIS2_PLACEMENT_3D('',#898,#899,#900);
#903=DIRECTION('',(0.E0,-1.E0,0.E0));
#904=VECTOR('',#903,2.5E0);
#905=CARTESIAN_POINT('',(-4.95E1,-1.483877670352E-14,-2.35E2));
#906=LINE('',#905,#904);
#907=DIRECTION('',(0.E0,-1.E0,0.E0));
#908=VECTOR('',#907,2.5E0);
#909=CARTESIAN_POINT('',(-4.95E1,-1.483877670352E-14,-2.44E2));
#910=LINE('',#909,#908);
#911=CARTESIAN_POINT('',(-4.85E1,-1.421085471520E-14,-2.35E2));
#912=DIRECTION('',(0.E0,-1.E0,0.E0));
#913=DIRECTION('',(0.E0,0.E0,1.E0));
#914=AXIS2_PLACEMENT_3D('',#911,#912,#913);
#916=CARTESIAN_POINT('',(-4.85E1,-2.5E0,-2.35E2));
#917=DIRECTION('',(0.E0,1.E0,0.E0));
#918=DIRECTION('',(-1.E0,0.E0,0.E0));
#919=AXIS2_PLACEMENT_3D('',#916,#917,#918);
#921=DIRECTION('',(0.E0,-1.E0,0.E0));
#922=VECTOR('',#921,2.5E0);
#923=CARTESIAN_POINT('',(-3.95E1,0.E0,-2.34E2));
#924=LINE('',#923,#922);
#925=DIRECTION('',(0.E0,-1.E0,0.E0));
#926=VECTOR('',#925,2.5E0);
#927=CARTESIAN_POINT('',(-4.85E1,-1.424144278306E-14,-2.34E2));
#928=LINE('',#927,#926);
#929=CARTESIAN_POINT('',(-3.95E1,0.E0,-2.35E2));
#930=DIRECTION('',(0.E0,-1.E0,0.E0));
#931=DIRECTION('',(1.E0,0.E0,0.E0));
#932=AXIS2_PLACEMENT_3D('',#929,#930,#931);
#934=CARTESIAN_POINT('',(-3.95E1,-2.5E0,-2.35E2));
#935=DIRECTION('',(0.E0,1.E0,0.E0));
#936=DIRECTION('',(0.E0,0.E0,1.E0));
#937=AXIS2_PLACEMENT_3D('',#934,#935,#936);
#939=DIRECTION('',(0.E0,-1.E0,0.E0));
#940=VECTOR('',#939,2.5E0);
#941=CARTESIAN_POINT('',(-3.85E1,0.E0,-2.35E2));
#942=LINE('',#941,#940);
#943=DIRECTION('',(0.E0,-1.E0,0.E0));
#944=VECTOR('',#943,2.5E0);
#945=CARTESIAN_POINT('',(-3.85E1,0.E0,-2.44E2));
#946=LINE('',#945,#944);
#947=CARTESIAN_POINT('',(-3.95E1,0.E0,-2.44E2));
#948=DIRECTION('',(0.E0,-1.E0,0.E0));
#949=DIRECTION('',(0.E0,0.E0,-1.E0));
#950=AXIS2_PLACEMENT_3D('',#947,#948,#949);
#952=CARTESIAN_POINT('',(-3.95E1,-2.5E0,-2.44E2));
#953=DIRECTION('',(0.E0,1.E0,0.E0));
#954=DIRECTION('',(1.E0,0.E0,6.821210263297E-13));
#955=AXIS2_PLACEMENT_3D('',#952,#953,#954);
#957=DIRECTION('',(0.E0,-1.E0,0.E0));
#958=VECTOR('',#957,2.5E0);
#959=CARTESIAN_POINT('',(-4.85E1,-1.424144278306E-14,-3.155E2));
#960=LINE('',#959,#958);
#961=DIRECTION('',(0.E0,-1.E0,0.E0));
#962=VECTOR('',#961,2.5E0);
#963=CARTESIAN_POINT('',(-3.95E1,0.E0,-3.155E2));
#964=LINE('',#963,#962);
#965=CARTESIAN_POINT('',(-4.85E1,-1.421085471520E-14,-3.145E2));
#966=DIRECTION('',(0.E0,-1.E0,0.E0));
#967=DIRECTION('',(-1.E0,0.E0,0.E0));
#968=AXIS2_PLACEMENT_3D('',#965,#966,#967);
#970=CARTESIAN_POINT('',(-4.85E1,-2.5E0,-3.145E2));
#971=DIRECTION('',(0.E0,1.E0,0.E0));
#972=DIRECTION('',(0.E0,0.E0,-1.E0));
#973=AXIS2_PLACEMENT_3D('',#970,#971,#972);
#975=DIRECTION('',(0.E0,-1.E0,2.273736754432E-14));
#976=VECTOR('',#975,2.5E0);
#977=CARTESIAN_POINT('',(-4.95E1,-1.483877670352E-14,-3.055E2));
#978=LINE('',#977,#976);
#979=DIRECTION('',(0.E0,-1.E0,0.E0));
#980=VECTOR('',#979,2.5E0);
#981=CARTESIAN_POINT('',(-4.95E1,-1.483877670352E-14,-3.145E2));
#982=LINE('',#981,#980);
#983=CARTESIAN_POINT('',(-4.85E1,-1.421085471520E-14,-3.055E2));
#984=DIRECTION('',(0.E0,-1.E0,0.E0));
#985=DIRECTION('',(0.E0,0.E0,1.E0));
#986=AXIS2_PLACEMENT_3D('',#983,#984,#985);
#988=CARTESIAN_POINT('',(-4.85E1,-2.5E0,-3.055E2));
#989=DIRECTION('',(0.E0,1.E0,0.E0));
#990=DIRECTION('',(-1.E0,0.E0,0.E0));
#991=AXIS2_PLACEMENT_3D('',#988,#989,#990);
#993=DIRECTION('',(0.E0,-1.E0,0.E0));
#994=VECTOR('',#993,2.5E0);
#995=CARTESIAN_POINT('',(-3.95E1,0.E0,-3.045E2));
#996=LINE('',#995,#994);
#997=DIRECTION('',(0.E0,-1.E0,0.E0));
#998=VECTOR('',#997,2.5E0);
#999=CARTESIAN_POINT('',(-4.85E1,-1.424144278306E-14,-3.045E2));
#1000=LINE('',#999,#998);
#1001=CARTESIAN_POINT('',(-3.95E1,0.E0,-3.055E2));
#1002=DIRECTION('',(0.E0,-1.E0,0.E0));
#1003=DIRECTION('',(1.E0,0.E0,0.E0));
#1004=AXIS2_PLACEMENT_3D('',#1001,#1002,#1003);
#1006=CARTESIAN_POINT('',(-3.95E1,-2.5E0,-3.055E2));
#1007=DIRECTION('',(0.E0,1.E0,0.E0));
#1008=DIRECTION('',(0.E0,0.E0,1.E0));
#1009=AXIS2_PLACEMENT_3D('',#1006,#1007,#1008);
#1011=DIRECTION('',(0.E0,-1.E0,0.E0));
#1012=VECTOR('',#1011,2.5E0);
#1013=CARTESIAN_POINT('',(-3.85E1,0.E0,-3.055E2));
#1014=LINE('',#1013,#1012);
#1015=DIRECTION('',(0.E0,-1.E0,0.E0));
#1016=VECTOR('',#1015,2.5E0);
#1017=CARTESIAN_POINT('',(-3.85E1,0.E0,-3.145E2));
#1018=LINE('',#1017,#1016);
#1019=CARTESIAN_POINT('',(-3.95E1,0.E0,-3.145E2));
#1020=DIRECTION('',(0.E0,-1.E0,0.E0));
#1021=DIRECTION('',(0.E0,0.E0,-1.E0));
#1022=AXIS2_PLACEMENT_3D('',#1019,#1020,#1021);
#1024=CARTESIAN_POINT('',(-3.95E1,-2.5E0,-3.145E2));
#1025=DIRECTION('',(0.E0,1.E0,0.E0));
#1026=DIRECTION('',(1.E0,0.E0,0.E0));
#1027=AXIS2_PLACEMENT_3D('',#1024,#1025,#1026);
#1029=DIRECTION('',(0.E0,1.E0,0.E0));
#1030=VECTOR('',#1029,2.5E0);
#1031=CARTESIAN_POINT('',(-6.05E1,-2.5E0,-6.585E2));
#1032=LINE('',#1031,#1030);
#1033=DIRECTION('',(0.E0,0.E0,-1.E0));
#1034=VECTOR('',#1033,1.317E3);
#1035=CARTESIAN_POINT('',(-6.05E1,-2.629443113687E-14,6.585E2));
#1036=LINE('',#1035,#1034);
#1037=DIRECTION('',(0.E0,1.E0,0.E0));
#1038=VECTOR('',#1037,2.5E0);
#1039=CARTESIAN_POINT('',(-6.05E1,-2.5E0,6.585E2));
#1040=LINE('',#1039,#1038);
#1041=DIRECTION('',(0.E0,0.E0,-1.E0));
#1042=VECTOR('',#1041,1.317E3);
#1043=CARTESIAN_POINT('',(-6.05E1,-2.5E0,6.585E2));
#1044=LINE('',#1043,#1042);
#1045=DIRECTION('',(0.E0,1.E0,0.E0));
#1046=VECTOR('',#1045,2.5E0);
#1047=CARTESIAN_POINT('',(-5.95E1,-2.5E0,6.595E2));
#1048=LINE('',#1047,#1046);
#1049=DIRECTION('',(-1.E0,0.E0,0.E0));
#1050=VECTOR('',#1049,2.682457351946E1);
#1051=CARTESIAN_POINT('',(-3.267542648054E1,0.E0,6.595E2));
#1052=LINE('',#1051,#1050);
#1053=DIRECTION('',(0.E0,-1.E0,0.E0));
#1054=VECTOR('',#1053,2.5E0);
#1055=CARTESIAN_POINT('',(-3.267542648054E1,0.E0,6.595E2));
#1056=LINE('',#1055,#1054);
#1057=DIRECTION('',(-1.E0,0.E0,0.E0));
#1058=VECTOR('',#1057,2.682457351946E1);
#1059=CARTESIAN_POINT('',(-3.267542648054E1,-2.5E0,6.595E2));
#1060=LINE('',#1059,#1058);
#1061=CARTESIAN_POINT('',(-3.267542648054E1,-5.5E0,6.595E2));
#1062=DIRECTION('',(0.E0,0.E0,1.E0));
#1063=DIRECTION('',(8.660254037844E-1,5.E-1,0.E0));
#1064=AXIS2_PLACEMENT_3D('',#1061,#1062,#1063);
#1066=DIRECTION('',(-8.660254037844E-1,-5.E-1,0.E0));
#1067=VECTOR('',#1066,2.5E0);
#1068=CARTESIAN_POINT('',(-2.791228675973E1,-2.75E0,6.595E2));
#1069=LINE('',#1068,#1067);
#1070=CARTESIAN_POINT('',(-3.267542648054E1,-5.5E0,6.595E2));
#1071=DIRECTION('',(0.E0,0.E0,1.E0));
#1072=DIRECTION('',(8.660254037844E-1,5.E-1,0.E0));
#1073=AXIS2_PLACEMENT_3D('',#1070,#1071,#1072);
#1075=CARTESIAN_POINT('',(-3.267542648054E1,-5.5E0,-5.65E2));
#1076=DIRECTION('',(0.E0,0.E0,1.E0));
#1077=DIRECTION('',(8.660254037844E-1,5.E-1,0.E0));
#1078=AXIS2_PLACEMENT_3D('',#1075,#1076,#1077);
#1080=DIRECTION('',(0.E0,0.E0,-1.E0));
#1081=VECTOR('',#1080,9.45E1);
#1082=CARTESIAN_POINT('',(-2.791228675973E1,-2.75E0,-5.65E2));
#1083=LINE('',#1082,#1081);
#1084=CARTESIAN_POINT('',(-3.267542648054E1,-5.5E0,-5.54E2));
#1085=DIRECTION('',(0.E0,0.E0,1.E0));
#1086=DIRECTION('',(8.660254037844E-1,5.E-1,0.E0));
#1087=AXIS2_PLACEMENT_3D('',#1084,#1085,#1086);
#1089=DIRECTION('',(0.E0,0.E0,-1.E0));
#1090=VECTOR('',#1089,1.108E3);
#1091=CARTESIAN_POINT('',(-2.791228675973E1,-2.75E0,5.54E2));
#1092=LINE('',#1091,#1090);
#1093=CARTESIAN_POINT('',(-3.267542648054E1,-5.5E0,5.54E2));
#1094=DIRECTION('',(0.E0,0.E0,1.E0));
#1095=DIRECTION('',(8.660254037844E-1,5.E-1,0.E0));
#1096=AXIS2_PLACEMENT_3D('',#1093,#1094,#1095);
#1098=CARTESIAN_POINT('',(-3.267542648054E1,-5.5E0,5.65E2));
#1099=DIRECTION('',(0.E0,0.E0,1.E0));
#1100=DIRECTION('',(8.660254037844E-1,5.E-1,0.E0));
#1101=AXIS2_PLACEMENT_3D('',#1098,#1099,#1100);
#1103=DIRECTION('',(0.E0,0.E0,-1.E0));
#1104=VECTOR('',#1103,9.45E1);
#1105=CARTESIAN_POINT('',(-2.791228675973E1,-2.75E0,6.595E2));
#1106=LINE('',#1105,#1104);
#1107=DIRECTION('',(-8.660254037844E-1,-5.E-1,0.E0));
#1108=VECTOR('',#1107,2.5E0);
#1109=CARTESIAN_POINT('',(-2.791228675973E1,-2.75E0,-5.65E2));
#1110=LINE('',#1109,#1108);
#1111=DIRECTION('',(-8.660254037844E-1,-5.E-1,0.E0));
#1112=VECTOR('',#1111,2.5E0);
#1113=CARTESIAN_POINT('',(-2.673415051736E1,-4.790591830021E0,-5.65E2));
#1114=LINE('',#1113,#1112);
#1115=CARTESIAN_POINT('',(-2.673415051736E1,-4.790591830021E0,-5.64E2));
#1116=DIRECTION('',(-8.660254037844E-1,-5.E-1,0.E0));
#1117=DIRECTION('',(-8.455458555545E-13,1.462829857246E-12,-1.E0));
#1118=AXIS2_PLACEMENT_3D('',#1115,#1116,#1117);
#1120=CARTESIAN_POINT('',(-2.889921402682E1,-6.040591830021E0,-5.64E2));
#1121=DIRECTION('',(8.660254037844E-1,5.E-1,0.E0));
#1122=DIRECTION('',(5.E-1,-8.660254037844E-1,4.547473508865E-13));
#1123=AXIS2_PLACEMENT_3D('',#1120,#1121,#1122);
#1125=DIRECTION('',(0.E0,0.E0,1.E0));
#1126=VECTOR('',#1125,9.E0);
#1127=CARTESIAN_POINT('',(-2.623415051736E1,-5.656617233806E0,-5.64E2));
#1128=LINE('',#1127,#1126);
#1129=DIRECTION('',(5.E-1,-8.660254037844E-1,0.E0));
#1130=VECTOR('',#1129,2.356272484737E0);
#1131=CARTESIAN_POINT('',(-2.791228675973E1,-2.75E0,-5.65E2));
#1132=LINE('',#1131,#1130);
#1133=DIRECTION('',(0.E0,0.E0,-1.E0));
#1134=VECTOR('',#1133,2.445E2);
#1135=CARTESIAN_POINT('',(-1.786602540378E1,-2.015063509461E1,-4.15E2));
#1136=LINE('',#1135,#1134);
#1137=DIRECTION('',(-5.E-1,8.660254037844E-1,0.E0));
#1138=VECTOR('',#1137,2.336250227151E0);
#1139=CARTESIAN_POINT('',(-1.786602540378E1,-2.015063509461E1,-4.15E2));
#1140=LINE('',#1139,#1138);
#1141=DIRECTION('',(0.E0,0.E0,-1.E0));
#1142=VECTOR('',#1141,9.E0);
#1143=CARTESIAN_POINT('',(-1.953415051736E1,-1.726135764452E1,-4.05E2));
#1144=LINE('',#1143,#1142);
#1145=DIRECTION('',(-5.E-1,8.660254037844E-1,0.E0));
#1146=VECTOR('',#1145,2.336250227152E0);
#1147=CARTESIAN_POINT('',(-1.786602540378E1,-2.015063509461E1,-4.04E2));
#1148=LINE('',#1147,#1146);
#1149=DIRECTION('',(0.E0,0.E0,-1.E0));
#1150=VECTOR('',#1149,8.08E2);
#1151=CARTESIAN_POINT('',(-1.786602540378E1,-2.015063509461E1,4.04E2));
#1152=LINE('',#1151,#1150);
#1153=DIRECTION('',(-5.E-1,8.660254037844E-1,-9.732419618447E-14));
#1154=VECTOR('',#1153,2.336250227151E0);
#1155=CARTESIAN_POINT('',(-1.786602540378E1,-2.015063509461E1,4.04E2));
#1156=LINE('',#1155,#1154);
#1157=DIRECTION('',(0.E0,0.E0,-1.E0));
#1158=VECTOR('',#1157,9.E0);
#1159=CARTESIAN_POINT('',(-1.953415051736E1,-1.726135764452E1,4.14E2));
#1160=LINE('',#1159,#1158);
#1161=DIRECTION('',(-5.E-1,8.660254037844E-1,-7.299314713834E-14));
#1162=VECTOR('',#1161,2.336250227151E0);
#1163=CARTESIAN_POINT('',(-1.786602540378E1,-2.015063509461E1,4.15E2));
#1164=LINE('',#1163,#1162);
#1165=DIRECTION('',(0.E0,0.E0,-1.E0));
#1166=VECTOR('',#1165,2.445E2);
#1167=CARTESIAN_POINT('',(-1.786602540378E1,-2.015063509461E1,6.595E2));
#1168=LINE('',#1167,#1166);
#1169=DIRECTION('',(5.E-1,-8.660254037844E-1,-4.824859538020E-14));
#1170=VECTOR('',#1169,2.356272484738E0);
#1171=CARTESIAN_POINT('',(-2.791228675973E1,-2.75E0,5.65E2));
#1172=LINE('',#1171,#1170);
#1173=DIRECTION('',(0.E0,0.E0,1.E0));
#1174=VECTOR('',#1173,9.E0);
#1175=CARTESIAN_POINT('',(-2.623415051736E1,-5.656617233806E0,5.55E2));
#1176=LINE('',#1175,#1174);
#1177=DIRECTION('',(5.E-1,-8.660254037844E-1,4.824859538020E-14));
#1178=VECTOR('',#1177,2.356272484738E0);
#1179=CARTESIAN_POINT('',(-2.791228675973E1,-2.75E0,5.54E2));
#1180=LINE('',#1179,#1178);
#1181=DIRECTION('',(5.E-1,-8.660254037844E-1,-1.447457861406E-13));
#1182=VECTOR('',#1181,2.356272484738E0);
#1183=CARTESIAN_POINT('',(-2.791228675973E1,-2.75E0,-5.54E2));
#1184=LINE('',#1183,#1182);
#1185=DIRECTION('',(-8.660254037844E-1,-5.E-1,0.E0));
#1186=VECTOR('',#1185,2.5E0);
#1187=CARTESIAN_POINT('',(-2.623415051736E1,-5.656617233806E0,-5.55E2));
#1188=LINE('',#1187,#1186);
#1189=DIRECTION('',(-8.660254037844E-1,-5.E-1,0.E0));
#1190=VECTOR('',#1189,2.5E0);
#1191=CARTESIAN_POINT('',(-2.623415051736E1,-5.656617233806E0,-5.64E2));
#1192=LINE('',#1191,#1190);
#1193=CARTESIAN_POINT('',(-2.673415051736E1,-4.790591830021E0,-5.55E2));
#1194=DIRECTION('',(-8.660254037844E-1,-5.E-1,0.E0));
#1195=DIRECTION('',(5.E-1,-8.660254037844E-1,3.410605131648E-13));
#1196=AXIS2_PLACEMENT_3D('',#1193,#1194,#1195);
#1198=CARTESIAN_POINT('',(-2.889921402682E1,-6.040591830021E0,-5.55E2));
#1199=DIRECTION('',(8.660254037844E-1,5.E-1,0.E0));
#1200=DIRECTION('',(8.881784197001E-13,-1.540101379760E-12,1.E0));
#1201=AXIS2_PLACEMENT_3D('',#1198,#1199,#1200);
#1203=DIRECTION('',(-8.660254037844E-1,-5.E-1,0.E0));
#1204=VECTOR('',#1203,2.5E0);
#1205=CARTESIAN_POINT('',(-2.673415051736E1,-4.790591830022E0,-5.54E2));
#1206=LINE('',#1205,#1204);
#1207=DIRECTION('',(-8.660254037844E-1,-5.E-1,0.E0));
#1208=VECTOR('',#1207,2.5E0);
#1209=CARTESIAN_POINT('',(-2.791228675973E1,-2.75E0,-5.54E2));
#1210=LINE('',#1209,#1208);
#1211=DIRECTION('',(0.E0,-1.E0,0.E0));
#1212=VECTOR('',#1211,2.5E0);
#1213=CARTESIAN_POINT('',(-3.267542648054E1,0.E0,-5.54E2));
#1214=LINE('',#1213,#1212);
#1215=DIRECTION('',(0.E0,-1.E0,0.E0));
#1216=VECTOR('',#1215,2.5E0);
#1217=CARTESIAN_POINT('',(-3.5E1,0.E0,-5.54E2));
#1218=LINE('',#1217,#1216);
#1219=CARTESIAN_POINT('',(-3.5E1,0.E0,-5.55E2));
#1220=DIRECTION('',(0.E0,-1.E0,0.E0));
#1221=DIRECTION('',(-6.394884621841E-14,0.E0,1.E0));
#1222=AXIS2_PLACEMENT_3D('',#1219,#1220,#1221);
#1224=CARTESIAN_POINT('',(-3.5E1,-2.5E0,-5.55E2));
#1225=DIRECTION('',(0.E0,1.E0,0.E0));
#1226=DIRECTION('',(-1.E0,0.E0,-1.136868377216E-13));
#1227=AXIS2_PLACEMENT_3D('',#1224,#1225,#1226);
#1229=DIRECTION('',(0.E0,-1.E0,0.E0));
#1230=VECTOR('',#1229,2.5E0);
#1231=CARTESIAN_POINT('',(-3.6E1,0.E0,-5.55E2));
#1232=LINE('',#1231,#1230);
#1233=DIRECTION('',(0.E0,-1.E0,0.E0));
#1234=VECTOR('',#1233,2.5E0);
#1235=CARTESIAN_POINT('',(-3.6E1,0.E0,-5.64E2));
#1236=LINE('',#1235,#1234);
#1237=CARTESIAN_POINT('',(-3.5E1,0.E0,-5.64E2));
#1238=DIRECTION('',(0.E0,-1.E0,0.E0));
#1239=DIRECTION('',(-1.E0,0.E0,0.E0));
#1240=AXIS2_PLACEMENT_3D('',#1237,#1238,#1239);
#1242=CARTESIAN_POINT('',(-3.5E1,-2.5E0,-5.64E2));
#1243=DIRECTION('',(0.E0,1.E0,0.E0));
#1244=DIRECTION('',(0.E0,0.E0,-1.E0));
#1245=AXIS2_PLACEMENT_3D('',#1242,#1243,#1244);
#1247=DIRECTION('',(0.E0,-1.E0,0.E0));
#1248=VECTOR('',#1247,2.5E0);
#1249=CARTESIAN_POINT('',(-3.5E1,0.E0,-5.65E2));
#1250=LINE('',#1249,#1248);
#1251=DIRECTION('',(0.E0,-1.E0,0.E0));
#1252=VECTOR('',#1251,2.5E0);
#1253=CARTESIAN_POINT('',(-3.267542648054E1,0.E0,-5.65E2));
#1254=LINE('',#1253,#1252);
#1255=CARTESIAN_POINT('',(-3.267542648054E1,-5.5E0,5.65E2));
#1256=DIRECTION('',(0.E0,0.E0,1.E0));
#1257=DIRECTION('',(8.660254037844E-1,5.E-1,0.E0));
#1258=AXIS2_PLACEMENT_3D('',#1255,#1256,#1257);
#1260=DIRECTION('',(0.E0,0.E0,-1.E0));
#1261=VECTOR('',#1260,9.45E1);
#1262=CARTESIAN_POINT('',(-3.007735026919E1,-4.E0,6.595E2));
#1263=LINE('',#1262,#1261);
#1264=CARTESIAN_POINT('',(-3.267542648054E1,-5.5E0,-5.54E2));
#1265=DIRECTION('',(0.E0,0.E0,1.E0));
#1266=DIRECTION('',(8.660254037844E-1,5.E-1,0.E0));
#1267=AXIS2_PLACEMENT_3D('',#1264,#1265,#1266);
#1269=CARTESIAN_POINT('',(-3.267542648054E1,-5.5E0,5.54E2));
#1270=DIRECTION('',(0.E0,0.E0,1.E0));
#1271=DIRECTION('',(8.660254037844E-1,5.E-1,0.E0));
#1272=AXIS2_PLACEMENT_3D('',#1269,#1270,#1271);
#1274=DIRECTION('',(0.E0,0.E0,-1.E0));
#1275=VECTOR('',#1274,1.108E3);
#1276=CARTESIAN_POINT('',(-3.007735026919E1,-4.E0,5.54E2));
#1277=LINE('',#1276,#1275);
#1278=CARTESIAN_POINT('',(-3.267542648054E1,-5.5E0,-5.65E2));
#1279=DIRECTION('',(0.E0,0.E0,1.E0));
#1280=DIRECTION('',(8.660254037844E-1,5.E-1,0.E0));
#1281=AXIS2_PLACEMENT_3D('',#1278,#1279,#1280);
#1283=DIRECTION('',(0.E0,0.E0,-1.E0));
#1284=VECTOR('',#1283,9.45E1);
#1285=CARTESIAN_POINT('',(-3.007735026919E1,-4.E0,-5.65E2));
#1286=LINE('',#1285,#1284);
#1287=DIRECTION('',(0.E0,-1.E0,0.E0));
#1288=VECTOR('',#1287,2.5E0);
#1289=CARTESIAN_POINT('',(-3.267542648054E1,0.E0,5.65E2));
#1290=LINE('',#1289,#1288);
#1291=DIRECTION('',(0.E0,-1.E0,0.E0));
#1292=VECTOR('',#1291,2.5E0);
#1293=CARTESIAN_POINT('',(-3.5E1,0.E0,5.65E2));
#1294=LINE('',#1293,#1292);
#1295=CARTESIAN_POINT('',(-3.5E1,0.E0,5.64E2));
#1296=DIRECTION('',(0.E0,-1.E0,0.E0));
#1297=DIRECTION('',(0.E0,0.E0,1.E0));
#1298=AXIS2_PLACEMENT_3D('',#1295,#1296,#1297);
#1300=CARTESIAN_POINT('',(-3.5E1,-2.5E0,5.64E2));
#1301=DIRECTION('',(0.E0,1.E0,0.E0));
#1302=DIRECTION('',(-1.E0,0.E0,4.547473508865E-13));
#1303=AXIS2_PLACEMENT_3D('',#1300,#1301,#1302);
#1305=DIRECTION('',(0.E0,-1.E0,0.E0));
#1306=VECTOR('',#1305,2.5E0);
#1307=CARTESIAN_POINT('',(-3.6E1,0.E0,5.64E2));
#1308=LINE('',#1307,#1306);
#1309=DIRECTION('',(0.E0,-1.E0,0.E0));
#1310=VECTOR('',#1309,2.5E0);
#1311=CARTESIAN_POINT('',(-3.6E1,0.E0,5.55E2));
#1312=LINE('',#1311,#1310);
#1313=CARTESIAN_POINT('',(-3.5E1,0.E0,5.55E2));
#1314=DIRECTION('',(0.E0,-1.E0,0.E0));
#1315=DIRECTION('',(-1.E0,0.E0,1.136868377216E-13));
#1316=AXIS2_PLACEMENT_3D('',#1313,#1314,#1315);
#1318=CARTESIAN_POINT('',(-3.5E1,-2.5E0,5.55E2));
#1319=DIRECTION('',(0.E0,1.E0,0.E0));
#1320=DIRECTION('',(-7.105427357601E-14,0.E0,-1.E0));
#1321=AXIS2_PLACEMENT_3D('',#1318,#1319,#1320);
#1323=DIRECTION('',(0.E0,-1.E0,0.E0));
#1324=VECTOR('',#1323,2.5E0);
#1325=CARTESIAN_POINT('',(-3.5E1,0.E0,5.54E2));
#1326=LINE('',#1325,#1324);
#1327=DIRECTION('',(0.E0,-1.E0,0.E0));
#1328=VECTOR('',#1327,2.5E0);
#1329=CARTESIAN_POINT('',(-3.267542648054E1,0.E0,5.54E2));
#1330=LINE('',#1329,#1328);
#1331=DIRECTION('',(-8.660254037844E-1,-5.E-1,0.E0));
#1332=VECTOR('',#1331,2.5E0);
#1333=CARTESIAN_POINT('',(-2.791228675973E1,-2.75E0,5.54E2));
#1334=LINE('',#1333,#1332);
#1335=DIRECTION('',(-8.660254037844E-1,-5.E-1,0.E0));
#1336=VECTOR('',#1335,2.5E0);
#1337=CARTESIAN_POINT('',(-2.673415051736E1,-4.790591830021E0,5.54E2));
#1338=LINE('',#1337,#1336);
#1339=CARTESIAN_POINT('',(-2.673415051736E1,-4.790591830021E0,5.55E2));
#1340=DIRECTION('',(-8.660254037844E-1,-5.E-1,0.E0));
#1341=DIRECTION('',(-4.263256414561E-14,7.549516567451E-14,-1.E0));
#1342=AXIS2_PLACEMENT_3D('',#1339,#1340,#1341);
#1344=CARTESIAN_POINT('',(-2.889921402682E1,-6.040591830021E0,5.55E2));
#1345=DIRECTION('',(8.660254037844E-1,5.E-1,0.E0));
#1346=DIRECTION('',(5.E-1,-8.660254037844E-1,1.136868377216E-13));
#1347=AXIS2_PLACEMENT_3D('',#1344,#1345,#1346);
#1349=DIRECTION('',(-8.660254037844E-1,-5.E-1,0.E0));
#1350=VECTOR('',#1349,2.5E0);
#1351=CARTESIAN_POINT('',(-2.623415051736E1,-5.656617233806E0,5.55E2));
#1352=LINE('',#1351,#1350);
#1353=DIRECTION('',(-8.660254037844E-1,-5.E-1,0.E0));
#1354=VECTOR('',#1353,2.5E0);
#1355=CARTESIAN_POINT('',(-2.623415051736E1,-5.656617233806E0,5.64E2));
#1356=LINE('',#1355,#1354);
#1357=CARTESIAN_POINT('',(-2.673415051736E1,-4.790591830021E0,5.64E2));
#1358=DIRECTION('',(-8.660254037844E-1,-5.E-1,0.E0));
#1359=DIRECTION('',(5.E-1,-8.660254037844E-1,4.547473508865E-13));
#1360=AXIS2_PLACEMENT_3D('',#1357,#1358,#1359);
#1362=CARTESIAN_POINT('',(-2.889921402682E1,-6.040591830021E0,5.64E2));
#1363=DIRECTION('',(8.660254037844E-1,5.E-1,0.E0));
#1364=DIRECTION('',(8.526512829121E-14,-1.456612608308E-13,1.E0));
#1365=AXIS2_PLACEMENT_3D('',#1362,#1363,#1364);
#1367=DIRECTION('',(-8.660254037844E-1,-5.E-1,0.E0));
#1368=VECTOR('',#1367,2.5E0);
#1369=CARTESIAN_POINT('',(-2.673415051736E1,-4.790591830021E0,5.65E2));
#1370=LINE('',#1369,#1368);
#1371=DIRECTION('',(-8.660254037844E-1,-5.E-1,0.E0));
#1372=VECTOR('',#1371,2.5E0);
#1373=CARTESIAN_POINT('',(-2.791228675973E1,-2.75E0,5.65E2));
#1374=LINE('',#1373,#1372);
#1375=DIRECTION('',(5.E-1,-8.660254037844E-1,0.E0));
#1376=VECTOR('',#1375,2.356272484737E0);
#1377=CARTESIAN_POINT('',(-3.007735026919E1,-4.E0,-5.65E2));
#1378=LINE('',#1377,#1376);
#1379=DIRECTION('',(0.E0,0.E0,1.E0));
#1380=VECTOR('',#1379,9.E0);
#1381=CARTESIAN_POINT('',(-2.839921402682E1,-6.906617233806E0,-5.64E2));
#1382=LINE('',#1381,#1380);
#1383=DIRECTION('',(5.E-1,-8.660254037844E-1,-1.447457861406E-13));
#1384=VECTOR('',#1383,2.356272484738E0);
#1385=CARTESIAN_POINT('',(-3.007735026919E1,-4.E0,-5.54E2));
#1386=LINE('',#1385,#1384);
#1387=DIRECTION('',(5.E-1,-8.660254037844E-1,4.824859538020E-14));
#1388=VECTOR('',#1387,2.356272484738E0);
#1389=CARTESIAN_POINT('',(-3.007735026919E1,-4.E0,5.54E2));
#1390=LINE('',#1389,#1388);
#1391=DIRECTION('',(0.E0,0.E0,1.E0));
#1392=VECTOR('',#1391,9.E0);
#1393=CARTESIAN_POINT('',(-2.839921402682E1,-6.906617233806E0,5.55E2));
#1394=LINE('',#1393,#1392);
#1395=DIRECTION('',(5.E-1,-8.660254037844E-1,-4.824859538020E-14));
#1396=VECTOR('',#1395,2.356272484738E0);
#1397=CARTESIAN_POINT('',(-3.007735026919E1,-4.E0,5.65E2));
#1398=LINE('',#1397,#1396);
#1399=DIRECTION('',(0.E0,0.E0,-1.E0));
#1400=VECTOR('',#1399,2.445E2);
#1401=CARTESIAN_POINT('',(-2.003108891325E1,-2.140063509461E1,6.595E2));
#1402=LINE('',#1401,#1400);
#1403=DIRECTION('',(-5.E-1,8.660254037844E-1,-4.866209809223E-14));
#1404=VECTOR('',#1403,2.336250227151E0);
#1405=CARTESIAN_POINT('',(-2.003108891325E1,-2.140063509461E1,4.15E2));
#1406=LINE('',#1405,#1404);
#1407=DIRECTION('',(0.E0,0.E0,-1.E0));
#1408=VECTOR('',#1407,9.E0);
#1409=CARTESIAN_POINT('',(-2.169921402682E1,-1.851135764452E1,4.14E2));
#1410=LINE('',#1409,#1408);
#1411=DIRECTION('',(-5.E-1,8.660254037844E-1,-4.866209809223E-14));
#1412=VECTOR('',#1411,2.336250227151E0);
#1413=CARTESIAN_POINT('',(-2.003108891325E1,-2.140063509461E1,4.04E2));
#1414=LINE('',#1413,#1412);
#1415=DIRECTION('',(0.E0,0.E0,-1.E0));
#1416=VECTOR('',#1415,8.08E2);
#1417=CARTESIAN_POINT('',(-2.003108891325E1,-2.140063509461E1,4.04E2));
#1418=LINE('',#1417,#1416);
#1419=DIRECTION('',(-5.E-1,8.660254037844E-1,0.E0));
#1420=VECTOR('',#1419,2.336250227152E0);
#1421=CARTESIAN_POINT('',(-2.003108891325E1,-2.140063509461E1,-4.04E2));
#1422=LINE('',#1421,#1420);
#1423=DIRECTION('',(0.E0,0.E0,-1.E0));
#1424=VECTOR('',#1423,9.E0);
#1425=CARTESIAN_POINT('',(-2.169921402682E1,-1.851135764452E1,-4.05E2));
#1426=LINE('',#1425,#1424);
#1427=DIRECTION('',(-5.E-1,8.660254037844E-1,0.E0));
#1428=VECTOR('',#1427,2.336250227151E0);
#1429=CARTESIAN_POINT('',(-2.003108891325E1,-2.140063509461E1,-4.15E2));
#1430=LINE('',#1429,#1428);
#1431=DIRECTION('',(0.E0,0.E0,-1.E0));
#1432=VECTOR('',#1431,2.445E2);
#1433=CARTESIAN_POINT('',(-2.003108891325E1,-2.140063509461E1,-4.15E2));
#1434=LINE('',#1433,#1432);
#1435=DIRECTION('',(-5.E-1,8.660254037844E-1,0.E0));
#1436=VECTOR('',#1435,2.009252271189E1);
#1437=CARTESIAN_POINT('',(-1.786602540378E1,-2.015063509461E1,6.595E2));
#1438=LINE('',#1437,#1436);
#1439=DIRECTION('',(-8.660254037844E-1,-5.E-1,0.E0));
#1440=VECTOR('',#1439,2.5E0);
#1441=CARTESIAN_POINT('',(-1.786602540378E1,-2.015063509461E1,6.595E2));
#1442=LINE('',#1441,#1440);
#1443=DIRECTION('',(-5.E-1,8.660254037844E-1,0.E0));
#1444=VECTOR('',#1443,2.009252271189E1);
#1445=CARTESIAN_POINT('',(-2.003108891325E1,-2.140063509461E1,6.595E2));
#1446=LINE('',#1445,#1444);
#1447=CARTESIAN_POINT('',(-1.526794919243E1,-1.865063509461E1,6.595E2));
#1448=DIRECTION('',(0.E0,0.E0,-1.E0));
#1449=DIRECTION('',(0.E0,-1.E0,0.E0));
#1450=AXIS2_PLACEMENT_3D('',#1447,#1448,#1449);
#1452=DIRECTION('',(0.E0,-1.E0,0.E0));
#1453=VECTOR('',#1452,2.5E0);
#1454=CARTESIAN_POINT('',(-1.526794919243E1,-2.165063509461E1,6.595E2));
#1455=LINE('',#1454,#1453);
#1456=CARTESIAN_POINT('',(-1.526794919243E1,-1.865063509461E1,6.595E2));
#1457=DIRECTION('',(0.E0,0.E0,-1.E0));
#1458=DIRECTION('',(0.E0,-1.E0,0.E0));
#1459=AXIS2_PLACEMENT_3D('',#1456,#1457,#1458);
#1461=CARTESIAN_POINT('',(-1.526794919243E1,-1.865063509461E1,-4.15E2));
#1462=DIRECTION('',(0.E0,0.E0,-1.E0));
#1463=DIRECTION('',(0.E0,-1.E0,0.E0));
#1464=AXIS2_PLACEMENT_3D('',#1461,#1462,#1463);
#1466=DIRECTION('',(0.E0,0.E0,-1.E0));
#1467=VECTOR('',#1466,2.445E2);
#1468=CARTESIAN_POINT('',(-1.526794919243E1,-2.165063509461E1,-4.15E2));
#1469=LINE('',#1468,#1467);
#1470=CARTESIAN_POINT('',(-1.526794919243E1,-1.865063509461E1,-4.04E2));
#1471=DIRECTION('',(0.E0,0.E0,-1.E0));
#1472=DIRECTION('',(0.E0,-1.E0,0.E0));
#1473=AXIS2_PLACEMENT_3D('',#1470,#1471,#1472);
#1475=DIRECTION('',(0.E0,0.E0,-1.E0));
#1476=VECTOR('',#1475,8.08E2);
#1477=CARTESIAN_POINT('',(-1.526794919243E1,-2.165063509461E1,4.04E2));
#1478=LINE('',#1477,#1476);
#1479=CARTESIAN_POINT('',(-1.526794919243E1,-1.865063509461E1,4.04E2));
#1480=DIRECTION('',(0.E0,0.E0,-1.E0));
#1481=DIRECTION('',(0.E0,-1.E0,0.E0));
#1482=AXIS2_PLACEMENT_3D('',#1479,#1480,#1481);
#1484=CARTESIAN_POINT('',(-1.526794919243E1,-1.865063509461E1,4.15E2));
#1485=DIRECTION('',(0.E0,0.E0,-1.E0));
#1486=DIRECTION('',(0.E0,-1.E0,0.E0));
#1487=AXIS2_PLACEMENT_3D('',#1484,#1485,#1486);
#1489=DIRECTION('',(0.E0,0.E0,-1.E0));
#1490=VECTOR('',#1489,2.445E2);
#1491=CARTESIAN_POINT('',(-1.526794919243E1,-2.165063509461E1,6.595E2));
#1492=LINE('',#1491,#1490);
#1493=DIRECTION('',(0.E0,-1.E0,0.E0));
#1494=VECTOR('',#1493,2.5E0);
#1495=CARTESIAN_POINT('',(-1.526794919243E1,-2.165063509461E1,-4.15E2));
#1496=LINE('',#1495,#1494);
#1497=DIRECTION('',(0.E0,-1.E0,0.E0));
#1498=VECTOR('',#1497,2.5E0);
#1499=CARTESIAN_POINT('',(-1.292335341539E1,-2.165063509461E1,-4.15E2));
#1500=LINE('',#1499,#1498);
#1501=CARTESIAN_POINT('',(-1.292335341539E1,-2.165063509461E1,-4.14E2));
#1502=DIRECTION('',(0.E0,-1.E0,0.E0));
#1503=DIRECTION('',(0.E0,0.E0,-1.E0));
#1504=AXIS2_PLACEMENT_3D('',#1501,#1502,#1503);
#1506=CARTESIAN_POINT('',(-1.292335341539E1,-2.415063509461E1,-4.14E2));
#1507=DIRECTION('',(0.E0,1.E0,0.E0));
#1508=DIRECTION('',(1.E0,0.E0,0.E0));
#1509=AXIS2_PLACEMENT_3D('',#1506,#1507,#1508);
#1511=DIRECTION('',(0.E0,0.E0,-1.E0));
#1512=VECTOR('',#1511,9.E0);
#1513=CARTESIAN_POINT('',(1.187664658461E1,-2.165063509461E1,-4.05E2));
#1514=LINE('',#1513,#1512);
#1515=DIRECTION('',(-1.E0,0.E0,0.E0));
#1516=VECTOR('',#1515,2.391302607819E0);
#1517=CARTESIAN_POINT('',(1.526794919243E1,-2.165063509461E1,-4.04E2));
#1518=LINE('',#1517,#1516);
#1519=DIRECTION('',(0.E0,0.E0,-1.E0));
#1520=VECTOR('',#1519,8.08E2);
#1521=CARTESIAN_POINT('',(1.526794919243E1,-2.165063509461E1,4.04E2));
#1522=LINE('',#1521,#1520);
#1523=DIRECTION('',(-1.E0,0.E0,-3.352305909225E-14));
#1524=VECTOR('',#1523,3.391302607819E0);
#1525=CARTESIAN_POINT('',(1.526794919243E1,-2.165063509461E1,4.04E2));
#1526=LINE('',#1525,#1524);
#1527=DIRECTION('',(0.E0,0.E0,-1.E0));
#1528=VECTOR('',#1527,1.1E1);
#1529=CARTESIAN_POINT('',(1.187664658461E1,-2.165063509461E1,4.15E2));
#1530=LINE('',#1529,#1528);
#1531=DIRECTION('',(-1.E0,0.E0,0.E0));
#1532=VECTOR('',#1531,3.391302607819E0);
#1533=CARTESIAN_POINT('',(1.526794919243E1,-2.165063509461E1,4.15E2));
#1534=LINE('',#1533,#1532);
#1535=DIRECTION('',(0.E0,0.E0,-1.E0));
#1536=VECTOR('',#1535,2.445E2);
#1537=CARTESIAN_POINT('',(1.526794919243E1,-2.165063509461E1,6.595E2));
#1538=LINE('',#1537,#1536);
#1539=DIRECTION('',(1.E0,0.E0,-7.273332923828E-14));
#1540=VECTOR('',#1539,2.344595777044E0);
#1541=CARTESIAN_POINT('',(-1.526794919243E1,-2.165063509461E1,4.15E2));
#1542=LINE('',#1541,#1540);
#1543=DIRECTION('',(0.E0,0.E0,1.E0));
#1544=VECTOR('',#1543,9.E0);
#1545=CARTESIAN_POINT('',(-1.192335341539E1,-2.165063509461E1,4.05E2));
#1546=LINE('',#1545,#1544);
#1547=DIRECTION('',(1.E0,0.E0,-4.848888615885E-14));
#1548=VECTOR('',#1547,2.344595777044E0);
#1549=CARTESIAN_POINT('',(-1.526794919243E1,-2.165063509461E1,4.04E2));
#1550=LINE('',#1549,#1548);
#1551=DIRECTION('',(1.E0,0.E0,0.E0));
#1552=VECTOR('',#1551,2.344595777044E0);
#1553=CARTESIAN_POINT('',(-1.526794919243E1,-2.165063509461E1,-4.04E2));
#1554=LINE('',#1553,#1552);
#1555=DIRECTION('',(0.E0,0.E0,1.E0));
#1556=VECTOR('',#1555,9.E0);
#1557=CARTESIAN_POINT('',(-1.192335341539E1,-2.165063509461E1,-4.14E2));
#1558=LINE('',#1557,#1556);
#1559=DIRECTION('',(1.E0,0.E0,0.E0));
#1560=VECTOR('',#1559,2.344595777044E0);
#1561=CARTESIAN_POINT('',(-1.526794919243E1,-2.165063509461E1,-4.15E2));
#1562=LINE('',#1561,#1560);
#1563=DIRECTION('',(0.E0,0.E0,-1.E0));
#1564=VECTOR('',#1563,2.445E2);
#1565=CARTESIAN_POINT('',(1.526794919243E1,-2.165063509461E1,-4.15E2));
#1566=LINE('',#1565,#1564);
#1567=DIRECTION('',(-1.E0,0.E0,0.E0));
#1568=VECTOR('',#1567,2.391302607819E0);
#1569=CARTESIAN_POINT('',(1.526794919243E1,-2.165063509461E1,-4.15E2));
#1570=LINE('',#1569,#1568);
#1571=DIRECTION('',(0.E0,-1.E0,0.E0));
#1572=VECTOR('',#1571,2.5E0);
#1573=CARTESIAN_POINT('',(1.187664658461E1,-2.165063509461E1,-4.05E2));
#1574=LINE('',#1573,#1572);
#1575=DIRECTION('',(0.E0,-1.E0,0.E0));
#1576=VECTOR('',#1575,2.5E0);
#1577=CARTESIAN_POINT('',(1.187664658461E1,-2.165063509461E1,-4.14E2));
#1578=LINE('',#1577,#1576);
#1579=CARTESIAN_POINT('',(1.287664658461E1,-2.165063509461E1,-4.05E2));
#1580=DIRECTION('',(0.E0,-1.E0,0.E0));
#1581=DIRECTION('',(0.E0,0.E0,1.E0));
#1582=AXIS2_PLACEMENT_3D('',#1579,#1580,#1581);
#1584=CARTESIAN_POINT('',(1.287664658461E1,-2.415063509461E1,-4.05E2));
#1585=DIRECTION('',(0.E0,1.E0,0.E0));
#1586=DIRECTION('',(-1.E0,0.E0,0.E0));
#1587=AXIS2_PLACEMENT_3D('',#1584,#1585,#1586);
#1589=DIRECTION('',(0.E0,-1.E0,0.E0));
#1590=VECTOR('',#1589,2.5E0);
#1591=CARTESIAN_POINT('',(1.287664658461E1,-2.165063509461E1,-4.04E2));
#1592=LINE('',#1591,#1590);
#1593=DIRECTION('',(-1.E0,0.E0,0.E0));
#1594=VECTOR('',#1593,2.391302607819E0);
#1595=CARTESIAN_POINT('',(1.526794919243E1,-2.415063509461E1,-4.04E2));
#1596=LINE('',#1595,#1594);
#1597=DIRECTION('',(0.E0,0.E0,-1.E0));
#1598=VECTOR('',#1597,9.E0);
#1599=CARTESIAN_POINT('',(1.187664658461E1,-2.415063509461E1,-4.05E2));
#1600=LINE('',#1599,#1598);
#1601=DIRECTION('',(-1.E0,0.E0,0.E0));
#1602=VECTOR('',#1601,2.391302607819E0);
#1603=CARTESIAN_POINT('',(1.526794919243E1,-2.415063509461E1,-4.15E2));
#1604=LINE('',#1603,#1602);
#1605=DIRECTION('',(0.E0,0.E0,-1.E0));
#1606=VECTOR('',#1605,2.445E2);
#1607=CARTESIAN_POINT('',(1.526794919243E1,-2.415063509461E1,-4.15E2));
#1608=LINE('',#1607,#1606);
#1609=DIRECTION('',(1.E0,0.E0,0.E0));
#1610=VECTOR('',#1609,2.344595777044E0);
#1611=CARTESIAN_POINT('',(-1.526794919243E1,-2.415063509461E1,-4.15E2));
#1612=LINE('',#1611,#1610);
#1613=DIRECTION('',(0.E0,0.E0,1.E0));
#1614=VECTOR('',#1613,9.E0);
#1615=CARTESIAN_POINT('',(-1.192335341539E1,-2.415063509461E1,-4.14E2));
#1616=LINE('',#1615,#1614);
#1617=DIRECTION('',(1.E0,0.E0,0.E0));
#1618=VECTOR('',#1617,2.344595777044E0);
#1619=CARTESIAN_POINT('',(-1.526794919243E1,-2.415063509461E1,-4.04E2));
#1620=LINE('',#1619,#1618);
#1621=DIRECTION('',(1.E0,0.E0,-9.697777231771E-14));
#1622=VECTOR('',#1621,2.344595777044E0);
#1623=CARTESIAN_POINT('',(-1.526794919243E1,-2.415063509461E1,4.04E2));
#1624=LINE('',#1623,#1622);
#1625=DIRECTION('',(0.E0,0.E0,1.E0));
#1626=VECTOR('',#1625,9.E0);
#1627=CARTESIAN_POINT('',(-1.192335341539E1,-2.415063509461E1,4.05E2));
#1628=LINE('',#1627,#1626);
#1629=DIRECTION('',(1.E0,0.E0,-9.697777231770E-14));
#1630=VECTOR('',#1629,2.344595777044E0);
#1631=CARTESIAN_POINT('',(-1.526794919243E1,-2.415063509461E1,4.15E2));
#1632=LINE('',#1631,#1630);
#1633=DIRECTION('',(0.E0,0.E0,-1.E0));
#1634=VECTOR('',#1633,2.445E2);
#1635=CARTESIAN_POINT('',(1.526794919243E1,-2.415063509461E1,6.595E2));
#1636=LINE('',#1635,#1634);
#1637=DIRECTION('',(-1.E0,0.E0,1.676152954613E-14));
#1638=VECTOR('',#1637,3.391302607819E0);
#1639=CARTESIAN_POINT('',(1.526794919243E1,-2.415063509461E1,4.15E2));
#1640=LINE('',#1639,#1638);
#1641=DIRECTION('',(0.E0,0.E0,-1.E0));
#1642=VECTOR('',#1641,1.1E1);
#1643=CARTESIAN_POINT('',(1.187664658461E1,-2.415063509461E1,4.15E2));
#1644=LINE('',#1643,#1642);
#1645=DIRECTION('',(-1.E0,0.E0,-5.028458863838E-14));
#1646=VECTOR('',#1645,3.391302607819E0);
#1647=CARTESIAN_POINT('',(1.526794919243E1,-2.415063509461E1,4.04E2));
#1648=LINE('',#1647,#1646);
#1649=DIRECTION('',(0.E0,0.E0,-1.E0));
#1650=VECTOR('',#1649,8.08E2);
#1651=CARTESIAN_POINT('',(1.526794919243E1,-2.415063509461E1,4.04E2));
#1652=LINE('',#1651,#1650);
#1653=CARTESIAN_POINT('',(1.287664658461E1,-2.165063509461E1,-4.14E2));
#1654=DIRECTION('',(0.E0,-1.E0,0.E0));
#1655=DIRECTION('',(-1.E0,0.E0,0.E0));
#1656=AXIS2_PLACEMENT_3D('',#1653,#1654,#1655);
#1658=CARTESIAN_POINT('',(1.287664658461E1,-2.415063509461E1,-4.14E2));
#1659=DIRECTION('',(0.E0,1.E0,0.E0));
#1660=DIRECTION('',(0.E0,0.E0,-1.E0));
#1661=AXIS2_PLACEMENT_3D('',#1658,#1659,#1660);
#1663=DIRECTION('',(0.E0,-1.E0,0.E0));
#1664=VECTOR('',#1663,2.5E0);
#1665=CARTESIAN_POINT('',(1.287664658461E1,-2.165063509461E1,-4.15E2));
#1666=LINE('',#1665,#1664);
#1667=DIRECTION('',(0.E0,-1.E0,0.E0));
#1668=VECTOR('',#1667,2.5E0);
#1669=CARTESIAN_POINT('',(1.526794919243E1,-2.165063509461E1,-4.15E2));
#1670=LINE('',#1669,#1668);
#1671=DIRECTION('',(8.660254037844E-1,-5.E-1,0.E0));
#1672=VECTOR('',#1671,2.5E0);
#1673=CARTESIAN_POINT('',(1.786602540378E1,-2.015063509461E1,-4.15E2));
#1674=LINE('',#1673,#1672);
#1675=CARTESIAN_POINT('',(1.526794919243E1,-1.865063509461E1,4.04E2));
#1676=DIRECTION('',(0.E0,0.E0,-1.E0));
#1677=DIRECTION('',(8.660254037844E-1,-5.E-1,0.E0));
#1678=AXIS2_PLACEMENT_3D('',#1675,#1676,#1677);
#1680=CARTESIAN_POINT('',(1.526794919243E1,-1.865063509461E1,-4.04E2));
#1681=DIRECTION('',(0.E0,0.E0,-1.E0));
#1682=DIRECTION('',(8.660254037844E-1,-5.E-1,0.E0));
#1683=AXIS2_PLACEMENT_3D('',#1680,#1681,#1682);
#1685=DIRECTION('',(0.E0,0.E0,-1.E0));
#1686=VECTOR('',#1685,8.08E2);
#1687=CARTESIAN_POINT('',(1.786602540378E1,-2.015063509461E1,4.04E2));
#1688=LINE('',#1687,#1686);
#1689=CARTESIAN_POINT('',(1.526794919243E1,-1.865063509461E1,4.15E2));
#1690=DIRECTION('',(0.E0,0.E0,-1.E0));
#1691=DIRECTION('',(8.660254037844E-1,-5.E-1,0.E0));
#1692=AXIS2_PLACEMENT_3D('',#1689,#1690,#1691);
#1694=DIRECTION('',(0.E0,0.E0,-1.E0));
#1695=VECTOR('',#1694,2.445E2);
#1696=CARTESIAN_POINT('',(1.786602540378E1,-2.015063509461E1,6.595E2));
#1697=LINE('',#1696,#1695);
#1698=CARTESIAN_POINT('',(1.526794919243E1,-1.865063509461E1,-4.15E2));
#1699=DIRECTION('',(0.E0,0.E0,-1.E0));
#1700=DIRECTION('',(8.660254037844E-1,-5.E-1,0.E0));
#1701=AXIS2_PLACEMENT_3D('',#1698,#1699,#1700);
#1703=DIRECTION('',(0.E0,0.E0,-1.E0));
#1704=VECTOR('',#1703,2.445E2);
#1705=CARTESIAN_POINT('',(1.786602540378E1,-2.015063509461E1,-4.15E2));
#1706=LINE('',#1705,#1704);
#1707=DIRECTION('',(8.660254037844E-1,-5.E-1,0.E0));
#1708=VECTOR('',#1707,2.5E0);
#1709=CARTESIAN_POINT('',(1.786602540378E1,-2.015063509461E1,4.04E2));
#1710=LINE('',#1709,#1708);
#1711=DIRECTION('',(8.660254037844E-1,-5.E-1,0.E0));
#1712=VECTOR('',#1711,2.5E0);
#1713=CARTESIAN_POINT('',(1.951079710197E1,-1.730180694650E1,4.04E2));
#1714=LINE('',#1713,#1712);
#1715=DIRECTION('',(-5.E-1,-8.660254037844E-1,0.E0));
#1716=VECTOR('',#1715,2.402979315512E0);
#1717=CARTESIAN_POINT('',(2.791228675973E1,-2.75E0,-5.65E2));
#1718=LINE('',#1717,#1716);
#1719=DIRECTION('',(0.E0,0.E0,-1.E0));
#1720=VECTOR('',#1719,9.000000000001E0);
#1721=CARTESIAN_POINT('',(2.621079710197E1,-5.697066535787E0,-5.55E2));
#1722=LINE('',#1721,#1720);
#1723=DIRECTION('',(-5.E-1,-8.660254037844E-1,-1.419323549575E-13));
#1724=VECTOR('',#1723,2.402979315513E0);
#1725=CARTESIAN_POINT('',(2.791228675973E1,-2.75E0,-5.54E2));
#1726=LINE('',#1725,#1724);
#1727=DIRECTION('',(0.E0,0.E0,-1.E0));
#1728=VECTOR('',#1727,1.108E3);
#1729=CARTESIAN_POINT('',(2.791228675973E1,-2.75E0,5.54E2));
#1730=LINE('',#1729,#1728);
#1731=DIRECTION('',(-5.E-1,-8.660254037844E-1,-4.731078498584E-14));
#1732=VECTOR('',#1731,2.402979315512E0);
#1733=CARTESIAN_POINT('',(2.791228675973E1,-2.75E0,5.54E2));
#1734=LINE('',#1733,#1732);
#1735=DIRECTION('',(0.E0,0.E0,-1.E0));
#1736=VECTOR('',#1735,9.000000000001E0);
#1737=CARTESIAN_POINT('',(2.621079710197E1,-5.697066535787E0,5.64E2));
#1738=LINE('',#1737,#1736);
#1739=DIRECTION('',(-5.E-1,-8.660254037844E-1,-9.462156997167E-14));
#1740=VECTOR('',#1739,2.402979315512E0);
#1741=CARTESIAN_POINT('',(2.791228675973E1,-2.75E0,5.65E2));
#1742=LINE('',#1741,#1740);
#1743=DIRECTION('',(0.E0,0.E0,-1.E0));
#1744=VECTOR('',#1743,9.45E1);
#1745=CARTESIAN_POINT('',(2.791228675973E1,-2.75E0,6.595E2));
#1746=LINE('',#1745,#1744);
#1747=DIRECTION('',(5.E-1,8.660254037844E-1,1.728003312661E-14));
#1748=VECTOR('',#1747,3.289543396376E0);
#1749=CARTESIAN_POINT('',(1.786602540378E1,-2.015063509461E1,4.15E2));
#1750=LINE('',#1749,#1748);
#1751=DIRECTION('',(0.E0,0.E0,1.E0));
#1752=VECTOR('',#1751,1.1E1);
#1753=CARTESIAN_POINT('',(1.951079710197E1,-1.730180694650E1,4.04E2));
#1754=LINE('',#1753,#1752);
#1755=DIRECTION('',(5.E-1,8.660254037844E-1,-5.184009937983E-14));
#1756=VECTOR('',#1755,3.289543396376E0);
#1757=CARTESIAN_POINT('',(1.786602540378E1,-2.015063509461E1,4.04E2));
#1758=LINE('',#1757,#1756);
#1759=DIRECTION('',(5.E-1,8.660254037844E-1,0.E0));
#1760=VECTOR('',#1759,2.289543396377E0);
#1761=CARTESIAN_POINT('',(1.786602540378E1,-2.015063509461E1,-4.04E2));
#1762=LINE('',#1761,#1760);
#1763=DIRECTION('',(0.E0,0.E0,1.E0));
#1764=VECTOR('',#1763,9.E0);
#1765=CARTESIAN_POINT('',(1.951079710197E1,-1.730180694650E1,-4.14E2));
#1766=LINE('',#1765,#1764);
#1767=DIRECTION('',(5.E-1,8.660254037844E-1,0.E0));
#1768=VECTOR('',#1767,2.289543396376E0);
#1769=CARTESIAN_POINT('',(1.786602540378E1,-2.015063509461E1,-4.15E2));
#1770=LINE('',#1769,#1768);
#1771=DIRECTION('',(0.E0,0.E0,-1.E0));
#1772=VECTOR('',#1771,9.45E1);
#1773=CARTESIAN_POINT('',(2.791228675973E1,-2.75E0,-5.65E2));
#1774=LINE('',#1773,#1772);
#1775=DIRECTION('',(8.660254037844E-1,-5.E-1,0.E0));
#1776=VECTOR('',#1775,2.5E0);
#1777=CARTESIAN_POINT('',(2.671079710197E1,-4.831041132002E0,-5.65E2));
#1778=LINE('',#1777,#1776);
#1779=DIRECTION('',(8.660254037844E-1,-5.E-1,0.E0));
#1780=VECTOR('',#1779,2.5E0);
#1781=CARTESIAN_POINT('',(2.791228675973E1,-2.75E0,-5.65E2));
#1782=LINE('',#1781,#1780);
#1783=CARTESIAN_POINT('',(2.671079710197E1,-4.831041132002E0,-5.64E2));
#1784=DIRECTION('',(8.660254037844E-1,-5.E-1,0.E0));
#1785=DIRECTION('',(-5.E-1,-8.660254037844E-1,2.273736754432E-13));
#1786=AXIS2_PLACEMENT_3D('',#1783,#1784,#1785);
#1788=CARTESIAN_POINT('',(2.887586061143E1,-6.081041132002E0,-5.64E2));
#1789=DIRECTION('',(-8.660254037844E-1,5.E-1,0.E0));
#1790=DIRECTION('',(4.298783551349E-13,7.416289804496E-13,-1.E0));
#1791=AXIS2_PLACEMENT_3D('',#1788,#1789,#1790);
#1793=DIRECTION('',(8.660254037844E-1,-5.E-1,-4.547473508865E-14));
#1794=VECTOR('',#1793,2.5E0);
#1795=CARTESIAN_POINT('',(2.621079710197E1,-5.697066535787E0,-5.55E2));
#1796=LINE('',#1795,#1794);
#1797=DIRECTION('',(8.660254037844E-1,-5.E-1,0.E0));
#1798=VECTOR('',#1797,2.5E0);
#1799=CARTESIAN_POINT('',(2.621079710197E1,-5.697066535787E0,-5.64E2));
#1800=LINE('',#1799,#1798);
#1801=CARTESIAN_POINT('',(2.671079710197E1,-4.831041132002E0,-5.55E2));
#1802=DIRECTION('',(8.660254037844E-1,-5.E-1,0.E0));
#1803=DIRECTION('',(-4.547473508865E-13,-7.887024366937E-13,1.E0));
#1804=AXIS2_PLACEMENT_3D('',#1801,#1802,#1803);
#1806=CARTESIAN_POINT('',(2.887586061143E1,-6.081041132002E0,-5.55E2));
#1807=DIRECTION('',(-8.660254037844E-1,5.E-1,0.E0));
#1808=DIRECTION('',(-5.E-1,-8.660254037844E-1,1.136868377216E-13));
#1809=AXIS2_PLACEMENT_3D('',#1806,#1807,#1808);
#1811=DIRECTION('',(8.660254037844E-1,-5.E-1,0.E0));
#1812=VECTOR('',#1811,2.5E0);
#1813=CARTESIAN_POINT('',(2.671079710197E1,-4.831041132003E0,-5.54E2));
#1814=LINE('',#1813,#1812);
#1815=DIRECTION('',(0.E0,0.E0,-1.E0));
#1816=VECTOR('',#1815,9.000000000001E0);
#1817=CARTESIAN_POINT('',(2.837586061143E1,-6.947066535787E0,-5.55E2));
#1818=LINE('',#1817,#1816);
#1819=DIRECTION('',(-5.E-1,-8.660254037844E-1,0.E0));
#1820=VECTOR('',#1819,2.402979315512E0);
#1821=CARTESIAN_POINT('',(3.007735026919E1,-4.E0,-5.65E2));
#1822=LINE('',#1821,#1820);
#1823=DIRECTION('',(0.E0,0.E0,-1.E0));
#1824=VECTOR('',#1823,9.45E1);
#1825=CARTESIAN_POINT('',(3.007735026919E1,-4.E0,-5.65E2));
#1826=LINE('',#1825,#1824);
#1827=DIRECTION('',(5.E-1,8.660254037844E-1,0.E0));
#1828=VECTOR('',#1827,2.289543396376E0);
#1829=CARTESIAN_POINT('',(2.003108891325E1,-2.140063509461E1,-4.15E2));
#1830=LINE('',#1829,#1828);
#1831=DIRECTION('',(0.E0,0.E0,1.E0));
#1832=VECTOR('',#1831,9.000000000001E0);
#1833=CARTESIAN_POINT('',(2.167586061143E1,-1.855180694650E1,-4.14E2));
#1834=LINE('',#1833,#1832);
#1835=DIRECTION('',(5.E-1,8.660254037844E-1,0.E0));
#1836=VECTOR('',#1835,2.289543396377E0);
#1837=CARTESIAN_POINT('',(2.003108891325E1,-2.140063509461E1,-4.04E2));
#1838=LINE('',#1837,#1836);
#1839=DIRECTION('',(5.E-1,8.660254037844E-1,-3.456006625322E-14));
#1840=VECTOR('',#1839,3.289543396376E0);
#1841=CARTESIAN_POINT('',(2.003108891325E1,-2.140063509461E1,4.04E2));
#1842=LINE('',#1841,#1840);
#1843=DIRECTION('',(0.E0,0.E0,1.E0));
#1844=VECTOR('',#1843,1.1E1);
#1845=CARTESIAN_POINT('',(2.167586061143E1,-1.855180694650E1,4.04E2));
#1846=LINE('',#1845,#1844);
#1847=DIRECTION('',(5.E-1,8.660254037844E-1,0.E0));
#1848=VECTOR('',#1847,3.289543396376E0);
#1849=CARTESIAN_POINT('',(2.003108891325E1,-2.140063509461E1,4.15E2));
#1850=LINE('',#1849,#1848);
#1851=DIRECTION('',(0.E0,0.E0,-1.E0));
#1852=VECTOR('',#1851,9.45E1);
#1853=CARTESIAN_POINT('',(3.007735026919E1,-4.E0,6.595E2));
#1854=LINE('',#1853,#1852);
#1855=DIRECTION('',(-5.E-1,-8.660254037844E-1,-9.462156997167E-14));
#1856=VECTOR('',#1855,2.402979315512E0);
#1857=CARTESIAN_POINT('',(3.007735026919E1,-4.E0,5.65E2));
#1858=LINE('',#1857,#1856);
#1859=DIRECTION('',(0.E0,0.E0,-1.E0));
#1860=VECTOR('',#1859,9.000000000001E0);
#1861=CARTESIAN_POINT('',(2.837586061143E1,-6.947066535787E0,5.64E2));
#1862=LINE('',#1861,#1860);
#1863=DIRECTION('',(-5.E-1,-8.660254037844E-1,0.E0));
#1864=VECTOR('',#1863,2.402979315512E0);
#1865=CARTESIAN_POINT('',(3.007735026919E1,-4.E0,5.54E2));
#1866=LINE('',#1865,#1864);
#1867=DIRECTION('',(0.E0,0.E0,-1.E0));
#1868=VECTOR('',#1867,1.108E3);
#1869=CARTESIAN_POINT('',(3.007735026919E1,-4.E0,5.54E2));
#1870=LINE('',#1869,#1868);
#1871=DIRECTION('',(-5.E-1,-8.660254037844E-1,-1.419323549575E-13));
#1872=VECTOR('',#1871,2.402979315513E0);
#1873=CARTESIAN_POINT('',(3.007735026919E1,-4.E0,-5.54E2));
#1874=LINE('',#1873,#1872);
#1875=CARTESIAN_POINT('',(3.267542648054E1,-5.5E0,-5.65E2));
#1876=DIRECTION('',(0.E0,0.E0,1.E0));
#1877=DIRECTION('',(0.E0,1.E0,0.E0));
#1878=AXIS2_PLACEMENT_3D('',#1875,#1876,#1877);
#1880=DIRECTION('',(0.E0,0.E0,-1.E0));
#1881=VECTOR('',#1880,9.45E1);
#1882=CARTESIAN_POINT('',(3.267542648054E1,-2.5E0,-5.65E2));
#1883=LINE('',#1882,#1881);
#1884=CARTESIAN_POINT('',(3.267542648054E1,-5.5E0,5.54E2));
#1885=DIRECTION('',(0.E0,0.E0,1.E0));
#1886=DIRECTION('',(0.E0,1.E0,0.E0));
#1887=AXIS2_PLACEMENT_3D('',#1884,#1885,#1886);
#1889=DIRECTION('',(0.E0,0.E0,-1.E0));
#1890=VECTOR('',#1889,1.108E3);
#1891=CARTESIAN_POINT('',(3.267542648054E1,-2.5E0,5.54E2));
#1892=LINE('',#1891,#1890);
#1893=CARTESIAN_POINT('',(3.267542648054E1,-5.5E0,-5.54E2));
#1894=DIRECTION('',(0.E0,0.E0,1.E0));
#1895=DIRECTION('',(0.E0,1.E0,0.E0));
#1896=AXIS2_PLACEMENT_3D('',#1893,#1894,#1895);
#1898=DIRECTION('',(0.E0,0.E0,-1.E0));
#1899=VECTOR('',#1898,9.45E1);
#1900=CARTESIAN_POINT('',(3.267542648054E1,-2.5E0,6.595E2));
#1901=LINE('',#1900,#1899);
#1902=CARTESIAN_POINT('',(3.267542648054E1,-5.5E0,5.65E2));
#1903=DIRECTION('',(0.E0,0.E0,1.E0));
#1904=DIRECTION('',(0.E0,1.E0,0.E0));
#1905=AXIS2_PLACEMENT_3D('',#1902,#1903,#1904);
#1907=DIRECTION('',(0.E0,-1.E0,0.E0));
#1908=VECTOR('',#1907,2.5E0);
#1909=CARTESIAN_POINT('',(3.267542648054E1,-8.023552431242E-14,-5.65E2));
#1910=LINE('',#1909,#1908);
#1911=CARTESIAN_POINT('',(3.267542648054E1,-5.5E0,5.65E2));
#1912=DIRECTION('',(0.E0,0.E0,1.E0));
#1913=DIRECTION('',(0.E0,1.E0,0.E0));
#1914=AXIS2_PLACEMENT_3D('',#1911,#1912,#1913);
#1916=DIRECTION('',(0.E0,0.E0,-1.E0));
#1917=VECTOR('',#1916,9.45E1);
#1918=CARTESIAN_POINT('',(3.267542648054E1,-8.062410237104E-14,6.595E2));
#1919=LINE('',#1918,#1917);
#1920=CARTESIAN_POINT('',(3.267542648054E1,-5.5E0,-5.54E2));
#1921=DIRECTION('',(0.E0,0.E0,1.E0));
#1922=DIRECTION('',(0.E0,1.E0,0.E0));
#1923=AXIS2_PLACEMENT_3D('',#1920,#1921,#1922);
#1925=DIRECTION('',(0.E0,0.E0,-1.E0));
#1926=VECTOR('',#1925,1.108E3);
#1927=CARTESIAN_POINT('',(3.267542648054E1,-8.023552431242E-14,5.54E2));
#1928=LINE('',#1927,#1926);
#1929=CARTESIAN_POINT('',(3.267542648054E1,-5.5E0,5.54E2));
#1930=DIRECTION('',(0.E0,0.E0,1.E0));
#1931=DIRECTION('',(0.E0,1.E0,0.E0));
#1932=AXIS2_PLACEMENT_3D('',#1929,#1930,#1931);
#1934=CARTESIAN_POINT('',(3.267542648054E1,-5.5E0,-5.65E2));
#1935=DIRECTION('',(0.E0,0.E0,1.E0));
#1936=DIRECTION('',(0.E0,1.E0,0.E0));
#1937=AXIS2_PLACEMENT_3D('',#1934,#1935,#1936);
#1939=DIRECTION('',(0.E0,0.E0,-1.E0));
#1940=VECTOR('',#1939,9.45E1);
#1941=CARTESIAN_POINT('',(3.267542648054E1,-8.023552431242E-14,-5.65E2));
#1942=LINE('',#1941,#1940);
#1943=DIRECTION('',(8.660254037844E-1,-5.E-1,0.E0));
#1944=VECTOR('',#1943,2.5E0);
#1945=CARTESIAN_POINT('',(2.791228675973E1,-2.75E0,5.65E2));
#1946=LINE('',#1945,#1944);
#1947=DIRECTION('',(8.660254037844E-1,-5.E-1,0.E0));
#1948=VECTOR('',#1947,2.5E0);
#1949=CARTESIAN_POINT('',(2.671079710197E1,-4.831041132002E0,5.65E2));
#1950=LINE('',#1949,#1948);
#1951=CARTESIAN_POINT('',(2.671079710197E1,-4.831041132002E0,5.64E2));
#1952=DIRECTION('',(8.660254037844E-1,-5.E-1,0.E0));
#1953=DIRECTION('',(-5.684341886081E-14,-1.012523398458E-13,1.E0));
#1954=AXIS2_PLACEMENT_3D('',#1951,#1952,#1953);
#1956=CARTESIAN_POINT('',(2.887586061143E1,-6.081041132002E0,5.64E2));
#1957=DIRECTION('',(-8.660254037844E-1,5.E-1,0.E0));
#1958=DIRECTION('',(-5.E-1,-8.660254037844E-1,6.821210263297E-13));
#1959=AXIS2_PLACEMENT_3D('',#1956,#1957,#1958);
#1961=DIRECTION('',(8.660254037844E-1,-5.E-1,-4.547473508865E-14));
#1962=VECTOR('',#1961,2.5E0);
#1963=CARTESIAN_POINT('',(2.621079710197E1,-5.697066535787E0,5.64E2));
#1964=LINE('',#1963,#1962);
#1965=DIRECTION('',(8.660254037844E-1,-5.E-1,0.E0));
#1966=VECTOR('',#1965,2.5E0);
#1967=CARTESIAN_POINT('',(2.621079710197E1,-5.697066535787E0,5.55E2));
#1968=LINE('',#1967,#1966);
#1969=CARTESIAN_POINT('',(2.671079710197E1,-4.831041132002E0,5.55E2));
#1970=DIRECTION('',(8.660254037844E-1,-5.E-1,0.E0));
#1971=DIRECTION('',(-5.E-1,-8.660254037844E-1,2.273736754432E-13));
#1972=AXIS2_PLACEMENT_3D('',#1969,#1970,#1971);
#1974=CARTESIAN_POINT('',(2.887586061143E1,-6.081041132002E0,5.55E2));
#1975=DIRECTION('',(-8.660254037844E-1,5.E-1,0.E0));
#1976=DIRECTION('',(1.421085471520E-14,2.309263891220E-14,-1.E0));
#1977=AXIS2_PLACEMENT_3D('',#1974,#1975,#1976);
#1979=DIRECTION('',(8.660254037844E-1,-5.E-1,0.E0));
#1980=VECTOR('',#1979,2.5E0);
#1981=CARTESIAN_POINT('',(2.671079710197E1,-4.831041132002E0,5.54E2));
#1982=LINE('',#1981,#1980);
#1983=DIRECTION('',(8.660254037844E-1,-5.E-1,0.E0));
#1984=VECTOR('',#1983,2.5E0);
#1985=CARTESIAN_POINT('',(2.791228675973E1,-2.75E0,5.54E2));
#1986=LINE('',#1985,#1984);
#1987=DIRECTION('',(0.E0,-1.E0,0.E0));
#1988=VECTOR('',#1987,2.5E0);
#1989=CARTESIAN_POINT('',(3.267542648054E1,-8.023552431242E-14,5.54E2));
#1990=LINE('',#1989,#1988);
#1991=DIRECTION('',(0.E0,-1.E0,0.E0));
#1992=VECTOR('',#1991,2.5E0);
#1993=CARTESIAN_POINT('',(3.495329316923E1,-8.626580262207E-14,5.54E2));
#1994=LINE('',#1993,#1992);
#1995=CARTESIAN_POINT('',(3.495329316923E1,-8.526512829121E-14,5.55E2));
#1996=DIRECTION('',(0.E0,-1.E0,0.E0));
#1997=DIRECTION('',(2.131628207280E-14,0.E0,-1.E0));
#1998=AXIS2_PLACEMENT_3D('',#1995,#1996,#1997);
#2000=CARTESIAN_POINT('',(3.495329316923E1,-2.5E0,5.55E2));
#2001=DIRECTION('',(0.E0,1.E0,0.E0));
#2002=DIRECTION('',(1.E0,0.E0,0.E0));
#2003=AXIS2_PLACEMENT_3D('',#2000,#2001,#2002);
#2005=DIRECTION('',(0.E0,0.E0,1.E0));
#2006=VECTOR('',#2005,9.E0);
#2007=CARTESIAN_POINT('',(4.95E1,-9.298117831236E-14,3.055E2));
#2008=LINE('',#2007,#2006);
#2009=DIRECTION('',(1.E0,0.E0,0.E0));
#2010=VECTOR('',#2009,9.000000000001E0);
#2011=CARTESIAN_POINT('',(3.95E1,-9.013160588249E-14,3.045E2));
#2012=LINE('',#2011,#2010);
#2013=DIRECTION('',(0.E0,0.E0,-1.E0));
#2014=VECTOR('',#2013,9.E0);
#2015=CARTESIAN_POINT('',(3.85E1,-8.974302782387E-14,3.145E2));
#2016=LINE('',#2015,#2014);
#2017=DIRECTION('',(-1.E0,0.E0,0.E0));
#2018=VECTOR('',#2017,9.000000000001E0);
#2019=CARTESIAN_POINT('',(4.85E1,-9.311070433190E-14,3.155E2));
#2020=LINE('',#2019,#2018);
#2021=DIRECTION('',(-1.E0,0.E0,0.E0));
#2022=VECTOR('',#2021,9.000000000001E0);
#2023=CARTESIAN_POINT('',(4.85E1,-9.311070433190E-14,2.45E2));
#2024=LINE('',#2023,#2022);
#2025=DIRECTION('',(0.E0,0.E0,1.E0));
#2026=VECTOR('',#2025,9.000000000001E0);
#2027=CARTESIAN_POINT('',(4.95E1,-9.298117831236E-14,2.35E2));
#2028=LINE('',#2027,#2026);
#2029=DIRECTION('',(1.E0,0.E0,0.E0));
#2030=VECTOR('',#2029,9.000000000001E0);
#2031=CARTESIAN_POINT('',(3.95E1,-9.013160588249E-14,2.34E2));
#2032=LINE('',#2031,#2030);
#2033=DIRECTION('',(0.E0,0.E0,-1.E0));
#2034=VECTOR('',#2033,9.000000000001E0);
#2035=CARTESIAN_POINT('',(3.85E1,-8.974302782387E-14,2.44E2));
#2036=LINE('',#2035,#2034);
#2037=DIRECTION('',(-1.E0,0.E0,0.E0));
#2038=VECTOR('',#2037,9.000000000001E0);
#2039=CARTESIAN_POINT('',(4.85E1,-9.311070433190E-14,5.500000000001E0));
#2040=LINE('',#2039,#2038);
#2041=DIRECTION('',(0.E0,0.E0,1.E0));
#2042=VECTOR('',#2041,9.000000000001E0);
#2043=CARTESIAN_POINT('',(4.95E1,-9.298117831236E-14,-4.5E0));
#2044=LINE('',#2043,#2042);
#2045=DIRECTION('',(1.E0,0.E0,0.E0));
#2046=VECTOR('',#2045,9.000000000001E0);
#2047=CARTESIAN_POINT('',(3.95E1,-9.013160588249E-14,-5.5E0));
#2048=LINE('',#2047,#2046);
#2049=DIRECTION('',(0.E0,0.E0,-1.E0));
#2050=VECTOR('',#2049,9.000000000001E0);
#2051=CARTESIAN_POINT('',(3.85E1,-8.974302782387E-14,4.500000000001E0));
#2052=LINE('',#2051,#2050);
#2053=DIRECTION('',(0.E0,0.E0,1.E0));
#2054=VECTOR('',#2053,9.000000000001E0);
#2055=CARTESIAN_POINT('',(4.95E1,-9.342526752221E-14,6.155E2));
#2056=LINE('',#2055,#2054);
#2057=DIRECTION('',(1.E0,0.E0,0.E0));
#2058=VECTOR('',#2057,9.000000000001E0);
#2059=CARTESIAN_POINT('',(3.95E1,-9.013160588249E-14,6.145E2));
#2060=LINE('',#2059,#2058);
#2061=DIRECTION('',(0.E0,0.E0,-1.E0));
#2062=VECTOR('',#2061,9.000000000001E0);
#2063=CARTESIAN_POINT('',(3.85E1,-8.974302782387E-14,6.245E2));
#2064=LINE('',#2063,#2062);
#2065=DIRECTION('',(-1.E0,0.E0,0.E0));
#2066=VECTOR('',#2065,9.000000000001E0);
#2067=CARTESIAN_POINT('',(4.85E1,-9.311070433190E-14,6.255E2));
#2068=LINE('',#2067,#2066);
#2069=DIRECTION('',(0.E0,0.E0,1.E0));
#2070=VECTOR('',#2069,9.E0);
#2071=CARTESIAN_POINT('',(4.95E1,-9.298117831236E-14,4.8E2));
#2072=LINE('',#2071,#2070);
#2073=DIRECTION('',(1.E0,0.E0,0.E0));
#2074=VECTOR('',#2073,9.000000000001E0);
#2075=CARTESIAN_POINT('',(3.95E1,-9.013160588249E-14,4.79E2));
#2076=LINE('',#2075,#2074);
#2077=DIRECTION('',(0.E0,0.E0,-1.E0));
#2078=VECTOR('',#2077,9.E0);
#2079=CARTESIAN_POINT('',(3.85E1,-8.974302782387E-14,4.89E2));
#2080=LINE('',#2079,#2078);
#2081=DIRECTION('',(-1.E0,0.E0,0.E0));
#2082=VECTOR('',#2081,9.000000000001E0);
#2083=CARTESIAN_POINT('',(4.85E1,-9.311070433190E-14,4.9E2));
#2084=LINE('',#2083,#2082);
#2085=DIRECTION('',(0.E0,0.E0,1.E0));
#2086=VECTOR('',#2085,9.E0);
#2087=CARTESIAN_POINT('',(4.95E1,-9.342526752221E-14,-4.89E2));
#2088=LINE('',#2087,#2086);
#2089=DIRECTION('',(1.E0,0.E0,0.E0));
#2090=VECTOR('',#2089,9.000000000001E0);
#2091=CARTESIAN_POINT('',(3.95E1,-9.013160588249E-14,-4.9E2));
#2092=LINE('',#2091,#2090);
#2093=DIRECTION('',(0.E0,0.E0,-1.E0));
#2094=VECTOR('',#2093,9.E0);
#2095=CARTESIAN_POINT('',(3.85E1,-8.878083453586E-14,-4.8E2));
#2096=LINE('',#2095,#2094);
#2097=DIRECTION('',(-1.E0,0.E0,0.E0));
#2098=VECTOR('',#2097,9.000000000001E0);
#2099=CARTESIAN_POINT('',(4.85E1,-9.311070433190E-14,-4.79E2));
#2100=LINE('',#2099,#2098);
#2101=DIRECTION('',(0.E0,0.E0,1.E0));
#2102=VECTOR('',#2101,9.000000000001E0);
#2103=CARTESIAN_POINT('',(4.95E1,-9.342526752221E-14,-6.245E2));
#2104=LINE('',#2103,#2102);
#2105=DIRECTION('',(1.E0,0.E0,0.E0));
#2106=VECTOR('',#2105,9.000000000001E0);
#2107=CARTESIAN_POINT('',(3.95E1,-9.013160588249E-14,-6.255E2));
#2108=LINE('',#2107,#2106);
#2109=DIRECTION('',(0.E0,0.E0,-1.E0));
#2110=VECTOR('',#2109,9.000000000001E0);
#2111=CARTESIAN_POINT('',(3.85E1,-8.878083453586E-14,-6.155E2));
#2112=LINE('',#2111,#2110);
#2113=DIRECTION('',(-1.E0,0.E0,0.E0));
#2114=VECTOR('',#2113,9.000000000001E0);
#2115=CARTESIAN_POINT('',(4.85E1,-9.311070433190E-14,-6.145E2));
#2116=LINE('',#2115,#2114);
#2117=DIRECTION('',(-1.E0,0.E0,0.E0));
#2118=VECTOR('',#2117,9.000000000001E0);
#2119=CARTESIAN_POINT('',(4.85E1,-9.311070433190E-14,-2.34E2));
#2120=LINE('',#2119,#2118);
#2121=DIRECTION('',(0.E0,0.E0,1.E0));
#2122=VECTOR('',#2121,9.000000000001E0);
#2123=CARTESIAN_POINT('',(4.95E1,-9.298117831236E-14,-2.44E2));
#2124=LINE('',#2123,#2122);
#2125=DIRECTION('',(1.E0,0.E0,0.E0));
#2126=VECTOR('',#2125,9.000000000001E0);
#2127=CARTESIAN_POINT('',(3.95E1,-9.013160588249E-14,-2.45E2));
#2128=LINE('',#2127,#2126);
#2129=DIRECTION('',(0.E0,0.E0,-1.E0));
#2130=VECTOR('',#2129,9.000000000001E0);
#2131=CARTESIAN_POINT('',(3.85E1,-8.878083453586E-14,-2.35E2));
#2132=LINE('',#2131,#2130);
#2133=DIRECTION('',(-1.E0,0.E0,0.E0));
#2134=VECTOR('',#2133,9.000000000001E0);
#2135=CARTESIAN_POINT('',(4.85E1,-9.311070433190E-14,-3.045E2));
#2136=LINE('',#2135,#2134);
#2137=DIRECTION('',(0.E0,0.E0,1.E0));
#2138=VECTOR('',#2137,9.000000000001E0);
#2139=CARTESIAN_POINT('',(4.95E1,-9.298117831236E-14,-3.145E2));
#2140=LINE('',#2139,#2138);
#2141=DIRECTION('',(1.E0,0.E0,0.E0));
#2142=VECTOR('',#2141,9.000000000001E0);
#2143=CARTESIAN_POINT('',(3.95E1,-9.013160588249E-14,-3.155E2));
#2144=LINE('',#2143,#2142);
#2145=DIRECTION('',(0.E0,0.E0,-1.E0));
#2146=VECTOR('',#2145,9.000000000001E0);
#2147=CARTESIAN_POINT('',(3.85E1,-8.878083453586E-14,-3.055E2));
#2148=LINE('',#2147,#2146);
#2149=CARTESIAN_POINT('',(5.95E1,-9.947598300641E-14,-6.585E2));
#2150=DIRECTION('',(0.E0,1.E0,0.E0));
#2151=DIRECTION('',(1.E0,0.E0,0.E0));
#2152=AXIS2_PLACEMENT_3D('',#2149,#2150,#2151);
#2154=DIRECTION('',(0.E0,0.E0,-1.E0));
#2155=VECTOR('',#2154,1.317E3);
#2156=CARTESIAN_POINT('',(6.05E1,-9.947598300641E-14,6.585E2));
#2157=LINE('',#2156,#2155);
#2158=CARTESIAN_POINT('',(5.95E1,-9.947598300641E-14,6.585E2));
#2159=DIRECTION('',(0.E0,1.E0,0.E0));
#2160=DIRECTION('',(-6.394884621841E-14,0.E0,1.E0));
#2161=AXIS2_PLACEMENT_3D('',#2158,#2159,#2160);
#2163=DIRECTION('',(1.E0,0.E0,-9.981869289054E-14));
#2164=VECTOR('',#2163,2.277866688683E0);
#2165=CARTESIAN_POINT('',(3.267542648054E1,-8.023552431242E-14,5.65E2));
#2166=LINE('',#2165,#2164);
#2167=DIRECTION('',(0.E0,0.E0,1.E0));
#2168=VECTOR('',#2167,9.000000000001E0);
#2169=CARTESIAN_POINT('',(3.595329316923E1,-8.598824686592E-14,5.55E2));
#2170=LINE('',#2169,#2168);
#2171=DIRECTION('',(1.E0,0.E0,-4.990934644527E-14));
#2172=VECTOR('',#2171,2.277866688683E0);
#2173=CARTESIAN_POINT('',(3.267542648054E1,-8.023552431242E-14,5.54E2));
#2174=LINE('',#2173,#2172);
#2175=DIRECTION('',(1.E0,0.E0,-1.497280393358E-13));
#2176=VECTOR('',#2175,2.277866688683E0);
#2177=CARTESIAN_POINT('',(3.267542648054E1,-8.023552431242E-14,-5.54E2));
#2178=LINE('',#2177,#2176);
#2179=DIRECTION('',(0.E0,0.E0,1.E0));
#2180=VECTOR('',#2179,9.E0);
#2181=CARTESIAN_POINT('',(3.595329316923E1,-8.598824686592E-14,-5.64E2));
#2182=LINE('',#2181,#2180);
#2183=DIRECTION('',(1.E0,0.E0,0.E0));
#2184=VECTOR('',#2183,2.277866688683E0);
#2185=CARTESIAN_POINT('',(3.267542648054E1,-8.023552431242E-14,-5.65E2));
#2186=LINE('',#2185,#2184);
#2187=DIRECTION('',(0.E0,-1.E0,0.E0));
#2188=VECTOR('',#2187,2.5E0);
#2189=CARTESIAN_POINT('',(4.95E1,-9.298117831236E-14,3.145E2));
#2190=LINE('',#2189,#2188);
#2191=DIRECTION('',(0.E0,-1.E0,0.E0));
#2192=VECTOR('',#2191,2.5E0);
#2193=CARTESIAN_POINT('',(4.95E1,-9.298117831236E-14,3.055E2));
#2194=LINE('',#2193,#2192);
#2195=CARTESIAN_POINT('',(4.85E1,-9.237055564881E-14,3.145E2));
#2196=DIRECTION('',(0.E0,-1.E0,0.E0));
#2197=DIRECTION('',(1.E0,0.E0,0.E0));
#2198=AXIS2_PLACEMENT_3D('',#2195,#2196,#2197);
#2200=CARTESIAN_POINT('',(4.85E1,-2.5E0,3.145E2));
#2201=DIRECTION('',(0.E0,1.E0,0.E0));
#2202=DIRECTION('',(-1.421085471520E-14,0.E0,1.E0));
#2203=AXIS2_PLACEMENT_3D('',#2200,#2201,#2202);
#2205=DIRECTION('',(0.E0,-1.E0,0.E0));
#2206=VECTOR('',#2205,2.5E0);
#2207=CARTESIAN_POINT('',(4.85E1,-9.311070433190E-14,3.155E2));
#2208=LINE('',#2207,#2206);
#2209=DIRECTION('',(0.E0,-1.E0,0.E0));
#2210=VECTOR('',#2209,2.5E0);
#2211=CARTESIAN_POINT('',(3.95E1,-9.013160588249E-14,3.155E2));
#2212=LINE('',#2211,#2210);
#2213=CARTESIAN_POINT('',(3.95E1,-8.526512829121E-14,3.145E2));
#2214=DIRECTION('',(0.E0,-1.E0,0.E0));
#2215=DIRECTION('',(-1.421085471520E-14,0.E0,1.E0));
#2216=AXIS2_PLACEMENT_3D('',#2213,#2214,#2215);
#2218=CARTESIAN_POINT('',(3.95E1,-2.5E0,3.145E2));
#2219=DIRECTION('',(0.E0,1.E0,0.E0));
#2220=DIRECTION('',(-1.E0,0.E0,0.E0));
#2221=AXIS2_PLACEMENT_3D('',#2218,#2219,#2220);
#2223=DIRECTION('',(0.E0,-1.E0,0.E0));
#2224=VECTOR('',#2223,2.5E0);
#2225=CARTESIAN_POINT('',(3.85E1,-8.974302782387E-14,3.145E2));
#2226=LINE('',#2225,#2224);
#2227=DIRECTION('',(0.E0,-1.E0,0.E0));
#2228=VECTOR('',#2227,2.5E0);
#2229=CARTESIAN_POINT('',(3.85E1,-8.974302782387E-14,3.055E2));
#2230=LINE('',#2229,#2228);
#2231=CARTESIAN_POINT('',(3.95E1,-8.526512829121E-14,3.055E2));
#2232=DIRECTION('',(0.E0,-1.E0,0.E0));
#2233=DIRECTION('',(-1.E0,0.E0,6.821210263297E-13));
#2234=AXIS2_PLACEMENT_3D('',#2231,#2232,#2233);
#2236=CARTESIAN_POINT('',(3.95E1,-2.5E0,3.055E2));
#2237=DIRECTION('',(0.E0,1.E0,0.E0));
#2238=DIRECTION('',(-1.421085471520E-14,0.E0,-1.E0));
#2239=AXIS2_PLACEMENT_3D('',#2236,#2237,#2238);
#2241=DIRECTION('',(0.E0,-1.E0,0.E0));
#2242=VECTOR('',#2241,2.5E0);
#2243=CARTESIAN_POINT('',(3.95E1,-9.013160588249E-14,3.045E2));
#2244=LINE('',#2243,#2242);
#2245=DIRECTION('',(0.E0,-1.E0,0.E0));
#2246=VECTOR('',#2245,2.5E0);
#2247=CARTESIAN_POINT('',(4.85E1,-9.311070433190E-14,3.045E2));
#2248=LINE('',#2247,#2246);
#2249=CARTESIAN_POINT('',(4.85E1,-9.237055564881E-14,3.055E2));
#2250=DIRECTION('',(0.E0,-1.E0,0.E0));
#2251=DIRECTION('',(-1.421085471520E-14,0.E0,-1.E0));
#2252=AXIS2_PLACEMENT_3D('',#2249,#2250,#2251);
#2254=CARTESIAN_POINT('',(4.85E1,-2.5E0,3.055E2));
#2255=DIRECTION('',(0.E0,1.E0,0.E0));
#2256=DIRECTION('',(1.E0,0.E0,6.821210263297E-13));
#2257=AXIS2_PLACEMENT_3D('',#2254,#2255,#2256);
#2259=DIRECTION('',(1.E0,0.E0,0.E0));
#2260=VECTOR('',#2259,9.000000000001E0);
#2261=CARTESIAN_POINT('',(3.95E1,-2.5E0,3.045E2));
#2262=LINE('',#2261,#2260);
#2263=DIRECTION('',(0.E0,0.E0,1.E0));
#2264=VECTOR('',#2263,9.E0);
#2265=CARTESIAN_POINT('',(4.95E1,-2.5E0,3.055E2));
#2266=LINE('',#2265,#2264);
#2267=DIRECTION('',(-1.E0,0.E0,0.E0));
#2268=VECTOR('',#2267,9.000000000001E0);
#2269=CARTESIAN_POINT('',(4.85E1,-2.5E0,3.155E2));
#2270=LINE('',#2269,#2268);
#2271=DIRECTION('',(0.E0,0.E0,-1.E0));
#2272=VECTOR('',#2271,9.E0);
#2273=CARTESIAN_POINT('',(3.85E1,-2.5E0,3.145E2));
#2274=LINE('',#2273,#2272);
#2275=DIRECTION('',(0.E0,0.E0,1.E0));
#2276=VECTOR('',#2275,9.000000000001E0);
#2277=CARTESIAN_POINT('',(4.95E1,-2.5E0,2.35E2));
#2278=LINE('',#2277,#2276);
#2279=DIRECTION('',(-1.E0,0.E0,0.E0));
#2280=VECTOR('',#2279,9.000000000001E0);
#2281=CARTESIAN_POINT('',(4.85E1,-2.5E0,2.45E2));
#2282=LINE('',#2281,#2280);
#2283=DIRECTION('',(0.E0,0.E0,-1.E0));
#2284=VECTOR('',#2283,9.000000000001E0);
#2285=CARTESIAN_POINT('',(3.85E1,-2.5E0,2.44E2));
#2286=LINE('',#2285,#2284);
#2287=DIRECTION('',(1.E0,0.E0,0.E0));
#2288=VECTOR('',#2287,9.000000000001E0);
#2289=CARTESIAN_POINT('',(3.95E1,-2.5E0,2.34E2));
#2290=LINE('',#2289,#2288);
#2291=DIRECTION('',(0.E0,0.E0,1.E0));
#2292=VECTOR('',#2291,9.000000000001E0);
#2293=CARTESIAN_POINT('',(4.95E1,-2.5E0,-4.5E0));
#2294=LINE('',#2293,#2292);
#2295=DIRECTION('',(-1.E0,0.E0,0.E0));
#2296=VECTOR('',#2295,9.000000000001E0);
#2297=CARTESIAN_POINT('',(4.85E1,-2.5E0,5.500000000001E0));
#2298=LINE('',#2297,#2296);
#2299=DIRECTION('',(0.E0,0.E0,-1.E0));
#2300=VECTOR('',#2299,9.000000000001E0);
#2301=CARTESIAN_POINT('',(3.85E1,-2.5E0,4.500000000001E0));
#2302=LINE('',#2301,#2300);
#2303=DIRECTION('',(1.E0,0.E0,0.E0));
#2304=VECTOR('',#2303,9.000000000001E0);
#2305=CARTESIAN_POINT('',(3.95E1,-2.5E0,-5.5E0));
#2306=LINE('',#2305,#2304);
#2307=DIRECTION('',(1.E0,0.E0,0.E0));
#2308=VECTOR('',#2307,9.000000000001E0);
#2309=CARTESIAN_POINT('',(3.95E1,-2.5E0,6.145E2));
#2310=LINE('',#2309,#2308);
#2311=DIRECTION('',(0.E0,0.E0,1.E0));
#2312=VECTOR('',#2311,9.000000000001E0);
#2313=CARTESIAN_POINT('',(4.95E1,-2.5E0,6.155E2));
#2314=LINE('',#2313,#2312);
#2315=DIRECTION('',(-1.E0,0.E0,0.E0));
#2316=VECTOR('',#2315,9.000000000001E0);
#2317=CARTESIAN_POINT('',(4.85E1,-2.5E0,6.255E2));
#2318=LINE('',#2317,#2316);
#2319=DIRECTION('',(0.E0,0.E0,-1.E0));
#2320=VECTOR('',#2319,9.000000000001E0);
#2321=CARTESIAN_POINT('',(3.85E1,-2.5E0,6.245E2));
#2322=LINE('',#2321,#2320);
#2323=DIRECTION('',(1.E0,0.E0,0.E0));
#2324=VECTOR('',#2323,9.000000000001E0);
#2325=CARTESIAN_POINT('',(3.95E1,-2.5E0,4.79E2));
#2326=LINE('',#2325,#2324);
#2327=DIRECTION('',(0.E0,0.E0,1.E0));
#2328=VECTOR('',#2327,9.E0);
#2329=CARTESIAN_POINT('',(4.95E1,-2.5E0,4.8E2));
#2330=LINE('',#2329,#2328);
#2331=DIRECTION('',(-1.E0,0.E0,0.E0));
#2332=VECTOR('',#2331,9.000000000001E0);
#2333=CARTESIAN_POINT('',(4.85E1,-2.5E0,4.9E2));
#2334=LINE('',#2333,#2332);
#2335=DIRECTION('',(0.E0,0.E0,-1.E0));
#2336=VECTOR('',#2335,9.E0);
#2337=CARTESIAN_POINT('',(3.85E1,-2.5E0,4.89E2));
#2338=LINE('',#2337,#2336);
#2339=DIRECTION('',(1.E0,0.E0,0.E0));
#2340=VECTOR('',#2339,9.000000000001E0);
#2341=CARTESIAN_POINT('',(3.95E1,-2.5E0,-4.9E2));
#2342=LINE('',#2341,#2340);
#2343=DIRECTION('',(0.E0,0.E0,1.E0));
#2344=VECTOR('',#2343,9.E0);
#2345=CARTESIAN_POINT('',(4.95E1,-2.5E0,-4.89E2));
#2346=LINE('',#2345,#2344);
#2347=DIRECTION('',(-1.E0,0.E0,0.E0));
#2348=VECTOR('',#2347,9.000000000001E0);
#2349=CARTESIAN_POINT('',(4.85E1,-2.5E0,-4.79E2));
#2350=LINE('',#2349,#2348);
#2351=DIRECTION('',(0.E0,0.E0,-1.E0));
#2352=VECTOR('',#2351,9.E0);
#2353=CARTESIAN_POINT('',(3.85E1,-2.5E0,-4.8E2));
#2354=LINE('',#2353,#2352);
#2355=DIRECTION('',(1.E0,0.E0,0.E0));
#2356=VECTOR('',#2355,9.000000000001E0);
#2357=CARTESIAN_POINT('',(3.95E1,-2.5E0,-6.255E2));
#2358=LINE('',#2357,#2356);
#2359=DIRECTION('',(0.E0,0.E0,1.E0));
#2360=VECTOR('',#2359,9.000000000001E0);
#2361=CARTESIAN_POINT('',(4.95E1,-2.5E0,-6.245E2));
#2362=LINE('',#2361,#2360);
#2363=DIRECTION('',(-1.E0,0.E0,0.E0));
#2364=VECTOR('',#2363,9.000000000001E0);
#2365=CARTESIAN_POINT('',(4.85E1,-2.5E0,-6.145E2));
#2366=LINE('',#2365,#2364);
#2367=DIRECTION('',(0.E0,0.E0,-1.E0));
#2368=VECTOR('',#2367,9.000000000001E0);
#2369=CARTESIAN_POINT('',(3.85E1,-2.5E0,-6.155E2));
#2370=LINE('',#2369,#2368);
#2371=DIRECTION('',(0.E0,0.E0,1.E0));
#2372=VECTOR('',#2371,9.000000000001E0);
#2373=CARTESIAN_POINT('',(4.95E1,-2.5E0,-2.44E2));
#2374=LINE('',#2373,#2372);
#2375=DIRECTION('',(-1.E0,0.E0,0.E0));
#2376=VECTOR('',#2375,9.000000000001E0);
#2377=CARTESIAN_POINT('',(4.85E1,-2.5E0,-2.34E2));
#2378=LINE('',#2377,#2376);
#2379=DIRECTION('',(0.E0,0.E0,-1.E0));
#2380=VECTOR('',#2379,9.000000000001E0);
#2381=CARTESIAN_POINT('',(3.85E1,-2.5E0,-2.35E2));
#2382=LINE('',#2381,#2380);
#2383=DIRECTION('',(1.E0,0.E0,0.E0));
#2384=VECTOR('',#2383,9.000000000001E0);
#2385=CARTESIAN_POINT('',(3.95E1,-2.5E0,-2.45E2));
#2386=LINE('',#2385,#2384);
#2387=DIRECTION('',(0.E0,0.E0,1.E0));
#2388=VECTOR('',#2387,9.000000000001E0);
#2389=CARTESIAN_POINT('',(4.95E1,-2.5E0,-3.145E2));
#2390=LINE('',#2389,#2388);
#2391=DIRECTION('',(-1.E0,0.E0,0.E0));
#2392=VECTOR('',#2391,9.000000000001E0);
#2393=CARTESIAN_POINT('',(4.85E1,-2.5E0,-3.045E2));
#2394=LINE('',#2393,#2392);
#2395=DIRECTION('',(0.E0,0.E0,-1.E0));
#2396=VECTOR('',#2395,9.000000000001E0);
#2397=CARTESIAN_POINT('',(3.85E1,-2.5E0,-3.055E2));
#2398=LINE('',#2397,#2396);
#2399=DIRECTION('',(1.E0,0.E0,0.E0));
#2400=VECTOR('',#2399,9.000000000001E0);
#2401=CARTESIAN_POINT('',(3.95E1,-2.5E0,-3.155E2));
#2402=LINE('',#2401,#2400);
#2403=CARTESIAN_POINT('',(5.95E1,-2.5E0,-6.585E2));
#2404=DIRECTION('',(0.E0,-1.E0,0.E0));
#2405=DIRECTION('',(-1.421085471520E-14,0.E0,-1.E0));
#2406=AXIS2_PLACEMENT_3D('',#2403,#2404,#2405);
#2408=DIRECTION('',(1.E0,0.E0,0.E0));
#2409=VECTOR('',#2408,2.277866688683E0);
#2410=CARTESIAN_POINT('',(3.267542648054E1,-2.5E0,-5.65E2));
#2411=LINE('',#2410,#2409);
#2412=DIRECTION('',(0.E0,0.E0,1.E0));
#2413=VECTOR('',#2412,9.E0);
#2414=CARTESIAN_POINT('',(3.595329316923E1,-2.5E0,-5.64E2));
#2415=LINE('',#2414,#2413);
#2416=DIRECTION('',(1.E0,0.E0,-1.497280393358E-13));
#2417=VECTOR('',#2416,2.277866688683E0);
#2418=CARTESIAN_POINT('',(3.267542648054E1,-2.5E0,-5.54E2));
#2419=LINE('',#2418,#2417);
#2420=DIRECTION('',(1.E0,0.E0,-4.990934644527E-14));
#2421=VECTOR('',#2420,2.277866688683E0);
#2422=CARTESIAN_POINT('',(3.267542648054E1,-2.5E0,5.54E2));
#2423=LINE('',#2422,#2421);
#2424=DIRECTION('',(0.E0,0.E0,1.E0));
#2425=VECTOR('',#2424,9.000000000001E0);
#2426=CARTESIAN_POINT('',(3.595329316923E1,-2.5E0,5.55E2));
#2427=LINE('',#2426,#2425);
#2428=DIRECTION('',(1.E0,0.E0,-9.981869289054E-14));
#2429=VECTOR('',#2428,2.277866688683E0);
#2430=CARTESIAN_POINT('',(3.267542648054E1,-2.5E0,5.65E2));
#2431=LINE('',#2430,#2429);
#2432=CARTESIAN_POINT('',(5.95E1,-2.5E0,6.585E2));
#2433=DIRECTION('',(0.E0,-1.E0,0.E0));
#2434=DIRECTION('',(1.E0,0.E0,0.E0));
#2435=AXIS2_PLACEMENT_3D('',#2432,#2433,#2434);
#2437=DIRECTION('',(0.E0,0.E0,-1.E0));
#2438=VECTOR('',#2437,1.317E3);
#2439=CARTESIAN_POINT('',(6.05E1,-2.5E0,6.585E2));
#2440=LINE('',#2439,#2438);
#2441=DIRECTION('',(0.E0,-1.E0,0.E0));
#2442=VECTOR('',#2441,2.5E0);
#2443=CARTESIAN_POINT('',(4.95E1,-9.298117831236E-14,2.35E2));
#2444=LINE('',#2443,#2442);
#2445=DIRECTION('',(0.E0,-1.E0,0.E0));
#2446=VECTOR('',#2445,2.5E0);
#2447=CARTESIAN_POINT('',(4.95E1,-9.298117831236E-14,2.44E2));
#2448=LINE('',#2447,#2446);
#2449=CARTESIAN_POINT('',(4.85E1,-9.237055564881E-14,2.35E2));
#2450=DIRECTION('',(0.E0,-1.E0,0.E0));
#2451=DIRECTION('',(-1.421085471520E-14,0.E0,-1.E0));
#2452=AXIS2_PLACEMENT_3D('',#2449,#2450,#2451);
#2454=CARTESIAN_POINT('',(4.85E1,-2.5E0,2.35E2));
#2455=DIRECTION('',(0.E0,1.E0,0.E0));
#2456=DIRECTION('',(1.E0,0.E0,6.821210263297E-13));
#2457=AXIS2_PLACEMENT_3D('',#2454,#2455,#2456);
#2459=DIRECTION('',(0.E0,-1.E0,0.E0));
#2460=VECTOR('',#2459,2.5E0);
#2461=CARTESIAN_POINT('',(4.85E1,-9.311070433190E-14,2.34E2));
#2462=LINE('',#2461,#2460);
#2463=DIRECTION('',(0.E0,-1.E0,0.E0));
#2464=VECTOR('',#2463,2.5E0);
#2465=CARTESIAN_POINT('',(3.95E1,-9.013160588249E-14,2.34E2));
#2466=LINE('',#2465,#2464);
#2467=CARTESIAN_POINT('',(3.95E1,-8.526512829121E-14,2.35E2));
#2468=DIRECTION('',(0.E0,-1.E0,0.E0));
#2469=DIRECTION('',(-1.E0,0.E0,6.821210263297E-13));
#2470=AXIS2_PLACEMENT_3D('',#2467,#2468,#2469);
#2472=CARTESIAN_POINT('',(3.95E1,-2.5E0,2.35E2));
#2473=DIRECTION('',(0.E0,1.E0,0.E0));
#2474=DIRECTION('',(-1.421085471520E-14,0.E0,-1.E0));
#2475=AXIS2_PLACEMENT_3D('',#2472,#2473,#2474);
#2477=DIRECTION('',(0.E0,-1.E0,0.E0));
#2478=VECTOR('',#2477,2.5E0);
#2479=CARTESIAN_POINT('',(3.85E1,-8.974302782387E-14,2.35E2));
#2480=LINE('',#2479,#2478);
#2481=DIRECTION('',(0.E0,-1.E0,0.E0));
#2482=VECTOR('',#2481,2.5E0);
#2483=CARTESIAN_POINT('',(3.85E1,-8.974302782387E-14,2.44E2));
#2484=LINE('',#2483,#2482);
#2485=CARTESIAN_POINT('',(3.95E1,-8.526512829121E-14,2.44E2));
#2486=DIRECTION('',(0.E0,-1.E0,0.E0));
#2487=DIRECTION('',(-1.421085471520E-14,0.E0,1.E0));
#2488=AXIS2_PLACEMENT_3D('',#2485,#2486,#2487);
#2490=CARTESIAN_POINT('',(3.95E1,-2.5E0,2.44E2));
#2491=DIRECTION('',(0.E0,1.E0,0.E0));
#2492=DIRECTION('',(-1.E0,0.E0,0.E0));
#2493=AXIS2_PLACEMENT_3D('',#2490,#2491,#2492);
#2495=DIRECTION('',(0.E0,-1.E0,0.E0));
#2496=VECTOR('',#2495,2.5E0);
#2497=CARTESIAN_POINT('',(3.95E1,-9.013160588249E-14,2.45E2));
#2498=LINE('',#2497,#2496);
#2499=DIRECTION('',(0.E0,-1.E0,0.E0));
#2500=VECTOR('',#2499,2.5E0);
#2501=CARTESIAN_POINT('',(4.85E1,-9.311070433190E-14,2.45E2));
#2502=LINE('',#2501,#2500);
#2503=CARTESIAN_POINT('',(4.85E1,-9.237055564881E-14,2.44E2));
#2504=DIRECTION('',(0.E0,-1.E0,0.E0));
#2505=DIRECTION('',(1.E0,0.E0,0.E0));
#2506=AXIS2_PLACEMENT_3D('',#2503,#2504,#2505);
#2508=CARTESIAN_POINT('',(4.85E1,-2.5E0,2.44E2));
#2509=DIRECTION('',(0.E0,1.E0,0.E0));
#2510=DIRECTION('',(-1.421085471520E-14,0.E0,1.E0));
#2511=AXIS2_PLACEMENT_3D('',#2508,#2509,#2510);
#2513=DIRECTION('',(0.E0,-1.E0,0.E0));
#2514=VECTOR('',#2513,2.5E0);
#2515=CARTESIAN_POINT('',(4.95E1,-9.298117831236E-14,-4.5E0));
#2516=LINE('',#2515,#2514);
#2517=DIRECTION('',(0.E0,-1.E0,0.E0));
#2518=VECTOR('',#2517,2.5E0);
#2519=CARTESIAN_POINT('',(4.95E1,-9.298117831236E-14,4.500000000001E0));
#2520=LINE('',#2519,#2518);
#2521=CARTESIAN_POINT('',(4.85E1,-9.237055564881E-14,-4.500000000001E0));
#2522=DIRECTION('',(0.E0,-1.E0,0.E0));
#2523=DIRECTION('',(-1.421085471520E-14,0.E0,-1.E0));
#2524=AXIS2_PLACEMENT_3D('',#2521,#2522,#2523);
#2526=CARTESIAN_POINT('',(4.85E1,-2.5E0,-4.500000000001E0));
#2527=DIRECTION('',(0.E0,1.E0,0.E0));
#2528=DIRECTION('',(1.E0,0.E0,6.821210263297E-13));
#2529=AXIS2_PLACEMENT_3D('',#2526,#2527,#2528);
#2531=DIRECTION('',(0.E0,-1.E0,0.E0));
#2532=VECTOR('',#2531,2.5E0);
#2533=CARTESIAN_POINT('',(4.85E1,-9.311070433190E-14,-5.5E0));
#2534=LINE('',#2533,#2532);
#2535=DIRECTION('',(0.E0,-1.E0,0.E0));
#2536=VECTOR('',#2535,2.5E0);
#2537=CARTESIAN_POINT('',(3.95E1,-9.013160588249E-14,-5.5E0));
#2538=LINE('',#2537,#2536);
#2539=CARTESIAN_POINT('',(3.95E1,-8.526512829121E-14,-4.500000000001E0));
#2540=DIRECTION('',(0.E0,-1.E0,0.E0));
#2541=DIRECTION('',(-1.E0,0.E0,6.821210263297E-13));
#2542=AXIS2_PLACEMENT_3D('',#2539,#2540,#2541);
#2544=CARTESIAN_POINT('',(3.95E1,-2.5E0,-4.500000000001E0));
#2545=DIRECTION('',(0.E0,1.E0,0.E0));
#2546=DIRECTION('',(-1.421085471520E-14,0.E0,-1.E0));
#2547=AXIS2_PLACEMENT_3D('',#2544,#2545,#2546);
#2549=DIRECTION('',(0.E0,-1.E0,0.E0));
#2550=VECTOR('',#2549,2.5E0);
#2551=CARTESIAN_POINT('',(3.85E1,-8.974302782387E-14,-4.5E0));
#2552=LINE('',#2551,#2550);
#2553=DIRECTION('',(0.E0,-1.E0,0.E0));
#2554=VECTOR('',#2553,2.5E0);
#2555=CARTESIAN_POINT('',(3.85E1,-8.974302782387E-14,4.500000000001E0));
#2556=LINE('',#2555,#2554);
#2557=CARTESIAN_POINT('',(3.95E1,-8.526512829121E-14,4.500000000001E0));
#2558=DIRECTION('',(0.E0,-1.E0,0.E0));
#2559=DIRECTION('',(-1.421085471520E-14,0.E0,1.E0));
#2560=AXIS2_PLACEMENT_3D('',#2557,#2558,#2559);
#2562=CARTESIAN_POINT('',(3.95E1,-2.5E0,4.500000000001E0));
#2563=DIRECTION('',(0.E0,1.E0,0.E0));
#2564=DIRECTION('',(-1.E0,0.E0,0.E0));
#2565=AXIS2_PLACEMENT_3D('',#2562,#2563,#2564);
#2567=DIRECTION('',(0.E0,-1.E0,0.E0));
#2568=VECTOR('',#2567,2.5E0);
#2569=CARTESIAN_POINT('',(3.95E1,-9.013160588249E-14,5.500000000001E0));
#2570=LINE('',#2569,#2568);
#2571=DIRECTION('',(0.E0,-1.E0,0.E0));
#2572=VECTOR('',#2571,2.5E0);
#2573=CARTESIAN_POINT('',(4.85E1,-9.311070433190E-14,5.500000000001E0));
#2574=LINE('',#2573,#2572);
#2575=CARTESIAN_POINT('',(4.85E1,-9.237055564881E-14,4.500000000001E0));
#2576=DIRECTION('',(0.E0,-1.E0,0.E0));
#2577=DIRECTION('',(1.E0,0.E0,0.E0));
#2578=AXIS2_PLACEMENT_3D('',#2575,#2576,#2577);
#2580=CARTESIAN_POINT('',(4.85E1,-2.5E0,4.500000000001E0));
#2581=DIRECTION('',(0.E0,1.E0,0.E0));
#2582=DIRECTION('',(-1.421085471520E-14,0.E0,1.E0));
#2583=AXIS2_PLACEMENT_3D('',#2580,#2581,#2582);
#2585=DIRECTION('',(0.E0,-1.E0,0.E0));
#2586=VECTOR('',#2585,2.5E0);
#2587=CARTESIAN_POINT('',(3.95E1,-9.013160588249E-14,6.145E2));
#2588=LINE('',#2587,#2586);
#2589=DIRECTION('',(0.E0,-1.E0,0.E0));
#2590=VECTOR('',#2589,2.5E0);
#2591=CARTESIAN_POINT('',(4.85E1,-9.311070433190E-14,6.145E2));
#2592=LINE('',#2591,#2590);
#2593=CARTESIAN_POINT('',(3.95E1,-8.526512829121E-14,6.155E2));
#2594=DIRECTION('',(0.E0,-1.E0,0.E0));
#2595=DIRECTION('',(-1.E0,0.E0,0.E0));
#2596=AXIS2_PLACEMENT_3D('',#2593,#2594,#2595);
#2598=CARTESIAN_POINT('',(3.95E1,-2.5E0,6.155E2));
#2599=DIRECTION('',(0.E0,1.E0,0.E0));
#2600=DIRECTION('',(-1.421085471520E-14,0.E0,-1.E0));
#2601=AXIS2_PLACEMENT_3D('',#2598,#2599,#2600);
#2603=DIRECTION('',(0.E0,-1.E0,0.E0));
#2604=VECTOR('',#2603,2.5E0);
#2605=CARTESIAN_POINT('',(3.85E1,-8.974302782387E-14,6.155E2));
#2606=LINE('',#2605,#2604);
#2607=DIRECTION('',(0.E0,-1.E0,0.E0));
#2608=VECTOR('',#2607,2.5E0);
#2609=CARTESIAN_POINT('',(3.85E1,-8.974302782387E-14,6.245E2));
#2610=LINE('',#2609,#2608);
#2611=CARTESIAN_POINT('',(3.95E1,-8.526512829121E-14,6.245E2));
#2612=DIRECTION('',(0.E0,-1.E0,0.E0));
#2613=DIRECTION('',(-1.421085471520E-14,0.E0,1.E0));
#2614=AXIS2_PLACEMENT_3D('',#2611,#2612,#2613);
#2616=CARTESIAN_POINT('',(3.95E1,-2.5E0,6.245E2));
#2617=DIRECTION('',(0.E0,1.E0,0.E0));
#2618=DIRECTION('',(-1.E0,0.E0,0.E0));
#2619=AXIS2_PLACEMENT_3D('',#2616,#2617,#2618);
#2621=DIRECTION('',(0.E0,-1.E0,0.E0));
#2622=VECTOR('',#2621,2.5E0);
#2623=CARTESIAN_POINT('',(3.95E1,-9.013160588249E-14,6.255E2));
#2624=LINE('',#2623,#2622);
#2625=DIRECTION('',(0.E0,-1.E0,0.E0));
#2626=VECTOR('',#2625,2.5E0);
#2627=CARTESIAN_POINT('',(4.85E1,-9.311070433190E-14,6.255E2));
#2628=LINE('',#2627,#2626);
#2629=CARTESIAN_POINT('',(4.85E1,-9.237055564881E-14,6.245E2));
#2630=DIRECTION('',(0.E0,-1.E0,0.E0));
#2631=DIRECTION('',(1.E0,0.E0,0.E0));
#2632=AXIS2_PLACEMENT_3D('',#2629,#2630,#2631);
#2634=CARTESIAN_POINT('',(4.85E1,-2.5E0,6.245E2));
#2635=DIRECTION('',(0.E0,1.E0,0.E0));
#2636=DIRECTION('',(-1.421085471520E-14,0.E0,1.E0));
#2637=AXIS2_PLACEMENT_3D('',#2634,#2635,#2636);
#2639=DIRECTION('',(0.E0,-1.E0,0.E0));
#2640=VECTOR('',#2639,2.5E0);
#2641=CARTESIAN_POINT('',(4.95E1,-9.342526752221E-14,6.245E2));
#2642=LINE('',#2641,#2640);
#2643=DIRECTION('',(0.E0,-1.E0,0.E0));
#2644=VECTOR('',#2643,2.5E0);
#2645=CARTESIAN_POINT('',(4.95E1,-9.342526752221E-14,6.155E2));
#2646=LINE('',#2645,#2644);
#2647=CARTESIAN_POINT('',(4.85E1,-9.237055564881E-14,6.155E2));
#2648=DIRECTION('',(0.E0,-1.E0,0.E0));
#2649=DIRECTION('',(-1.421085471520E-14,0.E0,-1.E0));
#2650=AXIS2_PLACEMENT_3D('',#2647,#2648,#2649);
#2652=CARTESIAN_POINT('',(4.85E1,-2.5E0,6.155E2));
#2653=DIRECTION('',(0.E0,1.E0,0.E0));
#2654=DIRECTION('',(1.E0,0.E0,0.E0));
#2655=AXIS2_PLACEMENT_3D('',#2652,#2653,#2654);
#2657=DIRECTION('',(0.E0,-1.E0,0.E0));
#2658=VECTOR('',#2657,2.5E0);
#2659=CARTESIAN_POINT('',(3.95E1,-9.013160588249E-14,4.79E2));
#2660=LINE('',#2659,#2658);
#2661=DIRECTION('',(0.E0,-1.E0,0.E0));
#2662=VECTOR('',#2661,2.5E0);
#2663=CARTESIAN_POINT('',(4.85E1,-9.311070433190E-14,4.79E2));
#2664=LINE('',#2663,#2662);
#2665=CARTESIAN_POINT('',(3.95E1,-8.526512829121E-14,4.8E2));
#2666=DIRECTION('',(0.E0,-1.E0,0.E0));
#2667=DIRECTION('',(-1.E0,0.E0,-6.252776074689E-13));
#2668=AXIS2_PLACEMENT_3D('',#2665,#2666,#2667);
#2670=CARTESIAN_POINT('',(3.95E1,-2.5E0,4.8E2));
#2671=DIRECTION('',(0.E0,1.E0,0.E0));
#2672=DIRECTION('',(-1.421085471520E-14,0.E0,-1.E0));
#2673=AXIS2_PLACEMENT_3D('',#2670,#2671,#2672);
#2675=DIRECTION('',(0.E0,-1.E0,0.E0));
#2676=VECTOR('',#2675,2.5E0);
#2677=CARTESIAN_POINT('',(3.85E1,-8.974302782387E-14,4.8E2));
#2678=LINE('',#2677,#2676);
#2679=DIRECTION('',(0.E0,-1.E0,0.E0));
#2680=VECTOR('',#2679,2.5E0);
#2681=CARTESIAN_POINT('',(3.85E1,-8.974302782387E-14,4.89E2));
#2682=LINE('',#2681,#2680);
#2683=CARTESIAN_POINT('',(3.95E1,-8.526512829121E-14,4.89E2));
#2684=DIRECTION('',(0.E0,-1.E0,0.E0));
#2685=DIRECTION('',(-1.421085471520E-14,0.E0,1.E0));
#2686=AXIS2_PLACEMENT_3D('',#2683,#2684,#2685);
#2688=CARTESIAN_POINT('',(3.95E1,-2.5E0,4.89E2));
#2689=DIRECTION('',(0.E0,1.E0,0.E0));
#2690=DIRECTION('',(-1.E0,0.E0,0.E0));
#2691=AXIS2_PLACEMENT_3D('',#2688,#2689,#2690);
#2693=DIRECTION('',(0.E0,-1.E0,0.E0));
#2694=VECTOR('',#2693,2.5E0);
#2695=CARTESIAN_POINT('',(4.85E1,-9.311070433190E-14,4.9E2));
#2696=LINE('',#2695,#2694);
#2697=DIRECTION('',(0.E0,-1.E0,0.E0));
#2698=VECTOR('',#2697,2.5E0);
#2699=CARTESIAN_POINT('',(3.95E1,-9.013160588249E-14,4.9E2));
#2700=LINE('',#2699,#2698);
#2701=CARTESIAN_POINT('',(4.85E1,-9.237055564881E-14,4.89E2));
#2702=DIRECTION('',(0.E0,-1.E0,0.E0));
#2703=DIRECTION('',(1.E0,0.E0,0.E0));
#2704=AXIS2_PLACEMENT_3D('',#2701,#2702,#2703);
#2706=CARTESIAN_POINT('',(4.85E1,-2.5E0,4.89E2));
#2707=DIRECTION('',(0.E0,1.E0,0.E0));
#2708=DIRECTION('',(-1.421085471520E-14,0.E0,1.E0));
#2709=AXIS2_PLACEMENT_3D('',#2706,#2707,#2708);
#2711=DIRECTION('',(0.E0,-1.E0,0.E0));
#2712=VECTOR('',#2711,2.5E0);
#2713=CARTESIAN_POINT('',(4.95E1,-9.298117831236E-14,4.8E2));
#2714=LINE('',#2713,#2712);
#2715=DIRECTION('',(0.E0,-1.E0,0.E0));
#2716=VECTOR('',#2715,2.5E0);
#2717=CARTESIAN_POINT('',(4.95E1,-9.298117831236E-14,4.89E2));
#2718=LINE('',#2717,#2716);
#2719=CARTESIAN_POINT('',(4.85E1,-9.237055564881E-14,4.8E2));
#2720=DIRECTION('',(0.E0,-1.E0,0.E0));
#2721=DIRECTION('',(-1.421085471520E-14,0.E0,-1.E0));
#2722=AXIS2_PLACEMENT_3D('',#2719,#2720,#2721);
#2724=CARTESIAN_POINT('',(4.85E1,-2.5E0,4.8E2));
#2725=DIRECTION('',(0.E0,1.E0,0.E0));
#2726=DIRECTION('',(1.E0,0.E0,-6.252776074689E-13));
#2727=AXIS2_PLACEMENT_3D('',#2724,#2725,#2726);
#2729=DIRECTION('',(0.E0,-1.E0,0.E0));
#2730=VECTOR('',#2729,2.5E0);
#2731=CARTESIAN_POINT('',(4.85E1,-9.311070433190E-14,-4.9E2));
#2732=LINE('',#2731,#2730);
#2733=DIRECTION('',(0.E0,-1.E0,0.E0));
#2734=VECTOR('',#2733,2.5E0);
#2735=CARTESIAN_POINT('',(3.95E1,-9.013160588249E-14,-4.9E2));
#2736=LINE('',#2735,#2734);
#2737=CARTESIAN_POINT('',(4.85E1,-9.237055564881E-14,-4.89E2));
#2738=DIRECTION('',(0.E0,-1.E0,0.E0));
#2739=DIRECTION('',(-1.421085471520E-14,0.E0,-1.E0));
#2740=AXIS2_PLACEMENT_3D('',#2737,#2738,#2739);
#2742=CARTESIAN_POINT('',(4.85E1,-2.5E0,-4.89E2));
#2743=DIRECTION('',(0.E0,1.E0,0.E0));
#2744=DIRECTION('',(1.E0,0.E0,0.E0));
#2745=AXIS2_PLACEMENT_3D('',#2742,#2743,#2744);
#2747=DIRECTION('',(0.E0,-1.E0,0.E0));
#2748=VECTOR('',#2747,2.5E0);
#2749=CARTESIAN_POINT('',(4.95E1,-9.342526752221E-14,-4.8E2));
#2750=LINE('',#2749,#2748);
#2751=DIRECTION('',(0.E0,-1.E0,0.E0));
#2752=VECTOR('',#2751,2.5E0);
#2753=CARTESIAN_POINT('',(4.95E1,-9.342526752221E-14,-4.89E2));
#2754=LINE('',#2753,#2752);
#2755=CARTESIAN_POINT('',(4.85E1,-9.237055564881E-14,-4.8E2));
#2756=DIRECTION('',(0.E0,-1.E0,0.E0));
#2757=DIRECTION('',(1.E0,0.E0,3.979039320257E-13));
#2758=AXIS2_PLACEMENT_3D('',#2755,#2756,#2757);
#2760=CARTESIAN_POINT('',(4.85E1,-2.5E0,-4.8E2));
#2761=DIRECTION('',(0.E0,1.E0,0.E0));
#2762=DIRECTION('',(-1.421085471520E-14,0.E0,1.E0));
#2763=AXIS2_PLACEMENT_3D('',#2760,#2761,#2762);
#2765=DIRECTION('',(0.E0,-1.E0,0.E0));
#2766=VECTOR('',#2765,2.5E0);
#2767=CARTESIAN_POINT('',(4.85E1,-9.311070433190E-14,-4.79E2));
#2768=LINE('',#2767,#2766);
#2769=DIRECTION('',(0.E0,-1.E0,0.E0));
#2770=VECTOR('',#2769,2.5E0);
#2771=CARTESIAN_POINT('',(3.95E1,-9.013160588249E-14,-4.79E2));
#2772=LINE('',#2771,#2770);
#2773=CARTESIAN_POINT('',(3.95E1,-8.526512829121E-14,-4.8E2));
#2774=DIRECTION('',(0.E0,-1.E0,0.E0));
#2775=DIRECTION('',(-1.421085471520E-14,0.E0,1.E0));
#2776=AXIS2_PLACEMENT_3D('',#2773,#2774,#2775);
#2778=CARTESIAN_POINT('',(3.95E1,-2.5E0,-4.8E2));
#2779=DIRECTION('',(0.E0,1.E0,0.E0));
#2780=DIRECTION('',(-1.E0,0.E0,3.979039320257E-13));
#2781=AXIS2_PLACEMENT_3D('',#2778,#2779,#2780);
#2783=DIRECTION('',(0.E0,-1.E0,0.E0));
#2784=VECTOR('',#2783,2.5E0);
#2785=CARTESIAN_POINT('',(3.85E1,-8.878083453586E-14,-4.8E2));
#2786=LINE('',#2785,#2784);
#2787=DIRECTION('',(0.E0,-1.E0,0.E0));
#2788=VECTOR('',#2787,2.5E0);
#2789=CARTESIAN_POINT('',(3.85E1,-8.878083453586E-14,-4.89E2));
#2790=LINE('',#2789,#2788);
#2791=CARTESIAN_POINT('',(3.95E1,-8.526512829121E-14,-4.89E2));
#2792=DIRECTION('',(0.E0,-1.E0,0.E0));
#2793=DIRECTION('',(-1.E0,0.E0,0.E0));
#2794=AXIS2_PLACEMENT_3D('',#2791,#2792,#2793);
#2796=CARTESIAN_POINT('',(3.95E1,-2.5E0,-4.89E2));
#2797=DIRECTION('',(0.E0,1.E0,0.E0));
#2798=DIRECTION('',(-1.421085471520E-14,0.E0,-1.E0));
#2799=AXIS2_PLACEMENT_3D('',#2796,#2797,#2798);
#2801=DIRECTION('',(0.E0,-1.E0,0.E0));
#2802=VECTOR('',#2801,2.5E0);
#2803=CARTESIAN_POINT('',(3.95E1,-9.013160588249E-14,-6.255E2));
#2804=LINE('',#2803,#2802);
#2805=DIRECTION('',(0.E0,-1.E0,0.E0));
#2806=VECTOR('',#2805,2.5E0);
#2807=CARTESIAN_POINT('',(4.85E1,-9.311070433190E-14,-6.255E2));
#2808=LINE('',#2807,#2806);
#2809=CARTESIAN_POINT('',(3.95E1,-8.526512829121E-14,-6.245E2));
#2810=DIRECTION('',(0.E0,-1.E0,0.E0));
#2811=DIRECTION('',(-1.E0,0.E0,0.E0));
#2812=AXIS2_PLACEMENT_3D('',#2809,#2810,#2811);
#2814=CARTESIAN_POINT('',(3.95E1,-2.5E0,-6.245E2));
#2815=DIRECTION('',(0.E0,1.E0,0.E0));
#2816=DIRECTION('',(-1.421085471520E-14,0.E0,-1.E0));
#2817=AXIS2_PLACEMENT_3D('',#2814,#2815,#2816);
#2819=DIRECTION('',(0.E0,-1.E0,0.E0));
#2820=VECTOR('',#2819,2.5E0);
#2821=CARTESIAN_POINT('',(3.85E1,-8.878083453586E-14,-6.245E2));
#2822=LINE('',#2821,#2820);
#2823=DIRECTION('',(0.E0,-1.E0,0.E0));
#2824=VECTOR('',#2823,2.5E0);
#2825=CARTESIAN_POINT('',(3.85E1,-8.878083453586E-14,-6.155E2));
#2826=LINE('',#2825,#2824);
#2827=CARTESIAN_POINT('',(3.95E1,-8.526512829121E-14,-6.155E2));
#2828=DIRECTION('',(0.E0,-1.E0,0.E0));
#2829=DIRECTION('',(-1.421085471520E-14,0.E0,1.E0));
#2830=AXIS2_PLACEMENT_3D('',#2827,#2828,#2829);
#2832=CARTESIAN_POINT('',(3.95E1,-2.5E0,-6.155E2));
#2833=DIRECTION('',(0.E0,1.E0,0.E0));
#2834=DIRECTION('',(-1.E0,0.E0,0.E0));
#2835=AXIS2_PLACEMENT_3D('',#2832,#2833,#2834);
#2837=DIRECTION('',(0.E0,-1.E0,0.E0));
#2838=VECTOR('',#2837,2.5E0);
#2839=CARTESIAN_POINT('',(3.95E1,-9.013160588249E-14,-6.145E2));
#2840=LINE('',#2839,#2838);
#2841=DIRECTION('',(0.E0,-1.E0,0.E0));
#2842=VECTOR('',#2841,2.5E0);
#2843=CARTESIAN_POINT('',(4.85E1,-9.311070433190E-14,-6.145E2));
#2844=LINE('',#2843,#2842);
#2845=CARTESIAN_POINT('',(4.85E1,-9.237055564881E-14,-6.155E2));
#2846=DIRECTION('',(0.E0,-1.E0,0.E0));
#2847=DIRECTION('',(1.E0,0.E0,0.E0));
#2848=AXIS2_PLACEMENT_3D('',#2845,#2846,#2847);
#2850=CARTESIAN_POINT('',(4.85E1,-2.5E0,-6.155E2));
#2851=DIRECTION('',(0.E0,1.E0,0.E0));
#2852=DIRECTION('',(-1.421085471520E-14,0.E0,1.E0));
#2853=AXIS2_PLACEMENT_3D('',#2850,#2851,#2852);
#2855=DIRECTION('',(0.E0,-1.E0,0.E0));
#2856=VECTOR('',#2855,2.5E0);
#2857=CARTESIAN_POINT('',(4.95E1,-9.342526752221E-14,-6.155E2));
#2858=LINE('',#2857,#2856);
#2859=DIRECTION('',(0.E0,-1.E0,0.E0));
#2860=VECTOR('',#2859,2.5E0);
#2861=CARTESIAN_POINT('',(4.95E1,-9.342526752221E-14,-6.245E2));
#2862=LINE('',#2861,#2860);
#2863=CARTESIAN_POINT('',(4.85E1,-9.237055564881E-14,-6.245E2));
#2864=DIRECTION('',(0.E0,-1.E0,0.E0));
#2865=DIRECTION('',(-1.421085471520E-14,0.E0,-1.E0));
#2866=AXIS2_PLACEMENT_3D('',#2863,#2864,#2865);
#2868=CARTESIAN_POINT('',(4.85E1,-2.5E0,-6.245E2));
#2869=DIRECTION('',(0.E0,1.E0,0.E0));
#2870=DIRECTION('',(1.E0,0.E0,0.E0));
#2871=AXIS2_PLACEMENT_3D('',#2868,#2869,#2870);
#2873=DIRECTION('',(0.E0,-1.E0,0.E0));
#2874=VECTOR('',#2873,2.5E0);
#2875=CARTESIAN_POINT('',(4.95E1,-9.298117831236E-14,-2.44E2));
#2876=LINE('',#2875,#2874);
#2877=DIRECTION('',(0.E0,-1.E0,0.E0));
#2878=VECTOR('',#2877,2.5E0);
#2879=CARTESIAN_POINT('',(4.95E1,-9.298117831236E-14,-2.35E2));
#2880=LINE('',#2879,#2878);
#2881=CARTESIAN_POINT('',(4.85E1,-9.237055564881E-14,-2.44E2));
#2882=DIRECTION('',(0.E0,-1.E0,0.E0));
#2883=DIRECTION('',(-1.421085471520E-14,0.E0,-1.E0));
#2884=AXIS2_PLACEMENT_3D('',#2881,#2882,#2883);
#2886=CARTESIAN_POINT('',(4.85E1,-2.5E0,-2.44E2));
#2887=DIRECTION('',(0.E0,1.E0,0.E0));
#2888=DIRECTION('',(1.E0,0.E0,6.821210263297E-13));
#2889=AXIS2_PLACEMENT_3D('',#2886,#2887,#2888);
#2891=DIRECTION('',(0.E0,-1.E0,0.E0));
#2892=VECTOR('',#2891,2.5E0);
#2893=CARTESIAN_POINT('',(4.85E1,-9.311070433190E-14,-2.45E2));
#2894=LINE('',#2893,#2892);
#2895=DIRECTION('',(0.E0,-1.E0,0.E0));
#2896=VECTOR('',#2895,2.5E0);
#2897=CARTESIAN_POINT('',(3.95E1,-9.013160588249E-14,-2.45E2));
#2898=LINE('',#2897,#2896);
#2899=CARTESIAN_POINT('',(3.95E1,-8.526512829121E-14,-2.44E2));
#2900=DIRECTION('',(0.E0,-1.E0,0.E0));
#2901=DIRECTION('',(-1.E0,0.E0,6.821210263297E-13));
#2902=AXIS2_PLACEMENT_3D('',#2899,#2900,#2901);
#2904=CARTESIAN_POINT('',(3.95E1,-2.5E0,-2.44E2));
#2905=DIRECTION('',(0.E0,1.E0,0.E0));
#2906=DIRECTION('',(-1.421085471520E-14,0.E0,-1.E0));
#2907=AXIS2_PLACEMENT_3D('',#2904,#2905,#2906);
#2909=DIRECTION('',(0.E0,-1.E0,0.E0));
#2910=VECTOR('',#2909,2.5E0);
#2911=CARTESIAN_POINT('',(3.85E1,-8.878083453586E-14,-2.44E2));
#2912=LINE('',#2911,#2910);
#2913=DIRECTION('',(0.E0,-1.E0,0.E0));
#2914=VECTOR('',#2913,2.5E0);
#2915=CARTESIAN_POINT('',(3.85E1,-8.878083453586E-14,-2.35E2));
#2916=LINE('',#2915,#2914);
#2917=CARTESIAN_POINT('',(3.95E1,-8.526512829121E-14,-2.35E2));
#2918=DIRECTION('',(0.E0,-1.E0,0.E0));
#2919=DIRECTION('',(-1.421085471520E-14,0.E0,1.E0));
#2920=AXIS2_PLACEMENT_3D('',#2917,#2918,#2919);
#2922=CARTESIAN_POINT('',(3.95E1,-2.5E0,-2.35E2));
#2923=DIRECTION('',(0.E0,1.E0,0.E0));
#2924=DIRECTION('',(-1.E0,0.E0,0.E0));
#2925=AXIS2_PLACEMENT_3D('',#2922,#2923,#2924);
#2927=DIRECTION('',(0.E0,-1.E0,0.E0));
#2928=VECTOR('',#2927,2.5E0);
#2929=CARTESIAN_POINT('',(3.95E1,-9.013160588249E-14,-2.34E2));
#2930=LINE('',#2929,#2928);
#2931=DIRECTION('',(0.E0,-1.E0,0.E0));
#2932=VECTOR('',#2931,2.5E0);
#2933=CARTESIAN_POINT('',(4.85E1,-9.311070433190E-14,-2.34E2));
#2934=LINE('',#2933,#2932);
#2935=CARTESIAN_POINT('',(4.85E1,-9.237055564881E-14,-2.35E2));
#2936=DIRECTION('',(0.E0,-1.E0,0.E0));
#2937=DIRECTION('',(1.E0,0.E0,0.E0));
#2938=AXIS2_PLACEMENT_3D('',#2935,#2936,#2937);
#2940=CARTESIAN_POINT('',(4.85E1,-2.5E0,-2.35E2));
#2941=DIRECTION('',(0.E0,1.E0,0.E0));
#2942=DIRECTION('',(-1.421085471520E-14,0.E0,1.E0));
#2943=AXIS2_PLACEMENT_3D('',#2940,#2941,#2942);
#2945=DIRECTION('',(0.E0,-1.E0,0.E0));
#2946=VECTOR('',#2945,2.5E0);
#2947=CARTESIAN_POINT('',(4.95E1,-9.298117831236E-14,-3.145E2));
#2948=LINE('',#2947,#2946);
#2949=DIRECTION('',(0.E0,-1.E0,0.E0));
#2950=VECTOR('',#2949,2.5E0);
#2951=CARTESIAN_POINT('',(4.95E1,-9.298117831236E-14,-3.055E2));
#2952=LINE('',#2951,#2950);
#2953=CARTESIAN_POINT('',(4.85E1,-9.237055564881E-14,-3.145E2));
#2954=DIRECTION('',(0.E0,-1.E0,0.E0));
#2955=DIRECTION('',(-1.421085471520E-14,0.E0,-1.E0));
#2956=AXIS2_PLACEMENT_3D('',#2953,#2954,#2955);
#2958=CARTESIAN_POINT('',(4.85E1,-2.5E0,-3.145E2));
#2959=DIRECTION('',(0.E0,1.E0,0.E0));
#2960=DIRECTION('',(1.E0,0.E0,0.E0));
#2961=AXIS2_PLACEMENT_3D('',#2958,#2959,#2960);
#2963=DIRECTION('',(0.E0,-1.E0,0.E0));
#2964=VECTOR('',#2963,2.5E0);
#2965=CARTESIAN_POINT('',(4.85E1,-9.311070433190E-14,-3.155E2));
#2966=LINE('',#2965,#2964);
#2967=DIRECTION('',(0.E0,-1.E0,0.E0));
#2968=VECTOR('',#2967,2.5E0);
#2969=CARTESIAN_POINT('',(3.95E1,-9.013160588249E-14,-3.155E2));
#2970=LINE('',#2969,#2968);
#2971=CARTESIAN_POINT('',(3.95E1,-8.526512829121E-14,-3.145E2));
#2972=DIRECTION('',(0.E0,-1.E0,0.E0));
#2973=DIRECTION('',(-1.E0,0.E0,0.E0));
#2974=AXIS2_PLACEMENT_3D('',#2971,#2972,#2973);
#2976=CARTESIAN_POINT('',(3.95E1,-2.5E0,-3.145E2));
#2977=DIRECTION('',(0.E0,1.E0,0.E0));
#2978=DIRECTION('',(-1.421085471520E-14,0.E0,-1.E0));
#2979=AXIS2_PLACEMENT_3D('',#2976,#2977,#2978);
#2981=DIRECTION('',(0.E0,-1.E0,0.E0));
#2982=VECTOR('',#2981,2.5E0);
#2983=CARTESIAN_POINT('',(3.85E1,-8.878083453586E-14,-3.145E2));
#2984=LINE('',#2983,#2982);
#2985=DIRECTION('',(0.E0,-1.E0,0.E0));
#2986=VECTOR('',#2985,2.5E0);
#2987=CARTESIAN_POINT('',(3.85E1,-8.878083453586E-14,-3.055E2));
#2988=LINE('',#2987,#2986);
#2989=CARTESIAN_POINT('',(3.95E1,-8.526512829121E-14,-3.055E2));
#2990=DIRECTION('',(0.E0,-1.E0,0.E0));
#2991=DIRECTION('',(-1.421085471520E-14,0.E0,1.E0));
#2992=AXIS2_PLACEMENT_3D('',#2989,#2990,#2991);
#2994=CARTESIAN_POINT('',(3.95E1,-2.5E0,-3.055E2));
#2995=DIRECTION('',(0.E0,1.E0,0.E0));
#2996=DIRECTION('',(-1.E0,0.E0,0.E0));
#2997=AXIS2_PLACEMENT_3D('',#2994,#2995,#2996);
#2999=DIRECTION('',(0.E0,-1.E0,0.E0));
#3000=VECTOR('',#2999,2.5E0);
#3001=CARTESIAN_POINT('',(3.95E1,-9.013160588249E-14,-3.045E2));
#3002=LINE('',#3001,#3000);
#3003=DIRECTION('',(0.E0,-1.E0,0.E0));
#3004=VECTOR('',#3003,2.5E0);
#3005=CARTESIAN_POINT('',(4.85E1,-9.311070433190E-14,-3.045E2));
#3006=LINE('',#3005,#3004);
#3007=CARTESIAN_POINT('',(4.85E1,-9.237055564881E-14,-3.055E2));
#3008=DIRECTION('',(0.E0,-1.E0,0.E0));
#3009=DIRECTION('',(1.E0,0.E0,0.E0));
#3010=AXIS2_PLACEMENT_3D('',#3007,#3008,#3009);
#3012=CARTESIAN_POINT('',(4.85E1,-2.5E0,-3.055E2));
#3013=DIRECTION('',(0.E0,1.E0,0.E0));
#3014=DIRECTION('',(-1.421085471520E-14,0.E0,1.E0));
#3015=AXIS2_PLACEMENT_3D('',#3012,#3013,#3014);
#3017=DIRECTION('',(0.E0,1.E0,0.E0));
#3018=VECTOR('',#3017,2.5E0);
#3019=CARTESIAN_POINT('',(5.95E1,-2.5E0,-6.595E2));
#3020=LINE('',#3019,#3018);
#3021=DIRECTION('',(-1.E0,0.E0,0.E0));
#3022=VECTOR('',#3021,2.682457351946E1);
#3023=CARTESIAN_POINT('',(5.95E1,-9.916141981610E-14,-6.595E2));
#3024=LINE('',#3023,#3022);
#3025=DIRECTION('',(0.E0,-1.E0,0.E0));
#3026=VECTOR('',#3025,2.5E0);
#3027=CARTESIAN_POINT('',(3.267542648054E1,-8.062410237104E-14,-6.595E2));
#3028=LINE('',#3027,#3026);
#3029=DIRECTION('',(-1.E0,0.E0,0.E0));
#3030=VECTOR('',#3029,2.682457351946E1);
#3031=CARTESIAN_POINT('',(5.95E1,-2.5E0,-6.595E2));
#3032=LINE('',#3031,#3030);
#3033=CARTESIAN_POINT('',(3.267542648054E1,-5.5E0,-6.595E2));
#3034=DIRECTION('',(0.E0,0.E0,1.E0));
#3035=DIRECTION('',(0.E0,1.E0,0.E0));
#3036=AXIS2_PLACEMENT_3D('',#3033,#3034,#3035);
#3038=DIRECTION('',(8.660254037844E-1,-5.E-1,0.E0));
#3039=VECTOR('',#3038,2.5E0);
#3040=CARTESIAN_POINT('',(2.791228675973E1,-2.75E0,-6.595E2));
#3041=LINE('',#3040,#3039);
#3042=CARTESIAN_POINT('',(3.267542648054E1,-5.5E0,-6.595E2));
#3043=DIRECTION('',(0.E0,0.E0,1.E0));
#3044=DIRECTION('',(0.E0,1.E0,0.E0));
#3045=AXIS2_PLACEMENT_3D('',#3042,#3043,#3044);
#3047=DIRECTION('',(-5.E-1,-8.660254037844E-1,0.E0));
#3048=VECTOR('',#3047,2.009252271189E1);
#3049=CARTESIAN_POINT('',(2.791228675973E1,-2.75E0,-6.595E2));
#3050=LINE('',#3049,#3048);
#3051=DIRECTION('',(8.660254037844E-1,-5.E-1,0.E0));
#3052=VECTOR('',#3051,2.5E0);
#3053=CARTESIAN_POINT('',(1.786602540378E1,-2.015063509461E1,-6.595E2));
#3054=LINE('',#3053,#3052);
#3055=DIRECTION('',(-5.E-1,-8.660254037844E-1,0.E0));
#3056=VECTOR('',#3055,2.009252271189E1);
#3057=CARTESIAN_POINT('',(3.007735026919E1,-4.E0,-6.595E2));
#3058=LINE('',#3057,#3056);
#3059=CARTESIAN_POINT('',(1.526794919243E1,-1.865063509461E1,-6.595E2));
#3060=DIRECTION('',(0.E0,0.E0,-1.E0));
#3061=DIRECTION('',(8.660254037844E-1,-5.E-1,0.E0));
#3062=AXIS2_PLACEMENT_3D('',#3059,#3060,#3061);
#3064=DIRECTION('',(0.E0,-1.E0,0.E0));
#3065=VECTOR('',#3064,2.5E0);
#3066=CARTESIAN_POINT('',(1.526794919243E1,-2.165063509461E1,-6.595E2));
#3067=LINE('',#3066,#3065);
#3068=CARTESIAN_POINT('',(1.526794919243E1,-1.865063509461E1,-6.595E2));
#3069=DIRECTION('',(0.E0,0.E0,-1.E0));
#3070=DIRECTION('',(8.660254037844E-1,-5.E-1,0.E0));
#3071=AXIS2_PLACEMENT_3D('',#3068,#3069,#3070);
#3073=DIRECTION('',(-1.E0,0.E0,0.E0));
#3074=VECTOR('',#3073,3.053589838486E1);
#3075=CARTESIAN_POINT('',(1.526794919243E1,-2.165063509461E1,-6.595E2));
#3076=LINE('',#3075,#3074);
#3077=DIRECTION('',(0.E0,-1.E0,0.E0));
#3078=VECTOR('',#3077,2.5E0);
#3079=CARTESIAN_POINT('',(-1.526794919243E1,-2.165063509461E1,-6.595E2));
#3080=LINE('',#3079,#3078);
#3081=DIRECTION('',(-1.E0,0.E0,0.E0));
#3082=VECTOR('',#3081,3.053589838486E1);
#3083=CARTESIAN_POINT('',(1.526794919243E1,-2.415063509461E1,-6.595E2));
#3084=LINE('',#3083,#3082);
#3085=CARTESIAN_POINT('',(-1.526794919243E1,-1.865063509461E1,-6.595E2));
#3086=DIRECTION('',(0.E0,0.E0,-1.E0));
#3087=DIRECTION('',(0.E0,-1.E0,0.E0));
#3088=AXIS2_PLACEMENT_3D('',#3085,#3086,#3087);
#3090=DIRECTION('',(-8.660254037844E-1,-5.E-1,0.E0));
#3091=VECTOR('',#3090,2.5E0);
#3092=CARTESIAN_POINT('',(-1.786602540378E1,-2.015063509461E1,-6.595E2));
#3093=LINE('',#3092,#3091);
#3094=CARTESIAN_POINT('',(-1.526794919243E1,-1.865063509461E1,-6.595E2));
#3095=DIRECTION('',(0.E0,0.E0,-1.E0));
#3096=DIRECTION('',(0.E0,-1.E0,0.E0));
#3097=AXIS2_PLACEMENT_3D('',#3094,#3095,#3096);
#3099=DIRECTION('',(-5.E-1,8.660254037844E-1,0.E0));
#3100=VECTOR('',#3099,2.009252271189E1);
#3101=CARTESIAN_POINT('',(-1.786602540378E1,-2.015063509461E1,-6.595E2));
#3102=LINE('',#3101,#3100);
#3103=DIRECTION('',(-8.660254037844E-1,-5.E-1,0.E0));
#3104=VECTOR('',#3103,2.5E0);
#3105=CARTESIAN_POINT('',(-2.791228675973E1,-2.75E0,-6.595E2));
#3106=LINE('',#3105,#3104);
#3107=DIRECTION('',(-5.E-1,8.660254037844E-1,0.E0));
#3108=VECTOR('',#3107,2.009252271189E1);
#3109=CARTESIAN_POINT('',(-2.003108891325E1,-2.140063509461E1,-6.595E2));
#3110=LINE('',#3109,#3108);
#3111=CARTESIAN_POINT('',(-3.267542648054E1,-5.5E0,-6.595E2));
#3112=DIRECTION('',(0.E0,0.E0,1.E0));
#3113=DIRECTION('',(8.660254037844E-1,5.E-1,0.E0));
#3114=AXIS2_PLACEMENT_3D('',#3111,#3112,#3113);
#3116=DIRECTION('',(0.E0,-1.E0,0.E0));
#3117=VECTOR('',#3116,2.5E0);
#3118=CARTESIAN_POINT('',(-3.267542648054E1,0.E0,-6.595E2));
#3119=LINE('',#3118,#3117);
#3120=CARTESIAN_POINT('',(-3.267542648054E1,-5.5E0,-6.595E2));
#3121=DIRECTION('',(0.E0,0.E0,1.E0));
#3122=DIRECTION('',(8.660254037844E-1,5.E-1,0.E0));
#3123=AXIS2_PLACEMENT_3D('',#3120,#3121,#3122);
#3125=DIRECTION('',(0.E0,1.E0,0.E0));
#3126=VECTOR('',#3125,2.5E0);
#3127=CARTESIAN_POINT('',(-5.95E1,-2.5E0,-6.595E2));
#3128=LINE('',#3127,#3126);
#3129=DIRECTION('',(-1.E0,0.E0,0.E0));
#3130=VECTOR('',#3129,2.682457351946E1);
#3131=CARTESIAN_POINT('',(-3.267542648054E1,-2.5E0,-6.595E2));
#3132=LINE('',#3131,#3130);
#3133=DIRECTION('',(-1.E0,0.E0,0.E0));
#3134=VECTOR('',#3133,2.682457351946E1);
#3135=CARTESIAN_POINT('',(-3.267542648054E1,0.E0,-6.595E2));
#3136=LINE('',#3135,#3134);
#3137=CARTESIAN_POINT('',(-1.526794919243E1,-1.865063509461E1,4.15E2));
#3138=DIRECTION('',(0.E0,0.E0,-1.E0));
#3139=DIRECTION('',(0.E0,-1.E0,0.E0));
#3140=AXIS2_PLACEMENT_3D('',#3137,#3138,#3139);
#3142=DIRECTION('',(0.E0,0.E0,-1.E0));
#3143=VECTOR('',#3142,2.445E2);
#3144=CARTESIAN_POINT('',(-1.526794919243E1,-2.415063509461E1,6.595E2));
#3145=LINE('',#3144,#3143);
#3146=CARTESIAN_POINT('',(-1.526794919243E1,-1.865063509461E1,-4.04E2));
#3147=DIRECTION('',(0.E0,0.E0,-1.E0));
#3148=DIRECTION('',(0.E0,-1.E0,0.E0));
#3149=AXIS2_PLACEMENT_3D('',#3146,#3147,#3148);
#3151=CARTESIAN_POINT('',(-1.526794919243E1,-1.865063509461E1,4.04E2));
#3152=DIRECTION('',(0.E0,0.E0,-1.E0));
#3153=DIRECTION('',(0.E0,-1.E0,0.E0));
#3154=AXIS2_PLACEMENT_3D('',#3151,#3152,#3153);
#3156=DIRECTION('',(0.E0,0.E0,-1.E0));
#3157=VECTOR('',#3156,8.08E2);
#3158=CARTESIAN_POINT('',(-1.526794919243E1,-2.415063509461E1,4.04E2));
#3159=LINE('',#3158,#3157);
#3160=CARTESIAN_POINT('',(-1.526794919243E1,-1.865063509461E1,-4.15E2));
#3161=DIRECTION('',(0.E0,0.E0,-1.E0));
#3162=DIRECTION('',(0.E0,-1.E0,0.E0));
#3163=AXIS2_PLACEMENT_3D('',#3160,#3161,#3162);
#3165=DIRECTION('',(0.E0,0.E0,-1.E0));
#3166=VECTOR('',#3165,2.445E2);
#3167=CARTESIAN_POINT('',(-1.526794919243E1,-2.415063509461E1,-4.15E2));
#3168=LINE('',#3167,#3166);
#3169=DIRECTION('',(-8.660254037844E-1,-5.E-1,0.E0));
#3170=VECTOR('',#3169,2.5E0);
#3171=CARTESIAN_POINT('',(-1.786602540378E1,-2.015063509461E1,4.15E2));
#3172=LINE('',#3171,#3170);
#3173=DIRECTION('',(-8.660254037844E-1,-5.E-1,0.E0));
#3174=VECTOR('',#3173,2.5E0);
#3175=CARTESIAN_POINT('',(-1.903415051736E1,-1.812738304830E1,4.15E2));
#3176=LINE('',#3175,#3174);
#3177=CARTESIAN_POINT('',(-1.903415051736E1,-1.812738304830E1,4.14E2));
#3178=DIRECTION('',(-8.660254037844E-1,-5.E-1,0.E0));
#3179=DIRECTION('',(-2.415845301584E-13,4.192202140985E-13,1.E0));
#3180=AXIS2_PLACEMENT_3D('',#3177,#3178,#3179);
#3182=CARTESIAN_POINT('',(-2.119921402682E1,-1.937738304830E1,4.14E2));
#3183=DIRECTION('',(8.660254037844E-1,5.E-1,0.E0));
#3184=DIRECTION('',(-5.E-1,8.660254037844E-1,6.821210263297E-13));
#3185=AXIS2_PLACEMENT_3D('',#3182,#3183,#3184);
#3187=DIRECTION('',(-8.660254037844E-1,-5.E-1,2.273736754432E-14));
#3188=VECTOR('',#3187,2.5E0);
#3189=CARTESIAN_POINT('',(-1.953415051736E1,-1.726135764452E1,4.14E2));
#3190=LINE('',#3189,#3188);
#3191=DIRECTION('',(-8.660254037844E-1,-5.E-1,0.E0));
#3192=VECTOR('',#3191,2.5E0);
#3193=CARTESIAN_POINT('',(-1.953415051736E1,-1.726135764452E1,4.05E2));
#3194=LINE('',#3193,#3192);
#3195=CARTESIAN_POINT('',(-1.903415051736E1,-1.812738304830E1,4.05E2));
#3196=DIRECTION('',(-8.660254037844E-1,-5.E-1,0.E0));
#3197=DIRECTION('',(-5.E-1,8.660254037844E-1,2.273736754432E-13));
#3198=AXIS2_PLACEMENT_3D('',#3195,#3196,#3197);
#3200=CARTESIAN_POINT('',(-2.119921402682E1,-1.937738304830E1,4.05E2));
#3201=DIRECTION('',(8.660254037844E-1,5.E-1,0.E0));
#3202=DIRECTION('',(2.344791028008E-13,-4.085620730621E-13,-1.E0));
#3203=AXIS2_PLACEMENT_3D('',#3200,#3201,#3202);
#3205=DIRECTION('',(-8.660254037844E-1,-5.E-1,0.E0));
#3206=VECTOR('',#3205,2.5E0);
#3207=CARTESIAN_POINT('',(-1.903415051736E1,-1.812738304830E1,4.04E2));
#3208=LINE('',#3207,#3206);
#3209=DIRECTION('',(-8.660254037844E-1,-5.E-1,2.273736754432E-14));
#3210=VECTOR('',#3209,2.5E0);
#3211=CARTESIAN_POINT('',(-1.786602540378E1,-2.015063509461E1,4.04E2));
#3212=LINE('',#3211,#3210);
#3213=DIRECTION('',(0.E0,-1.E0,-2.273736754432E-14));
#3214=VECTOR('',#3213,2.5E0);
#3215=CARTESIAN_POINT('',(-1.526794919243E1,-2.165063509461E1,4.04E2));
#3216=LINE('',#3215,#3214);
#3217=DIRECTION('',(0.E0,-1.E0,0.E0));
#3218=VECTOR('',#3217,2.5E0);
#3219=CARTESIAN_POINT('',(-1.292335341539E1,-2.165063509461E1,4.04E2));
#3220=LINE('',#3219,#3218);
#3221=CARTESIAN_POINT('',(-1.292335341539E1,-2.165063509461E1,4.05E2));
#3222=DIRECTION('',(0.E0,-1.E0,0.E0));
#3223=DIRECTION('',(-1.030286966852E-13,0.E0,-1.E0));
#3224=AXIS2_PLACEMENT_3D('',#3221,#3222,#3223);
#3226=CARTESIAN_POINT('',(-1.292335341539E1,-2.415063509461E1,4.05E2));
#3227=DIRECTION('',(0.E0,1.E0,0.E0));
#3228=DIRECTION('',(1.E0,0.E0,5.684341886081E-14));
#3229=AXIS2_PLACEMENT_3D('',#3226,#3227,#3228);
#3231=DIRECTION('',(0.E0,-1.E0,0.E0));
#3232=VECTOR('',#3231,2.5E0);
#3233=CARTESIAN_POINT('',(-1.192335341539E1,-2.165063509461E1,4.05E2));
#3234=LINE('',#3233,#3232);
#3235=DIRECTION('',(0.E0,-1.E0,0.E0));
#3236=VECTOR('',#3235,2.5E0);
#3237=CARTESIAN_POINT('',(-1.192335341539E1,-2.165063509461E1,4.14E2));
#3238=LINE('',#3237,#3236);
#3239=CARTESIAN_POINT('',(-1.292335341539E1,-2.165063509461E1,4.14E2));
#3240=DIRECTION('',(0.E0,-1.E0,0.E0));
#3241=DIRECTION('',(1.E0,0.E0,5.684341886081E-13));
#3242=AXIS2_PLACEMENT_3D('',#3239,#3240,#3241);
#3244=CARTESIAN_POINT('',(-1.292335341539E1,-2.415063509461E1,4.14E2));
#3245=DIRECTION('',(0.E0,1.E0,0.E0));
#3246=DIRECTION('',(3.375077994860E-14,0.E0,1.E0));
#3247=AXIS2_PLACEMENT_3D('',#3244,#3245,#3246);
#3249=DIRECTION('',(0.E0,-1.E0,0.E0));
#3250=VECTOR('',#3249,2.5E0);
#3251=CARTESIAN_POINT('',(-1.292335341539E1,-2.165063509461E1,4.15E2));
#3252=LINE('',#3251,#3250);
#3253=DIRECTION('',(0.E0,-1.E0,0.E0));
#3254=VECTOR('',#3253,2.5E0);
#3255=CARTESIAN_POINT('',(-1.526794919243E1,-2.165063509461E1,4.15E2));
#3256=LINE('',#3255,#3254);
#3257=DIRECTION('',(-8.660254037844E-1,-5.E-1,0.E0));
#3258=VECTOR('',#3257,2.5E0);
#3259=CARTESIAN_POINT('',(-1.786602540378E1,-2.015063509461E1,-4.04E2));
#3260=LINE('',#3259,#3258);
#3261=DIRECTION('',(-8.660254037844E-1,-5.E-1,0.E0));
#3262=VECTOR('',#3261,2.5E0);
#3263=CARTESIAN_POINT('',(-1.903415051736E1,-1.812738304830E1,-4.04E2));
#3264=LINE('',#3263,#3262);
#3265=CARTESIAN_POINT('',(-1.903415051736E1,-1.812738304830E1,-4.05E2));
#3266=DIRECTION('',(-8.660254037844E-1,-5.E-1,0.E0));
#3267=DIRECTION('',(-8.704148513061E-13,1.506350599811E-12,1.E0));
#3268=AXIS2_PLACEMENT_3D('',#3265,#3266,#3267);
#3270=CARTESIAN_POINT('',(-2.119921402682E1,-1.937738304830E1,-4.05E2));
#3271=DIRECTION('',(8.660254037844E-1,5.E-1,0.E0));
#3272=DIRECTION('',(-5.E-1,8.660254037844E-1,4.547473508865E-13));
#3273=AXIS2_PLACEMENT_3D('',#3270,#3271,#3272);
#3275=DIRECTION('',(-8.660254037844E-1,-5.E-1,0.E0));
#3276=VECTOR('',#3275,2.5E0);
#3277=CARTESIAN_POINT('',(-1.953415051736E1,-1.726135764452E1,-4.05E2));
#3278=LINE('',#3277,#3276);
#3279=DIRECTION('',(-8.660254037844E-1,-5.E-1,0.E0));
#3280=VECTOR('',#3279,2.5E0);
#3281=CARTESIAN_POINT('',(-1.953415051736E1,-1.726135764452E1,-4.14E2));
#3282=LINE('',#3281,#3280);
#3283=CARTESIAN_POINT('',(-1.903415051736E1,-1.812738304830E1,-4.14E2));
#3284=DIRECTION('',(-8.660254037844E-1,-5.E-1,0.E0));
#3285=DIRECTION('',(-5.E-1,8.660254037844E-1,4.547473508865E-13));
#3286=AXIS2_PLACEMENT_3D('',#3283,#3284,#3285);
#3288=CARTESIAN_POINT('',(-2.119921402682E1,-1.937738304830E1,-4.14E2));
#3289=DIRECTION('',(8.660254037844E-1,5.E-1,0.E0));
#3290=DIRECTION('',(8.206768598029E-13,-1.421085471520E-12,-1.E0));
#3291=AXIS2_PLACEMENT_3D('',#3288,#3289,#3290);
#3293=DIRECTION('',(-8.660254037844E-1,-5.E-1,0.E0));
#3294=VECTOR('',#3293,2.5E0);
#3295=CARTESIAN_POINT('',(-1.903415051736E1,-1.812738304830E1,-4.15E2));
#3296=LINE('',#3295,#3294);
#3297=DIRECTION('',(-8.660254037844E-1,-5.E-1,0.E0));
#3298=VECTOR('',#3297,2.5E0);
#3299=CARTESIAN_POINT('',(-1.786602540378E1,-2.015063509461E1,-4.15E2));
#3300=LINE('',#3299,#3298);
#3301=DIRECTION('',(0.E0,-1.E0,0.E0));
#3302=VECTOR('',#3301,2.5E0);
#3303=CARTESIAN_POINT('',(-1.292335341539E1,-2.165063509461E1,-4.04E2));
#3304=LINE('',#3303,#3302);
#3305=DIRECTION('',(0.E0,-1.E0,0.E0));
#3306=VECTOR('',#3305,2.5E0);
#3307=CARTESIAN_POINT('',(-1.526794919243E1,-2.165063509461E1,-4.04E2));
#3308=LINE('',#3307,#3306);
#3309=CARTESIAN_POINT('',(-1.292335341539E1,-2.165063509461E1,-4.05E2));
#3310=DIRECTION('',(0.E0,-1.E0,0.E0));
#3311=DIRECTION('',(1.E0,0.E0,0.E0));
#3312=AXIS2_PLACEMENT_3D('',#3309,#3310,#3311);
#3314=CARTESIAN_POINT('',(-1.292335341539E1,-2.415063509461E1,-4.05E2));
#3315=DIRECTION('',(0.E0,1.E0,0.E0));
#3316=DIRECTION('',(0.E0,0.E0,1.E0));
#3317=AXIS2_PLACEMENT_3D('',#3314,#3315,#3316);
#3319=DIRECTION('',(0.E0,-1.E0,0.E0));
#3320=VECTOR('',#3319,2.5E0);
#3321=CARTESIAN_POINT('',(-1.192335341539E1,-2.165063509461E1,-4.05E2));
#3322=LINE('',#3321,#3320);
#3323=DIRECTION('',(0.E0,-1.E0,0.E0));
#3324=VECTOR('',#3323,2.5E0);
#3325=CARTESIAN_POINT('',(-1.192335341539E1,-2.165063509461E1,-4.14E2));
#3326=LINE('',#3325,#3324);
#3327=CARTESIAN_POINT('',(1.526794919243E1,-1.865063509461E1,-4.15E2));
#3328=DIRECTION('',(0.E0,0.E0,-1.E0));
#3329=DIRECTION('',(8.660254037844E-1,-5.E-1,0.E0));
#3330=AXIS2_PLACEMENT_3D('',#3327,#3328,#3329);
#3332=DIRECTION('',(0.E0,0.E0,-1.E0));
#3333=VECTOR('',#3332,2.445E2);
#3334=CARTESIAN_POINT('',(2.003108891325E1,-2.140063509461E1,-4.15E2));
#3335=LINE('',#3334,#3333);
#3336=CARTESIAN_POINT('',(1.526794919243E1,-1.865063509461E1,4.15E2));
#3337=DIRECTION('',(0.E0,0.E0,-1.E0));
#3338=DIRECTION('',(8.660254037844E-1,-5.E-1,0.E0));
#3339=AXIS2_PLACEMENT_3D('',#3336,#3337,#3338);
#3341=DIRECTION('',(0.E0,0.E0,-1.E0));
#3342=VECTOR('',#3341,2.445E2);
#3343=CARTESIAN_POINT('',(2.003108891325E1,-2.140063509461E1,6.595E2));
#3344=LINE('',#3343,#3342);
#3345=CARTESIAN_POINT('',(1.526794919243E1,-1.865063509461E1,4.04E2));
#3346=DIRECTION('',(0.E0,0.E0,-1.E0));
#3347=DIRECTION('',(8.660254037844E-1,-5.E-1,0.E0));
#3348=AXIS2_PLACEMENT_3D('',#3345,#3346,#3347);
#3350=DIRECTION('',(0.E0,0.E0,-1.E0));
#3351=VECTOR('',#3350,8.08E2);
#3352=CARTESIAN_POINT('',(2.003108891325E1,-2.140063509461E1,4.04E2));
#3353=LINE('',#3352,#3351);
#3354=CARTESIAN_POINT('',(1.526794919243E1,-1.865063509461E1,-4.04E2));
#3355=DIRECTION('',(0.E0,0.E0,-1.E0));
#3356=DIRECTION('',(8.660254037844E-1,-5.E-1,0.E0));
#3357=AXIS2_PLACEMENT_3D('',#3354,#3355,#3356);
#3359=DIRECTION('',(0.E0,-1.E0,0.E0));
#3360=VECTOR('',#3359,2.5E0);
#3361=CARTESIAN_POINT('',(1.526794919243E1,-2.165063509461E1,4.15E2));
#3362=LINE('',#3361,#3360);
#3363=DIRECTION('',(0.E0,-1.E0,0.E0));
#3364=VECTOR('',#3363,2.5E0);
#3365=CARTESIAN_POINT('',(1.187664658461E1,-2.165063509461E1,4.15E2));
#3366=LINE('',#3365,#3364);
#3367=DIRECTION('',(0.E0,-1.E0,0.E0));
#3368=VECTOR('',#3367,2.5E0);
#3369=CARTESIAN_POINT('',(1.187664658461E1,-2.165063509461E1,4.04E2));
#3370=LINE('',#3369,#3368);
#3371=DIRECTION('',(0.E0,-1.E0,0.E0));
#3372=VECTOR('',#3371,2.5E0);
#3373=CARTESIAN_POINT('',(1.526794919243E1,-2.165063509461E1,4.04E2));
#3374=LINE('',#3373,#3372);
#3375=DIRECTION('',(8.660254037844E-1,-5.E-1,0.E0));
#3376=VECTOR('',#3375,2.5E0);
#3377=CARTESIAN_POINT('',(1.786602540378E1,-2.015063509461E1,4.15E2));
#3378=LINE('',#3377,#3376);
#3379=DIRECTION('',(8.660254037844E-1,-5.E-1,0.E0));
#3380=VECTOR('',#3379,2.5E0);
#3381=CARTESIAN_POINT('',(1.951079710197E1,-1.730180694650E1,4.15E2));
#3382=LINE('',#3381,#3380);
#3383=CARTESIAN_POINT('',(1.526794919243E1,-1.865063509461E1,6.595E2));
#3384=DIRECTION('',(0.E0,0.E0,-1.E0));
#3385=DIRECTION('',(8.660254037844E-1,-5.E-1,0.E0));
#3386=AXIS2_PLACEMENT_3D('',#3383,#3384,#3385);
#3388=DIRECTION('',(8.660254037844E-1,-5.E-1,0.E0));
#3389=VECTOR('',#3388,2.5E0);
#3390=CARTESIAN_POINT('',(1.786602540378E1,-2.015063509461E1,6.595E2));
#3391=LINE('',#3390,#3389);
#3392=CARTESIAN_POINT('',(1.526794919243E1,-1.865063509461E1,6.595E2));
#3393=DIRECTION('',(0.E0,0.E0,-1.E0));
#3394=DIRECTION('',(8.660254037844E-1,-5.E-1,0.E0));
#3395=AXIS2_PLACEMENT_3D('',#3392,#3393,#3394);
#3397=DIRECTION('',(-5.E-1,-8.660254037844E-1,0.E0));
#3398=VECTOR('',#3397,2.009252271189E1);
#3399=CARTESIAN_POINT('',(2.791228675973E1,-2.75E0,6.595E2));
#3400=LINE('',#3399,#3398);
#3401=DIRECTION('',(8.660254037844E-1,-5.E-1,0.E0));
#3402=VECTOR('',#3401,2.5E0);
#3403=CARTESIAN_POINT('',(2.791228675973E1,-2.75E0,6.595E2));
#3404=LINE('',#3403,#3402);
#3405=DIRECTION('',(-5.E-1,-8.660254037844E-1,0.E0));
#3406=VECTOR('',#3405,2.009252271189E1);
#3407=CARTESIAN_POINT('',(3.007735026919E1,-4.E0,6.595E2));
#3408=LINE('',#3407,#3406);
#3409=CARTESIAN_POINT('',(3.267542648054E1,-5.5E0,6.595E2));
#3410=DIRECTION('',(0.E0,0.E0,1.E0));
#3411=DIRECTION('',(0.E0,1.E0,0.E0));
#3412=AXIS2_PLACEMENT_3D('',#3409,#3410,#3411);
#3414=DIRECTION('',(0.E0,-1.E0,0.E0));
#3415=VECTOR('',#3414,2.5E0);
#3416=CARTESIAN_POINT('',(3.267542648054E1,-8.062410237104E-14,6.595E2));
#3417=LINE('',#3416,#3415);
#3418=CARTESIAN_POINT('',(3.267542648054E1,-5.5E0,6.595E2));
#3419=DIRECTION('',(0.E0,0.E0,1.E0));
#3420=DIRECTION('',(0.E0,1.E0,0.E0));
#3421=AXIS2_PLACEMENT_3D('',#3418,#3419,#3420);
#3423=DIRECTION('',(0.E0,1.E0,0.E0));
#3424=VECTOR('',#3423,2.5E0);
#3425=CARTESIAN_POINT('',(5.95E1,-2.5E0,6.595E2));
#3426=LINE('',#3425,#3424);
#3427=DIRECTION('',(-1.E0,0.E0,0.E0));
#3428=VECTOR('',#3427,2.682457351946E1);
#3429=CARTESIAN_POINT('',(5.95E1,-2.5E0,6.595E2));
#3430=LINE('',#3429,#3428);
#3431=DIRECTION('',(-1.E0,0.E0,0.E0));
#3432=VECTOR('',#3431,2.682457351946E1);
#3433=CARTESIAN_POINT('',(5.95E1,-9.916141981610E-14,6.595E2));
#3434=LINE('',#3433,#3432);
#3435=DIRECTION('',(0.E0,1.E0,0.E0));
#3436=VECTOR('',#3435,2.5E0);
#3437=CARTESIAN_POINT('',(6.05E1,-2.5E0,-6.585E2));
#3438=LINE('',#3437,#3436);
#3439=DIRECTION('',(0.E0,1.E0,0.E0));
#3440=VECTOR('',#3439,2.5E0);
#3441=CARTESIAN_POINT('',(6.05E1,-2.5E0,6.585E2));
#3442=LINE('',#3441,#3440);
#3443=DIRECTION('',(-1.E0,0.E0,0.E0));
#3444=VECTOR('',#3443,3.053589838486E1);
#3445=CARTESIAN_POINT('',(1.526794919243E1,-2.165063509461E1,6.595E2));
#3446=LINE('',#3445,#3444);
#3447=DIRECTION('',(0.E0,-1.E0,0.E0));
#3448=VECTOR('',#3447,2.5E0);
#3449=CARTESIAN_POINT('',(1.526794919243E1,-2.165063509461E1,6.595E2));
#3450=LINE('',#3449,#3448);
#3451=DIRECTION('',(-1.E0,0.E0,0.E0));
#3452=VECTOR('',#3451,3.053589838486E1);
#3453=CARTESIAN_POINT('',(1.526794919243E1,-2.415063509461E1,6.595E2));
#3454=LINE('',#3453,#3452);
#3455=DIRECTION('',(0.E0,-1.E0,0.E0));
#3456=VECTOR('',#3455,2.5E0);
#3457=CARTESIAN_POINT('',(1.526794919243E1,-2.165063509461E1,-4.04E2));
#3458=LINE('',#3457,#3456);
#3459=DIRECTION('',(8.660254037844E-1,-5.E-1,0.E0));
#3460=VECTOR('',#3459,2.5E0);
#3461=CARTESIAN_POINT('',(1.901079710197E1,-1.816783235028E1,-4.04E2));
#3462=LINE('',#3461,#3460);
#3463=DIRECTION('',(8.660254037844E-1,-5.E-1,0.E0));
#3464=VECTOR('',#3463,2.5E0);
#3465=CARTESIAN_POINT('',(1.786602540378E1,-2.015063509461E1,-4.04E2));
#3466=LINE('',#3465,#3464);
#3467=CARTESIAN_POINT('',(1.901079710197E1,-1.816783235028E1,-4.05E2));
#3468=DIRECTION('',(8.660254037844E-1,-5.E-1,0.E0));
#3469=DIRECTION('',(5.E-1,8.660254037844E-1,2.273736754432E-13));
#3470=AXIS2_PLACEMENT_3D('',#3467,#3468,#3469);
#3472=CARTESIAN_POINT('',(2.117586061143E1,-1.941783235028E1,-4.05E2));
#3473=DIRECTION('',(-8.660254037844E-1,5.E-1,0.E0));
#3474=DIRECTION('',(4.227729277773E-13,7.318590178329E-13,1.E0));
#3475=AXIS2_PLACEMENT_3D('',#3472,#3473,#3474);
#3477=DIRECTION('',(8.660254037844E-1,-5.E-1,-2.273736754432E-14));
#3478=VECTOR('',#3477,2.5E0);
#3479=CARTESIAN_POINT('',(1.951079710197E1,-1.730180694650E1,-4.14E2));
#3480=LINE('',#3479,#3478);
#3481=DIRECTION('',(8.660254037844E-1,-5.E-1,0.E0));
#3482=VECTOR('',#3481,2.5E0);
#3483=CARTESIAN_POINT('',(1.951079710197E1,-1.730180694650E1,-4.05E2));
#3484=LINE('',#3483,#3482);
#3485=CARTESIAN_POINT('',(1.901079710197E1,-1.816783235028E1,-4.14E2));
#3486=DIRECTION('',(8.660254037844E-1,-5.E-1,0.E0));
#3487=DIRECTION('',(-4.263256414561E-13,-7.389644451905E-13,-1.E0));
#3488=AXIS2_PLACEMENT_3D('',#3485,#3486,#3487);
#3490=CARTESIAN_POINT('',(2.117586061143E1,-1.941783235028E1,-4.14E2));
#3491=DIRECTION('',(-8.660254037844E-1,5.E-1,0.E0));
#3492=DIRECTION('',(5.E-1,8.660254037844E-1,2.273736754432E-13));
#3493=AXIS2_PLACEMENT_3D('',#3490,#3491,#3492);
#3495=DIRECTION('',(8.660254037844E-1,-5.E-1,0.E0));
#3496=VECTOR('',#3495,2.5E0);
#3497=CARTESIAN_POINT('',(1.901079710197E1,-1.816783235028E1,-4.15E2));
#3498=LINE('',#3497,#3496);
#3499=DIRECTION('',(0.E0,-1.E0,0.E0));
#3500=VECTOR('',#3499,2.5E0);
#3501=CARTESIAN_POINT('',(3.495329316923E1,-8.626580262207E-14,-5.65E2));
#3502=LINE('',#3501,#3500);
#3503=CARTESIAN_POINT('',(3.495329316923E1,-8.526512829121E-14,-5.64E2));
#3504=DIRECTION('',(0.E0,-1.E0,0.E0));
#3505=DIRECTION('',(-1.421085471520E-14,0.E0,-1.E0));
#3506=AXIS2_PLACEMENT_3D('',#3503,#3504,#3505);
#3508=CARTESIAN_POINT('',(3.495329316923E1,-2.5E0,-5.64E2));
#3509=DIRECTION('',(0.E0,1.E0,0.E0));
#3510=DIRECTION('',(1.E0,0.E0,0.E0));
#3511=AXIS2_PLACEMENT_3D('',#3508,#3509,#3510);
#3513=DIRECTION('',(0.E0,-1.E0,0.E0));
#3514=VECTOR('',#3513,2.5E0);
#3515=CARTESIAN_POINT('',(3.595329316923E1,-8.598824686592E-14,-5.64E2));
#3516=LINE('',#3515,#3514);
#3517=DIRECTION('',(0.E0,-1.E0,0.E0));
#3518=VECTOR('',#3517,2.5E0);
#3519=CARTESIAN_POINT('',(3.595329316923E1,-8.598824686592E-14,-5.55E2));
#3520=LINE('',#3519,#3518);
#3521=CARTESIAN_POINT('',(3.495329316923E1,-8.526512829121E-14,-5.55E2));
#3522=DIRECTION('',(0.E0,-1.E0,0.E0));
#3523=DIRECTION('',(1.E0,0.E0,-1.136868377216E-13));
#3524=AXIS2_PLACEMENT_3D('',#3521,#3522,#3523);
#3526=CARTESIAN_POINT('',(3.495329316923E1,-2.5E0,-5.55E2));
#3527=DIRECTION('',(0.E0,1.E0,0.E0));
#3528=DIRECTION('',(5.684341886081E-14,0.E0,1.E0));
#3529=AXIS2_PLACEMENT_3D('',#3526,#3527,#3528);
#3531=DIRECTION('',(0.E0,-1.E0,0.E0));
#3532=VECTOR('',#3531,2.5E0);
#3533=CARTESIAN_POINT('',(3.495329316923E1,-8.626580262207E-14,-5.54E2));
#3534=LINE('',#3533,#3532);
#3535=DIRECTION('',(0.E0,-1.E0,0.E0));
#3536=VECTOR('',#3535,2.5E0);
#3537=CARTESIAN_POINT('',(3.267542648054E1,-8.023552431242E-14,-5.54E2));
#3538=LINE('',#3537,#3536);
#3539=DIRECTION('',(8.660254037844E-1,-5.E-1,0.E0));
#3540=VECTOR('',#3539,2.5E0);
#3541=CARTESIAN_POINT('',(2.791228675973E1,-2.75E0,-5.54E2));
#3542=LINE('',#3541,#3540);
#3543=DIRECTION('',(0.E0,-1.E0,4.547473508865E-14));
#3544=VECTOR('',#3543,2.5E0);
#3545=CARTESIAN_POINT('',(3.595329316923E1,-8.598824686592E-14,5.55E2));
#3546=LINE('',#3545,#3544);
#3547=DIRECTION('',(0.E0,-1.E0,4.547473508865E-14));
#3548=VECTOR('',#3547,2.5E0);
#3549=CARTESIAN_POINT('',(3.595329316923E1,-8.598824686592E-14,5.64E2));
#3550=LINE('',#3549,#3548);
#3551=CARTESIAN_POINT('',(3.495329316923E1,-8.526512829121E-14,5.64E2));
#3552=DIRECTION('',(0.E0,-1.E0,0.E0));
#3553=DIRECTION('',(1.E0,0.E0,6.821210263297E-13));
#3554=AXIS2_PLACEMENT_3D('',#3551,#3552,#3553);
#3556=CARTESIAN_POINT('',(3.495329316923E1,-2.5E0,5.64E2));
#3557=DIRECTION('',(0.E0,1.E0,0.E0));
#3558=DIRECTION('',(5.684341886081E-14,0.E0,1.E0));
#3559=AXIS2_PLACEMENT_3D('',#3556,#3557,#3558);
#3561=DIRECTION('',(0.E0,-1.E0,0.E0));
#3562=VECTOR('',#3561,2.5E0);
#3563=CARTESIAN_POINT('',(3.495329316923E1,-8.626580262207E-14,5.65E2));
#3564=LINE('',#3563,#3562);
#3565=DIRECTION('',(0.E0,-1.E0,0.E0));
#3566=VECTOR('',#3565,2.5E0);
#3567=CARTESIAN_POINT('',(3.267542648054E1,-8.023552431242E-14,5.65E2));
#3568=LINE('',#3567,#3566);
#3569=CARTESIAN_POINT('',(2.791228675973E1,-2.75E0,6.595E2));
#3570=CARTESIAN_POINT('',(1.786602540378E1,-2.015063509461E1,6.595E2));
#3571=VERTEX_POINT('',#3569);
#3572=VERTEX_POINT('',#3570);
#3573=CARTESIAN_POINT('',(1.526794919243E1,-2.165063509461E1,6.595E2));
#3574=CARTESIAN_POINT('',(-1.526794919243E1,-2.165063509461E1,6.595E2));
#3575=VERTEX_POINT('',#3573);
#3576=VERTEX_POINT('',#3574);
#3577=CARTESIAN_POINT('',(-1.786602540378E1,-2.015063509461E1,6.595E2));
#3578=CARTESIAN_POINT('',(-2.791228675973E1,-2.75E0,6.595E2));
#3579=VERTEX_POINT('',#3577);
#3580=VERTEX_POINT('',#3578);
#3581=CARTESIAN_POINT('',(2.791228675973E1,-2.75E0,-6.595E2));
#3582=CARTESIAN_POINT('',(1.786602540378E1,-2.015063509461E1,-6.595E2));
#3583=VERTEX_POINT('',#3581);
#3584=VERTEX_POINT('',#3582);
#3585=CARTESIAN_POINT('',(1.526794919243E1,-2.165063509461E1,-6.595E2));
#3586=CARTESIAN_POINT('',(-1.526794919243E1,-2.165063509461E1,-6.595E2));
#3587=VERTEX_POINT('',#3585);
#3588=VERTEX_POINT('',#3586);
#3589=CARTESIAN_POINT('',(-1.786602540378E1,-2.015063509461E1,-6.595E2));
#3590=CARTESIAN_POINT('',(-2.791228675973E1,-2.75E0,-6.595E2));
#3591=VERTEX_POINT('',#3589);
#3592=VERTEX_POINT('',#3590);
#3593=CARTESIAN_POINT('',(3.007735026919E1,-4.E0,6.595E2));
#3594=CARTESIAN_POINT('',(2.003108891325E1,-2.140063509461E1,6.595E2));
#3595=VERTEX_POINT('',#3593);
#3596=VERTEX_POINT('',#3594);
#3597=CARTESIAN_POINT('',(1.526794919243E1,-2.415063509461E1,6.595E2));
#3598=CARTESIAN_POINT('',(-1.526794919243E1,-2.415063509461E1,6.595E2));
#3599=VERTEX_POINT('',#3597);
#3600=VERTEX_POINT('',#3598);
#3601=CARTESIAN_POINT('',(-2.003108891325E1,-2.140063509461E1,6.595E2));
#3602=CARTESIAN_POINT('',(-3.007735026919E1,-4.E0,6.595E2));
#3603=VERTEX_POINT('',#3601);
#3604=VERTEX_POINT('',#3602);
#3605=CARTESIAN_POINT('',(3.007735026919E1,-4.E0,-6.595E2));
#3606=CARTESIAN_POINT('',(2.003108891325E1,-2.140063509461E1,-6.595E2));
#3607=VERTEX_POINT('',#3605);
#3608=VERTEX_POINT('',#3606);
#3609=CARTESIAN_POINT('',(1.526794919243E1,-2.415063509461E1,-6.595E2));
#3610=CARTESIAN_POINT('',(-1.526794919243E1,-2.415063509461E1,-6.595E2));
#3611=VERTEX_POINT('',#3609);
#3612=VERTEX_POINT('',#3610);
#3613=CARTESIAN_POINT('',(-2.003108891325E1,-2.140063509461E1,-6.595E2));
#3614=CARTESIAN_POINT('',(-3.007735026919E1,-4.E0,-6.595E2));
#3615=VERTEX_POINT('',#3613);
#3616=VERTEX_POINT('',#3614);
#3617=CARTESIAN_POINT('',(-3.85E1,0.E0,3.145E2));
#3618=CARTESIAN_POINT('',(-3.85E1,-2.5E0,3.145E2));
#3619=VERTEX_POINT('',#3617);
#3620=VERTEX_POINT('',#3618);
#3621=CARTESIAN_POINT('',(-3.95E1,0.E0,3.155E2));
#3622=CARTESIAN_POINT('',(-3.95E1,-2.5E0,3.155E2));
#3623=VERTEX_POINT('',#3621);
#3624=VERTEX_POINT('',#3622);
#3625=CARTESIAN_POINT('',(4.95E1,-9.298117831236E-14,3.145E2));
#3626=CARTESIAN_POINT('',(4.95E1,-2.5E0,3.145E2));
#3627=VERTEX_POINT('',#3625);
#3628=VERTEX_POINT('',#3626);
#3629=CARTESIAN_POINT('',(4.85E1,-9.311070433190E-14,3.155E2));
#3630=CARTESIAN_POINT('',(4.85E1,-2.5E0,3.155E2));
#3631=VERTEX_POINT('',#3629);
#3632=VERTEX_POINT('',#3630);
#3633=CARTESIAN_POINT('',(3.95E1,-9.013160588249E-14,3.155E2));
#3634=CARTESIAN_POINT('',(3.95E1,-2.5E0,3.155E2));
#3635=VERTEX_POINT('',#3633);
#3636=VERTEX_POINT('',#3634);
#3637=CARTESIAN_POINT('',(3.85E1,-8.974302782387E-14,3.145E2));
#3638=CARTESIAN_POINT('',(3.85E1,-2.5E0,3.145E2));
#3639=VERTEX_POINT('',#3637);
#3640=VERTEX_POINT('',#3638);
#3641=CARTESIAN_POINT('',(3.85E1,-8.974302782387E-14,3.055E2));
#3642=CARTESIAN_POINT('',(3.85E1,-2.5E0,3.055E2));
#3643=VERTEX_POINT('',#3641);
#3644=VERTEX_POINT('',#3642);
#3645=CARTESIAN_POINT('',(3.95E1,-9.013160588249E-14,3.045E2));
#3646=CARTESIAN_POINT('',(3.95E1,-2.5E0,3.045E2));
#3647=VERTEX_POINT('',#3645);
#3648=VERTEX_POINT('',#3646);
#3649=CARTESIAN_POINT('',(4.85E1,-9.311070433190E-14,3.045E2));
#3650=CARTESIAN_POINT('',(4.85E1,-2.5E0,3.045E2));
#3651=VERTEX_POINT('',#3649);
#3652=VERTEX_POINT('',#3650);
#3653=CARTESIAN_POINT('',(4.95E1,-9.298117831236E-14,3.055E2));
#3654=CARTESIAN_POINT('',(4.95E1,-2.5E0,3.055E2));
#3655=VERTEX_POINT('',#3653);
#3656=VERTEX_POINT('',#3654);
#3657=CARTESIAN_POINT('',(4.85E1,-9.311070433190E-14,2.34E2));
#3658=CARTESIAN_POINT('',(4.85E1,-2.5E0,2.34E2));
#3659=VERTEX_POINT('',#3657);
#3660=VERTEX_POINT('',#3658);
#3661=CARTESIAN_POINT('',(4.95E1,-9.298117831236E-14,2.35E2));
#3662=CARTESIAN_POINT('',(4.95E1,-2.5E0,2.35E2));
#3663=VERTEX_POINT('',#3661);
#3664=VERTEX_POINT('',#3662);
#3665=CARTESIAN_POINT('',(3.85E1,-8.974302782387E-14,2.35E2));
#3666=CARTESIAN_POINT('',(3.85E1,-2.5E0,2.35E2));
#3667=VERTEX_POINT('',#3665);
#3668=VERTEX_POINT('',#3666);
#3669=CARTESIAN_POINT('',(3.95E1,-9.013160588249E-14,2.34E2));
#3670=CARTESIAN_POINT('',(3.95E1,-2.5E0,2.34E2));
#3671=VERTEX_POINT('',#3669);
#3672=VERTEX_POINT('',#3670);
#3673=CARTESIAN_POINT('',(3.95E1,-9.013160588249E-14,2.45E2));
#3674=CARTESIAN_POINT('',(3.95E1,-2.5E0,2.45E2));
#3675=VERTEX_POINT('',#3673);
#3676=VERTEX_POINT('',#3674);
#3677=CARTESIAN_POINT('',(3.85E1,-8.974302782387E-14,2.44E2));
#3678=CARTESIAN_POINT('',(3.85E1,-2.5E0,2.44E2));
#3679=VERTEX_POINT('',#3677);
#3680=VERTEX_POINT('',#3678);
#3681=CARTESIAN_POINT('',(4.95E1,-9.298117831236E-14,2.44E2));
#3682=CARTESIAN_POINT('',(4.95E1,-2.5E0,2.44E2));
#3683=VERTEX_POINT('',#3681);
#3684=VERTEX_POINT('',#3682);
#3685=CARTESIAN_POINT('',(4.85E1,-9.311070433190E-14,2.45E2));
#3686=CARTESIAN_POINT('',(4.85E1,-2.5E0,2.45E2));
#3687=VERTEX_POINT('',#3685);
#3688=VERTEX_POINT('',#3686);
#3689=CARTESIAN_POINT('',(-3.85E1,0.E0,2.44E2));
#3690=CARTESIAN_POINT('',(-3.85E1,-2.5E0,2.44E2));
#3691=VERTEX_POINT('',#3689);
#3692=VERTEX_POINT('',#3690);
#3693=CARTESIAN_POINT('',(-3.95E1,0.E0,2.45E2));
#3694=CARTESIAN_POINT('',(-3.95E1,-2.5E0,2.45E2));
#3695=VERTEX_POINT('',#3693);
#3696=VERTEX_POINT('',#3694);
#3697=CARTESIAN_POINT('',(-4.85E1,-1.424144278306E-14,2.45E2));
#3698=CARTESIAN_POINT('',(-4.85E1,-2.5E0,2.45E2));
#3699=VERTEX_POINT('',#3697);
#3700=VERTEX_POINT('',#3698);
#3701=CARTESIAN_POINT('',(-4.95E1,-1.483877670352E-14,2.44E2));
#3702=CARTESIAN_POINT('',(-4.95E1,-2.5E0,2.44E2));
#3703=VERTEX_POINT('',#3701);
#3704=VERTEX_POINT('',#3702);
#3705=CARTESIAN_POINT('',(-4.95E1,-1.483877670352E-14,2.35E2));
#3706=CARTESIAN_POINT('',(-4.95E1,-2.5E0,2.35E2));
#3707=VERTEX_POINT('',#3705);
#3708=VERTEX_POINT('',#3706);
#3709=CARTESIAN_POINT('',(-4.85E1,-1.424144278306E-14,2.34E2));
#3710=CARTESIAN_POINT('',(-4.85E1,-2.5E0,2.34E2));
#3711=VERTEX_POINT('',#3709);
#3712=VERTEX_POINT('',#3710);
#3713=CARTESIAN_POINT('',(-3.95E1,0.E0,2.34E2));
#3714=CARTESIAN_POINT('',(-3.95E1,-2.5E0,2.34E2));
#3715=VERTEX_POINT('',#3713);
#3716=VERTEX_POINT('',#3714);
#3717=CARTESIAN_POINT('',(-3.85E1,0.E0,2.35E2));
#3718=CARTESIAN_POINT('',(-3.85E1,-2.5E0,2.35E2));
#3719=VERTEX_POINT('',#3717);
#3720=VERTEX_POINT('',#3718);
#3721=CARTESIAN_POINT('',(4.85E1,-9.311070433190E-14,-5.5E0));
#3722=CARTESIAN_POINT('',(4.85E1,-2.5E0,-5.5E0));
#3723=VERTEX_POINT('',#3721);
#3724=VERTEX_POINT('',#3722);
#3725=CARTESIAN_POINT('',(4.95E1,-9.298117831236E-14,-4.5E0));
#3726=CARTESIAN_POINT('',(4.95E1,-2.5E0,-4.5E0));
#3727=VERTEX_POINT('',#3725);
#3728=VERTEX_POINT('',#3726);
#3729=CARTESIAN_POINT('',(3.85E1,-8.974302782387E-14,-4.5E0));
#3730=CARTESIAN_POINT('',(3.85E1,-2.5E0,-4.5E0));
#3731=VERTEX_POINT('',#3729);
#3732=VERTEX_POINT('',#3730);
#3733=CARTESIAN_POINT('',(3.95E1,-9.013160588249E-14,-5.5E0));
#3734=CARTESIAN_POINT('',(3.95E1,-2.5E0,-5.5E0));
#3735=VERTEX_POINT('',#3733);
#3736=VERTEX_POINT('',#3734);
#3737=CARTESIAN_POINT('',(3.95E1,-9.013160588249E-14,5.500000000001E0));
#3738=CARTESIAN_POINT('',(3.95E1,-2.5E0,5.500000000001E0));
#3739=VERTEX_POINT('',#3737);
#3740=VERTEX_POINT('',#3738);
#3741=CARTESIAN_POINT('',(3.85E1,-8.974302782387E-14,4.500000000001E0));
#3742=CARTESIAN_POINT('',(3.85E1,-2.5E0,4.500000000001E0));
#3743=VERTEX_POINT('',#3741);
#3744=VERTEX_POINT('',#3742);
#3745=CARTESIAN_POINT('',(4.95E1,-9.298117831236E-14,4.500000000001E0));
#3746=CARTESIAN_POINT('',(4.95E1,-2.5E0,4.500000000001E0));
#3747=VERTEX_POINT('',#3745);
#3748=VERTEX_POINT('',#3746);
#3749=CARTESIAN_POINT('',(4.85E1,-9.311070433190E-14,5.500000000001E0));
#3750=CARTESIAN_POINT('',(4.85E1,-2.5E0,5.500000000001E0));
#3751=VERTEX_POINT('',#3749);
#3752=VERTEX_POINT('',#3750);
#3753=CARTESIAN_POINT('',(-3.85E1,0.E0,4.500000000001E0));
#3754=CARTESIAN_POINT('',(-3.85E1,-2.5E0,4.500000000001E0));
#3755=VERTEX_POINT('',#3753);
#3756=VERTEX_POINT('',#3754);
#3757=CARTESIAN_POINT('',(-3.95E1,0.E0,5.500000000001E0));
#3758=CARTESIAN_POINT('',(-3.95E1,-2.5E0,5.500000000001E0));
#3759=VERTEX_POINT('',#3757);
#3760=VERTEX_POINT('',#3758);
#3761=CARTESIAN_POINT('',(-4.85E1,-1.424144278306E-14,5.500000000001E0));
#3762=CARTESIAN_POINT('',(-4.85E1,-2.5E0,5.500000000001E0));
#3763=VERTEX_POINT('',#3761);
#3764=VERTEX_POINT('',#3762);
#3765=CARTESIAN_POINT('',(-4.95E1,-1.483877670352E-14,4.500000000001E0));
#3766=CARTESIAN_POINT('',(-4.95E1,-2.5E0,4.500000000001E0));
#3767=VERTEX_POINT('',#3765);
#3768=VERTEX_POINT('',#3766);
#3769=CARTESIAN_POINT('',(-4.95E1,-1.483877670352E-14,6.155E2));
#3770=CARTESIAN_POINT('',(-4.95E1,-2.5E0,6.155E2));
#3771=VERTEX_POINT('',#3769);
#3772=VERTEX_POINT('',#3770);
#3773=CARTESIAN_POINT('',(-4.85E1,-1.424144278306E-14,6.145E2));
#3774=CARTESIAN_POINT('',(-4.85E1,-2.5E0,6.145E2));
#3775=VERTEX_POINT('',#3773);
#3776=VERTEX_POINT('',#3774);
#3777=CARTESIAN_POINT('',(-4.85E1,-1.424144278306E-14,6.255E2));
#3778=CARTESIAN_POINT('',(-4.85E1,-2.5E0,6.255E2));
#3779=VERTEX_POINT('',#3777);
#3780=VERTEX_POINT('',#3778);
#3781=CARTESIAN_POINT('',(-4.95E1,-1.483877670352E-14,6.245E2));
#3782=CARTESIAN_POINT('',(-4.95E1,-2.5E0,6.245E2));
#3783=VERTEX_POINT('',#3781);
#3784=VERTEX_POINT('',#3782);
#3785=CARTESIAN_POINT('',(-3.85E1,0.E0,6.245E2));
#3786=CARTESIAN_POINT('',(-3.85E1,-2.5E0,6.245E2));
#3787=VERTEX_POINT('',#3785);
#3788=VERTEX_POINT('',#3786);
#3789=CARTESIAN_POINT('',(-3.95E1,0.E0,6.255E2));
#3790=CARTESIAN_POINT('',(-3.95E1,-2.5E0,6.255E2));
#3791=VERTEX_POINT('',#3789);
#3792=VERTEX_POINT('',#3790);
#3793=CARTESIAN_POINT('',(-3.95E1,0.E0,6.145E2));
#3794=CARTESIAN_POINT('',(-3.95E1,-2.5E0,6.145E2));
#3795=VERTEX_POINT('',#3793);
#3796=VERTEX_POINT('',#3794);
#3797=CARTESIAN_POINT('',(-3.85E1,0.E0,6.155E2));
#3798=CARTESIAN_POINT('',(-3.85E1,-2.5E0,6.155E2));
#3799=VERTEX_POINT('',#3797);
#3800=VERTEX_POINT('',#3798);
#3801=CARTESIAN_POINT('',(3.85E1,-8.974302782387E-14,6.155E2));
#3802=CARTESIAN_POINT('',(3.85E1,-2.5E0,6.155E2));
#3803=VERTEX_POINT('',#3801);
#3804=VERTEX_POINT('',#3802);
#3805=CARTESIAN_POINT('',(3.95E1,-9.013160588249E-14,6.145E2));
#3806=CARTESIAN_POINT('',(3.95E1,-2.5E0,6.145E2));
#3807=VERTEX_POINT('',#3805);
#3808=VERTEX_POINT('',#3806);
#3809=CARTESIAN_POINT('',(3.95E1,-9.013160588249E-14,6.255E2));
#3810=CARTESIAN_POINT('',(3.95E1,-2.5E0,6.255E2));
#3811=VERTEX_POINT('',#3809);
#3812=VERTEX_POINT('',#3810);
#3813=CARTESIAN_POINT('',(3.85E1,-8.974302782387E-14,6.245E2));
#3814=CARTESIAN_POINT('',(3.85E1,-2.5E0,6.245E2));
#3815=VERTEX_POINT('',#3813);
#3816=VERTEX_POINT('',#3814);
#3817=CARTESIAN_POINT('',(4.95E1,-9.342526752221E-14,6.245E2));
#3818=CARTESIAN_POINT('',(4.95E1,-2.5E0,6.245E2));
#3819=VERTEX_POINT('',#3817);
#3820=VERTEX_POINT('',#3818);
#3821=CARTESIAN_POINT('',(4.85E1,-9.311070433190E-14,6.255E2));
#3822=CARTESIAN_POINT('',(4.85E1,-2.5E0,6.255E2));
#3823=VERTEX_POINT('',#3821);
#3824=VERTEX_POINT('',#3822);
#3825=CARTESIAN_POINT('',(4.85E1,-9.311070433190E-14,6.145E2));
#3826=CARTESIAN_POINT('',(4.85E1,-2.5E0,6.145E2));
#3827=VERTEX_POINT('',#3825);
#3828=VERTEX_POINT('',#3826);
#3829=CARTESIAN_POINT('',(4.95E1,-9.342526752221E-14,6.155E2));
#3830=CARTESIAN_POINT('',(4.95E1,-2.5E0,6.155E2));
#3831=VERTEX_POINT('',#3829);
#3832=VERTEX_POINT('',#3830);
#3833=CARTESIAN_POINT('',(3.85E1,-8.974302782387E-14,4.8E2));
#3834=CARTESIAN_POINT('',(3.85E1,-2.5E0,4.8E2));
#3835=VERTEX_POINT('',#3833);
#3836=VERTEX_POINT('',#3834);
#3837=CARTESIAN_POINT('',(3.95E1,-9.013160588249E-14,4.79E2));
#3838=CARTESIAN_POINT('',(3.95E1,-2.5E0,4.79E2));
#3839=VERTEX_POINT('',#3837);
#3840=VERTEX_POINT('',#3838);
#3841=CARTESIAN_POINT('',(4.85E1,-9.311070433190E-14,4.79E2));
#3842=CARTESIAN_POINT('',(4.85E1,-2.5E0,4.79E2));
#3843=VERTEX_POINT('',#3841);
#3844=VERTEX_POINT('',#3842);
#3845=CARTESIAN_POINT('',(4.95E1,-9.298117831236E-14,4.8E2));
#3846=CARTESIAN_POINT('',(4.95E1,-2.5E0,4.8E2));
#3847=VERTEX_POINT('',#3845);
#3848=VERTEX_POINT('',#3846);
#3849=CARTESIAN_POINT('',(4.95E1,-9.298117831236E-14,4.89E2));
#3850=CARTESIAN_POINT('',(4.95E1,-2.5E0,4.89E2));
#3851=VERTEX_POINT('',#3849);
#3852=VERTEX_POINT('',#3850);
#3853=CARTESIAN_POINT('',(4.85E1,-9.311070433190E-14,4.9E2));
#3854=CARTESIAN_POINT('',(4.85E1,-2.5E0,4.9E2));
#3855=VERTEX_POINT('',#3853);
#3856=VERTEX_POINT('',#3854);
#3857=CARTESIAN_POINT('',(3.95E1,-9.013160588249E-14,4.9E2));
#3858=CARTESIAN_POINT('',(3.95E1,-2.5E0,4.9E2));
#3859=VERTEX_POINT('',#3857);
#3860=VERTEX_POINT('',#3858);
#3861=CARTESIAN_POINT('',(3.85E1,-8.974302782387E-14,4.89E2));
#3862=CARTESIAN_POINT('',(3.85E1,-2.5E0,4.89E2));
#3863=VERTEX_POINT('',#3861);
#3864=VERTEX_POINT('',#3862);
#3865=CARTESIAN_POINT('',(-3.85E1,0.E0,4.89E2));
#3866=CARTESIAN_POINT('',(-3.85E1,-2.5E0,4.89E2));
#3867=VERTEX_POINT('',#3865);
#3868=VERTEX_POINT('',#3866);
#3869=CARTESIAN_POINT('',(-3.95E1,0.E0,4.9E2));
#3870=CARTESIAN_POINT('',(-3.95E1,-2.5E0,4.9E2));
#3871=VERTEX_POINT('',#3869);
#3872=VERTEX_POINT('',#3870);
#3873=CARTESIAN_POINT('',(-3.95E1,0.E0,4.79E2));
#3874=CARTESIAN_POINT('',(-3.95E1,-2.5E0,4.79E2));
#3875=VERTEX_POINT('',#3873);
#3876=VERTEX_POINT('',#3874);
#3877=CARTESIAN_POINT('',(-3.85E1,0.E0,4.8E2));
#3878=CARTESIAN_POINT('',(-3.85E1,-2.5E0,4.8E2));
#3879=VERTEX_POINT('',#3877);
#3880=VERTEX_POINT('',#3878);
#3881=CARTESIAN_POINT('',(-4.95E1,-1.483877670352E-14,4.8E2));
#3882=CARTESIAN_POINT('',(-4.95E1,-2.5E0,4.8E2));
#3883=VERTEX_POINT('',#3881);
#3884=VERTEX_POINT('',#3882);
#3885=CARTESIAN_POINT('',(-4.85E1,-1.424144278306E-14,4.79E2));
#3886=CARTESIAN_POINT('',(-4.85E1,-2.5E0,4.79E2));
#3887=VERTEX_POINT('',#3885);
#3888=VERTEX_POINT('',#3886);
#3889=CARTESIAN_POINT('',(-4.85E1,-1.424144278306E-14,4.9E2));
#3890=CARTESIAN_POINT('',(-4.85E1,-2.5E0,4.9E2));
#3891=VERTEX_POINT('',#3889);
#3892=VERTEX_POINT('',#3890);
#3893=CARTESIAN_POINT('',(-4.95E1,-1.483877670352E-14,4.89E2));
#3894=CARTESIAN_POINT('',(-4.95E1,-2.5E0,4.89E2));
#3895=VERTEX_POINT('',#3893);
#3896=VERTEX_POINT('',#3894);
#3897=CARTESIAN_POINT('',(-4.85E1,-1.424144278306E-14,3.155E2));
#3898=CARTESIAN_POINT('',(-4.85E1,-2.5E0,3.155E2));
#3899=VERTEX_POINT('',#3897);
#3900=VERTEX_POINT('',#3898);
#3901=CARTESIAN_POINT('',(-4.95E1,-1.483877670352E-14,3.145E2));
#3902=CARTESIAN_POINT('',(-4.95E1,-2.5E0,3.145E2));
#3903=VERTEX_POINT('',#3901);
#3904=VERTEX_POINT('',#3902);
#3905=CARTESIAN_POINT('',(-4.95E1,-1.483877670352E-14,3.055E2));
#3906=CARTESIAN_POINT('',(-4.95E1,-2.5E0,3.055E2));
#3907=VERTEX_POINT('',#3905);
#3908=VERTEX_POINT('',#3906);
#3909=CARTESIAN_POINT('',(-4.85E1,-1.424144278306E-14,3.045E2));
#3910=CARTESIAN_POINT('',(-4.85E1,-2.5E0,3.045E2));
#3911=VERTEX_POINT('',#3909);
#3912=VERTEX_POINT('',#3910);
#3913=CARTESIAN_POINT('',(-3.95E1,0.E0,3.045E2));
#3914=CARTESIAN_POINT('',(-3.95E1,-2.5E0,3.045E2));
#3915=VERTEX_POINT('',#3913);
#3916=VERTEX_POINT('',#3914);
#3917=CARTESIAN_POINT('',(-3.85E1,0.E0,3.055E2));
#3918=CARTESIAN_POINT('',(-3.85E1,-2.5E0,3.055E2));
#3919=VERTEX_POINT('',#3917);
#3920=VERTEX_POINT('',#3918);
#3921=CARTESIAN_POINT('',(-4.95E1,-1.483877670352E-14,-4.89E2));
#3922=CARTESIAN_POINT('',(-4.95E1,-2.5E0,-4.89E2));
#3923=VERTEX_POINT('',#3921);
#3924=VERTEX_POINT('',#3922);
#3925=CARTESIAN_POINT('',(-4.85E1,-1.424144278306E-14,-4.9E2));
#3926=CARTESIAN_POINT('',(-4.85E1,-2.5E0,-4.9E2));
#3927=VERTEX_POINT('',#3925);
#3928=VERTEX_POINT('',#3926);
#3929=CARTESIAN_POINT('',(-4.85E1,-1.424144278306E-14,-4.79E2));
#3930=CARTESIAN_POINT('',(-4.85E1,-2.5E0,-4.79E2));
#3931=VERTEX_POINT('',#3929);
#3932=VERTEX_POINT('',#3930);
#3933=CARTESIAN_POINT('',(-4.95E1,-1.483877670352E-14,-4.8E2));
#3934=CARTESIAN_POINT('',(-4.95E1,-2.5E0,-4.8E2));
#3935=VERTEX_POINT('',#3933);
#3936=VERTEX_POINT('',#3934);
#3937=CARTESIAN_POINT('',(-3.85E1,0.E0,-4.8E2));
#3938=CARTESIAN_POINT('',(-3.85E1,-2.5E0,-4.8E2));
#3939=VERTEX_POINT('',#3937);
#3940=VERTEX_POINT('',#3938);
#3941=CARTESIAN_POINT('',(-3.95E1,0.E0,-4.79E2));
#3942=CARTESIAN_POINT('',(-3.95E1,-2.5E0,-4.79E2));
#3943=VERTEX_POINT('',#3941);
#3944=VERTEX_POINT('',#3942);
#3945=CARTESIAN_POINT('',(4.95E1,-9.342526752221E-14,-4.8E2));
#3946=CARTESIAN_POINT('',(4.95E1,-2.5E0,-4.8E2));
#3947=VERTEX_POINT('',#3945);
#3948=VERTEX_POINT('',#3946);
#3949=CARTESIAN_POINT('',(4.85E1,-9.311070433190E-14,-4.79E2));
#3950=CARTESIAN_POINT('',(4.85E1,-2.5E0,-4.79E2));
#3951=VERTEX_POINT('',#3949);
#3952=VERTEX_POINT('',#3950);
#3953=CARTESIAN_POINT('',(3.95E1,-9.013160588249E-14,-4.79E2));
#3954=CARTESIAN_POINT('',(3.95E1,-2.5E0,-4.79E2));
#3955=VERTEX_POINT('',#3953);
#3956=VERTEX_POINT('',#3954);
#3957=CARTESIAN_POINT('',(3.85E1,-8.878083453586E-14,-4.8E2));
#3958=CARTESIAN_POINT('',(3.85E1,-2.5E0,-4.8E2));
#3959=VERTEX_POINT('',#3957);
#3960=VERTEX_POINT('',#3958);
#3961=CARTESIAN_POINT('',(4.85E1,-9.311070433190E-14,-4.9E2));
#3962=CARTESIAN_POINT('',(4.85E1,-2.5E0,-4.9E2));
#3963=VERTEX_POINT('',#3961);
#3964=VERTEX_POINT('',#3962);
#3965=CARTESIAN_POINT('',(4.95E1,-9.342526752221E-14,-4.89E2));
#3966=CARTESIAN_POINT('',(4.95E1,-2.5E0,-4.89E2));
#3967=VERTEX_POINT('',#3965);
#3968=VERTEX_POINT('',#3966);
#3969=CARTESIAN_POINT('',(3.85E1,-8.878083453586E-14,-4.89E2));
#3970=CARTESIAN_POINT('',(3.85E1,-2.5E0,-4.89E2));
#3971=VERTEX_POINT('',#3969);
#3972=VERTEX_POINT('',#3970);
#3973=CARTESIAN_POINT('',(3.95E1,-9.013160588249E-14,-4.9E2));
#3974=CARTESIAN_POINT('',(3.95E1,-2.5E0,-4.9E2));
#3975=VERTEX_POINT('',#3973);
#3976=VERTEX_POINT('',#3974);
#3977=CARTESIAN_POINT('',(3.85E1,-8.878083453586E-14,-6.245E2));
#3978=CARTESIAN_POINT('',(3.85E1,-2.5E0,-6.245E2));
#3979=VERTEX_POINT('',#3977);
#3980=VERTEX_POINT('',#3978);
#3981=CARTESIAN_POINT('',(3.95E1,-9.013160588249E-14,-6.255E2));
#3982=CARTESIAN_POINT('',(3.95E1,-2.5E0,-6.255E2));
#3983=VERTEX_POINT('',#3981);
#3984=VERTEX_POINT('',#3982);
#3985=CARTESIAN_POINT('',(3.95E1,-9.013160588249E-14,-6.145E2));
#3986=CARTESIAN_POINT('',(3.95E1,-2.5E0,-6.145E2));
#3987=VERTEX_POINT('',#3985);
#3988=VERTEX_POINT('',#3986);
#3989=CARTESIAN_POINT('',(3.85E1,-8.878083453586E-14,-6.155E2));
#3990=CARTESIAN_POINT('',(3.85E1,-2.5E0,-6.155E2));
#3991=VERTEX_POINT('',#3989);
#3992=VERTEX_POINT('',#3990);
#3993=CARTESIAN_POINT('',(4.95E1,-9.342526752221E-14,-6.155E2));
#3994=CARTESIAN_POINT('',(4.95E1,-2.5E0,-6.155E2));
#3995=VERTEX_POINT('',#3993);
#3996=VERTEX_POINT('',#3994);
#3997=CARTESIAN_POINT('',(4.85E1,-9.311070433190E-14,-6.145E2));
#3998=CARTESIAN_POINT('',(4.85E1,-2.5E0,-6.145E2));
#3999=VERTEX_POINT('',#3997);
#4000=VERTEX_POINT('',#3998);
#4001=CARTESIAN_POINT('',(4.85E1,-9.311070433190E-14,-6.255E2));
#4002=CARTESIAN_POINT('',(4.85E1,-2.5E0,-6.255E2));
#4003=VERTEX_POINT('',#4001);
#4004=VERTEX_POINT('',#4002);
#4005=CARTESIAN_POINT('',(4.95E1,-9.342526752221E-14,-6.245E2));
#4006=CARTESIAN_POINT('',(4.95E1,-2.5E0,-6.245E2));
#4007=VERTEX_POINT('',#4005);
#4008=VERTEX_POINT('',#4006);
#4009=CARTESIAN_POINT('',(-3.95E1,0.E0,-6.255E2));
#4010=CARTESIAN_POINT('',(-3.95E1,-2.5E0,-6.255E2));
#4011=VERTEX_POINT('',#4009);
#4012=VERTEX_POINT('',#4010);
#4013=CARTESIAN_POINT('',(-3.85E1,0.E0,-6.245E2));
#4014=CARTESIAN_POINT('',(-3.85E1,-2.5E0,-6.245E2));
#4015=VERTEX_POINT('',#4013);
#4016=VERTEX_POINT('',#4014);
#4017=CARTESIAN_POINT('',(-3.85E1,0.E0,-6.155E2));
#4018=CARTESIAN_POINT('',(-3.85E1,-2.5E0,-6.155E2));
#4019=VERTEX_POINT('',#4017);
#4020=VERTEX_POINT('',#4018);
#4021=CARTESIAN_POINT('',(-3.95E1,0.E0,-6.145E2));
#4022=CARTESIAN_POINT('',(-3.95E1,-2.5E0,-6.145E2));
#4023=VERTEX_POINT('',#4021);
#4024=VERTEX_POINT('',#4022);
#4025=CARTESIAN_POINT('',(-4.85E1,-1.424144278306E-14,-6.145E2));
#4026=CARTESIAN_POINT('',(-4.85E1,-2.5E0,-6.145E2));
#4027=VERTEX_POINT('',#4025);
#4028=VERTEX_POINT('',#4026);
#4029=CARTESIAN_POINT('',(-4.95E1,-1.483877670352E-14,-6.155E2));
#4030=CARTESIAN_POINT('',(-4.95E1,-2.5E0,-6.155E2));
#4031=VERTEX_POINT('',#4029);
#4032=VERTEX_POINT('',#4030);
#4033=CARTESIAN_POINT('',(-4.95E1,-1.483877670352E-14,-6.245E2));
#4034=CARTESIAN_POINT('',(-4.95E1,-2.5E0,-6.245E2));
#4035=VERTEX_POINT('',#4033);
#4036=VERTEX_POINT('',#4034);
#4037=CARTESIAN_POINT('',(-4.85E1,-1.424144278306E-14,-6.255E2));
#4038=CARTESIAN_POINT('',(-4.85E1,-2.5E0,-6.255E2));
#4039=VERTEX_POINT('',#4037);
#4040=VERTEX_POINT('',#4038);
#4041=CARTESIAN_POINT('',(-4.95E1,-1.483877670352E-14,-4.5E0));
#4042=CARTESIAN_POINT('',(-4.95E1,-2.5E0,-4.5E0));
#4043=VERTEX_POINT('',#4041);
#4044=VERTEX_POINT('',#4042);
#4045=CARTESIAN_POINT('',(-4.85E1,-1.424144278306E-14,-5.5E0));
#4046=CARTESIAN_POINT('',(-4.85E1,-2.5E0,-5.5E0));
#4047=VERTEX_POINT('',#4045);
#4048=VERTEX_POINT('',#4046);
#4049=CARTESIAN_POINT('',(-3.95E1,0.E0,-5.5E0));
#4050=CARTESIAN_POINT('',(-3.95E1,-2.5E0,-5.5E0));
#4051=VERTEX_POINT('',#4049);
#4052=VERTEX_POINT('',#4050);
#4053=CARTESIAN_POINT('',(-3.85E1,0.E0,-4.5E0));
#4054=CARTESIAN_POINT('',(-3.85E1,-2.5E0,-4.5E0));
#4055=VERTEX_POINT('',#4053);
#4056=VERTEX_POINT('',#4054);
#4057=CARTESIAN_POINT('',(4.85E1,-9.311070433190E-14,-2.45E2));
#4058=CARTESIAN_POINT('',(4.85E1,-2.5E0,-2.45E2));
#4059=VERTEX_POINT('',#4057);
#4060=VERTEX_POINT('',#4058);
#4061=CARTESIAN_POINT('',(4.95E1,-9.298117831236E-14,-2.44E2));
#4062=CARTESIAN_POINT('',(4.95E1,-2.5E0,-2.44E2));
#4063=VERTEX_POINT('',#4061);
#4064=VERTEX_POINT('',#4062);
#4065=CARTESIAN_POINT('',(3.85E1,-8.878083453586E-14,-2.44E2));
#4066=CARTESIAN_POINT('',(3.85E1,-2.5E0,-2.44E2));
#4067=VERTEX_POINT('',#4065);
#4068=VERTEX_POINT('',#4066);
#4069=CARTESIAN_POINT('',(3.95E1,-9.013160588249E-14,-2.45E2));
#4070=CARTESIAN_POINT('',(3.95E1,-2.5E0,-2.45E2));
#4071=VERTEX_POINT('',#4069);
#4072=VERTEX_POINT('',#4070);
#4073=CARTESIAN_POINT('',(3.95E1,-9.013160588249E-14,-2.34E2));
#4074=CARTESIAN_POINT('',(3.95E1,-2.5E0,-2.34E2));
#4075=VERTEX_POINT('',#4073);
#4076=VERTEX_POINT('',#4074);
#4077=CARTESIAN_POINT('',(3.85E1,-8.878083453586E-14,-2.35E2));
#4078=CARTESIAN_POINT('',(3.85E1,-2.5E0,-2.35E2));
#4079=VERTEX_POINT('',#4077);
#4080=VERTEX_POINT('',#4078);
#4081=CARTESIAN_POINT('',(4.95E1,-9.298117831236E-14,-2.35E2));
#4082=CARTESIAN_POINT('',(4.95E1,-2.5E0,-2.35E2));
#4083=VERTEX_POINT('',#4081);
#4084=VERTEX_POINT('',#4082);
#4085=CARTESIAN_POINT('',(4.85E1,-9.311070433190E-14,-2.34E2));
#4086=CARTESIAN_POINT('',(4.85E1,-2.5E0,-2.34E2));
#4087=VERTEX_POINT('',#4085);
#4088=VERTEX_POINT('',#4086);
#4089=CARTESIAN_POINT('',(-3.85E1,0.E0,-2.35E2));
#4090=CARTESIAN_POINT('',(-3.85E1,-2.5E0,-2.35E2));
#4091=VERTEX_POINT('',#4089);
#4092=VERTEX_POINT('',#4090);
#4093=CARTESIAN_POINT('',(-3.95E1,0.E0,-2.34E2));
#4094=CARTESIAN_POINT('',(-3.95E1,-2.5E0,-2.34E2));
#4095=VERTEX_POINT('',#4093);
#4096=VERTEX_POINT('',#4094);
#4097=CARTESIAN_POINT('',(-4.85E1,-1.424144278306E-14,-2.34E2));
#4098=CARTESIAN_POINT('',(-4.85E1,-2.5E0,-2.34E2));
#4099=VERTEX_POINT('',#4097);
#4100=VERTEX_POINT('',#4098);
#4101=CARTESIAN_POINT('',(-4.95E1,-1.483877670352E-14,-2.35E2));
#4102=CARTESIAN_POINT('',(-4.95E1,-2.5E0,-2.35E2));
#4103=VERTEX_POINT('',#4101);
#4104=VERTEX_POINT('',#4102);
#4105=CARTESIAN_POINT('',(-4.95E1,-1.483877670352E-14,-2.44E2));
#4106=CARTESIAN_POINT('',(-4.95E1,-2.5E0,-2.44E2));
#4107=VERTEX_POINT('',#4105);
#4108=VERTEX_POINT('',#4106);
#4109=CARTESIAN_POINT('',(-4.85E1,-1.424144278306E-14,-2.45E2));
#4110=CARTESIAN_POINT('',(-4.85E1,-2.5E0,-2.45E2));
#4111=VERTEX_POINT('',#4109);
#4112=VERTEX_POINT('',#4110);
#4113=CARTESIAN_POINT('',(-3.95E1,0.E0,-2.45E2));
#4114=CARTESIAN_POINT('',(-3.95E1,-2.5E0,-2.45E2));
#4115=VERTEX_POINT('',#4113);
#4116=VERTEX_POINT('',#4114);
#4117=CARTESIAN_POINT('',(-3.85E1,0.E0,-2.44E2));
#4118=CARTESIAN_POINT('',(-3.85E1,-2.5E0,-2.44E2));
#4119=VERTEX_POINT('',#4117);
#4120=VERTEX_POINT('',#4118);
#4121=CARTESIAN_POINT('',(4.85E1,-9.311070433190E-14,-3.155E2));
#4122=CARTESIAN_POINT('',(4.85E1,-2.5E0,-3.155E2));
#4123=VERTEX_POINT('',#4121);
#4124=VERTEX_POINT('',#4122);
#4125=CARTESIAN_POINT('',(4.95E1,-9.298117831236E-14,-3.145E2));
#4126=CARTESIAN_POINT('',(4.95E1,-2.5E0,-3.145E2));
#4127=VERTEX_POINT('',#4125);
#4128=VERTEX_POINT('',#4126);
#4129=CARTESIAN_POINT('',(3.85E1,-8.878083453586E-14,-3.145E2));
#4130=CARTESIAN_POINT('',(3.85E1,-2.5E0,-3.145E2));
#4131=VERTEX_POINT('',#4129);
#4132=VERTEX_POINT('',#4130);
#4133=CARTESIAN_POINT('',(3.95E1,-9.013160588249E-14,-3.155E2));
#4134=CARTESIAN_POINT('',(3.95E1,-2.5E0,-3.155E2));
#4135=VERTEX_POINT('',#4133);
#4136=VERTEX_POINT('',#4134);
#4137=CARTESIAN_POINT('',(3.95E1,-9.013160588249E-14,-3.045E2));
#4138=CARTESIAN_POINT('',(3.95E1,-2.5E0,-3.045E2));
#4139=VERTEX_POINT('',#4137);
#4140=VERTEX_POINT('',#4138);
#4141=CARTESIAN_POINT('',(3.85E1,-8.878083453586E-14,-3.055E2));
#4142=CARTESIAN_POINT('',(3.85E1,-2.5E0,-3.055E2));
#4143=VERTEX_POINT('',#4141);
#4144=VERTEX_POINT('',#4142);
#4145=CARTESIAN_POINT('',(4.95E1,-9.298117831236E-14,-3.055E2));
#4146=CARTESIAN_POINT('',(4.95E1,-2.5E0,-3.055E2));
#4147=VERTEX_POINT('',#4145);
#4148=VERTEX_POINT('',#4146);
#4149=CARTESIAN_POINT('',(4.85E1,-9.311070433190E-14,-3.045E2));
#4150=CARTESIAN_POINT('',(4.85E1,-2.5E0,-3.045E2));
#4151=VERTEX_POINT('',#4149);
#4152=VERTEX_POINT('',#4150);
#4153=CARTESIAN_POINT('',(-3.85E1,0.E0,-3.055E2));
#4154=CARTESIAN_POINT('',(-3.85E1,-2.5E0,-3.055E2));
#4155=VERTEX_POINT('',#4153);
#4156=VERTEX_POINT('',#4154);
#4157=CARTESIAN_POINT('',(-3.95E1,0.E0,-3.045E2));
#4158=CARTESIAN_POINT('',(-3.95E1,-2.5E0,-3.045E2));
#4159=VERTEX_POINT('',#4157);
#4160=VERTEX_POINT('',#4158);
#4161=CARTESIAN_POINT('',(-4.85E1,-1.424144278306E-14,-3.045E2));
#4162=CARTESIAN_POINT('',(-4.85E1,-2.5E0,-3.045E2));
#4163=VERTEX_POINT('',#4161);
#4164=VERTEX_POINT('',#4162);
#4165=CARTESIAN_POINT('',(-4.95E1,-1.483877670352E-14,-3.055E2));
#4166=CARTESIAN_POINT('',(-4.95E1,-2.5E0,-3.055E2));
#4167=VERTEX_POINT('',#4165);
#4168=VERTEX_POINT('',#4166);
#4169=CARTESIAN_POINT('',(-4.95E1,-1.483877670352E-14,-3.145E2));
#4170=CARTESIAN_POINT('',(-4.95E1,-2.5E0,-3.145E2));
#4171=VERTEX_POINT('',#4169);
#4172=VERTEX_POINT('',#4170);
#4173=CARTESIAN_POINT('',(-4.85E1,-1.424144278306E-14,-3.155E2));
#4174=CARTESIAN_POINT('',(-4.85E1,-2.5E0,-3.155E2));
#4175=VERTEX_POINT('',#4173);
#4176=VERTEX_POINT('',#4174);
#4177=CARTESIAN_POINT('',(-3.95E1,0.E0,-3.155E2));
#4178=CARTESIAN_POINT('',(-3.95E1,-2.5E0,-3.155E2));
#4179=VERTEX_POINT('',#4177);
#4180=VERTEX_POINT('',#4178);
#4181=CARTESIAN_POINT('',(-3.85E1,0.E0,-3.145E2));
#4182=CARTESIAN_POINT('',(-3.85E1,-2.5E0,-3.145E2));
#4183=VERTEX_POINT('',#4181);
#4184=VERTEX_POINT('',#4182);
#4185=CARTESIAN_POINT('',(-3.95E1,0.E0,-4.9E2));
#4186=CARTESIAN_POINT('',(-3.95E1,-2.5E0,-4.9E2));
#4187=VERTEX_POINT('',#4185);
#4188=VERTEX_POINT('',#4186);
#4189=CARTESIAN_POINT('',(-3.85E1,0.E0,-4.89E2));
#4190=CARTESIAN_POINT('',(-3.85E1,-2.5E0,-4.89E2));
#4191=VERTEX_POINT('',#4189);
#4192=VERTEX_POINT('',#4190);
#4193=CARTESIAN_POINT('',(-5.95E1,-2.842170943040E-14,-6.595E2));
#4194=CARTESIAN_POINT('',(-6.05E1,-2.842170943040E-14,-6.585E2));
#4195=VERTEX_POINT('',#4193);
#4196=VERTEX_POINT('',#4194);
#4197=CARTESIAN_POINT('',(-6.05E1,-2.5E0,-6.585E2));
#4198=VERTEX_POINT('',#4197);
#4199=CARTESIAN_POINT('',(-5.95E1,-2.5E0,-6.595E2));
#4200=VERTEX_POINT('',#4199);
#4201=CARTESIAN_POINT('',(6.05E1,-9.998422676061E-14,-6.585E2));
#4202=CARTESIAN_POINT('',(5.95E1,-9.947598300641E-14,-6.595E2));
#4203=VERTEX_POINT('',#4201);
#4204=VERTEX_POINT('',#4202);
#4205=CARTESIAN_POINT('',(5.95E1,-2.5E0,-6.595E2));
#4206=VERTEX_POINT('',#4205);
#4207=CARTESIAN_POINT('',(6.05E1,-2.5E0,-6.585E2));
#4208=VERTEX_POINT('',#4207);
#4209=CARTESIAN_POINT('',(-6.05E1,-2.842170943040E-14,6.585E2));
#4210=CARTESIAN_POINT('',(-5.95E1,-2.842170943040E-14,6.595E2));
#4211=VERTEX_POINT('',#4209);
#4212=VERTEX_POINT('',#4210);
#4213=CARTESIAN_POINT('',(-5.95E1,-2.5E0,6.595E2));
#4214=VERTEX_POINT('',#4213);
#4215=CARTESIAN_POINT('',(-6.05E1,-2.5E0,6.585E2));
#4216=VERTEX_POINT('',#4215);
#4217=CARTESIAN_POINT('',(5.95E1,-9.947598300641E-14,6.595E2));
#4218=CARTESIAN_POINT('',(6.05E1,-9.998422676061E-14,6.585E2));
#4219=VERTEX_POINT('',#4217);
#4220=VERTEX_POINT('',#4218);
#4221=CARTESIAN_POINT('',(6.05E1,-2.5E0,6.585E2));
#4222=VERTEX_POINT('',#4221);
#4223=CARTESIAN_POINT('',(5.95E1,-2.5E0,6.595E2));
#4224=VERTEX_POINT('',#4223);
#4225=CARTESIAN_POINT('',(3.267542648054E1,-8.062410237104E-14,6.595E2));
#4226=VERTEX_POINT('',#4225);
#4227=CARTESIAN_POINT('',(-3.267542648054E1,0.E0,6.595E2));
#4228=VERTEX_POINT('',#4227);
#4229=CARTESIAN_POINT('',(3.267542648054E1,-8.062410237104E-14,-6.595E2));
#4230=VERTEX_POINT('',#4229);
#4231=CARTESIAN_POINT('',(-3.267542648054E1,0.E0,-6.595E2));
#4232=VERTEX_POINT('',#4231);
#4233=CARTESIAN_POINT('',(3.267542648054E1,-2.5E0,6.595E2));
#4234=VERTEX_POINT('',#4233);
#4235=CARTESIAN_POINT('',(-3.267542648054E1,-2.5E0,6.595E2));
#4236=VERTEX_POINT('',#4235);
#4237=CARTESIAN_POINT('',(3.267542648054E1,-2.5E0,-6.595E2));
#4238=VERTEX_POINT('',#4237);
#4239=CARTESIAN_POINT('',(-3.267542648054E1,-2.5E0,-6.595E2));
#4240=VERTEX_POINT('',#4239);
#4241=CARTESIAN_POINT('',(2.791228675973E1,-2.75E0,5.54E2));
#4242=CARTESIAN_POINT('',(2.791228675973E1,-2.75E0,-5.54E2));
#4243=VERTEX_POINT('',#4241);
#4244=VERTEX_POINT('',#4242);
#4245=CARTESIAN_POINT('',(3.267542648054E1,-8.023552431242E-14,5.54E2));
#4246=CARTESIAN_POINT('',(3.267542648054E1,-8.023552431242E-14,-5.54E2));
#4247=VERTEX_POINT('',#4245);
#4248=VERTEX_POINT('',#4246);
#4249=CARTESIAN_POINT('',(3.267542648054E1,-8.023552431242E-14,5.65E2));
#4250=VERTEX_POINT('',#4249);
#4251=CARTESIAN_POINT('',(2.791228675973E1,-2.75E0,5.65E2));
#4252=VERTEX_POINT('',#4251);
#4253=CARTESIAN_POINT('',(3.007735026919E1,-4.E0,5.65E2));
#4254=VERTEX_POINT('',#4253);
#4255=CARTESIAN_POINT('',(3.267542648054E1,-2.5E0,5.65E2));
#4256=VERTEX_POINT('',#4255);
#4257=CARTESIAN_POINT('',(3.267542648054E1,-2.5E0,5.54E2));
#4258=CARTESIAN_POINT('',(3.267542648054E1,-2.5E0,-5.54E2));
#4259=VERTEX_POINT('',#4257);
#4260=VERTEX_POINT('',#4258);
#4261=CARTESIAN_POINT('',(3.007735026919E1,-4.E0,5.54E2));
#4262=CARTESIAN_POINT('',(3.007735026919E1,-4.E0,-5.54E2));
#4263=VERTEX_POINT('',#4261);
#4264=VERTEX_POINT('',#4262);
#4265=CARTESIAN_POINT('',(1.786602540378E1,-2.015063509461E1,4.04E2));
#4266=CARTESIAN_POINT('',(1.951079710197E1,-1.730180694650E1,4.04E2));
#4267=VERTEX_POINT('',#4265);
#4268=VERTEX_POINT('',#4266);
#4269=CARTESIAN_POINT('',(1.951079710197E1,-1.730180694650E1,4.15E2));
#4270=VERTEX_POINT('',#4269);
#4271=CARTESIAN_POINT('',(1.786602540378E1,-2.015063509461E1,4.15E2));
#4272=VERTEX_POINT('',#4271);
#4273=CARTESIAN_POINT('',(1.187664658461E1,-2.165063509461E1,4.15E2));
#4274=CARTESIAN_POINT('',(1.187664658461E1,-2.165063509461E1,4.04E2));
#4275=VERTEX_POINT('',#4273);
#4276=VERTEX_POINT('',#4274);
#4277=CARTESIAN_POINT('',(1.526794919243E1,-2.165063509461E1,4.04E2));
#4278=VERTEX_POINT('',#4277);
#4279=CARTESIAN_POINT('',(1.526794919243E1,-2.165063509461E1,4.15E2));
#4280=VERTEX_POINT('',#4279);
#4281=CARTESIAN_POINT('',(2.003108891325E1,-2.140063509461E1,4.04E2));
#4282=CARTESIAN_POINT('',(2.167586061143E1,-1.855180694650E1,4.04E2));
#4283=VERTEX_POINT('',#4281);
#4284=VERTEX_POINT('',#4282);
#4285=CARTESIAN_POINT('',(2.167586061143E1,-1.855180694650E1,4.15E2));
#4286=VERTEX_POINT('',#4285);
#4287=CARTESIAN_POINT('',(2.003108891325E1,-2.140063509461E1,4.15E2));
#4288=VERTEX_POINT('',#4287);
#4289=CARTESIAN_POINT('',(1.187664658461E1,-2.415063509461E1,4.15E2));
#4290=CARTESIAN_POINT('',(1.187664658461E1,-2.415063509461E1,4.04E2));
#4291=VERTEX_POINT('',#4289);
#4292=VERTEX_POINT('',#4290);
#4293=CARTESIAN_POINT('',(1.526794919243E1,-2.415063509461E1,4.04E2));
#4294=VERTEX_POINT('',#4293);
#4295=CARTESIAN_POINT('',(1.526794919243E1,-2.415063509461E1,4.15E2));
#4296=VERTEX_POINT('',#4295);
#4297=CARTESIAN_POINT('',(3.267542648054E1,-7.460698725481E-14,-5.65E2));
#4298=CARTESIAN_POINT('',(2.791228675973E1,-2.75E0,-5.65E2));
#4299=VERTEX_POINT('',#4297);
#4300=VERTEX_POINT('',#4298);
#4301=CARTESIAN_POINT('',(3.267542648054E1,-2.5E0,-5.65E2));
#4302=CARTESIAN_POINT('',(3.007735026919E1,-4.E0,-5.65E2));
#4303=VERTEX_POINT('',#4301);
#4304=VERTEX_POINT('',#4302);
#4305=CARTESIAN_POINT('',(1.526794919243E1,-2.165063509461E1,-4.04E2));
#4306=VERTEX_POINT('',#4305);
#4307=CARTESIAN_POINT('',(1.786602540378E1,-2.015063509461E1,-4.04E2));
#4308=VERTEX_POINT('',#4307);
#4309=CARTESIAN_POINT('',(1.786602540378E1,-2.015063509461E1,-4.15E2));
#4310=CARTESIAN_POINT('',(1.526794919243E1,-2.165063509461E1,-4.15E2));
#4311=VERTEX_POINT('',#4309);
#4312=VERTEX_POINT('',#4310);
#4313=CARTESIAN_POINT('',(2.003108891325E1,-2.140063509461E1,-4.15E2));
#4314=CARTESIAN_POINT('',(1.526794919243E1,-2.415063509461E1,-4.15E2));
#4315=VERTEX_POINT('',#4313);
#4316=VERTEX_POINT('',#4314);
#4317=CARTESIAN_POINT('',(2.003108891325E1,-2.140063509461E1,-4.04E2));
#4318=VERTEX_POINT('',#4317);
#4319=CARTESIAN_POINT('',(1.526794919243E1,-2.415063509461E1,-4.04E2));
#4320=VERTEX_POINT('',#4319);
#4321=CARTESIAN_POINT('',(-1.526794919243E1,-2.165063509461E1,-4.15E2));
#4322=CARTESIAN_POINT('',(-1.786602540378E1,-2.015063509461E1,-4.15E2));
#4323=VERTEX_POINT('',#4321);
#4324=VERTEX_POINT('',#4322);
#4325=CARTESIAN_POINT('',(-1.526794919243E1,-2.165063509461E1,-4.04E2));
#4326=CARTESIAN_POINT('',(-1.786602540378E1,-2.015063509461E1,-4.04E2));
#4327=VERTEX_POINT('',#4325);
#4328=VERTEX_POINT('',#4326);
#4329=CARTESIAN_POINT('',(-1.526794919243E1,-2.165063509461E1,4.04E2));
#4330=VERTEX_POINT('',#4329);
#4331=CARTESIAN_POINT('',(-1.786602540378E1,-2.015063509461E1,4.04E2));
#4332=VERTEX_POINT('',#4331);
#4333=CARTESIAN_POINT('',(-1.526794919243E1,-2.165063509461E1,4.15E2));
#4334=CARTESIAN_POINT('',(-1.786602540378E1,-2.015063509461E1,4.15E2));
#4335=VERTEX_POINT('',#4333);
#4336=VERTEX_POINT('',#4334);
#4337=CARTESIAN_POINT('',(-1.526794919243E1,-2.415063509461E1,4.15E2));
#4338=CARTESIAN_POINT('',(-2.003108891325E1,-2.140063509461E1,4.15E2));
#4339=VERTEX_POINT('',#4337);
#4340=VERTEX_POINT('',#4338);
#4341=CARTESIAN_POINT('',(-1.526794919243E1,-2.415063509461E1,-4.04E2));
#4342=CARTESIAN_POINT('',(-2.003108891325E1,-2.140063509461E1,-4.04E2));
#4343=VERTEX_POINT('',#4341);
#4344=VERTEX_POINT('',#4342);
#4345=CARTESIAN_POINT('',(-2.003108891325E1,-2.140063509461E1,4.04E2));
#4346=VERTEX_POINT('',#4345);
#4347=CARTESIAN_POINT('',(-1.526794919243E1,-2.415063509461E1,4.04E2));
#4348=VERTEX_POINT('',#4347);
#4349=CARTESIAN_POINT('',(-1.526794919243E1,-2.415063509461E1,-4.15E2));
#4350=CARTESIAN_POINT('',(-2.003108891325E1,-2.140063509461E1,-4.15E2));
#4351=VERTEX_POINT('',#4349);
#4352=VERTEX_POINT('',#4350);
#4353=CARTESIAN_POINT('',(-2.791228675973E1,-2.75E0,-5.65E2));
#4354=CARTESIAN_POINT('',(-3.267542648054E1,0.E0,-5.65E2));
#4355=VERTEX_POINT('',#4353);
#4356=VERTEX_POINT('',#4354);
#4357=CARTESIAN_POINT('',(-2.791228675973E1,-2.75E0,-5.54E2));
#4358=CARTESIAN_POINT('',(-3.267542648054E1,0.E0,-5.54E2));
#4359=VERTEX_POINT('',#4357);
#4360=VERTEX_POINT('',#4358);
#4361=CARTESIAN_POINT('',(-2.791228675973E1,-2.75E0,5.54E2));
#4362=VERTEX_POINT('',#4361);
#4363=CARTESIAN_POINT('',(-3.267542648054E1,0.E0,5.54E2));
#4364=VERTEX_POINT('',#4363);
#4365=CARTESIAN_POINT('',(-2.791228675973E1,-2.75E0,5.65E2));
#4366=CARTESIAN_POINT('',(-3.267542648054E1,0.E0,5.65E2));
#4367=VERTEX_POINT('',#4365);
#4368=VERTEX_POINT('',#4366);
#4369=CARTESIAN_POINT('',(-3.007735026919E1,-4.E0,5.65E2));
#4370=CARTESIAN_POINT('',(-3.267542648054E1,-2.5E0,5.65E2));
#4371=VERTEX_POINT('',#4369);
#4372=VERTEX_POINT('',#4370);
#4373=CARTESIAN_POINT('',(-3.007735026919E1,-4.E0,-5.54E2));
#4374=CARTESIAN_POINT('',(-3.267542648054E1,-2.5E0,-5.54E2));
#4375=VERTEX_POINT('',#4373);
#4376=VERTEX_POINT('',#4374);
#4377=CARTESIAN_POINT('',(-3.267542648054E1,-2.5E0,5.54E2));
#4378=VERTEX_POINT('',#4377);
#4379=CARTESIAN_POINT('',(-3.007735026919E1,-4.E0,5.54E2));
#4380=VERTEX_POINT('',#4379);
#4381=CARTESIAN_POINT('',(-3.007735026919E1,-4.E0,-5.65E2));
#4382=CARTESIAN_POINT('',(-3.267542648054E1,-2.5E0,-5.65E2));
#4383=VERTEX_POINT('',#4381);
#4384=VERTEX_POINT('',#4382);
#4385=CARTESIAN_POINT('',(-3.5E1,0.E0,5.65E2));
#4386=CARTESIAN_POINT('',(-3.5E1,-2.5E0,5.65E2));
#4387=VERTEX_POINT('',#4385);
#4388=VERTEX_POINT('',#4386);
#4389=CARTESIAN_POINT('',(-3.6E1,0.E0,5.64E2));
#4390=CARTESIAN_POINT('',(-3.6E1,-2.5E0,5.64E2));
#4391=VERTEX_POINT('',#4389);
#4392=VERTEX_POINT('',#4390);
#4393=CARTESIAN_POINT('',(-3.6E1,0.E0,5.55E2));
#4394=CARTESIAN_POINT('',(-3.6E1,-2.5E0,5.55E2));
#4395=VERTEX_POINT('',#4393);
#4396=VERTEX_POINT('',#4394);
#4397=CARTESIAN_POINT('',(-3.5E1,0.E0,5.54E2));
#4398=CARTESIAN_POINT('',(-3.5E1,-2.5E0,5.54E2));
#4399=VERTEX_POINT('',#4397);
#4400=VERTEX_POINT('',#4398);
#4401=CARTESIAN_POINT('',(-1.192335341539E1,-2.165063509461E1,-4.05E2));
#4402=CARTESIAN_POINT('',(-1.192335341539E1,-2.415063509461E1,-4.05E2));
#4403=VERTEX_POINT('',#4401);
#4404=VERTEX_POINT('',#4402);
#4405=CARTESIAN_POINT('',(-1.292335341539E1,-2.165063509461E1,-4.04E2));
#4406=CARTESIAN_POINT('',(-1.292335341539E1,-2.415063509461E1,-4.04E2));
#4407=VERTEX_POINT('',#4405);
#4408=VERTEX_POINT('',#4406);
#4409=CARTESIAN_POINT('',(-3.5E1,0.E0,-5.54E2));
#4410=CARTESIAN_POINT('',(-3.5E1,-2.5E0,-5.54E2));
#4411=VERTEX_POINT('',#4409);
#4412=VERTEX_POINT('',#4410);
#4413=CARTESIAN_POINT('',(-3.6E1,0.E0,-5.55E2));
#4414=CARTESIAN_POINT('',(-3.6E1,-2.5E0,-5.55E2));
#4415=VERTEX_POINT('',#4413);
#4416=VERTEX_POINT('',#4414);
#4417=CARTESIAN_POINT('',(-3.6E1,0.E0,-5.64E2));
#4418=CARTESIAN_POINT('',(-3.6E1,-2.5E0,-5.64E2));
#4419=VERTEX_POINT('',#4417);
#4420=VERTEX_POINT('',#4418);
#4421=CARTESIAN_POINT('',(-3.5E1,0.E0,-5.65E2));
#4422=CARTESIAN_POINT('',(-3.5E1,-2.5E0,-5.65E2));
#4423=VERTEX_POINT('',#4421);
#4424=VERTEX_POINT('',#4422);
#4425=CARTESIAN_POINT('',(-2.623415051736E1,-5.656617233806E0,-5.55E2));
#4426=CARTESIAN_POINT('',(-2.839921402682E1,-6.906617233806E0,-5.55E2));
#4427=VERTEX_POINT('',#4425);
#4428=VERTEX_POINT('',#4426);
#4429=CARTESIAN_POINT('',(-2.673415051736E1,-4.790591830022E0,-5.54E2));
#4430=CARTESIAN_POINT('',(-2.889921402682E1,-6.040591830022E0,-5.54E2));
#4431=VERTEX_POINT('',#4429);
#4432=VERTEX_POINT('',#4430);
#4433=CARTESIAN_POINT('',(-2.673415051736E1,-4.790591830021E0,-5.65E2));
#4434=CARTESIAN_POINT('',(-2.889921402682E1,-6.040591830021E0,-5.65E2));
#4435=VERTEX_POINT('',#4433);
#4436=VERTEX_POINT('',#4434);
#4437=CARTESIAN_POINT('',(-2.623415051736E1,-5.656617233806E0,-5.64E2));
#4438=CARTESIAN_POINT('',(-2.839921402682E1,-6.906617233806E0,-5.64E2));
#4439=VERTEX_POINT('',#4437);
#4440=VERTEX_POINT('',#4438);
#4441=CARTESIAN_POINT('',(2.671079710197E1,-4.831041132003E0,-5.54E2));
#4442=CARTESIAN_POINT('',(2.887586061143E1,-6.081041132003E0,-5.54E2));
#4443=VERTEX_POINT('',#4441);
#4444=VERTEX_POINT('',#4442);
#4445=CARTESIAN_POINT('',(2.621079710197E1,-5.697066535787E0,-5.55E2));
#4446=CARTESIAN_POINT('',(2.837586061143E1,-6.947066535787E0,-5.55E2));
#4447=VERTEX_POINT('',#4445);
#4448=VERTEX_POINT('',#4446);
#4449=CARTESIAN_POINT('',(2.621079710197E1,-5.697066535787E0,-5.64E2));
#4450=CARTESIAN_POINT('',(2.837586061143E1,-6.947066535787E0,-5.64E2));
#4451=VERTEX_POINT('',#4449);
#4452=VERTEX_POINT('',#4450);
#4453=CARTESIAN_POINT('',(2.671079710197E1,-4.831041132002E0,-5.65E2));
#4454=CARTESIAN_POINT('',(2.887586061143E1,-6.081041132002E0,-5.65E2));
#4455=VERTEX_POINT('',#4453);
#4456=VERTEX_POINT('',#4454);
#4457=CARTESIAN_POINT('',(3.495329316923E1,-8.626580262207E-14,-5.65E2));
#4458=CARTESIAN_POINT('',(3.495329316923E1,-2.5E0,-5.65E2));
#4459=VERTEX_POINT('',#4457);
#4460=VERTEX_POINT('',#4458);
#4461=CARTESIAN_POINT('',(3.595329316923E1,-8.598824686592E-14,-5.64E2));
#4462=CARTESIAN_POINT('',(3.595329316923E1,-2.5E0,-5.64E2));
#4463=VERTEX_POINT('',#4461);
#4464=VERTEX_POINT('',#4462);
#4465=CARTESIAN_POINT('',(3.595329316923E1,-8.598824686592E-14,-5.55E2));
#4466=CARTESIAN_POINT('',(3.595329316923E1,-2.5E0,-5.55E2));
#4467=VERTEX_POINT('',#4465);
#4468=VERTEX_POINT('',#4466);
#4469=CARTESIAN_POINT('',(3.495329316923E1,-8.626580262207E-14,-5.54E2));
#4470=CARTESIAN_POINT('',(3.495329316923E1,-2.5E0,-5.54E2));
#4471=VERTEX_POINT('',#4469);
#4472=VERTEX_POINT('',#4470);
#4473=CARTESIAN_POINT('',(1.287664658461E1,-2.165063509461E1,-4.04E2));
#4474=CARTESIAN_POINT('',(1.287664658461E1,-2.415063509461E1,-4.04E2));
#4475=VERTEX_POINT('',#4473);
#4476=VERTEX_POINT('',#4474);
#4477=CARTESIAN_POINT('',(1.187664658461E1,-2.165063509461E1,-4.05E2));
#4478=CARTESIAN_POINT('',(1.187664658461E1,-2.415063509461E1,-4.05E2));
#4479=VERTEX_POINT('',#4477);
#4480=VERTEX_POINT('',#4478);
#4481=CARTESIAN_POINT('',(1.187664658461E1,-2.165063509461E1,-4.14E2));
#4482=CARTESIAN_POINT('',(1.187664658461E1,-2.415063509461E1,-4.14E2));
#4483=VERTEX_POINT('',#4481);
#4484=VERTEX_POINT('',#4482);
#4485=CARTESIAN_POINT('',(1.287664658461E1,-2.165063509461E1,-4.15E2));
#4486=CARTESIAN_POINT('',(1.287664658461E1,-2.415063509461E1,-4.15E2));
#4487=VERTEX_POINT('',#4485);
#4488=VERTEX_POINT('',#4486);
#4489=CARTESIAN_POINT('',(1.901079710197E1,-1.816783235028E1,-4.15E2));
#4490=CARTESIAN_POINT('',(2.117586061143E1,-1.941783235028E1,-4.15E2));
#4491=VERTEX_POINT('',#4489);
#4492=VERTEX_POINT('',#4490);
#4493=CARTESIAN_POINT('',(1.951079710197E1,-1.730180694650E1,-4.14E2));
#4494=CARTESIAN_POINT('',(2.167586061143E1,-1.855180694650E1,-4.14E2));
#4495=VERTEX_POINT('',#4493);
#4496=VERTEX_POINT('',#4494);
#4497=CARTESIAN_POINT('',(1.951079710197E1,-1.730180694650E1,-4.05E2));
#4498=CARTESIAN_POINT('',(2.167586061143E1,-1.855180694650E1,-4.05E2));
#4499=VERTEX_POINT('',#4497);
#4500=VERTEX_POINT('',#4498);
#4501=CARTESIAN_POINT('',(1.901079710197E1,-1.816783235028E1,-4.04E2));
#4502=CARTESIAN_POINT('',(2.117586061143E1,-1.941783235028E1,-4.04E2));
#4503=VERTEX_POINT('',#4501);
#4504=VERTEX_POINT('',#4502);
#4505=CARTESIAN_POINT('',(-2.673415051736E1,-4.790591830021E0,5.54E2));
#4506=CARTESIAN_POINT('',(-2.889921402682E1,-6.040591830021E0,5.54E2));
#4507=VERTEX_POINT('',#4505);
#4508=VERTEX_POINT('',#4506);
#4509=CARTESIAN_POINT('',(-2.623415051736E1,-5.656617233806E0,5.55E2));
#4510=CARTESIAN_POINT('',(-2.839921402682E1,-6.906617233806E0,5.55E2));
#4511=VERTEX_POINT('',#4509);
#4512=VERTEX_POINT('',#4510);
#4513=CARTESIAN_POINT('',(-2.623415051736E1,-5.656617233806E0,5.64E2));
#4514=CARTESIAN_POINT('',(-2.839921402682E1,-6.906617233806E0,5.64E2));
#4515=VERTEX_POINT('',#4513);
#4516=VERTEX_POINT('',#4514);
#4517=CARTESIAN_POINT('',(-2.673415051736E1,-4.790591830021E0,5.65E2));
#4518=CARTESIAN_POINT('',(-2.889921402682E1,-6.040591830021E0,5.65E2));
#4519=VERTEX_POINT('',#4517);
#4520=VERTEX_POINT('',#4518);
#4521=CARTESIAN_POINT('',(2.671079710197E1,-4.831041132002E0,5.65E2));
#4522=CARTESIAN_POINT('',(2.887586061143E1,-6.081041132002E0,5.65E2));
#4523=VERTEX_POINT('',#4521);
#4524=VERTEX_POINT('',#4522);
#4525=CARTESIAN_POINT('',(2.621079710197E1,-5.697066535787E0,5.64E2));
#4526=CARTESIAN_POINT('',(2.837586061143E1,-6.947066535787E0,5.64E2));
#4527=VERTEX_POINT('',#4525);
#4528=VERTEX_POINT('',#4526);
#4529=CARTESIAN_POINT('',(2.621079710197E1,-5.697066535787E0,5.55E2));
#4530=CARTESIAN_POINT('',(2.837586061143E1,-6.947066535787E0,5.55E2));
#4531=VERTEX_POINT('',#4529);
#4532=VERTEX_POINT('',#4530);
#4533=CARTESIAN_POINT('',(2.671079710197E1,-4.831041132002E0,5.54E2));
#4534=CARTESIAN_POINT('',(2.887586061143E1,-6.081041132002E0,5.54E2));
#4535=VERTEX_POINT('',#4533);
#4536=VERTEX_POINT('',#4534);
#4537=CARTESIAN_POINT('',(3.495329316923E1,-8.626580262207E-14,5.54E2));
#4538=CARTESIAN_POINT('',(3.495329316923E1,-2.5E0,5.54E2));
#4539=VERTEX_POINT('',#4537);
#4540=VERTEX_POINT('',#4538);
#4541=CARTESIAN_POINT('',(3.595329316923E1,-8.598824686592E-14,5.55E2));
#4542=CARTESIAN_POINT('',(3.595329316923E1,-2.5E0,5.55E2));
#4543=VERTEX_POINT('',#4541);
#4544=VERTEX_POINT('',#4542);
#4545=CARTESIAN_POINT('',(3.595329316923E1,-8.598824686592E-14,5.64E2));
#4546=CARTESIAN_POINT('',(3.595329316923E1,-2.5E0,5.64E2));
#4547=VERTEX_POINT('',#4545);
#4548=VERTEX_POINT('',#4546);
#4549=CARTESIAN_POINT('',(3.495329316923E1,-8.626580262207E-14,5.65E2));
#4550=CARTESIAN_POINT('',(3.495329316923E1,-2.5E0,5.65E2));
#4551=VERTEX_POINT('',#4549);
#4552=VERTEX_POINT('',#4550);
#4553=CARTESIAN_POINT('',(-1.903415051736E1,-1.812738304830E1,4.15E2));
#4554=CARTESIAN_POINT('',(-2.119921402682E1,-1.937738304830E1,4.15E2));
#4555=VERTEX_POINT('',#4553);
#4556=VERTEX_POINT('',#4554);
#4557=CARTESIAN_POINT('',(-1.953415051736E1,-1.726135764452E1,4.14E2));
#4558=CARTESIAN_POINT('',(-2.169921402682E1,-1.851135764452E1,4.14E2));
#4559=VERTEX_POINT('',#4557);
#4560=VERTEX_POINT('',#4558);
#4561=CARTESIAN_POINT('',(-1.953415051736E1,-1.726135764452E1,4.05E2));
#4562=CARTESIAN_POINT('',(-2.169921402682E1,-1.851135764452E1,4.05E2));
#4563=VERTEX_POINT('',#4561);
#4564=VERTEX_POINT('',#4562);
#4565=CARTESIAN_POINT('',(-1.903415051736E1,-1.812738304830E1,4.04E2));
#4566=CARTESIAN_POINT('',(-2.119921402682E1,-1.937738304830E1,4.04E2));
#4567=VERTEX_POINT('',#4565);
#4568=VERTEX_POINT('',#4566);
#4569=CARTESIAN_POINT('',(-1.292335341539E1,-2.165063509461E1,4.04E2));
#4570=CARTESIAN_POINT('',(-1.292335341539E1,-2.415063509461E1,4.04E2));
#4571=VERTEX_POINT('',#4569);
#4572=VERTEX_POINT('',#4570);
#4573=CARTESIAN_POINT('',(-1.192335341539E1,-2.165063509461E1,4.05E2));
#4574=CARTESIAN_POINT('',(-1.192335341539E1,-2.415063509461E1,4.05E2));
#4575=VERTEX_POINT('',#4573);
#4576=VERTEX_POINT('',#4574);
#4577=CARTESIAN_POINT('',(-1.192335341539E1,-2.165063509461E1,4.14E2));
#4578=CARTESIAN_POINT('',(-1.192335341539E1,-2.415063509461E1,4.14E2));
#4579=VERTEX_POINT('',#4577);
#4580=VERTEX_POINT('',#4578);
#4581=CARTESIAN_POINT('',(-1.292335341539E1,-2.165063509461E1,4.15E2));
#4582=CARTESIAN_POINT('',(-1.292335341539E1,-2.415063509461E1,4.15E2));
#4583=VERTEX_POINT('',#4581);
#4584=VERTEX_POINT('',#4582);
#4585=CARTESIAN_POINT('',(-1.903415051736E1,-1.812738304830E1,-4.04E2));
#4586=CARTESIAN_POINT('',(-2.119921402682E1,-1.937738304830E1,-4.04E2));
#4587=VERTEX_POINT('',#4585);
#4588=VERTEX_POINT('',#4586);
#4589=CARTESIAN_POINT('',(-1.953415051736E1,-1.726135764452E1,-4.05E2));
#4590=CARTESIAN_POINT('',(-2.169921402682E1,-1.851135764452E1,-4.05E2));
#4591=VERTEX_POINT('',#4589);
#4592=VERTEX_POINT('',#4590);
#4593=CARTESIAN_POINT('',(-1.953415051736E1,-1.726135764452E1,-4.14E2));
#4594=CARTESIAN_POINT('',(-2.169921402682E1,-1.851135764452E1,-4.14E2));
#4595=VERTEX_POINT('',#4593);
#4596=VERTEX_POINT('',#4594);
#4597=CARTESIAN_POINT('',(-1.903415051736E1,-1.812738304830E1,-4.15E2));
#4598=CARTESIAN_POINT('',(-2.119921402682E1,-1.937738304830E1,-4.15E2));
#4599=VERTEX_POINT('',#4597);
#4600=VERTEX_POINT('',#4598);
#4601=CARTESIAN_POINT('',(-1.292335341539E1,-2.165063509461E1,-4.15E2));
#4602=CARTESIAN_POINT('',(-1.292335341539E1,-2.415063509461E1,-4.15E2));
#4603=VERTEX_POINT('',#4601);
#4604=VERTEX_POINT('',#4602);
#4605=CARTESIAN_POINT('',(-1.192335341539E1,-2.165063509461E1,-4.14E2));
#4606=CARTESIAN_POINT('',(-1.192335341539E1,-2.415063509461E1,-4.14E2));
#4607=VERTEX_POINT('',#4605);
#4608=VERTEX_POINT('',#4606);
#4609=CARTESIAN_POINT('',(-3.267542648054E1,0.E0,6.595E2));
#4610=DIRECTION('',(0.E0,1.E0,0.E0));
#4611=DIRECTION('',(-1.E0,0.E0,0.E0));
#4612=AXIS2_PLACEMENT_3D('',#4609,#4610,#4611);
#4613=PLANE('',#4612);
#4615=ORIENTED_EDGE('',*,*,#4614,.F.);
#4617=ORIENTED_EDGE('',*,*,#4616,.F.);
#4619=ORIENTED_EDGE('',*,*,#4618,.F.);
#4621=ORIENTED_EDGE('',*,*,#4620,.T.);
#4623=ORIENTED_EDGE('',*,*,#4622,.F.);
#4625=ORIENTED_EDGE('',*,*,#4624,.F.);
#4627=ORIENTED_EDGE('',*,*,#4626,.F.);
#4629=ORIENTED_EDGE('',*,*,#4628,.F.);
#4631=ORIENTED_EDGE('',*,*,#4630,.F.);
#4633=ORIENTED_EDGE('',*,*,#4632,.T.);
#4635=ORIENTED_EDGE('',*,*,#4634,.F.);
#4637=ORIENTED_EDGE('',*,*,#4636,.F.);
#4639=ORIENTED_EDGE('',*,*,#4638,.F.);
#4641=ORIENTED_EDGE('',*,*,#4640,.F.);
#4643=ORIENTED_EDGE('',*,*,#4642,.F.);
#4645=ORIENTED_EDGE('',*,*,#4644,.T.);
#4647=ORIENTED_EDGE('',*,*,#4646,.F.);
#4649=ORIENTED_EDGE('',*,*,#4648,.T.);
#4650=EDGE_LOOP('',(#4615,#4617,#4619,#4621,#4623,#4625,#4627,#4629,#4631,#4633,
#4635,#4637,#4639,#4641,#4643,#4645,#4647,#4649));
#4651=FACE_OUTER_BOUND('',#4650,.F.);
#4653=ORIENTED_EDGE('',*,*,#4652,.F.);
#4655=ORIENTED_EDGE('',*,*,#4654,.F.);
#4657=ORIENTED_EDGE('',*,*,#4656,.F.);
#4659=ORIENTED_EDGE('',*,*,#4658,.F.);
#4661=ORIENTED_EDGE('',*,*,#4660,.F.);
#4663=ORIENTED_EDGE('',*,*,#4662,.F.);
#4665=ORIENTED_EDGE('',*,*,#4664,.F.);
#4667=ORIENTED_EDGE('',*,*,#4666,.F.);
#4668=EDGE_LOOP('',(#4653,#4655,#4657,#4659,#4661,#4663,#4665,#4667));
#4669=FACE_BOUND('',#4668,.F.);
#4671=ORIENTED_EDGE('',*,*,#4670,.F.);
#4673=ORIENTED_EDGE('',*,*,#4672,.F.);
#4675=ORIENTED_EDGE('',*,*,#4674,.F.);
#4677=ORIENTED_EDGE('',*,*,#4676,.F.);
#4679=ORIENTED_EDGE('',*,*,#4678,.F.);
#4681=ORIENTED_EDGE('',*,*,#4680,.F.);
#4683=ORIENTED_EDGE('',*,*,#4682,.F.);
#4685=ORIENTED_EDGE('',*,*,#4684,.F.);
#4686=EDGE_LOOP('',(#4671,#4673,#4675,#4677,#4679,#4681,#4683,#4685));
#4687=FACE_BOUND('',#4686,.F.);
#4689=ORIENTED_EDGE('',*,*,#4688,.F.);
#4691=ORIENTED_EDGE('',*,*,#4690,.F.);
#4693=ORIENTED_EDGE('',*,*,#4692,.F.);
#4695=ORIENTED_EDGE('',*,*,#4694,.F.);
#4697=ORIENTED_EDGE('',*,*,#4696,.F.);
#4699=ORIENTED_EDGE('',*,*,#4698,.F.);
#4701=ORIENTED_EDGE('',*,*,#4700,.F.);
#4703=ORIENTED_EDGE('',*,*,#4702,.F.);
#4704=EDGE_LOOP('',(#4689,#4691,#4693,#4695,#4697,#4699,#4701,#4703));
#4705=FACE_BOUND('',#4704,.F.);
#4707=ORIENTED_EDGE('',*,*,#4706,.F.);
#4709=ORIENTED_EDGE('',*,*,#4708,.F.);
#4711=ORIENTED_EDGE('',*,*,#4710,.F.);
#4713=ORIENTED_EDGE('',*,*,#4712,.F.);
#4715=ORIENTED_EDGE('',*,*,#4714,.F.);
#4717=ORIENTED_EDGE('',*,*,#4716,.F.);
#4719=ORIENTED_EDGE('',*,*,#4718,.F.);
#4721=ORIENTED_EDGE('',*,*,#4720,.F.);
#4722=EDGE_LOOP('',(#4707,#4709,#4711,#4713,#4715,#4717,#4719,#4721));
#4723=FACE_BOUND('',#4722,.F.);
#4725=ORIENTED_EDGE('',*,*,#4724,.F.);
#4727=ORIENTED_EDGE('',*,*,#4726,.F.);
#4729=ORIENTED_EDGE('',*,*,#4728,.F.);
#4731=ORIENTED_EDGE('',*,*,#4730,.F.);
#4733=ORIENTED_EDGE('',*,*,#4732,.F.);
#4735=ORIENTED_EDGE('',*,*,#4734,.F.);
#4737=ORIENTED_EDGE('',*,*,#4736,.F.);
#4739=ORIENTED_EDGE('',*,*,#4738,.F.);
#4740=EDGE_LOOP('',(#4725,#4727,#4729,#4731,#4733,#4735,#4737,#4739));
#4741=FACE_BOUND('',#4740,.F.);
#4743=ORIENTED_EDGE('',*,*,#4742,.F.);
#4745=ORIENTED_EDGE('',*,*,#4744,.F.);
#4747=ORIENTED_EDGE('',*,*,#4746,.F.);
#4749=ORIENTED_EDGE('',*,*,#4748,.F.);
#4751=ORIENTED_EDGE('',*,*,#4750,.F.);
#4753=ORIENTED_EDGE('',*,*,#4752,.F.);
#4755=ORIENTED_EDGE('',*,*,#4754,.F.);
#4757=ORIENTED_EDGE('',*,*,#4756,.F.);
#4758=EDGE_LOOP('',(#4743,#4745,#4747,#4749,#4751,#4753,#4755,#4757));
#4759=FACE_BOUND('',#4758,.F.);
#4761=ORIENTED_EDGE('',*,*,#4760,.F.);
#4763=ORIENTED_EDGE('',*,*,#4762,.F.);
#4765=ORIENTED_EDGE('',*,*,#4764,.F.);
#4767=ORIENTED_EDGE('',*,*,#4766,.F.);
#4769=ORIENTED_EDGE('',*,*,#4768,.F.);
#4771=ORIENTED_EDGE('',*,*,#4770,.F.);
#4773=ORIENTED_EDGE('',*,*,#4772,.F.);
#4775=ORIENTED_EDGE('',*,*,#4774,.F.);
#4776=EDGE_LOOP('',(#4761,#4763,#4765,#4767,#4769,#4771,#4773,#4775));
#4777=FACE_BOUND('',#4776,.F.);
#4779=ORIENTED_EDGE('',*,*,#4778,.F.);
#4781=ORIENTED_EDGE('',*,*,#4780,.F.);
#4783=ORIENTED_EDGE('',*,*,#4782,.F.);
#4785=ORIENTED_EDGE('',*,*,#4784,.F.);
#4787=ORIENTED_EDGE('',*,*,#4786,.F.);
#4789=ORIENTED_EDGE('',*,*,#4788,.F.);
#4791=ORIENTED_EDGE('',*,*,#4790,.F.);
#4793=ORIENTED_EDGE('',*,*,#4792,.F.);
#4794=EDGE_LOOP('',(#4779,#4781,#4783,#4785,#4787,#4789,#4791,#4793));
#4795=FACE_BOUND('',#4794,.F.);
#4797=ORIENTED_EDGE('',*,*,#4796,.F.);
#4799=ORIENTED_EDGE('',*,*,#4798,.F.);
#4801=ORIENTED_EDGE('',*,*,#4800,.F.);
#4803=ORIENTED_EDGE('',*,*,#4802,.F.);
#4805=ORIENTED_EDGE('',*,*,#4804,.F.);
#4807=ORIENTED_EDGE('',*,*,#4806,.F.);
#4809=ORIENTED_EDGE('',*,*,#4808,.F.);
#4811=ORIENTED_EDGE('',*,*,#4810,.F.);
#4812=EDGE_LOOP('',(#4797,#4799,#4801,#4803,#4805,#4807,#4809,#4811));
#4813=FACE_BOUND('',#4812,.F.);
#4814=ADVANCED_FACE('',(#4651,#4669,#4687,#4705,#4723,#4741,#4759,#4777,#4795,
#4813),#4613,.T.);
#4815=CARTESIAN_POINT('',(-4.4E1,-1.25E0,3.155E2));
#4816=DIRECTION('',(0.E0,0.E0,-1.E0));
#4817=DIRECTION('',(-1.E0,0.E0,0.E0));
#4818=AXIS2_PLACEMENT_3D('',#4815,#4816,#4817);
#4819=PLANE('',#4818);
#4821=ORIENTED_EDGE('',*,*,#4820,.F.);
#4822=ORIENTED_EDGE('',*,*,#4796,.T.);
#4824=ORIENTED_EDGE('',*,*,#4823,.T.);
#4826=ORIENTED_EDGE('',*,*,#4825,.F.);
#4827=EDGE_LOOP('',(#4821,#4822,#4824,#4826));
#4828=FACE_OUTER_BOUND('',#4827,.F.);
#4829=ADVANCED_FACE('',(#4828),#4819,.T.);
#4830=CARTESIAN_POINT('',(-3.95E1,3.644266790933E1,3.145E2));
#4831=DIRECTION('',(0.E0,-1.E0,0.E0));
#4832=DIRECTION('',(1.E0,0.E0,0.E0));
#4833=AXIS2_PLACEMENT_3D('',#4830,#4831,#4832);
#4834=CYLINDRICAL_SURFACE('',#4833,1.E0);
#4836=ORIENTED_EDGE('',*,*,#4835,.F.);
#4837=ORIENTED_EDGE('',*,*,#4798,.T.);
#4838=ORIENTED_EDGE('',*,*,#4820,.T.);
#4840=ORIENTED_EDGE('',*,*,#4839,.T.);
#4841=EDGE_LOOP('',(#4836,#4837,#4838,#4840));
#4842=FACE_OUTER_BOUND('',#4841,.F.);
#4843=ADVANCED_FACE('',(#4842),#4834,.F.);
#4844=CARTESIAN_POINT('',(-3.85E1,-1.25E0,3.1E2));
#4845=DIRECTION('',(-1.E0,0.E0,0.E0));
#4846=DIRECTION('',(0.E0,0.E0,1.E0));
#4847=AXIS2_PLACEMENT_3D('',#4844,#4845,#4846);
#4848=PLANE('',#4847);
#4849=ORIENTED_EDGE('',*,*,#4835,.T.);
#4851=ORIENTED_EDGE('',*,*,#4850,.F.);
#4853=ORIENTED_EDGE('',*,*,#4852,.F.);
#4854=ORIENTED_EDGE('',*,*,#4800,.T.);
#4855=EDGE_LOOP('',(#4849,#4851,#4853,#4854));
#4856=FACE_OUTER_BOUND('',#4855,.F.);
#4857=ADVANCED_FACE('',(#4856),#4848,.T.);
#4858=CARTESIAN_POINT('',(-3.267542648054E1,-2.5E0,6.595E2));
#4859=DIRECTION('',(0.E0,1.E0,0.E0));
#4860=DIRECTION('',(-1.E0,0.E0,0.E0));
#4861=AXIS2_PLACEMENT_3D('',#4858,#4859,#4860);
#4862=PLANE('',#4861);
#4864=ORIENTED_EDGE('',*,*,#4863,.F.);
#4866=ORIENTED_EDGE('',*,*,#4865,.F.);
#4868=ORIENTED_EDGE('',*,*,#4867,.F.);
#4870=ORIENTED_EDGE('',*,*,#4869,.F.);
#4872=ORIENTED_EDGE('',*,*,#4871,.T.);
#4874=ORIENTED_EDGE('',*,*,#4873,.T.);
#4876=ORIENTED_EDGE('',*,*,#4875,.F.);
#4878=ORIENTED_EDGE('',*,*,#4877,.T.);
#4880=ORIENTED_EDGE('',*,*,#4879,.F.);
#4882=ORIENTED_EDGE('',*,*,#4881,.F.);
#4884=ORIENTED_EDGE('',*,*,#4883,.T.);
#4886=ORIENTED_EDGE('',*,*,#4885,.T.);
#4888=ORIENTED_EDGE('',*,*,#4887,.F.);
#4890=ORIENTED_EDGE('',*,*,#4889,.T.);
#4892=ORIENTED_EDGE('',*,*,#4891,.F.);
#4894=ORIENTED_EDGE('',*,*,#4893,.F.);
#4896=ORIENTED_EDGE('',*,*,#4895,.T.);
#4898=ORIENTED_EDGE('',*,*,#4897,.T.);
#4899=EDGE_LOOP('',(#4864,#4866,#4868,#4870,#4872,#4874,#4876,#4878,#4880,#4882,
#4884,#4886,#4888,#4890,#4892,#4894,#4896,#4898));
#4900=FACE_OUTER_BOUND('',#4899,.F.);
#4902=ORIENTED_EDGE('',*,*,#4901,.T.);
#4904=ORIENTED_EDGE('',*,*,#4903,.F.);
#4906=ORIENTED_EDGE('',*,*,#4905,.T.);
#4908=ORIENTED_EDGE('',*,*,#4907,.F.);
#4910=ORIENTED_EDGE('',*,*,#4909,.T.);
#4912=ORIENTED_EDGE('',*,*,#4911,.F.);
#4914=ORIENTED_EDGE('',*,*,#4913,.T.);
#4916=ORIENTED_EDGE('',*,*,#4915,.F.);
#4917=EDGE_LOOP('',(#4902,#4904,#4906,#4908,#4910,#4912,#4914,#4916));
#4918=FACE_BOUND('',#4917,.F.);
#4920=ORIENTED_EDGE('',*,*,#4919,.T.);
#4922=ORIENTED_EDGE('',*,*,#4921,.F.);
#4924=ORIENTED_EDGE('',*,*,#4923,.T.);
#4926=ORIENTED_EDGE('',*,*,#4925,.F.);
#4928=ORIENTED_EDGE('',*,*,#4927,.T.);
#4930=ORIENTED_EDGE('',*,*,#4929,.F.);
#4932=ORIENTED_EDGE('',*,*,#4931,.T.);
#4934=ORIENTED_EDGE('',*,*,#4933,.F.);
#4935=EDGE_LOOP('',(#4920,#4922,#4924,#4926,#4928,#4930,#4932,#4934));
#4936=FACE_BOUND('',#4935,.F.);
#4938=ORIENTED_EDGE('',*,*,#4937,.T.);
#4940=ORIENTED_EDGE('',*,*,#4939,.F.);
#4942=ORIENTED_EDGE('',*,*,#4941,.T.);
#4944=ORIENTED_EDGE('',*,*,#4943,.F.);
#4946=ORIENTED_EDGE('',*,*,#4945,.T.);
#4948=ORIENTED_EDGE('',*,*,#4947,.F.);
#4950=ORIENTED_EDGE('',*,*,#4949,.T.);
#4952=ORIENTED_EDGE('',*,*,#4951,.F.);
#4953=EDGE_LOOP('',(#4938,#4940,#4942,#4944,#4946,#4948,#4950,#4952));
#4954=FACE_BOUND('',#4953,.F.);
#4956=ORIENTED_EDGE('',*,*,#4955,.T.);
#4958=ORIENTED_EDGE('',*,*,#4957,.F.);
#4960=ORIENTED_EDGE('',*,*,#4959,.T.);
#4962=ORIENTED_EDGE('',*,*,#4961,.F.);
#4964=ORIENTED_EDGE('',*,*,#4963,.T.);
#4966=ORIENTED_EDGE('',*,*,#4965,.F.);
#4968=ORIENTED_EDGE('',*,*,#4967,.T.);
#4970=ORIENTED_EDGE('',*,*,#4969,.F.);
#4971=EDGE_LOOP('',(#4956,#4958,#4960,#4962,#4964,#4966,#4968,#4970));
#4972=FACE_BOUND('',#4971,.F.);
#4974=ORIENTED_EDGE('',*,*,#4973,.T.);
#4976=ORIENTED_EDGE('',*,*,#4975,.F.);
#4978=ORIENTED_EDGE('',*,*,#4977,.T.);
#4980=ORIENTED_EDGE('',*,*,#4979,.F.);
#4982=ORIENTED_EDGE('',*,*,#4981,.T.);
#4984=ORIENTED_EDGE('',*,*,#4983,.F.);
#4986=ORIENTED_EDGE('',*,*,#4985,.T.);
#4988=ORIENTED_EDGE('',*,*,#4987,.F.);
#4989=EDGE_LOOP('',(#4974,#4976,#4978,#4980,#4982,#4984,#4986,#4988));
#4990=FACE_BOUND('',#4989,.F.);
#4992=ORIENTED_EDGE('',*,*,#4991,.T.);
#4994=ORIENTED_EDGE('',*,*,#4993,.F.);
#4996=ORIENTED_EDGE('',*,*,#4995,.T.);
#4998=ORIENTED_EDGE('',*,*,#4997,.F.);
#5000=ORIENTED_EDGE('',*,*,#4999,.T.);
#5002=ORIENTED_EDGE('',*,*,#5001,.F.);
#5004=ORIENTED_EDGE('',*,*,#5003,.T.);
#5006=ORIENTED_EDGE('',*,*,#5005,.F.);
#5007=EDGE_LOOP('',(#4992,#4994,#4996,#4998,#5000,#5002,#5004,#5006));
#5008=FACE_BOUND('',#5007,.F.);
#5010=ORIENTED_EDGE('',*,*,#5009,.T.);
#5012=ORIENTED_EDGE('',*,*,#5011,.F.);
#5014=ORIENTED_EDGE('',*,*,#5013,.T.);
#5016=ORIENTED_EDGE('',*,*,#5015,.F.);
#5018=ORIENTED_EDGE('',*,*,#5017,.T.);
#5020=ORIENTED_EDGE('',*,*,#5019,.F.);
#5022=ORIENTED_EDGE('',*,*,#5021,.T.);
#5024=ORIENTED_EDGE('',*,*,#5023,.F.);
#5025=EDGE_LOOP('',(#5010,#5012,#5014,#5016,#5018,#5020,#5022,#5024));
#5026=FACE_BOUND('',#5025,.F.);
#5028=ORIENTED_EDGE('',*,*,#5027,.T.);
#5030=ORIENTED_EDGE('',*,*,#5029,.F.);
#5032=ORIENTED_EDGE('',*,*,#5031,.T.);
#5034=ORIENTED_EDGE('',*,*,#5033,.F.);
#5036=ORIENTED_EDGE('',*,*,#5035,.T.);
#5038=ORIENTED_EDGE('',*,*,#5037,.F.);
#5040=ORIENTED_EDGE('',*,*,#5039,.T.);
#5042=ORIENTED_EDGE('',*,*,#5041,.F.);
#5043=EDGE_LOOP('',(#5028,#5030,#5032,#5034,#5036,#5038,#5040,#5042));
#5044=FACE_BOUND('',#5043,.F.);
#5045=ORIENTED_EDGE('',*,*,#4850,.T.);
#5046=ORIENTED_EDGE('',*,*,#4839,.F.);
#5047=ORIENTED_EDGE('',*,*,#4825,.T.);
#5049=ORIENTED_EDGE('',*,*,#5048,.F.);
#5051=ORIENTED_EDGE('',*,*,#5050,.T.);
#5053=ORIENTED_EDGE('',*,*,#5052,.F.);
#5055=ORIENTED_EDGE('',*,*,#5054,.T.);
#5057=ORIENTED_EDGE('',*,*,#5056,.F.);
#5058=EDGE_LOOP('',(#5045,#5046,#5047,#5049,#5051,#5053,#5055,#5057));
#5059=FACE_BOUND('',#5058,.F.);
#5060=ADVANCED_FACE('',(#4900,#4918,#4936,#4954,#4972,#4990,#5008,#5026,#5044,
#5059),#4862,.F.);
#5061=CARTESIAN_POINT('',(-4.85E1,3.644266790933E1,3.145E2));
#5062=DIRECTION('',(0.E0,-1.E0,0.E0));
#5063=DIRECTION('',(0.E0,0.E0,1.E0));
#5064=AXIS2_PLACEMENT_3D('',#5061,#5062,#5063);
#5065=CYLINDRICAL_SURFACE('',#5064,1.E0);
#5066=ORIENTED_EDGE('',*,*,#4823,.F.);
#5067=ORIENTED_EDGE('',*,*,#4810,.T.);
#5069=ORIENTED_EDGE('',*,*,#5068,.T.);
#5070=ORIENTED_EDGE('',*,*,#5048,.T.);
#5071=EDGE_LOOP('',(#5066,#5067,#5069,#5070));
#5072=FACE_OUTER_BOUND('',#5071,.F.);
#5073=ADVANCED_FACE('',(#5072),#5065,.F.);
#5074=CARTESIAN_POINT('',(-4.95E1,-1.25E0,3.1E2));
#5075=DIRECTION('',(1.E0,0.E0,0.E0));
#5076=DIRECTION('',(0.E0,0.E0,-1.E0));
#5077=AXIS2_PLACEMENT_3D('',#5074,#5075,#5076);
#5078=PLANE('',#5077);
#5079=ORIENTED_EDGE('',*,*,#5068,.F.);
#5080=ORIENTED_EDGE('',*,*,#4808,.T.);
#5082=ORIENTED_EDGE('',*,*,#5081,.T.);
#5083=ORIENTED_EDGE('',*,*,#5050,.F.);
#5084=EDGE_LOOP('',(#5079,#5080,#5082,#5083));
#5085=FACE_OUTER_BOUND('',#5084,.F.);
#5086=ADVANCED_FACE('',(#5085),#5078,.T.);
#5087=CARTESIAN_POINT('',(-4.85E1,3.644266790933E1,3.055E2));
#5088=DIRECTION('',(0.E0,-1.E0,0.E0));
#5089=DIRECTION('',(-1.E0,0.E0,0.E0));
#5090=AXIS2_PLACEMENT_3D('',#5087,#5088,#5089);
#5091=CYLINDRICAL_SURFACE('',#5090,1.E0);
#5092=ORIENTED_EDGE('',*,*,#5081,.F.);
#5093=ORIENTED_EDGE('',*,*,#4806,.T.);
#5095=ORIENTED_EDGE('',*,*,#5094,.T.);
#5096=ORIENTED_EDGE('',*,*,#5052,.T.);
#5097=EDGE_LOOP('',(#5092,#5093,#5095,#5096));
#5098=FACE_OUTER_BOUND('',#5097,.F.);
#5099=ADVANCED_FACE('',(#5098),#5091,.F.);
#5100=CARTESIAN_POINT('',(-4.4E1,-1.25E0,3.045E2));
#5101=DIRECTION('',(0.E0,0.E0,1.E0));
#5102=DIRECTION('',(1.E0,0.E0,0.E0));
#5103=AXIS2_PLACEMENT_3D('',#5100,#5101,#5102);
#5104=PLANE('',#5103);
#5105=ORIENTED_EDGE('',*,*,#5094,.F.);
#5106=ORIENTED_EDGE('',*,*,#4804,.T.);
#5108=ORIENTED_EDGE('',*,*,#5107,.T.);
#5109=ORIENTED_EDGE('',*,*,#5054,.F.);
#5110=EDGE_LOOP('',(#5105,#5106,#5108,#5109));
#5111=FACE_OUTER_BOUND('',#5110,.F.);
#5112=ADVANCED_FACE('',(#5111),#5104,.T.);
#5113=CARTESIAN_POINT('',(-3.95E1,3.644266790933E1,3.055E2));
#5114=DIRECTION('',(0.E0,-1.E0,0.E0));
#5115=DIRECTION('',(0.E0,0.E0,-1.E0));
#5116=AXIS2_PLACEMENT_3D('',#5113,#5114,#5115);
#5117=CYLINDRICAL_SURFACE('',#5116,1.E0);
#5118=ORIENTED_EDGE('',*,*,#5107,.F.);
#5119=ORIENTED_EDGE('',*,*,#4802,.T.);
#5120=ORIENTED_EDGE('',*,*,#4852,.T.);
#5121=ORIENTED_EDGE('',*,*,#5056,.T.);
#5122=EDGE_LOOP('',(#5118,#5119,#5120,#5121));
#5123=FACE_OUTER_BOUND('',#5122,.F.);
#5124=ADVANCED_FACE('',(#5123),#5117,.F.);
#5125=CARTESIAN_POINT('',(-4.4E1,-1.25E0,2.34E2));
#5126=DIRECTION('',(0.E0,0.E0,1.E0));
#5127=DIRECTION('',(1.E0,0.E0,0.E0));
#5128=AXIS2_PLACEMENT_3D('',#5125,#5126,#5127);
#5129=PLANE('',#5128);
#5131=ORIENTED_EDGE('',*,*,#5130,.F.);
#5132=ORIENTED_EDGE('',*,*,#4656,.T.);
#5134=ORIENTED_EDGE('',*,*,#5133,.T.);
#5135=ORIENTED_EDGE('',*,*,#4901,.F.);
#5136=EDGE_LOOP('',(#5131,#5132,#5134,#5135));
#5137=FACE_OUTER_BOUND('',#5136,.F.);
#5138=ADVANCED_FACE('',(#5137),#5129,.T.);
#5139=CARTESIAN_POINT('',(-4.85E1,3.644266790933E1,2.35E2));
#5140=DIRECTION('',(0.E0,-1.E0,0.E0));
#5141=DIRECTION('',(-1.E0,0.E0,0.E0));
#5142=AXIS2_PLACEMENT_3D('',#5139,#5140,#5141);
#5143=CYLINDRICAL_SURFACE('',#5142,1.E0);
#5145=ORIENTED_EDGE('',*,*,#5144,.F.);
#5146=ORIENTED_EDGE('',*,*,#4658,.T.);
#5147=ORIENTED_EDGE('',*,*,#5130,.T.);
#5148=ORIENTED_EDGE('',*,*,#4915,.T.);
#5149=EDGE_LOOP('',(#5145,#5146,#5147,#5148));
#5150=FACE_OUTER_BOUND('',#5149,.F.);
#5151=ADVANCED_FACE('',(#5150),#5143,.F.);
#5152=CARTESIAN_POINT('',(-4.95E1,-1.25E0,2.395E2));
#5153=DIRECTION('',(1.E0,0.E0,0.E0));
#5154=DIRECTION('',(0.E0,0.E0,-1.E0));
#5155=AXIS2_PLACEMENT_3D('',#5152,#5153,#5154);
#5156=PLANE('',#5155);
#5158=ORIENTED_EDGE('',*,*,#5157,.F.);
#5159=ORIENTED_EDGE('',*,*,#4660,.T.);
#5160=ORIENTED_EDGE('',*,*,#5144,.T.);
#5161=ORIENTED_EDGE('',*,*,#4913,.F.);
#5162=EDGE_LOOP('',(#5158,#5159,#5160,#5161));
#5163=FACE_OUTER_BOUND('',#5162,.F.);
#5164=ADVANCED_FACE('',(#5163),#5156,.T.);
#5165=CARTESIAN_POINT('',(-4.85E1,3.644266790933E1,2.44E2));
#5166=DIRECTION('',(0.E0,-1.E0,0.E0));
#5167=DIRECTION('',(0.E0,0.E0,1.E0));
#5168=AXIS2_PLACEMENT_3D('',#5165,#5166,#5167);
#5169=CYLINDRICAL_SURFACE('',#5168,1.E0);
#5171=ORIENTED_EDGE('',*,*,#5170,.F.);
#5172=ORIENTED_EDGE('',*,*,#4662,.T.);
#5173=ORIENTED_EDGE('',*,*,#5157,.T.);
#5174=ORIENTED_EDGE('',*,*,#4911,.T.);
#5175=EDGE_LOOP('',(#5171,#5172,#5173,#5174));
#5176=FACE_OUTER_BOUND('',#5175,.F.);
#5177=ADVANCED_FACE('',(#5176),#5169,.F.);
#5178=CARTESIAN_POINT('',(-4.4E1,-1.25E0,2.45E2));
#5179=DIRECTION('',(0.E0,0.E0,-1.E0));
#5180=DIRECTION('',(-1.E0,0.E0,0.E0));
#5181=AXIS2_PLACEMENT_3D('',#5178,#5179,#5180);
#5182=PLANE('',#5181);
#5184=ORIENTED_EDGE('',*,*,#5183,.F.);
#5185=ORIENTED_EDGE('',*,*,#4664,.T.);
#5186=ORIENTED_EDGE('',*,*,#5170,.T.);
#5187=ORIENTED_EDGE('',*,*,#4909,.F.);
#5188=EDGE_LOOP('',(#5184,#5185,#5186,#5187));
#5189=FACE_OUTER_BOUND('',#5188,.F.);
#5190=ADVANCED_FACE('',(#5189),#5182,.T.);
#5191=CARTESIAN_POINT('',(-3.95E1,3.644266790933E1,2.44E2));
#5192=DIRECTION('',(0.E0,-1.E0,0.E0));
#5193=DIRECTION('',(1.E0,0.E0,0.E0));
#5194=AXIS2_PLACEMENT_3D('',#5191,#5192,#5193);
#5195=CYLINDRICAL_SURFACE('',#5194,1.E0);
#5197=ORIENTED_EDGE('',*,*,#5196,.F.);
#5198=ORIENTED_EDGE('',*,*,#4666,.T.);
#5199=ORIENTED_EDGE('',*,*,#5183,.T.);
#5200=ORIENTED_EDGE('',*,*,#4907,.T.);
#5201=EDGE_LOOP('',(#5197,#5198,#5199,#5200));
#5202=FACE_OUTER_BOUND('',#5201,.F.);
#5203=ADVANCED_FACE('',(#5202),#5195,.F.);
#5204=CARTESIAN_POINT('',(-3.85E1,-1.25E0,2.395E2));
#5205=DIRECTION('',(-1.E0,0.E0,0.E0));
#5206=DIRECTION('',(0.E0,0.E0,1.E0));
#5207=AXIS2_PLACEMENT_3D('',#5204,#5205,#5206);
#5208=PLANE('',#5207);
#5209=ORIENTED_EDGE('',*,*,#5196,.T.);
#5210=ORIENTED_EDGE('',*,*,#4905,.F.);
#5212=ORIENTED_EDGE('',*,*,#5211,.F.);
#5213=ORIENTED_EDGE('',*,*,#4652,.T.);
#5214=EDGE_LOOP('',(#5209,#5210,#5212,#5213));
#5215=FACE_OUTER_BOUND('',#5214,.F.);
#5216=ADVANCED_FACE('',(#5215),#5208,.T.);
#5217=CARTESIAN_POINT('',(-3.95E1,3.644266790933E1,2.35E2));
#5218=DIRECTION('',(0.E0,-1.E0,0.E0));
#5219=DIRECTION('',(0.E0,0.E0,-1.E0));
#5220=AXIS2_PLACEMENT_3D('',#5217,#5218,#5219);
#5221=CYLINDRICAL_SURFACE('',#5220,1.E0);
#5222=ORIENTED_EDGE('',*,*,#5133,.F.);
#5223=ORIENTED_EDGE('',*,*,#4654,.T.);
#5224=ORIENTED_EDGE('',*,*,#5211,.T.);
#5225=ORIENTED_EDGE('',*,*,#4903,.T.);
#5226=EDGE_LOOP('',(#5222,#5223,#5224,#5225));
#5227=FACE_OUTER_BOUND('',#5226,.F.);
#5228=ADVANCED_FACE('',(#5227),#5221,.F.);
#5229=CARTESIAN_POINT('',(-3.85E1,-1.25E0,0.E0));
#5230=DIRECTION('',(-1.E0,0.E0,0.E0));
#5231=DIRECTION('',(0.E0,0.E0,1.E0));
#5232=AXIS2_PLACEMENT_3D('',#5229,#5230,#5231);
#5233=PLANE('',#5232);
#5235=ORIENTED_EDGE('',*,*,#5234,.T.);
#5236=ORIENTED_EDGE('',*,*,#4919,.F.);
#5238=ORIENTED_EDGE('',*,*,#5237,.F.);
#5239=ORIENTED_EDGE('',*,*,#4674,.T.);
#5240=EDGE_LOOP('',(#5235,#5236,#5238,#5239));
#5241=FACE_OUTER_BOUND('',#5240,.F.);
#5242=ADVANCED_FACE('',(#5241),#5233,.T.);
#5243=CARTESIAN_POINT('',(-3.95E1,3.644266790933E1,4.500000000001E0));
#5244=DIRECTION('',(0.E0,-1.E0,0.E0));
#5245=DIRECTION('',(1.E0,0.E0,0.E0));
#5246=AXIS2_PLACEMENT_3D('',#5243,#5244,#5245);
#5247=CYLINDRICAL_SURFACE('',#5246,1.E0);
#5248=ORIENTED_EDGE('',*,*,#5234,.F.);
#5249=ORIENTED_EDGE('',*,*,#4672,.T.);
#5251=ORIENTED_EDGE('',*,*,#5250,.T.);
#5252=ORIENTED_EDGE('',*,*,#4921,.T.);
#5253=EDGE_LOOP('',(#5248,#5249,#5251,#5252));
#5254=FACE_OUTER_BOUND('',#5253,.F.);
#5255=ADVANCED_FACE('',(#5254),#5247,.F.);
#5256=CARTESIAN_POINT('',(-4.4E1,-1.25E0,5.500000000001E0));
#5257=DIRECTION('',(0.E0,0.E0,-1.E0));
#5258=DIRECTION('',(-1.E0,0.E0,0.E0));
#5259=AXIS2_PLACEMENT_3D('',#5256,#5257,#5258);
#5260=PLANE('',#5259);
#5261=ORIENTED_EDGE('',*,*,#5250,.F.);
#5262=ORIENTED_EDGE('',*,*,#4670,.T.);
#5264=ORIENTED_EDGE('',*,*,#5263,.T.);
#5265=ORIENTED_EDGE('',*,*,#4923,.F.);
#5266=EDGE_LOOP('',(#5261,#5262,#5264,#5265));
#5267=FACE_OUTER_BOUND('',#5266,.F.);
#5268=ADVANCED_FACE('',(#5267),#5260,.T.);
#5269=CARTESIAN_POINT('',(-4.85E1,3.644266790933E1,4.500000000001E0));
#5270=DIRECTION('',(0.E0,-1.E0,0.E0));
#5271=DIRECTION('',(0.E0,0.E0,1.E0));
#5272=AXIS2_PLACEMENT_3D('',#5269,#5270,#5271);
#5273=CYLINDRICAL_SURFACE('',#5272,1.E0);
#5274=ORIENTED_EDGE('',*,*,#5263,.F.);
#5275=ORIENTED_EDGE('',*,*,#4684,.T.);
#5277=ORIENTED_EDGE('',*,*,#5276,.T.);
#5278=ORIENTED_EDGE('',*,*,#4925,.T.);
#5279=EDGE_LOOP('',(#5274,#5275,#5277,#5278));
#5280=FACE_OUTER_BOUND('',#5279,.F.);
#5281=ADVANCED_FACE('',(#5280),#5273,.F.);
#5282=CARTESIAN_POINT('',(-4.95E1,-1.25E0,0.E0));
#5283=DIRECTION('',(1.E0,0.E0,0.E0));
#5284=DIRECTION('',(0.E0,0.E0,-1.E0));
#5285=AXIS2_PLACEMENT_3D('',#5282,#5283,#5284);
#5286=PLANE('',#5285);
#5287=ORIENTED_EDGE('',*,*,#5276,.F.);
#5288=ORIENTED_EDGE('',*,*,#4682,.T.);
#5290=ORIENTED_EDGE('',*,*,#5289,.T.);
#5291=ORIENTED_EDGE('',*,*,#4927,.F.);
#5292=EDGE_LOOP('',(#5287,#5288,#5290,#5291));
#5293=FACE_OUTER_BOUND('',#5292,.F.);
#5294=ADVANCED_FACE('',(#5293),#5286,.T.);
#5295=CARTESIAN_POINT('',(-4.85E1,3.644266790933E1,-4.500000000001E0));
#5296=DIRECTION('',(0.E0,-1.E0,0.E0));
#5297=DIRECTION('',(-1.E0,0.E0,0.E0));
#5298=AXIS2_PLACEMENT_3D('',#5295,#5296,#5297);
#5299=CYLINDRICAL_SURFACE('',#5298,1.E0);
#5300=ORIENTED_EDGE('',*,*,#5289,.F.);
#5301=ORIENTED_EDGE('',*,*,#4680,.T.);
#5303=ORIENTED_EDGE('',*,*,#5302,.T.);
#5304=ORIENTED_EDGE('',*,*,#4929,.T.);
#5305=EDGE_LOOP('',(#5300,#5301,#5303,#5304));
#5306=FACE_OUTER_BOUND('',#5305,.F.);
#5307=ADVANCED_FACE('',(#5306),#5299,.F.);
#5308=CARTESIAN_POINT('',(-4.4E1,-1.25E0,-5.500000000001E0));
#5309=DIRECTION('',(0.E0,0.E0,1.E0));
#5310=DIRECTION('',(1.E0,0.E0,0.E0));
#5311=AXIS2_PLACEMENT_3D('',#5308,#5309,#5310);
#5312=PLANE('',#5311);
#5313=ORIENTED_EDGE('',*,*,#5302,.F.);
#5314=ORIENTED_EDGE('',*,*,#4678,.T.);
#5316=ORIENTED_EDGE('',*,*,#5315,.T.);
#5317=ORIENTED_EDGE('',*,*,#4931,.F.);
#5318=EDGE_LOOP('',(#5313,#5314,#5316,#5317));
#5319=FACE_OUTER_BOUND('',#5318,.F.);
#5320=ADVANCED_FACE('',(#5319),#5312,.T.);
#5321=CARTESIAN_POINT('',(-3.95E1,3.644266790933E1,-4.500000000001E0));
#5322=DIRECTION('',(0.E0,-1.E0,0.E0));
#5323=DIRECTION('',(0.E0,0.E0,-1.E0));
#5324=AXIS2_PLACEMENT_3D('',#5321,#5322,#5323);
#5325=CYLINDRICAL_SURFACE('',#5324,1.E0);
#5326=ORIENTED_EDGE('',*,*,#5315,.F.);
#5327=ORIENTED_EDGE('',*,*,#4676,.T.);
#5328=ORIENTED_EDGE('',*,*,#5237,.T.);
#5329=ORIENTED_EDGE('',*,*,#4933,.T.);
#5330=EDGE_LOOP('',(#5326,#5327,#5328,#5329));
#5331=FACE_OUTER_BOUND('',#5330,.F.);
#5332=ADVANCED_FACE('',(#5331),#5325,.F.);
#5333=CARTESIAN_POINT('',(-3.85E1,-1.25E0,6.2E2));
#5334=DIRECTION('',(-1.E0,0.E0,0.E0));
#5335=DIRECTION('',(0.E0,0.E0,1.E0));
#5336=AXIS2_PLACEMENT_3D('',#5333,#5334,#5335);
#5337=PLANE('',#5336);
#5339=ORIENTED_EDGE('',*,*,#5338,.T.);
#5340=ORIENTED_EDGE('',*,*,#4937,.F.);
#5342=ORIENTED_EDGE('',*,*,#5341,.F.);
#5343=ORIENTED_EDGE('',*,*,#4692,.T.);
#5344=EDGE_LOOP('',(#5339,#5340,#5342,#5343));
#5345=FACE_OUTER_BOUND('',#5344,.F.);
#5346=ADVANCED_FACE('',(#5345),#5337,.T.);
#5347=CARTESIAN_POINT('',(-3.95E1,3.644266790933E1,6.245E2));
#5348=DIRECTION('',(0.E0,-1.E0,0.E0));
#5349=DIRECTION('',(1.E0,0.E0,0.E0));
#5350=AXIS2_PLACEMENT_3D('',#5347,#5348,#5349);
#5351=CYLINDRICAL_SURFACE('',#5350,1.E0);
#5352=ORIENTED_EDGE('',*,*,#5338,.F.);
#5353=ORIENTED_EDGE('',*,*,#4690,.T.);
#5355=ORIENTED_EDGE('',*,*,#5354,.T.);
#5356=ORIENTED_EDGE('',*,*,#4939,.T.);
#5357=EDGE_LOOP('',(#5352,#5353,#5355,#5356));
#5358=FACE_OUTER_BOUND('',#5357,.F.);
#5359=ADVANCED_FACE('',(#5358),#5351,.F.);
#5360=CARTESIAN_POINT('',(-4.4E1,-1.25E0,6.255E2));
#5361=DIRECTION('',(0.E0,0.E0,-1.E0));
#5362=DIRECTION('',(-1.E0,0.E0,0.E0));
#5363=AXIS2_PLACEMENT_3D('',#5360,#5361,#5362);
#5364=PLANE('',#5363);
#5366=ORIENTED_EDGE('',*,*,#5365,.T.);
#5367=ORIENTED_EDGE('',*,*,#4941,.F.);
#5368=ORIENTED_EDGE('',*,*,#5354,.F.);
#5369=ORIENTED_EDGE('',*,*,#4688,.T.);
#5370=EDGE_LOOP('',(#5366,#5367,#5368,#5369));
#5371=FACE_OUTER_BOUND('',#5370,.F.);
#5372=ADVANCED_FACE('',(#5371),#5364,.T.);
#5373=CARTESIAN_POINT('',(-4.85E1,3.644266790933E1,6.245E2));
#5374=DIRECTION('',(0.E0,-1.E0,0.E0));
#5375=DIRECTION('',(0.E0,0.E0,1.E0));
#5376=AXIS2_PLACEMENT_3D('',#5373,#5374,#5375);
#5377=CYLINDRICAL_SURFACE('',#5376,1.E0);
#5378=ORIENTED_EDGE('',*,*,#5365,.F.);
#5379=ORIENTED_EDGE('',*,*,#4702,.T.);
#5381=ORIENTED_EDGE('',*,*,#5380,.T.);
#5382=ORIENTED_EDGE('',*,*,#4943,.T.);
#5383=EDGE_LOOP('',(#5378,#5379,#5381,#5382));
#5384=FACE_OUTER_BOUND('',#5383,.F.);
#5385=ADVANCED_FACE('',(#5384),#5377,.F.);
#5386=CARTESIAN_POINT('',(-4.95E1,-1.25E0,6.2E2));
#5387=DIRECTION('',(1.E0,0.E0,0.E0));
#5388=DIRECTION('',(0.E0,0.E0,-1.E0));
#5389=AXIS2_PLACEMENT_3D('',#5386,#5387,#5388);
#5390=PLANE('',#5389);
#5392=ORIENTED_EDGE('',*,*,#5391,.T.);
#5393=ORIENTED_EDGE('',*,*,#4945,.F.);
#5394=ORIENTED_EDGE('',*,*,#5380,.F.);
#5395=ORIENTED_EDGE('',*,*,#4700,.T.);
#5396=EDGE_LOOP('',(#5392,#5393,#5394,#5395));
#5397=FACE_OUTER_BOUND('',#5396,.F.);
#5398=ADVANCED_FACE('',(#5397),#5390,.T.);
#5399=CARTESIAN_POINT('',(-4.85E1,3.644266790933E1,6.155E2));
#5400=DIRECTION('',(0.E0,-1.E0,0.E0));
#5401=DIRECTION('',(-1.E0,0.E0,0.E0));
#5402=AXIS2_PLACEMENT_3D('',#5399,#5400,#5401);
#5403=CYLINDRICAL_SURFACE('',#5402,1.E0);
#5404=ORIENTED_EDGE('',*,*,#5391,.F.);
#5405=ORIENTED_EDGE('',*,*,#4698,.T.);
#5407=ORIENTED_EDGE('',*,*,#5406,.T.);
#5408=ORIENTED_EDGE('',*,*,#4947,.T.);
#5409=EDGE_LOOP('',(#5404,#5405,#5407,#5408));
#5410=FACE_OUTER_BOUND('',#5409,.F.);
#5411=ADVANCED_FACE('',(#5410),#5403,.F.);
#5412=CARTESIAN_POINT('',(-4.4E1,-1.25E0,6.145E2));
#5413=DIRECTION('',(0.E0,0.E0,1.E0));
#5414=DIRECTION('',(1.E0,0.E0,0.E0));
#5415=AXIS2_PLACEMENT_3D('',#5412,#5413,#5414);
#5416=PLANE('',#5415);
#5417=ORIENTED_EDGE('',*,*,#5406,.F.);
#5418=ORIENTED_EDGE('',*,*,#4696,.T.);
#5420=ORIENTED_EDGE('',*,*,#5419,.T.);
#5421=ORIENTED_EDGE('',*,*,#4949,.F.);
#5422=EDGE_LOOP('',(#5417,#5418,#5420,#5421));
#5423=FACE_OUTER_BOUND('',#5422,.F.);
#5424=ADVANCED_FACE('',(#5423),#5416,.T.);
#5425=CARTESIAN_POINT('',(-3.95E1,3.644266790933E1,6.155E2));
#5426=DIRECTION('',(0.E0,-1.E0,0.E0));
#5427=DIRECTION('',(0.E0,0.E0,-1.E0));
#5428=AXIS2_PLACEMENT_3D('',#5425,#5426,#5427);
#5429=CYLINDRICAL_SURFACE('',#5428,1.E0);
#5430=ORIENTED_EDGE('',*,*,#5419,.F.);
#5431=ORIENTED_EDGE('',*,*,#4694,.T.);
#5432=ORIENTED_EDGE('',*,*,#5341,.T.);
#5433=ORIENTED_EDGE('',*,*,#4951,.T.);
#5434=EDGE_LOOP('',(#5430,#5431,#5432,#5433));
#5435=FACE_OUTER_BOUND('',#5434,.F.);
#5436=ADVANCED_FACE('',(#5435),#5429,.F.);
#5437=CARTESIAN_POINT('',(-4.4E1,-1.25E0,4.9E2));
#5438=DIRECTION('',(0.E0,0.E0,-1.E0));
#5439=DIRECTION('',(-1.E0,0.E0,0.E0));
#5440=AXIS2_PLACEMENT_3D('',#5437,#5438,#5439);
#5441=PLANE('',#5440);
#5443=ORIENTED_EDGE('',*,*,#5442,.F.);
#5444=ORIENTED_EDGE('',*,*,#4710,.T.);
#5446=ORIENTED_EDGE('',*,*,#5445,.T.);
#5447=ORIENTED_EDGE('',*,*,#4955,.F.);
#5448=EDGE_LOOP('',(#5443,#5444,#5446,#5447));
#5449=FACE_OUTER_BOUND('',#5448,.F.);
#5450=ADVANCED_FACE('',(#5449),#5441,.T.);
#5451=CARTESIAN_POINT('',(-3.95E1,3.644266790933E1,4.89E2));
#5452=DIRECTION('',(0.E0,-1.E0,0.E0));
#5453=DIRECTION('',(1.E0,0.E0,0.E0));
#5454=AXIS2_PLACEMENT_3D('',#5451,#5452,#5453);
#5455=CYLINDRICAL_SURFACE('',#5454,1.E0);
#5457=ORIENTED_EDGE('',*,*,#5456,.F.);
#5458=ORIENTED_EDGE('',*,*,#4712,.T.);
#5459=ORIENTED_EDGE('',*,*,#5442,.T.);
#5460=ORIENTED_EDGE('',*,*,#4969,.T.);
#5461=EDGE_LOOP('',(#5457,#5458,#5459,#5460));
#5462=FACE_OUTER_BOUND('',#5461,.F.);
#5463=ADVANCED_FACE('',(#5462),#5455,.F.);
#5464=CARTESIAN_POINT('',(-3.85E1,-1.25E0,4.845E2));
#5465=DIRECTION('',(-1.E0,0.E0,0.E0));
#5466=DIRECTION('',(0.E0,0.E0,1.E0));
#5467=AXIS2_PLACEMENT_3D('',#5464,#5465,#5466);
#5468=PLANE('',#5467);
#5469=ORIENTED_EDGE('',*,*,#5456,.T.);
#5470=ORIENTED_EDGE('',*,*,#4967,.F.);
#5472=ORIENTED_EDGE('',*,*,#5471,.F.);
#5473=ORIENTED_EDGE('',*,*,#4714,.T.);
#5474=EDGE_LOOP('',(#5469,#5470,#5472,#5473));
#5475=FACE_OUTER_BOUND('',#5474,.F.);
#5476=ADVANCED_FACE('',(#5475),#5468,.T.);
#5477=CARTESIAN_POINT('',(-3.95E1,3.644266790933E1,4.8E2));
#5478=DIRECTION('',(0.E0,-1.E0,0.E0));
#5479=DIRECTION('',(0.E0,0.E0,-1.E0));
#5480=AXIS2_PLACEMENT_3D('',#5477,#5478,#5479);
#5481=CYLINDRICAL_SURFACE('',#5480,1.E0);
#5483=ORIENTED_EDGE('',*,*,#5482,.F.);
#5484=ORIENTED_EDGE('',*,*,#4716,.T.);
#5485=ORIENTED_EDGE('',*,*,#5471,.T.);
#5486=ORIENTED_EDGE('',*,*,#4965,.T.);
#5487=EDGE_LOOP('',(#5483,#5484,#5485,#5486));
#5488=FACE_OUTER_BOUND('',#5487,.F.);
#5489=ADVANCED_FACE('',(#5488),#5481,.F.);
#5490=CARTESIAN_POINT('',(-4.4E1,-1.25E0,4.79E2));
#5491=DIRECTION('',(0.E0,0.E0,1.E0));
#5492=DIRECTION('',(1.E0,0.E0,0.E0));
#5493=AXIS2_PLACEMENT_3D('',#5490,#5491,#5492);
#5494=PLANE('',#5493);
#5495=ORIENTED_EDGE('',*,*,#5482,.T.);
#5496=ORIENTED_EDGE('',*,*,#4963,.F.);
#5498=ORIENTED_EDGE('',*,*,#5497,.F.);
#5499=ORIENTED_EDGE('',*,*,#4718,.T.);
#5500=EDGE_LOOP('',(#5495,#5496,#5498,#5499));
#5501=FACE_OUTER_BOUND('',#5500,.F.);
#5502=ADVANCED_FACE('',(#5501),#5494,.T.);
#5503=CARTESIAN_POINT('',(-4.85E1,3.644266790933E1,4.8E2));
#5504=DIRECTION('',(0.E0,-1.E0,0.E0));
#5505=DIRECTION('',(-1.E0,0.E0,0.E0));
#5506=AXIS2_PLACEMENT_3D('',#5503,#5504,#5505);
#5507=CYLINDRICAL_SURFACE('',#5506,1.E0);
#5509=ORIENTED_EDGE('',*,*,#5508,.F.);
#5510=ORIENTED_EDGE('',*,*,#4720,.T.);
#5511=ORIENTED_EDGE('',*,*,#5497,.T.);
#5512=ORIENTED_EDGE('',*,*,#4961,.T.);
#5513=EDGE_LOOP('',(#5509,#5510,#5511,#5512));
#5514=FACE_OUTER_BOUND('',#5513,.F.);
#5515=ADVANCED_FACE('',(#5514),#5507,.F.);
#5516=CARTESIAN_POINT('',(-4.95E1,-1.25E0,4.845E2));
#5517=DIRECTION('',(1.E0,0.E0,0.E0));
#5518=DIRECTION('',(0.E0,0.E0,-1.E0));
#5519=AXIS2_PLACEMENT_3D('',#5516,#5517,#5518);
#5520=PLANE('',#5519);
#5521=ORIENTED_EDGE('',*,*,#5508,.T.);
#5522=ORIENTED_EDGE('',*,*,#4959,.F.);
#5524=ORIENTED_EDGE('',*,*,#5523,.F.);
#5525=ORIENTED_EDGE('',*,*,#4706,.T.);
#5526=EDGE_LOOP('',(#5521,#5522,#5524,#5525));
#5527=FACE_OUTER_BOUND('',#5526,.F.);
#5528=ADVANCED_FACE('',(#5527),#5520,.T.);
#5529=CARTESIAN_POINT('',(-4.85E1,3.644266790933E1,4.89E2));
#5530=DIRECTION('',(0.E0,-1.E0,0.E0));
#5531=DIRECTION('',(0.E0,0.E0,1.E0));
#5532=AXIS2_PLACEMENT_3D('',#5529,#5530,#5531);
#5533=CYLINDRICAL_SURFACE('',#5532,1.E0);
#5534=ORIENTED_EDGE('',*,*,#5445,.F.);
#5535=ORIENTED_EDGE('',*,*,#4708,.T.);
#5536=ORIENTED_EDGE('',*,*,#5523,.T.);
#5537=ORIENTED_EDGE('',*,*,#4957,.T.);
#5538=EDGE_LOOP('',(#5534,#5535,#5536,#5537));
#5539=FACE_OUTER_BOUND('',#5538,.F.);
#5540=ADVANCED_FACE('',(#5539),#5533,.F.);
#5541=CARTESIAN_POINT('',(-3.85E1,-1.25E0,-4.845E2));
#5542=DIRECTION('',(-1.E0,0.E0,0.E0));
#5543=DIRECTION('',(0.E0,0.E0,1.E0));
#5544=AXIS2_PLACEMENT_3D('',#5541,#5542,#5543);
#5545=PLANE('',#5544);
#5547=ORIENTED_EDGE('',*,*,#5546,.T.);
#5548=ORIENTED_EDGE('',*,*,#4973,.F.);
#5550=ORIENTED_EDGE('',*,*,#5549,.F.);
#5551=ORIENTED_EDGE('',*,*,#4728,.T.);
#5552=EDGE_LOOP('',(#5547,#5548,#5550,#5551));
#5553=FACE_OUTER_BOUND('',#5552,.F.);
#5554=ADVANCED_FACE('',(#5553),#5545,.T.);
#5555=CARTESIAN_POINT('',(-3.95E1,3.644266790933E1,-4.8E2));
#5556=DIRECTION('',(0.E0,-1.E0,0.E0));
#5557=DIRECTION('',(1.E0,0.E0,0.E0));
#5558=AXIS2_PLACEMENT_3D('',#5555,#5556,#5557);
#5559=CYLINDRICAL_SURFACE('',#5558,1.E0);
#5560=ORIENTED_EDGE('',*,*,#5546,.F.);
#5561=ORIENTED_EDGE('',*,*,#4726,.T.);
#5563=ORIENTED_EDGE('',*,*,#5562,.T.);
#5564=ORIENTED_EDGE('',*,*,#4975,.T.);
#5565=EDGE_LOOP('',(#5560,#5561,#5563,#5564));
#5566=FACE_OUTER_BOUND('',#5565,.F.);
#5567=ADVANCED_FACE('',(#5566),#5559,.F.);
#5568=CARTESIAN_POINT('',(-4.4E1,-1.25E0,-4.79E2));
#5569=DIRECTION('',(0.E0,0.E0,-1.E0));
#5570=DIRECTION('',(-1.E0,0.E0,0.E0));
#5571=AXIS2_PLACEMENT_3D('',#5568,#5569,#5570);
#5572=PLANE('',#5571);
#5574=ORIENTED_EDGE('',*,*,#5573,.T.);
#5575=ORIENTED_EDGE('',*,*,#4977,.F.);
#5576=ORIENTED_EDGE('',*,*,#5562,.F.);
#5577=ORIENTED_EDGE('',*,*,#4724,.T.);
#5578=EDGE_LOOP('',(#5574,#5575,#5576,#5577));
#5579=FACE_OUTER_BOUND('',#5578,.F.);
#5580=ADVANCED_FACE('',(#5579),#5572,.T.);
#5581=CARTESIAN_POINT('',(-4.85E1,3.644266790933E1,-4.8E2));
#5582=DIRECTION('',(0.E0,-1.E0,0.E0));
#5583=DIRECTION('',(0.E0,0.E0,1.E0));
#5584=AXIS2_PLACEMENT_3D('',#5581,#5582,#5583);
#5585=CYLINDRICAL_SURFACE('',#5584,1.E0);
#5586=ORIENTED_EDGE('',*,*,#5573,.F.);
#5587=ORIENTED_EDGE('',*,*,#4738,.T.);
#5589=ORIENTED_EDGE('',*,*,#5588,.T.);
#5590=ORIENTED_EDGE('',*,*,#4979,.T.);
#5591=EDGE_LOOP('',(#5586,#5587,#5589,#5590));
#5592=FACE_OUTER_BOUND('',#5591,.F.);
#5593=ADVANCED_FACE('',(#5592),#5585,.F.);
#5594=CARTESIAN_POINT('',(-4.95E1,-1.25E0,-4.845E2));
#5595=DIRECTION('',(1.E0,0.E0,0.E0));
#5596=DIRECTION('',(0.E0,0.E0,-1.E0));
#5597=AXIS2_PLACEMENT_3D('',#5594,#5595,#5596);
#5598=PLANE('',#5597);
#5600=ORIENTED_EDGE('',*,*,#5599,.T.);
#5601=ORIENTED_EDGE('',*,*,#4981,.F.);
#5602=ORIENTED_EDGE('',*,*,#5588,.F.);
#5603=ORIENTED_EDGE('',*,*,#4736,.T.);
#5604=EDGE_LOOP('',(#5600,#5601,#5602,#5603));
#5605=FACE_OUTER_BOUND('',#5604,.F.);
#5606=ADVANCED_FACE('',(#5605),#5598,.T.);
#5607=CARTESIAN_POINT('',(-4.85E1,3.644266790933E1,-4.89E2));
#5608=DIRECTION('',(0.E0,-1.E0,0.E0));
#5609=DIRECTION('',(-1.E0,0.E0,0.E0));
#5610=AXIS2_PLACEMENT_3D('',#5607,#5608,#5609);
#5611=CYLINDRICAL_SURFACE('',#5610,1.E0);
#5612=ORIENTED_EDGE('',*,*,#5599,.F.);
#5613=ORIENTED_EDGE('',*,*,#4734,.T.);
#5615=ORIENTED_EDGE('',*,*,#5614,.T.);
#5616=ORIENTED_EDGE('',*,*,#4983,.T.);
#5617=EDGE_LOOP('',(#5612,#5613,#5615,#5616));
#5618=FACE_OUTER_BOUND('',#5617,.F.);
#5619=ADVANCED_FACE('',(#5618),#5611,.F.);
#5620=CARTESIAN_POINT('',(-4.4E1,-1.25E0,-4.9E2));
#5621=DIRECTION('',(0.E0,0.E0,1.E0));
#5622=DIRECTION('',(1.E0,0.E0,0.E0));
#5623=AXIS2_PLACEMENT_3D('',#5620,#5621,#5622);
#5624=PLANE('',#5623);
#5625=ORIENTED_EDGE('',*,*,#5614,.F.);
#5626=ORIENTED_EDGE('',*,*,#4732,.T.);
#5628=ORIENTED_EDGE('',*,*,#5627,.T.);
#5629=ORIENTED_EDGE('',*,*,#4985,.F.);
#5630=EDGE_LOOP('',(#5625,#5626,#5628,#5629));
#5631=FACE_OUTER_BOUND('',#5630,.F.);
#5632=ADVANCED_FACE('',(#5631),#5624,.T.);
#5633=CARTESIAN_POINT('',(-3.95E1,3.644266790933E1,-4.89E2));
#5634=DIRECTION('',(0.E0,-1.E0,0.E0));
#5635=DIRECTION('',(0.E0,0.E0,-1.E0));
#5636=AXIS2_PLACEMENT_3D('',#5633,#5634,#5635);
#5637=CYLINDRICAL_SURFACE('',#5636,1.E0);
#5638=ORIENTED_EDGE('',*,*,#5627,.F.);
#5639=ORIENTED_EDGE('',*,*,#4730,.T.);
#5640=ORIENTED_EDGE('',*,*,#5549,.T.);
#5641=ORIENTED_EDGE('',*,*,#4987,.T.);
#5642=EDGE_LOOP('',(#5638,#5639,#5640,#5641));
#5643=FACE_OUTER_BOUND('',#5642,.F.);
#5644=ADVANCED_FACE('',(#5643),#5637,.F.);
#5645=CARTESIAN_POINT('',(-4.95E1,-1.25E0,-6.2E2));
#5646=DIRECTION('',(1.E0,0.E0,0.E0));
#5647=DIRECTION('',(0.E0,0.E0,-1.E0));
#5648=AXIS2_PLACEMENT_3D('',#5645,#5646,#5647);
#5649=PLANE('',#5648);
#5651=ORIENTED_EDGE('',*,*,#5650,.F.);
#5652=ORIENTED_EDGE('',*,*,#4746,.T.);
#5654=ORIENTED_EDGE('',*,*,#5653,.T.);
#5655=ORIENTED_EDGE('',*,*,#4991,.F.);
#5656=EDGE_LOOP('',(#5651,#5652,#5654,#5655));
#5657=FACE_OUTER_BOUND('',#5656,.F.);
#5658=ADVANCED_FACE('',(#5657),#5649,.T.);
#5659=CARTESIAN_POINT('',(-4.85E1,3.644266790933E1,-6.155E2));
#5660=DIRECTION('',(0.E0,-1.E0,0.E0));
#5661=DIRECTION('',(0.E0,0.E0,1.E0));
#5662=AXIS2_PLACEMENT_3D('',#5659,#5660,#5661);
#5663=CYLINDRICAL_SURFACE('',#5662,1.E0);
#5665=ORIENTED_EDGE('',*,*,#5664,.F.);
#5666=ORIENTED_EDGE('',*,*,#4748,.T.);
#5667=ORIENTED_EDGE('',*,*,#5650,.T.);
#5668=ORIENTED_EDGE('',*,*,#5005,.T.);
#5669=EDGE_LOOP('',(#5665,#5666,#5667,#5668));
#5670=FACE_OUTER_BOUND('',#5669,.F.);
#5671=ADVANCED_FACE('',(#5670),#5663,.F.);
#5672=CARTESIAN_POINT('',(-4.4E1,-1.25E0,-6.145E2));
#5673=DIRECTION('',(0.E0,0.E0,-1.E0));
#5674=DIRECTION('',(-1.E0,0.E0,0.E0));
#5675=AXIS2_PLACEMENT_3D('',#5672,#5673,#5674);
#5676=PLANE('',#5675);
#5678=ORIENTED_EDGE('',*,*,#5677,.F.);
#5679=ORIENTED_EDGE('',*,*,#4750,.T.);
#5680=ORIENTED_EDGE('',*,*,#5664,.T.);
#5681=ORIENTED_EDGE('',*,*,#5003,.F.);
#5682=EDGE_LOOP('',(#5678,#5679,#5680,#5681));
#5683=FACE_OUTER_BOUND('',#5682,.F.);
#5684=ADVANCED_FACE('',(#5683),#5676,.T.);
#5685=CARTESIAN_POINT('',(-3.95E1,3.644266790933E1,-6.155E2));
#5686=DIRECTION('',(0.E0,-1.E0,0.E0));
#5687=DIRECTION('',(1.E0,0.E0,0.E0));
#5688=AXIS2_PLACEMENT_3D('',#5685,#5686,#5687);
#5689=CYLINDRICAL_SURFACE('',#5688,1.E0);
#5691=ORIENTED_EDGE('',*,*,#5690,.F.);
#5692=ORIENTED_EDGE('',*,*,#4752,.T.);
#5693=ORIENTED_EDGE('',*,*,#5677,.T.);
#5694=ORIENTED_EDGE('',*,*,#5001,.T.);
#5695=EDGE_LOOP('',(#5691,#5692,#5693,#5694));
#5696=FACE_OUTER_BOUND('',#5695,.F.);
#5697=ADVANCED_FACE('',(#5696),#5689,.F.);
#5698=CARTESIAN_POINT('',(-3.85E1,-1.25E0,-6.2E2));
#5699=DIRECTION('',(-1.E0,0.E0,0.E0));
#5700=DIRECTION('',(0.E0,0.E0,1.E0));
#5701=AXIS2_PLACEMENT_3D('',#5698,#5699,#5700);
#5702=PLANE('',#5701);
#5704=ORIENTED_EDGE('',*,*,#5703,.F.);
#5705=ORIENTED_EDGE('',*,*,#4754,.T.);
#5706=ORIENTED_EDGE('',*,*,#5690,.T.);
#5707=ORIENTED_EDGE('',*,*,#4999,.F.);
#5708=EDGE_LOOP('',(#5704,#5705,#5706,#5707));
#5709=FACE_OUTER_BOUND('',#5708,.F.);
#5710=ADVANCED_FACE('',(#5709),#5702,.T.);
#5711=CARTESIAN_POINT('',(-3.95E1,3.644266790933E1,-6.245E2));
#5712=DIRECTION('',(0.E0,-1.E0,0.E0));
#5713=DIRECTION('',(0.E0,0.E0,-1.E0));
#5714=AXIS2_PLACEMENT_3D('',#5711,#5712,#5713);
#5715=CYLINDRICAL_SURFACE('',#5714,1.E0);
#5717=ORIENTED_EDGE('',*,*,#5716,.F.);
#5718=ORIENTED_EDGE('',*,*,#4756,.T.);
#5719=ORIENTED_EDGE('',*,*,#5703,.T.);
#5720=ORIENTED_EDGE('',*,*,#4997,.T.);
#5721=EDGE_LOOP('',(#5717,#5718,#5719,#5720));
#5722=FACE_OUTER_BOUND('',#5721,.F.);
#5723=ADVANCED_FACE('',(#5722),#5715,.F.);
#5724=CARTESIAN_POINT('',(-4.4E1,-1.25E0,-6.255E2));
#5725=DIRECTION('',(0.E0,0.E0,1.E0));
#5726=DIRECTION('',(1.E0,0.E0,0.E0));
#5727=AXIS2_PLACEMENT_3D('',#5724,#5725,#5726);
#5728=PLANE('',#5727);
#5729=ORIENTED_EDGE('',*,*,#5716,.T.);
#5730=ORIENTED_EDGE('',*,*,#4995,.F.);
#5732=ORIENTED_EDGE('',*,*,#5731,.F.);
#5733=ORIENTED_EDGE('',*,*,#4742,.T.);
#5734=EDGE_LOOP('',(#5729,#5730,#5732,#5733));
#5735=FACE_OUTER_BOUND('',#5734,.F.);
#5736=ADVANCED_FACE('',(#5735),#5728,.T.);
#5737=CARTESIAN_POINT('',(-4.85E1,3.644266790933E1,-6.245E2));
#5738=DIRECTION('',(0.E0,-1.E0,0.E0));
#5739=DIRECTION('',(-1.E0,0.E0,0.E0));
#5740=AXIS2_PLACEMENT_3D('',#5737,#5738,#5739);
#5741=CYLINDRICAL_SURFACE('',#5740,1.E0);
#5742=ORIENTED_EDGE('',*,*,#5653,.F.);
#5743=ORIENTED_EDGE('',*,*,#4744,.T.);
#5744=ORIENTED_EDGE('',*,*,#5731,.T.);
#5745=ORIENTED_EDGE('',*,*,#4993,.T.);
#5746=EDGE_LOOP('',(#5742,#5743,#5744,#5745));
#5747=FACE_OUTER_BOUND('',#5746,.F.);
#5748=ADVANCED_FACE('',(#5747),#5741,.F.);
#5749=CARTESIAN_POINT('',(-4.4E1,-1.25E0,-2.45E2));
#5750=DIRECTION('',(0.E0,0.E0,1.E0));
#5751=DIRECTION('',(1.E0,0.E0,0.E0));
#5752=AXIS2_PLACEMENT_3D('',#5749,#5750,#5751);
#5753=PLANE('',#5752);
#5755=ORIENTED_EDGE('',*,*,#5754,.F.);
#5756=ORIENTED_EDGE('',*,*,#4764,.T.);
#5758=ORIENTED_EDGE('',*,*,#5757,.T.);
#5759=ORIENTED_EDGE('',*,*,#5009,.F.);
#5760=EDGE_LOOP('',(#5755,#5756,#5758,#5759));
#5761=FACE_OUTER_BOUND('',#5760,.F.);
#5762=ADVANCED_FACE('',(#5761),#5753,.T.);
#5763=CARTESIAN_POINT('',(-4.85E1,3.644266790933E1,-2.44E2));
#5764=DIRECTION('',(0.E0,-1.E0,0.E0));
#5765=DIRECTION('',(-1.E0,0.E0,0.E0));
#5766=AXIS2_PLACEMENT_3D('',#5763,#5764,#5765);
#5767=CYLINDRICAL_SURFACE('',#5766,1.E0);
#5769=ORIENTED_EDGE('',*,*,#5768,.F.);
#5770=ORIENTED_EDGE('',*,*,#4766,.T.);
#5771=ORIENTED_EDGE('',*,*,#5754,.T.);
#5772=ORIENTED_EDGE('',*,*,#5023,.T.);
#5773=EDGE_LOOP('',(#5769,#5770,#5771,#5772));
#5774=FACE_OUTER_BOUND('',#5773,.F.);
#5775=ADVANCED_FACE('',(#5774),#5767,.F.);
#5776=CARTESIAN_POINT('',(-4.95E1,-1.25E0,-2.395E2));
#5777=DIRECTION('',(1.E0,0.E0,0.E0));
#5778=DIRECTION('',(0.E0,0.E0,-1.E0));
#5779=AXIS2_PLACEMENT_3D('',#5776,#5777,#5778);
#5780=PLANE('',#5779);
#5782=ORIENTED_EDGE('',*,*,#5781,.F.);
#5783=ORIENTED_EDGE('',*,*,#4768,.T.);
#5784=ORIENTED_EDGE('',*,*,#5768,.T.);
#5785=ORIENTED_EDGE('',*,*,#5021,.F.);
#5786=EDGE_LOOP('',(#5782,#5783,#5784,#5785));
#5787=FACE_OUTER_BOUND('',#5786,.F.);
#5788=ADVANCED_FACE('',(#5787),#5780,.T.);
#5789=CARTESIAN_POINT('',(-4.85E1,3.644266790933E1,-2.35E2));
#5790=DIRECTION('',(0.E0,-1.E0,0.E0));
#5791=DIRECTION('',(0.E0,0.E0,1.E0));
#5792=AXIS2_PLACEMENT_3D('',#5789,#5790,#5791);
#5793=CYLINDRICAL_SURFACE('',#5792,1.E0);
#5795=ORIENTED_EDGE('',*,*,#5794,.F.);
#5796=ORIENTED_EDGE('',*,*,#4770,.T.);
#5797=ORIENTED_EDGE('',*,*,#5781,.T.);
#5798=ORIENTED_EDGE('',*,*,#5019,.T.);
#5799=EDGE_LOOP('',(#5795,#5796,#5797,#5798));
#5800=FACE_OUTER_BOUND('',#5799,.F.);
#5801=ADVANCED_FACE('',(#5800),#5793,.F.);
#5802=CARTESIAN_POINT('',(-4.4E1,-1.25E0,-2.34E2));
#5803=DIRECTION('',(0.E0,0.E0,-1.E0));
#5804=DIRECTION('',(-1.E0,0.E0,0.E0));
#5805=AXIS2_PLACEMENT_3D('',#5802,#5803,#5804);
#5806=PLANE('',#5805);
#5808=ORIENTED_EDGE('',*,*,#5807,.F.);
#5809=ORIENTED_EDGE('',*,*,#4772,.T.);
#5810=ORIENTED_EDGE('',*,*,#5794,.T.);
#5811=ORIENTED_EDGE('',*,*,#5017,.F.);
#5812=EDGE_LOOP('',(#5808,#5809,#5810,#5811));
#5813=FACE_OUTER_BOUND('',#5812,.F.);
#5814=ADVANCED_FACE('',(#5813),#5806,.T.);
#5815=CARTESIAN_POINT('',(-3.95E1,3.644266790933E1,-2.35E2));
#5816=DIRECTION('',(0.E0,-1.E0,0.E0));
#5817=DIRECTION('',(1.E0,0.E0,0.E0));
#5818=AXIS2_PLACEMENT_3D('',#5815,#5816,#5817);
#5819=CYLINDRICAL_SURFACE('',#5818,1.E0);
#5821=ORIENTED_EDGE('',*,*,#5820,.F.);
#5822=ORIENTED_EDGE('',*,*,#4774,.T.);
#5823=ORIENTED_EDGE('',*,*,#5807,.T.);
#5824=ORIENTED_EDGE('',*,*,#5015,.T.);
#5825=EDGE_LOOP('',(#5821,#5822,#5823,#5824));
#5826=FACE_OUTER_BOUND('',#5825,.F.);
#5827=ADVANCED_FACE('',(#5826),#5819,.F.);
#5828=CARTESIAN_POINT('',(-3.85E1,-1.25E0,-2.395E2));
#5829=DIRECTION('',(-1.E0,0.E0,0.E0));
#5830=DIRECTION('',(0.E0,0.E0,1.E0));
#5831=AXIS2_PLACEMENT_3D('',#5828,#5829,#5830);
#5832=PLANE('',#5831);
#5833=ORIENTED_EDGE('',*,*,#5820,.T.);
#5834=ORIENTED_EDGE('',*,*,#5013,.F.);
#5836=ORIENTED_EDGE('',*,*,#5835,.F.);
#5837=ORIENTED_EDGE('',*,*,#4760,.T.);
#5838=EDGE_LOOP('',(#5833,#5834,#5836,#5837));
#5839=FACE_OUTER_BOUND('',#5838,.F.);
#5840=ADVANCED_FACE('',(#5839),#5832,.T.);
#5841=CARTESIAN_POINT('',(-3.95E1,3.644266790933E1,-2.44E2));
#5842=DIRECTION('',(0.E0,-1.E0,0.E0));
#5843=DIRECTION('',(0.E0,0.E0,-1.E0));
#5844=AXIS2_PLACEMENT_3D('',#5841,#5842,#5843);
#5845=CYLINDRICAL_SURFACE('',#5844,1.E0);
#5846=ORIENTED_EDGE('',*,*,#5757,.F.);
#5847=ORIENTED_EDGE('',*,*,#4762,.T.);
#5848=ORIENTED_EDGE('',*,*,#5835,.T.);
#5849=ORIENTED_EDGE('',*,*,#5011,.T.);
#5850=EDGE_LOOP('',(#5846,#5847,#5848,#5849));
#5851=FACE_OUTER_BOUND('',#5850,.F.);
#5852=ADVANCED_FACE('',(#5851),#5845,.F.);
#5853=CARTESIAN_POINT('',(-4.4E1,-1.25E0,-3.155E2));
#5854=DIRECTION('',(0.E0,0.E0,1.E0));
#5855=DIRECTION('',(1.E0,0.E0,0.E0));
#5856=AXIS2_PLACEMENT_3D('',#5853,#5854,#5855);
#5857=PLANE('',#5856);
#5859=ORIENTED_EDGE('',*,*,#5858,.F.);
#5860=ORIENTED_EDGE('',*,*,#4782,.T.);
#5862=ORIENTED_EDGE('',*,*,#5861,.T.);
#5863=ORIENTED_EDGE('',*,*,#5027,.F.);
#5864=EDGE_LOOP('',(#5859,#5860,#5862,#5863));
#5865=FACE_OUTER_BOUND('',#5864,.F.);
#5866=ADVANCED_FACE('',(#5865),#5857,.T.);
#5867=CARTESIAN_POINT('',(-4.85E1,3.644266790933E1,-3.145E2));
#5868=DIRECTION('',(0.E0,-1.E0,0.E0));
#5869=DIRECTION('',(-1.E0,0.E0,0.E0));
#5870=AXIS2_PLACEMENT_3D('',#5867,#5868,#5869);
#5871=CYLINDRICAL_SURFACE('',#5870,1.E0);
#5873=ORIENTED_EDGE('',*,*,#5872,.F.);
#5874=ORIENTED_EDGE('',*,*,#4784,.T.);
#5875=ORIENTED_EDGE('',*,*,#5858,.T.);
#5876=ORIENTED_EDGE('',*,*,#5041,.T.);
#5877=EDGE_LOOP('',(#5873,#5874,#5875,#5876));
#5878=FACE_OUTER_BOUND('',#5877,.F.);
#5879=ADVANCED_FACE('',(#5878),#5871,.F.);
#5880=CARTESIAN_POINT('',(-4.95E1,-1.25E0,-3.1E2));
#5881=DIRECTION('',(1.E0,0.E0,0.E0));
#5882=DIRECTION('',(0.E0,0.E0,-1.E0));
#5883=AXIS2_PLACEMENT_3D('',#5880,#5881,#5882);
#5884=PLANE('',#5883);
#5886=ORIENTED_EDGE('',*,*,#5885,.F.);
#5887=ORIENTED_EDGE('',*,*,#4786,.T.);
#5888=ORIENTED_EDGE('',*,*,#5872,.T.);
#5889=ORIENTED_EDGE('',*,*,#5039,.F.);
#5890=EDGE_LOOP('',(#5886,#5887,#5888,#5889));
#5891=FACE_OUTER_BOUND('',#5890,.F.);
#5892=ADVANCED_FACE('',(#5891),#5884,.T.);
#5893=CARTESIAN_POINT('',(-4.85E1,3.644266790933E1,-3.055E2));
#5894=DIRECTION('',(0.E0,-1.E0,0.E0));
#5895=DIRECTION('',(0.E0,0.E0,1.E0));
#5896=AXIS2_PLACEMENT_3D('',#5893,#5894,#5895);
#5897=CYLINDRICAL_SURFACE('',#5896,1.E0);
#5899=ORIENTED_EDGE('',*,*,#5898,.F.);
#5900=ORIENTED_EDGE('',*,*,#4788,.T.);
#5901=ORIENTED_EDGE('',*,*,#5885,.T.);
#5902=ORIENTED_EDGE('',*,*,#5037,.T.);
#5903=EDGE_LOOP('',(#5899,#5900,#5901,#5902));
#5904=FACE_OUTER_BOUND('',#5903,.F.);
#5905=ADVANCED_FACE('',(#5904),#5897,.F.);
#5906=CARTESIAN_POINT('',(-4.4E1,-1.25E0,-3.045E2));
#5907=DIRECTION('',(0.E0,0.E0,-1.E0));
#5908=DIRECTION('',(-1.E0,0.E0,0.E0));
#5909=AXIS2_PLACEMENT_3D('',#5906,#5907,#5908);
#5910=PLANE('',#5909);
#5912=ORIENTED_EDGE('',*,*,#5911,.F.);
#5913=ORIENTED_EDGE('',*,*,#4790,.T.);
#5914=ORIENTED_EDGE('',*,*,#5898,.T.);
#5915=ORIENTED_EDGE('',*,*,#5035,.F.);
#5916=EDGE_LOOP('',(#5912,#5913,#5914,#5915));
#5917=FACE_OUTER_BOUND('',#5916,.F.);
#5918=ADVANCED_FACE('',(#5917),#5910,.T.);
#5919=CARTESIAN_POINT('',(-3.95E1,3.644266790933E1,-3.055E2));
#5920=DIRECTION('',(0.E0,-1.E0,0.E0));
#5921=DIRECTION('',(1.E0,0.E0,0.E0));
#5922=AXIS2_PLACEMENT_3D('',#5919,#5920,#5921);
#5923=CYLINDRICAL_SURFACE('',#5922,1.E0);
#5925=ORIENTED_EDGE('',*,*,#5924,.F.);
#5926=ORIENTED_EDGE('',*,*,#4792,.T.);
#5927=ORIENTED_EDGE('',*,*,#5911,.T.);
#5928=ORIENTED_EDGE('',*,*,#5033,.T.);
#5929=EDGE_LOOP('',(#5925,#5926,#5927,#5928));
#5930=FACE_OUTER_BOUND('',#5929,.F.);
#5931=ADVANCED_FACE('',(#5930),#5923,.F.);
#5932=CARTESIAN_POINT('',(-3.85E1,-1.25E0,-3.1E2));
#5933=DIRECTION('',(-1.E0,0.E0,0.E0));
#5934=DIRECTION('',(0.E0,0.E0,1.E0));
#5935=AXIS2_PLACEMENT_3D('',#5932,#5933,#5934);
#5936=PLANE('',#5935);
#5937=ORIENTED_EDGE('',*,*,#5924,.T.);
#5938=ORIENTED_EDGE('',*,*,#5031,.F.);
#5940=ORIENTED_EDGE('',*,*,#5939,.F.);
#5941=ORIENTED_EDGE('',*,*,#4778,.T.);
#5942=EDGE_LOOP('',(#5937,#5938,#5940,#5941));
#5943=FACE_OUTER_BOUND('',#5942,.F.);
#5944=ADVANCED_FACE('',(#5943),#5936,.T.);
#5945=CARTESIAN_POINT('',(-3.95E1,3.644266790933E1,-3.145E2));
#5946=DIRECTION('',(0.E0,-1.E0,0.E0));
#5947=DIRECTION('',(0.E0,0.E0,-1.E0));
#5948=AXIS2_PLACEMENT_3D('',#5945,#5946,#5947);
#5949=CYLINDRICAL_SURFACE('',#5948,1.E0);
#5950=ORIENTED_EDGE('',*,*,#5861,.F.);
#5951=ORIENTED_EDGE('',*,*,#4780,.T.);
#5952=ORIENTED_EDGE('',*,*,#5939,.T.);
#5953=ORIENTED_EDGE('',*,*,#5029,.T.);
#5954=EDGE_LOOP('',(#5950,#5951,#5952,#5953));
#5955=FACE_OUTER_BOUND('',#5954,.F.);
#5956=ADVANCED_FACE('',(#5955),#5949,.F.);
#5957=CARTESIAN_POINT('',(-5.95E1,-6.059330300395E1,-6.585E2));
#5958=DIRECTION('',(0.E0,1.E0,0.E0));
#5959=DIRECTION('',(0.E0,0.E0,-1.E0));
#5960=AXIS2_PLACEMENT_3D('',#5957,#5958,#5959);
#5961=CYLINDRICAL_SURFACE('',#5960,1.E0);
#5962=ORIENTED_EDGE('',*,*,#4614,.T.);
#5964=ORIENTED_EDGE('',*,*,#5963,.F.);
#5965=ORIENTED_EDGE('',*,*,#4863,.T.);
#5967=ORIENTED_EDGE('',*,*,#5966,.T.);
#5968=EDGE_LOOP('',(#5962,#5964,#5965,#5967));
#5969=FACE_OUTER_BOUND('',#5968,.F.);
#5970=ADVANCED_FACE('',(#5969),#5961,.T.);
#5971=CARTESIAN_POINT('',(-6.05E1,-1.25E0,0.E0));
#5972=DIRECTION('',(1.E0,0.E0,0.E0));
#5973=DIRECTION('',(0.E0,0.E0,-1.E0));
#5974=AXIS2_PLACEMENT_3D('',#5971,#5972,#5973);
#5975=PLANE('',#5974);
#5976=ORIENTED_EDGE('',*,*,#5963,.T.);
#5977=ORIENTED_EDGE('',*,*,#4648,.F.);
#5979=ORIENTED_EDGE('',*,*,#5978,.F.);
#5980=ORIENTED_EDGE('',*,*,#4865,.T.);
#5981=EDGE_LOOP('',(#5976,#5977,#5979,#5980));
#5982=FACE_OUTER_BOUND('',#5981,.F.);
#5983=ADVANCED_FACE('',(#5982),#5975,.F.);
#5984=CARTESIAN_POINT('',(-5.95E1,-6.059330300395E1,6.585E2));
#5985=DIRECTION('',(0.E0,1.E0,0.E0));
#5986=DIRECTION('',(-1.E0,0.E0,0.E0));
#5987=AXIS2_PLACEMENT_3D('',#5984,#5985,#5986);
#5988=CYLINDRICAL_SURFACE('',#5987,1.E0);
#5989=ORIENTED_EDGE('',*,*,#4646,.T.);
#5991=ORIENTED_EDGE('',*,*,#5990,.F.);
#5992=ORIENTED_EDGE('',*,*,#4867,.T.);
#5993=ORIENTED_EDGE('',*,*,#5978,.T.);
#5994=EDGE_LOOP('',(#5989,#5991,#5992,#5993));
#5995=FACE_OUTER_BOUND('',#5994,.F.);
#5996=ADVANCED_FACE('',(#5995),#5988,.T.);
#5997=CARTESIAN_POINT('',(-4.658771324027E1,-1.25E0,6.595E2));
#5998=DIRECTION('',(0.E0,0.E0,-1.E0));
#5999=DIRECTION('',(-1.E0,0.E0,0.E0));
#6000=AXIS2_PLACEMENT_3D('',#5997,#5998,#5999);
#6001=PLANE('',#6000);
#6002=ORIENTED_EDGE('',*,*,#5990,.T.);
#6003=ORIENTED_EDGE('',*,*,#4644,.F.);
#6005=ORIENTED_EDGE('',*,*,#6004,.T.);
#6006=ORIENTED_EDGE('',*,*,#4869,.T.);
#6007=EDGE_LOOP('',(#6002,#6003,#6005,#6006));
#6008=FACE_OUTER_BOUND('',#6007,.F.);
#6009=ADVANCED_FACE('',(#6008),#6001,.F.);
#6010=CARTESIAN_POINT('',(-3.055042648054E1,-1.819392033916E0,6.595E2));
#6011=DIRECTION('',(0.E0,0.E0,-1.E0));
#6012=DIRECTION('',(-5.E-1,8.660254037844E-1,0.E0));
#6013=AXIS2_PLACEMENT_3D('',#6010,#6011,#6012);
#6014=PLANE('',#6013);
#6016=ORIENTED_EDGE('',*,*,#6015,.F.);
#6018=ORIENTED_EDGE('',*,*,#6017,.T.);
#6020=ORIENTED_EDGE('',*,*,#6019,.T.);
#6021=ORIENTED_EDGE('',*,*,#6004,.F.);
#6022=EDGE_LOOP('',(#6016,#6018,#6020,#6021));
#6023=FACE_OUTER_BOUND('',#6022,.F.);
#6024=ADVANCED_FACE('',(#6023),#6014,.F.);
#6025=CARTESIAN_POINT('',(-3.267542648054E1,-5.5E0,6.595E2));
#6026=DIRECTION('',(0.E0,0.E0,1.E0));
#6027=DIRECTION('',(1.E0,0.E0,0.E0));
#6028=AXIS2_PLACEMENT_3D('',#6025,#6026,#6027);
#6029=CYLINDRICAL_SURFACE('',#6028,5.5E0);
#6031=ORIENTED_EDGE('',*,*,#6030,.T.);
#6032=ORIENTED_EDGE('',*,*,#4618,.T.);
#6034=ORIENTED_EDGE('',*,*,#6033,.F.);
#6036=ORIENTED_EDGE('',*,*,#6035,.F.);
#6037=EDGE_LOOP('',(#6031,#6032,#6034,#6036));
#6038=FACE_OUTER_BOUND('',#6037,.F.);
#6039=ADVANCED_FACE('',(#6038),#6029,.T.);
#6040=CARTESIAN_POINT('',(-3.267542648054E1,-5.5E0,6.595E2));
#6041=DIRECTION('',(0.E0,0.E0,1.E0));
#6042=DIRECTION('',(1.E0,0.E0,0.E0));
#6043=AXIS2_PLACEMENT_3D('',#6040,#6041,#6042);
#6044=CYLINDRICAL_SURFACE('',#6043,5.5E0);
#6046=ORIENTED_EDGE('',*,*,#6045,.F.);
#6048=ORIENTED_EDGE('',*,*,#6047,.F.);
#6050=ORIENTED_EDGE('',*,*,#6049,.T.);
#6051=ORIENTED_EDGE('',*,*,#4630,.T.);
#6052=EDGE_LOOP('',(#6046,#6048,#6050,#6051));
#6053=FACE_OUTER_BOUND('',#6052,.F.);
#6054=ADVANCED_FACE('',(#6053),#6044,.T.);
#6055=CARTESIAN_POINT('',(-3.267542648054E1,-5.5E0,6.595E2));
#6056=DIRECTION('',(0.E0,0.E0,1.E0));
#6057=DIRECTION('',(1.E0,0.E0,0.E0));
#6058=AXIS2_PLACEMENT_3D('',#6055,#6056,#6057);
#6059=CYLINDRICAL_SURFACE('',#6058,5.5E0);
#6061=ORIENTED_EDGE('',*,*,#6060,.F.);
#6063=ORIENTED_EDGE('',*,*,#6062,.F.);
#6064=ORIENTED_EDGE('',*,*,#6015,.T.);
#6065=ORIENTED_EDGE('',*,*,#4642,.T.);
#6066=EDGE_LOOP('',(#6061,#6063,#6064,#6065));
#6067=FACE_OUTER_BOUND('',#6066,.F.);
#6068=ADVANCED_FACE('',(#6067),#6059,.T.);
#6069=CARTESIAN_POINT('',(-3.051584948264E1,-1.25E0,-5.65E2));
#6070=DIRECTION('',(0.E0,0.E0,-1.E0));
#6071=DIRECTION('',(-1.E0,0.E0,0.E0));
#6072=AXIS2_PLACEMENT_3D('',#6069,#6070,#6071);
#6073=PLANE('',#6072);
#6074=ORIENTED_EDGE('',*,*,#6030,.F.);
#6076=ORIENTED_EDGE('',*,*,#6075,.T.);
#6078=ORIENTED_EDGE('',*,*,#6077,.T.);
#6080=ORIENTED_EDGE('',*,*,#6079,.F.);
#6081=EDGE_LOOP('',(#6074,#6076,#6078,#6080));
#6082=FACE_OUTER_BOUND('',#6081,.F.);
#6083=ADVANCED_FACE('',(#6082),#6073,.F.);
#6084=CARTESIAN_POINT('',(-2.815575039327E1,-4.828308616903E0,-5.65E2));
#6085=DIRECTION('',(0.E0,0.E0,1.E0));
#6086=DIRECTION('',(5.E-1,-8.660254037844E-1,0.E0));
#6087=AXIS2_PLACEMENT_3D('',#6084,#6085,#6086);
#6088=PLANE('',#6087);
#6090=ORIENTED_EDGE('',*,*,#6089,.T.);
#6092=ORIENTED_EDGE('',*,*,#6091,.F.);
#6093=ORIENTED_EDGE('',*,*,#6075,.F.);
#6095=ORIENTED_EDGE('',*,*,#6094,.T.);
#6096=EDGE_LOOP('',(#6090,#6092,#6093,#6095));
#6097=FACE_OUTER_BOUND('',#6096,.F.);
#6098=ADVANCED_FACE('',(#6097),#6088,.T.);
#6099=CARTESIAN_POINT('',(4.468395031289E1,3.644266790933E1,-5.64E2));
#6100=DIRECTION('',(-8.660254037844E-1,-5.E-1,0.E0));
#6101=DIRECTION('',(0.E0,0.E0,-1.E0));
#6102=AXIS2_PLACEMENT_3D('',#6099,#6100,#6101);
#6103=CYLINDRICAL_SURFACE('',#6102,1.E0);
#6104=ORIENTED_EDGE('',*,*,#6089,.F.);
#6106=ORIENTED_EDGE('',*,*,#6105,.T.);
#6108=ORIENTED_EDGE('',*,*,#6107,.T.);
#6110=ORIENTED_EDGE('',*,*,#6109,.T.);
#6111=EDGE_LOOP('',(#6104,#6106,#6108,#6110));
#6112=FACE_OUTER_BOUND('',#6111,.F.);
#6113=ADVANCED_FACE('',(#6112),#6103,.F.);
#6114=CARTESIAN_POINT('',(-1.786602540378E1,-2.015063509461E1,6.595E2));
#6115=DIRECTION('',(8.660254037844E-1,5.E-1,0.E0));
#6116=DIRECTION('',(-5.E-1,8.660254037844E-1,0.E0));
#6117=AXIS2_PLACEMENT_3D('',#6114,#6115,#6116);
#6118=PLANE('',#6117);
#6120=ORIENTED_EDGE('',*,*,#6119,.F.);
#6121=ORIENTED_EDGE('',*,*,#6105,.F.);
#6122=ORIENTED_EDGE('',*,*,#6094,.F.);
#6123=ORIENTED_EDGE('',*,*,#6035,.T.);
#6125=ORIENTED_EDGE('',*,*,#6124,.F.);
#6127=ORIENTED_EDGE('',*,*,#6126,.F.);
#6129=ORIENTED_EDGE('',*,*,#6128,.T.);
#6131=ORIENTED_EDGE('',*,*,#6130,.F.);
#6133=ORIENTED_EDGE('',*,*,#6132,.F.);
#6135=ORIENTED_EDGE('',*,*,#6134,.F.);
#6137=ORIENTED_EDGE('',*,*,#6136,.F.);
#6139=ORIENTED_EDGE('',*,*,#6138,.F.);
#6141=ORIENTED_EDGE('',*,*,#6140,.T.);
#6143=ORIENTED_EDGE('',*,*,#6142,.F.);
#6145=ORIENTED_EDGE('',*,*,#6144,.F.);
#6147=ORIENTED_EDGE('',*,*,#6146,.F.);
#6149=ORIENTED_EDGE('',*,*,#6148,.F.);
#6151=ORIENTED_EDGE('',*,*,#6150,.F.);
#6153=ORIENTED_EDGE('',*,*,#6152,.T.);
#6154=ORIENTED_EDGE('',*,*,#6062,.T.);
#6156=ORIENTED_EDGE('',*,*,#6155,.T.);
#6158=ORIENTED_EDGE('',*,*,#6157,.F.);
#6160=ORIENTED_EDGE('',*,*,#6159,.F.);
#6162=ORIENTED_EDGE('',*,*,#6161,.F.);
#6164=ORIENTED_EDGE('',*,*,#6163,.F.);
#6165=ORIENTED_EDGE('',*,*,#6047,.T.);
#6167=ORIENTED_EDGE('',*,*,#6166,.T.);
#6169=ORIENTED_EDGE('',*,*,#6168,.F.);
#6170=EDGE_LOOP('',(#6120,#6121,#6122,#6123,#6125,#6127,#6129,#6131,#6133,#6135,
#6137,#6139,#6141,#6143,#6145,#6147,#6149,#6151,#6153,#6154,#6156,#6158,#6160,
#6162,#6164,#6165,#6167,#6169));
#6171=FACE_OUTER_BOUND('',#6170,.F.);
#6172=ADVANCED_FACE('',(#6171),#6118,.T.);
#6173=CARTESIAN_POINT('',(-2.731668227209E1,-6.281617233806E0,-5.595E2));
#6174=DIRECTION('',(-5.E-1,8.660254037844E-1,0.E0));
#6175=DIRECTION('',(0.E0,0.E0,1.E0));
#6176=AXIS2_PLACEMENT_3D('',#6173,#6174,#6175);
#6177=PLANE('',#6176);
#6179=ORIENTED_EDGE('',*,*,#6178,.T.);
#6181=ORIENTED_EDGE('',*,*,#6180,.F.);
#6182=ORIENTED_EDGE('',*,*,#6107,.F.);
#6183=ORIENTED_EDGE('',*,*,#6119,.T.);
#6184=EDGE_LOOP('',(#6179,#6181,#6182,#6183));
#6185=FACE_OUTER_BOUND('',#6184,.F.);
#6186=ADVANCED_FACE('',(#6185),#6177,.T.);
#6187=CARTESIAN_POINT('',(4.468395031289E1,3.644266790933E1,-5.55E2));
#6188=DIRECTION('',(-8.660254037844E-1,-5.E-1,0.E0));
#6189=DIRECTION('',(5.E-1,-8.660254037844E-1,0.E0));
#6190=AXIS2_PLACEMENT_3D('',#6187,#6188,#6189);
#6191=CYLINDRICAL_SURFACE('',#6190,1.E0);
#6192=ORIENTED_EDGE('',*,*,#6178,.F.);
#6193=ORIENTED_EDGE('',*,*,#6168,.T.);
#6195=ORIENTED_EDGE('',*,*,#6194,.T.);
#6197=ORIENTED_EDGE('',*,*,#6196,.T.);
#6198=EDGE_LOOP('',(#6192,#6193,#6195,#6197));
#6199=FACE_OUTER_BOUND('',#6198,.F.);
#6200=ADVANCED_FACE('',(#6199),#6191,.F.);
#6201=CARTESIAN_POINT('',(-2.815575039327E1,-4.828308616903E0,-5.54E2));
#6202=DIRECTION('',(3.387294632322E-14,-5.866966403387E-14,1.E0));
#6203=DIRECTION('',(5.E-1,-8.660254037844E-1,-6.774589264644E-14));
#6204=AXIS2_PLACEMENT_3D('',#6201,#6202,#6203);
#6205=PLANE('',#6204);
#6206=ORIENTED_EDGE('',*,*,#6194,.F.);
#6207=ORIENTED_EDGE('',*,*,#6166,.F.);
#6209=ORIENTED_EDGE('',*,*,#6208,.T.);
#6211=ORIENTED_EDGE('',*,*,#6210,.T.);
#6212=EDGE_LOOP('',(#6206,#6207,#6209,#6211));
#6213=FACE_OUTER_BOUND('',#6212,.F.);
#6214=ADVANCED_FACE('',(#6213),#6205,.F.);
#6215=CARTESIAN_POINT('',(-3.051584948264E1,-1.25E0,-5.54E2));
#6216=DIRECTION('',(0.E0,0.E0,-1.E0));
#6217=DIRECTION('',(-1.E0,0.E0,0.E0));
#6218=AXIS2_PLACEMENT_3D('',#6215,#6216,#6217);
#6219=PLANE('',#6218);
#6220=ORIENTED_EDGE('',*,*,#6045,.T.);
#6222=ORIENTED_EDGE('',*,*,#6221,.T.);
#6224=ORIENTED_EDGE('',*,*,#6223,.F.);
#6225=ORIENTED_EDGE('',*,*,#6208,.F.);
#6226=EDGE_LOOP('',(#6220,#6222,#6224,#6225));
#6227=FACE_OUTER_BOUND('',#6226,.F.);
#6228=ADVANCED_FACE('',(#6227),#6219,.T.);
#6229=CARTESIAN_POINT('',(-3.433771324027E1,-1.25E0,-5.54E2));
#6230=DIRECTION('',(6.839183255010E-14,0.E0,-1.E0));
#6231=DIRECTION('',(-1.E0,0.E0,-6.839183255010E-14));
#6232=AXIS2_PLACEMENT_3D('',#6229,#6230,#6231);
#6233=PLANE('',#6232);
#6235=ORIENTED_EDGE('',*,*,#6234,.T.);
#6236=ORIENTED_EDGE('',*,*,#4885,.F.);
#6237=ORIENTED_EDGE('',*,*,#6221,.F.);
#6238=ORIENTED_EDGE('',*,*,#4628,.T.);
#6239=EDGE_LOOP('',(#6235,#6236,#6237,#6238));
#6240=FACE_OUTER_BOUND('',#6239,.F.);
#6241=ADVANCED_FACE('',(#6240),#6233,.T.);
#6242=CARTESIAN_POINT('',(-3.5E1,3.644266790933E1,-5.55E2));
#6243=DIRECTION('',(0.E0,-1.E0,0.E0));
#6244=DIRECTION('',(-7.105427357601E-14,0.E0,1.E0));
#6245=AXIS2_PLACEMENT_3D('',#6242,#6243,#6244);
#6246=CYLINDRICAL_SURFACE('',#6245,1.E0);
#6247=ORIENTED_EDGE('',*,*,#6234,.F.);
#6248=ORIENTED_EDGE('',*,*,#4626,.T.);
#6250=ORIENTED_EDGE('',*,*,#6249,.T.);
#6251=ORIENTED_EDGE('',*,*,#4887,.T.);
#6252=EDGE_LOOP('',(#6247,#6248,#6250,#6251));
#6253=FACE_OUTER_BOUND('',#6252,.F.);
#6254=ADVANCED_FACE('',(#6253),#6246,.F.);
#6255=CARTESIAN_POINT('',(-3.6E1,-1.25E0,-5.595E2));
#6256=DIRECTION('',(1.E0,0.E0,0.E0));
#6257=DIRECTION('',(0.E0,0.E0,-1.E0));
#6258=AXIS2_PLACEMENT_3D('',#6255,#6256,#6257);
#6259=PLANE('',#6258);
#6260=ORIENTED_EDGE('',*,*,#6249,.F.);
#6261=ORIENTED_EDGE('',*,*,#4624,.T.);
#6263=ORIENTED_EDGE('',*,*,#6262,.T.);
#6264=ORIENTED_EDGE('',*,*,#4889,.F.);
#6265=EDGE_LOOP('',(#6260,#6261,#6263,#6264));
#6266=FACE_OUTER_BOUND('',#6265,.F.);
#6267=ADVANCED_FACE('',(#6266),#6259,.T.);
#6268=CARTESIAN_POINT('',(-3.5E1,3.644266790933E1,-5.64E2));
#6269=DIRECTION('',(0.E0,-1.E0,0.E0));
#6270=DIRECTION('',(-1.E0,0.E0,0.E0));
#6271=AXIS2_PLACEMENT_3D('',#6268,#6269,#6270);
#6272=CYLINDRICAL_SURFACE('',#6271,1.E0);
#6273=ORIENTED_EDGE('',*,*,#6262,.F.);
#6274=ORIENTED_EDGE('',*,*,#4622,.T.);
#6276=ORIENTED_EDGE('',*,*,#6275,.T.);
#6277=ORIENTED_EDGE('',*,*,#4891,.T.);
#6278=EDGE_LOOP('',(#6273,#6274,#6276,#6277));
#6279=FACE_OUTER_BOUND('',#6278,.F.);
#6280=ADVANCED_FACE('',(#6279),#6272,.F.);
#6281=CARTESIAN_POINT('',(-3.433771324027E1,-1.25E0,-5.65E2));
#6282=DIRECTION('',(0.E0,0.E0,-1.E0));
#6283=DIRECTION('',(-1.E0,0.E0,0.E0));
#6284=AXIS2_PLACEMENT_3D('',#6281,#6282,#6283);
#6285=PLANE('',#6284);
#6286=ORIENTED_EDGE('',*,*,#6275,.F.);
#6287=ORIENTED_EDGE('',*,*,#4620,.F.);
#6288=ORIENTED_EDGE('',*,*,#6079,.T.);
#6289=ORIENTED_EDGE('',*,*,#4893,.T.);
#6290=EDGE_LOOP('',(#6286,#6287,#6288,#6289));
#6291=FACE_OUTER_BOUND('',#6290,.F.);
#6292=ADVANCED_FACE('',(#6291),#6285,.F.);
#6293=CARTESIAN_POINT('',(-3.267542648054E1,-5.5E0,6.595E2));
#6294=DIRECTION('',(0.E0,0.E0,1.E0));
#6295=DIRECTION('',(1.E0,0.E0,0.E0));
#6296=AXIS2_PLACEMENT_3D('',#6293,#6294,#6295);
#6297=CYLINDRICAL_SURFACE('',#6296,3.E0);
#6299=ORIENTED_EDGE('',*,*,#6298,.T.);
#6300=ORIENTED_EDGE('',*,*,#4871,.F.);
#6301=ORIENTED_EDGE('',*,*,#6019,.F.);
#6303=ORIENTED_EDGE('',*,*,#6302,.T.);
#6304=EDGE_LOOP('',(#6299,#6300,#6301,#6303));
#6305=FACE_OUTER_BOUND('',#6304,.F.);
#6306=ADVANCED_FACE('',(#6305),#6297,.F.);
#6307=CARTESIAN_POINT('',(-3.267542648054E1,-5.5E0,6.595E2));
#6308=DIRECTION('',(0.E0,0.E0,1.E0));
#6309=DIRECTION('',(1.E0,0.E0,0.E0));
#6310=AXIS2_PLACEMENT_3D('',#6307,#6308,#6309);
#6311=CYLINDRICAL_SURFACE('',#6310,3.E0);
#6312=ORIENTED_EDGE('',*,*,#6223,.T.);
#6313=ORIENTED_EDGE('',*,*,#4883,.F.);
#6315=ORIENTED_EDGE('',*,*,#6314,.F.);
#6317=ORIENTED_EDGE('',*,*,#6316,.T.);
#6318=EDGE_LOOP('',(#6312,#6313,#6315,#6317));
#6319=FACE_OUTER_BOUND('',#6318,.F.);
#6320=ADVANCED_FACE('',(#6319),#6311,.F.);
#6321=CARTESIAN_POINT('',(-3.267542648054E1,-5.5E0,6.595E2));
#6322=DIRECTION('',(0.E0,0.E0,1.E0));
#6323=DIRECTION('',(1.E0,0.E0,0.E0));
#6324=AXIS2_PLACEMENT_3D('',#6321,#6322,#6323);
#6325=CYLINDRICAL_SURFACE('',#6324,3.E0);
#6326=ORIENTED_EDGE('',*,*,#6077,.F.);
#6328=ORIENTED_EDGE('',*,*,#6327,.T.);
#6330=ORIENTED_EDGE('',*,*,#6329,.T.);
#6331=ORIENTED_EDGE('',*,*,#4895,.F.);
#6332=EDGE_LOOP('',(#6326,#6328,#6330,#6331));
#6333=FACE_OUTER_BOUND('',#6332,.F.);
#6334=ADVANCED_FACE('',(#6333),#6325,.F.);
#6335=CARTESIAN_POINT('',(-3.051584948264E1,-1.25E0,5.65E2));
#6336=DIRECTION('',(0.E0,0.E0,-1.E0));
#6337=DIRECTION('',(-1.E0,0.E0,0.E0));
#6338=AXIS2_PLACEMENT_3D('',#6335,#6336,#6337);
#6339=PLANE('',#6338);
#6340=ORIENTED_EDGE('',*,*,#6060,.T.);
#6342=ORIENTED_EDGE('',*,*,#6341,.T.);
#6343=ORIENTED_EDGE('',*,*,#6298,.F.);
#6345=ORIENTED_EDGE('',*,*,#6344,.F.);
#6346=EDGE_LOOP('',(#6340,#6342,#6343,#6345));
#6347=FACE_OUTER_BOUND('',#6346,.F.);
#6348=ADVANCED_FACE('',(#6347),#6339,.T.);
#6349=CARTESIAN_POINT('',(-3.433771324027E1,-1.25E0,5.65E2));
#6350=DIRECTION('',(0.E0,0.E0,-1.E0));
#6351=DIRECTION('',(-1.E0,0.E0,0.E0));
#6352=AXIS2_PLACEMENT_3D('',#6349,#6350,#6351);
#6353=PLANE('',#6352);
#6355=ORIENTED_EDGE('',*,*,#6354,.T.);
#6356=ORIENTED_EDGE('',*,*,#4873,.F.);
#6357=ORIENTED_EDGE('',*,*,#6341,.F.);
#6358=ORIENTED_EDGE('',*,*,#4640,.T.);
#6359=EDGE_LOOP('',(#6355,#6356,#6357,#6358));
#6360=FACE_OUTER_BOUND('',#6359,.F.);
#6361=ADVANCED_FACE('',(#6360),#6353,.T.);
#6362=CARTESIAN_POINT('',(-3.5E1,3.644266790933E1,5.64E2));
#6363=DIRECTION('',(0.E0,-1.E0,0.E0));
#6364=DIRECTION('',(0.E0,0.E0,1.E0));
#6365=AXIS2_PLACEMENT_3D('',#6362,#6363,#6364);
#6366=CYLINDRICAL_SURFACE('',#6365,1.E0);
#6367=ORIENTED_EDGE('',*,*,#6354,.F.);
#6368=ORIENTED_EDGE('',*,*,#4638,.T.);
#6370=ORIENTED_EDGE('',*,*,#6369,.T.);
#6371=ORIENTED_EDGE('',*,*,#4875,.T.);
#6372=EDGE_LOOP('',(#6367,#6368,#6370,#6371));
#6373=FACE_OUTER_BOUND('',#6372,.F.);
#6374=ADVANCED_FACE('',(#6373),#6366,.F.);
#6375=CARTESIAN_POINT('',(-3.6E1,-1.25E0,5.595E2));
#6376=DIRECTION('',(1.E0,0.E0,0.E0));
#6377=DIRECTION('',(0.E0,0.E0,-1.E0));
#6378=AXIS2_PLACEMENT_3D('',#6375,#6376,#6377);
#6379=PLANE('',#6378);
#6380=ORIENTED_EDGE('',*,*,#6369,.F.);
#6381=ORIENTED_EDGE('',*,*,#4636,.T.);
#6383=ORIENTED_EDGE('',*,*,#6382,.T.);
#6384=ORIENTED_EDGE('',*,*,#4877,.F.);
#6385=EDGE_LOOP('',(#6380,#6381,#6383,#6384));
#6386=FACE_OUTER_BOUND('',#6385,.F.);
#6387=ADVANCED_FACE('',(#6386),#6379,.T.);
#6388=CARTESIAN_POINT('',(-3.5E1,3.644266790933E1,5.55E2));
#6389=DIRECTION('',(0.E0,-1.E0,0.E0));
#6390=DIRECTION('',(-1.E0,0.E0,0.E0));
#6391=AXIS2_PLACEMENT_3D('',#6388,#6389,#6390);
#6392=CYLINDRICAL_SURFACE('',#6391,1.E0);
#6393=ORIENTED_EDGE('',*,*,#6382,.F.);
#6394=ORIENTED_EDGE('',*,*,#4634,.T.);
#6396=ORIENTED_EDGE('',*,*,#6395,.T.);
#6397=ORIENTED_EDGE('',*,*,#4879,.T.);
#6398=EDGE_LOOP('',(#6393,#6394,#6396,#6397));
#6399=FACE_OUTER_BOUND('',#6398,.F.);
#6400=ADVANCED_FACE('',(#6399),#6392,.F.);
#6401=CARTESIAN_POINT('',(-3.433771324027E1,-1.25E0,5.54E2));
#6402=DIRECTION('',(-6.839183255010E-14,0.E0,-1.E0));
#6403=DIRECTION('',(-1.E0,0.E0,6.839183255010E-14));
#6404=AXIS2_PLACEMENT_3D('',#6401,#6402,#6403);
#6405=PLANE('',#6404);
#6406=ORIENTED_EDGE('',*,*,#6395,.F.);
#6407=ORIENTED_EDGE('',*,*,#4632,.F.);
#6409=ORIENTED_EDGE('',*,*,#6408,.T.);
#6410=ORIENTED_EDGE('',*,*,#4881,.T.);
#6411=EDGE_LOOP('',(#6406,#6407,#6409,#6410));
#6412=FACE_OUTER_BOUND('',#6411,.F.);
#6413=ADVANCED_FACE('',(#6412),#6405,.F.);
#6414=CARTESIAN_POINT('',(-3.051584948264E1,-1.25E0,5.54E2));
#6415=DIRECTION('',(0.E0,0.E0,-1.E0));
#6416=DIRECTION('',(-1.E0,0.E0,0.E0));
#6417=AXIS2_PLACEMENT_3D('',#6414,#6415,#6416);
#6418=PLANE('',#6417);
#6419=ORIENTED_EDGE('',*,*,#6049,.F.);
#6421=ORIENTED_EDGE('',*,*,#6420,.T.);
#6422=ORIENTED_EDGE('',*,*,#6314,.T.);
#6423=ORIENTED_EDGE('',*,*,#6408,.F.);
#6424=EDGE_LOOP('',(#6419,#6421,#6422,#6423));
#6425=FACE_OUTER_BOUND('',#6424,.F.);
#6426=ADVANCED_FACE('',(#6425),#6418,.F.);
#6427=CARTESIAN_POINT('',(-2.815575039327E1,-4.828308616903E0,5.54E2));
#6428=DIRECTION('',(-3.387294632322E-14,5.866966403387E-14,1.E0));
#6429=DIRECTION('',(5.E-1,-8.660254037844E-1,6.774589264644E-14));
#6430=AXIS2_PLACEMENT_3D('',#6427,#6428,#6429);
#6431=PLANE('',#6430);
#6433=ORIENTED_EDGE('',*,*,#6432,.T.);
#6435=ORIENTED_EDGE('',*,*,#6434,.F.);
#6436=ORIENTED_EDGE('',*,*,#6420,.F.);
#6437=ORIENTED_EDGE('',*,*,#6163,.T.);
#6438=EDGE_LOOP('',(#6433,#6435,#6436,#6437));
#6439=FACE_OUTER_BOUND('',#6438,.F.);
#6440=ADVANCED_FACE('',(#6439),#6431,.T.);
#6441=CARTESIAN_POINT('',(4.468395031289E1,3.644266790933E1,5.55E2));
#6442=DIRECTION('',(-8.660254037844E-1,-5.E-1,0.E0));
#6443=DIRECTION('',(3.171934974331E-14,-5.493952533846E-14,-1.E0));
#6444=AXIS2_PLACEMENT_3D('',#6441,#6442,#6443);
#6445=CYLINDRICAL_SURFACE('',#6444,1.E0);
#6446=ORIENTED_EDGE('',*,*,#6432,.F.);
#6447=ORIENTED_EDGE('',*,*,#6161,.T.);
#6449=ORIENTED_EDGE('',*,*,#6448,.T.);
#6451=ORIENTED_EDGE('',*,*,#6450,.T.);
#6452=EDGE_LOOP('',(#6446,#6447,#6449,#6451));
#6453=FACE_OUTER_BOUND('',#6452,.F.);
#6454=ADVANCED_FACE('',(#6453),#6445,.F.);
#6455=CARTESIAN_POINT('',(-2.731668227209E1,-6.281617233806E0,5.595E2));
#6456=DIRECTION('',(-5.E-1,8.660254037844E-1,0.E0));
#6457=DIRECTION('',(0.E0,0.E0,1.E0));
#6458=AXIS2_PLACEMENT_3D('',#6455,#6456,#6457);
#6459=PLANE('',#6458);
#6460=ORIENTED_EDGE('',*,*,#6448,.F.);
#6461=ORIENTED_EDGE('',*,*,#6159,.T.);
#6463=ORIENTED_EDGE('',*,*,#6462,.T.);
#6465=ORIENTED_EDGE('',*,*,#6464,.F.);
#6466=EDGE_LOOP('',(#6460,#6461,#6463,#6465));
#6467=FACE_OUTER_BOUND('',#6466,.F.);
#6468=ADVANCED_FACE('',(#6467),#6459,.T.);
#6469=CARTESIAN_POINT('',(4.468395031289E1,3.644266790933E1,5.64E2));
#6470=DIRECTION('',(-8.660254037844E-1,-5.E-1,0.E0));
#6471=DIRECTION('',(5.E-1,-8.660254037844E-1,0.E0));
#6472=AXIS2_PLACEMENT_3D('',#6469,#6470,#6471);
#6473=CYLINDRICAL_SURFACE('',#6472,1.E0);
#6474=ORIENTED_EDGE('',*,*,#6462,.F.);
#6475=ORIENTED_EDGE('',*,*,#6157,.T.);
#6477=ORIENTED_EDGE('',*,*,#6476,.T.);
#6479=ORIENTED_EDGE('',*,*,#6478,.T.);
#6480=EDGE_LOOP('',(#6474,#6475,#6477,#6479));
#6481=FACE_OUTER_BOUND('',#6480,.F.);
#6482=ADVANCED_FACE('',(#6481),#6473,.F.);
#6483=CARTESIAN_POINT('',(-2.815575039327E1,-4.828308616903E0,5.65E2));
#6484=DIRECTION('',(0.E0,0.E0,1.E0));
#6485=DIRECTION('',(5.E-1,-8.660254037844E-1,0.E0));
#6486=AXIS2_PLACEMENT_3D('',#6483,#6484,#6485);
#6487=PLANE('',#6486);
#6488=ORIENTED_EDGE('',*,*,#6476,.F.);
#6489=ORIENTED_EDGE('',*,*,#6155,.F.);
#6490=ORIENTED_EDGE('',*,*,#6344,.T.);
#6492=ORIENTED_EDGE('',*,*,#6491,.T.);
#6493=EDGE_LOOP('',(#6488,#6489,#6490,#6492));
#6494=FACE_OUTER_BOUND('',#6493,.F.);
#6495=ADVANCED_FACE('',(#6494),#6487,.F.);
#6496=CARTESIAN_POINT('',(-2.003108891325E1,-2.140063509461E1,6.595E2));
#6497=DIRECTION('',(8.660254037844E-1,5.E-1,0.E0));
#6498=DIRECTION('',(-5.E-1,8.660254037844E-1,0.E0));
#6499=AXIS2_PLACEMENT_3D('',#6496,#6497,#6498);
#6500=PLANE('',#6499);
#6501=ORIENTED_EDGE('',*,*,#6091,.T.);
#6502=ORIENTED_EDGE('',*,*,#6109,.F.);
#6503=ORIENTED_EDGE('',*,*,#6180,.T.);
#6504=ORIENTED_EDGE('',*,*,#6196,.F.);
#6505=ORIENTED_EDGE('',*,*,#6210,.F.);
#6506=ORIENTED_EDGE('',*,*,#6316,.F.);
#6507=ORIENTED_EDGE('',*,*,#6434,.T.);
#6508=ORIENTED_EDGE('',*,*,#6450,.F.);
#6509=ORIENTED_EDGE('',*,*,#6464,.T.);
#6510=ORIENTED_EDGE('',*,*,#6478,.F.);
#6511=ORIENTED_EDGE('',*,*,#6491,.F.);
#6512=ORIENTED_EDGE('',*,*,#6302,.F.);
#6514=ORIENTED_EDGE('',*,*,#6513,.F.);
#6516=ORIENTED_EDGE('',*,*,#6515,.T.);
#6518=ORIENTED_EDGE('',*,*,#6517,.T.);
#6520=ORIENTED_EDGE('',*,*,#6519,.F.);
#6522=ORIENTED_EDGE('',*,*,#6521,.T.);
#6524=ORIENTED_EDGE('',*,*,#6523,.F.);
#6526=ORIENTED_EDGE('',*,*,#6525,.F.);
#6528=ORIENTED_EDGE('',*,*,#6527,.T.);
#6530=ORIENTED_EDGE('',*,*,#6529,.T.);
#6532=ORIENTED_EDGE('',*,*,#6531,.F.);
#6534=ORIENTED_EDGE('',*,*,#6533,.T.);
#6536=ORIENTED_EDGE('',*,*,#6535,.F.);
#6538=ORIENTED_EDGE('',*,*,#6537,.F.);
#6540=ORIENTED_EDGE('',*,*,#6539,.T.);
#6542=ORIENTED_EDGE('',*,*,#6541,.T.);
#6543=ORIENTED_EDGE('',*,*,#6327,.F.);
#6544=EDGE_LOOP('',(#6501,#6502,#6503,#6504,#6505,#6506,#6507,#6508,#6509,#6510,
#6511,#6512,#6514,#6516,#6518,#6520,#6522,#6524,#6526,#6528,#6530,#6532,#6534,
#6536,#6538,#6540,#6542,#6543));
#6545=FACE_OUTER_BOUND('',#6544,.F.);
#6546=ADVANCED_FACE('',(#6545),#6500,.F.);
#6547=CARTESIAN_POINT('',(-2.397168783649E1,-1.207531754731E1,6.595E2));
#6548=DIRECTION('',(0.E0,0.E0,-1.E0));
#6549=DIRECTION('',(-5.E-1,8.660254037844E-1,0.E0));
#6550=AXIS2_PLACEMENT_3D('',#6547,#6548,#6549);
#6551=PLANE('',#6550);
#6552=ORIENTED_EDGE('',*,*,#6152,.F.);
#6554=ORIENTED_EDGE('',*,*,#6553,.T.);
#6555=ORIENTED_EDGE('',*,*,#6513,.T.);
#6556=ORIENTED_EDGE('',*,*,#6017,.F.);
#6557=EDGE_LOOP('',(#6552,#6554,#6555,#6556));
#6558=FACE_OUTER_BOUND('',#6557,.F.);
#6559=ADVANCED_FACE('',(#6558),#6551,.F.);
#6560=CARTESIAN_POINT('',(-1.739294919243E1,-2.233124306069E1,6.595E2));
#6561=DIRECTION('',(0.E0,0.E0,-1.E0));
#6562=DIRECTION('',(-1.E0,0.E0,0.E0));
#6563=AXIS2_PLACEMENT_3D('',#6560,#6561,#6562);
#6564=PLANE('',#6563);
#6566=ORIENTED_EDGE('',*,*,#6565,.F.);
#6568=ORIENTED_EDGE('',*,*,#6567,.T.);
#6570=ORIENTED_EDGE('',*,*,#6569,.T.);
#6571=ORIENTED_EDGE('',*,*,#6553,.F.);
#6572=EDGE_LOOP('',(#6566,#6568,#6570,#6571));
#6573=FACE_OUTER_BOUND('',#6572,.F.);
#6574=ADVANCED_FACE('',(#6573),#6564,.F.);
#6575=CARTESIAN_POINT('',(-1.526794919243E1,-1.865063509461E1,6.595E2));
#6576=DIRECTION('',(0.E0,0.E0,1.E0));
#6577=DIRECTION('',(1.E0,0.E0,0.E0));
#6578=AXIS2_PLACEMENT_3D('',#6575,#6576,#6577);
#6579=CYLINDRICAL_SURFACE('',#6578,3.E0);
#6581=ORIENTED_EDGE('',*,*,#6580,.T.);
#6582=ORIENTED_EDGE('',*,*,#6126,.T.);
#6584=ORIENTED_EDGE('',*,*,#6583,.F.);
#6586=ORIENTED_EDGE('',*,*,#6585,.F.);
#6587=EDGE_LOOP('',(#6581,#6582,#6584,#6586));
#6588=FACE_OUTER_BOUND('',#6587,.F.);
#6589=ADVANCED_FACE('',(#6588),#6579,.F.);
#6590=CARTESIAN_POINT('',(-1.526794919243E1,-1.865063509461E1,6.595E2));
#6591=DIRECTION('',(0.E0,0.E0,1.E0));
#6592=DIRECTION('',(1.E0,0.E0,0.E0));
#6593=AXIS2_PLACEMENT_3D('',#6590,#6591,#6592);
#6594=CYLINDRICAL_SURFACE('',#6593,3.E0);
#6596=ORIENTED_EDGE('',*,*,#6595,.F.);
#6598=ORIENTED_EDGE('',*,*,#6597,.F.);
#6600=ORIENTED_EDGE('',*,*,#6599,.T.);
#6601=ORIENTED_EDGE('',*,*,#6138,.T.);
#6602=EDGE_LOOP('',(#6596,#6598,#6600,#6601));
#6603=FACE_OUTER_BOUND('',#6602,.F.);
#6604=ADVANCED_FACE('',(#6603),#6594,.F.);
#6605=CARTESIAN_POINT('',(-1.526794919243E1,-1.865063509461E1,6.595E2));
#6606=DIRECTION('',(0.E0,0.E0,1.E0));
#6607=DIRECTION('',(1.E0,0.E0,0.E0));
#6608=AXIS2_PLACEMENT_3D('',#6605,#6606,#6607);
#6609=CYLINDRICAL_SURFACE('',#6608,3.E0);
#6611=ORIENTED_EDGE('',*,*,#6610,.F.);
#6613=ORIENTED_EDGE('',*,*,#6612,.F.);
#6614=ORIENTED_EDGE('',*,*,#6565,.T.);
#6615=ORIENTED_EDGE('',*,*,#6150,.T.);
#6616=EDGE_LOOP('',(#6611,#6613,#6614,#6615));
#6617=FACE_OUTER_BOUND('',#6616,.F.);
#6618=ADVANCED_FACE('',(#6617),#6609,.F.);
#6619=CARTESIAN_POINT('',(-1.786876865956E1,-2.264588363622E1,-4.15E2));
#6620=DIRECTION('',(0.E0,0.E0,-1.E0));
#6621=DIRECTION('',(-5.E-1,8.660254037844E-1,0.E0));
#6622=AXIS2_PLACEMENT_3D('',#6619,#6620,#6621);
#6623=PLANE('',#6622);
#6624=ORIENTED_EDGE('',*,*,#6580,.F.);
#6626=ORIENTED_EDGE('',*,*,#6625,.T.);
#6628=ORIENTED_EDGE('',*,*,#6627,.T.);
#6630=ORIENTED_EDGE('',*,*,#6629,.F.);
#6631=EDGE_LOOP('',(#6624,#6626,#6628,#6630));
#6632=FACE_OUTER_BOUND('',#6631,.F.);
#6633=ADVANCED_FACE('',(#6632),#6623,.F.);
#6634=CARTESIAN_POINT('',(-1.359565130391E1,-2.290063509461E1,-4.15E2));
#6635=DIRECTION('',(0.E0,0.E0,1.E0));
#6636=DIRECTION('',(1.E0,0.E0,0.E0));
#6637=AXIS2_PLACEMENT_3D('',#6634,#6635,#6636);
#6638=PLANE('',#6637);
#6640=ORIENTED_EDGE('',*,*,#6639,.T.);
#6642=ORIENTED_EDGE('',*,*,#6641,.F.);
#6643=ORIENTED_EDGE('',*,*,#6625,.F.);
#6645=ORIENTED_EDGE('',*,*,#6644,.T.);
#6646=EDGE_LOOP('',(#6640,#6642,#6643,#6645));
#6647=FACE_OUTER_BOUND('',#6646,.F.);
#6648=ADVANCED_FACE('',(#6647),#6638,.T.);
#6649=CARTESIAN_POINT('',(-1.292335341539E1,3.644266790933E1,-4.14E2));
#6650=DIRECTION('',(0.E0,-1.E0,0.E0));
#6651=DIRECTION('',(0.E0,0.E0,-1.E0));
#6652=AXIS2_PLACEMENT_3D('',#6649,#6650,#6651);
#6653=CYLINDRICAL_SURFACE('',#6652,1.E0);
#6654=ORIENTED_EDGE('',*,*,#6639,.F.);
#6656=ORIENTED_EDGE('',*,*,#6655,.T.);
#6658=ORIENTED_EDGE('',*,*,#6657,.T.);
#6660=ORIENTED_EDGE('',*,*,#6659,.T.);
#6661=EDGE_LOOP('',(#6654,#6656,#6658,#6660));
#6662=FACE_OUTER_BOUND('',#6661,.F.);
#6663=ADVANCED_FACE('',(#6662),#6653,.F.);
#6664=CARTESIAN_POINT('',(1.526794919243E1,-2.165063509461E1,6.595E2));
#6665=DIRECTION('',(0.E0,1.E0,0.E0));
#6666=DIRECTION('',(-1.E0,0.E0,0.E0));
#6667=AXIS2_PLACEMENT_3D('',#6664,#6665,#6666);
#6668=PLANE('',#6667);
#6670=ORIENTED_EDGE('',*,*,#6669,.F.);
#6672=ORIENTED_EDGE('',*,*,#6671,.F.);
#6674=ORIENTED_EDGE('',*,*,#6673,.F.);
#6676=ORIENTED_EDGE('',*,*,#6675,.F.);
#6678=ORIENTED_EDGE('',*,*,#6677,.T.);
#6680=ORIENTED_EDGE('',*,*,#6679,.F.);
#6682=ORIENTED_EDGE('',*,*,#6681,.F.);
#6684=ORIENTED_EDGE('',*,*,#6683,.F.);
#6686=ORIENTED_EDGE('',*,*,#6685,.T.);
#6687=ORIENTED_EDGE('',*,*,#6612,.T.);
#6689=ORIENTED_EDGE('',*,*,#6688,.T.);
#6691=ORIENTED_EDGE('',*,*,#6690,.F.);
#6693=ORIENTED_EDGE('',*,*,#6692,.F.);
#6695=ORIENTED_EDGE('',*,*,#6694,.F.);
#6697=ORIENTED_EDGE('',*,*,#6696,.F.);
#6698=ORIENTED_EDGE('',*,*,#6597,.T.);
#6700=ORIENTED_EDGE('',*,*,#6699,.T.);
#6702=ORIENTED_EDGE('',*,*,#6701,.F.);
#6704=ORIENTED_EDGE('',*,*,#6703,.F.);
#6705=ORIENTED_EDGE('',*,*,#6655,.F.);
#6706=ORIENTED_EDGE('',*,*,#6644,.F.);
#6707=ORIENTED_EDGE('',*,*,#6585,.T.);
#6709=ORIENTED_EDGE('',*,*,#6708,.F.);
#6711=ORIENTED_EDGE('',*,*,#6710,.F.);
#6713=ORIENTED_EDGE('',*,*,#6712,.T.);
#6715=ORIENTED_EDGE('',*,*,#6714,.F.);
#6716=EDGE_LOOP('',(#6670,#6672,#6674,#6676,#6678,#6680,#6682,#6684,#6686,#6687,
#6689,#6691,#6693,#6695,#6697,#6698,#6700,#6702,#6704,#6705,#6706,#6707,#6709,
#6711,#6713,#6715));
#6717=FACE_OUTER_BOUND('',#6716,.F.);
#6718=ADVANCED_FACE('',(#6717),#6668,.T.);
#6719=CARTESIAN_POINT('',(1.187664658461E1,-2.290063509461E1,-4.095E2));
#6720=DIRECTION('',(1.E0,0.E0,0.E0));
#6721=DIRECTION('',(0.E0,0.E0,-1.E0));
#6722=AXIS2_PLACEMENT_3D('',#6719,#6720,#6721);
#6723=PLANE('',#6722);
#6725=ORIENTED_EDGE('',*,*,#6724,.F.);
#6726=ORIENTED_EDGE('',*,*,#6669,.T.);
#6728=ORIENTED_EDGE('',*,*,#6727,.T.);
#6730=ORIENTED_EDGE('',*,*,#6729,.F.);
#6731=EDGE_LOOP('',(#6725,#6726,#6728,#6730));
#6732=FACE_OUTER_BOUND('',#6731,.F.);
#6733=ADVANCED_FACE('',(#6732),#6723,.T.);
#6734=CARTESIAN_POINT('',(1.287664658461E1,3.644266790933E1,-4.05E2));
#6735=DIRECTION('',(0.E0,-1.E0,0.E0));
#6736=DIRECTION('',(0.E0,0.E0,1.E0));
#6737=AXIS2_PLACEMENT_3D('',#6734,#6735,#6736);
#6738=CYLINDRICAL_SURFACE('',#6737,1.E0);
#6740=ORIENTED_EDGE('',*,*,#6739,.F.);
#6741=ORIENTED_EDGE('',*,*,#6671,.T.);
#6742=ORIENTED_EDGE('',*,*,#6724,.T.);
#6744=ORIENTED_EDGE('',*,*,#6743,.T.);
#6745=EDGE_LOOP('',(#6740,#6741,#6742,#6744));
#6746=FACE_OUTER_BOUND('',#6745,.F.);
#6747=ADVANCED_FACE('',(#6746),#6738,.F.);
#6748=CARTESIAN_POINT('',(1.357229788852E1,-2.290063509461E1,-4.04E2));
#6749=DIRECTION('',(0.E0,0.E0,-1.E0));
#6750=DIRECTION('',(-1.E0,0.E0,0.E0));
#6751=AXIS2_PLACEMENT_3D('',#6748,#6749,#6750);
#6752=PLANE('',#6751);
#6753=ORIENTED_EDGE('',*,*,#6739,.T.);
#6755=ORIENTED_EDGE('',*,*,#6754,.F.);
#6757=ORIENTED_EDGE('',*,*,#6756,.F.);
#6758=ORIENTED_EDGE('',*,*,#6673,.T.);
#6759=EDGE_LOOP('',(#6753,#6755,#6757,#6758));
#6760=FACE_OUTER_BOUND('',#6759,.F.);
#6761=ADVANCED_FACE('',(#6760),#6752,.T.);
#6762=CARTESIAN_POINT('',(1.526794919243E1,-2.415063509461E1,6.595E2));
#6763=DIRECTION('',(0.E0,1.E0,0.E0));
#6764=DIRECTION('',(-1.E0,0.E0,0.E0));
#6765=AXIS2_PLACEMENT_3D('',#6762,#6763,#6764);
#6766=PLANE('',#6765);
#6767=ORIENTED_EDGE('',*,*,#6754,.T.);
#6768=ORIENTED_EDGE('',*,*,#6743,.F.);
#6769=ORIENTED_EDGE('',*,*,#6729,.T.);
#6771=ORIENTED_EDGE('',*,*,#6770,.F.);
#6773=ORIENTED_EDGE('',*,*,#6772,.F.);
#6775=ORIENTED_EDGE('',*,*,#6774,.T.);
#6777=ORIENTED_EDGE('',*,*,#6776,.T.);
#6779=ORIENTED_EDGE('',*,*,#6778,.F.);
#6780=ORIENTED_EDGE('',*,*,#6641,.T.);
#6781=ORIENTED_EDGE('',*,*,#6659,.F.);
#6783=ORIENTED_EDGE('',*,*,#6782,.T.);
#6785=ORIENTED_EDGE('',*,*,#6784,.F.);
#6787=ORIENTED_EDGE('',*,*,#6786,.F.);
#6789=ORIENTED_EDGE('',*,*,#6788,.F.);
#6791=ORIENTED_EDGE('',*,*,#6790,.T.);
#6793=ORIENTED_EDGE('',*,*,#6792,.F.);
#6795=ORIENTED_EDGE('',*,*,#6794,.T.);
#6797=ORIENTED_EDGE('',*,*,#6796,.F.);
#6799=ORIENTED_EDGE('',*,*,#6798,.F.);
#6801=ORIENTED_EDGE('',*,*,#6800,.F.);
#6803=ORIENTED_EDGE('',*,*,#6802,.F.);
#6805=ORIENTED_EDGE('',*,*,#6804,.T.);
#6807=ORIENTED_EDGE('',*,*,#6806,.T.);
#6809=ORIENTED_EDGE('',*,*,#6808,.T.);
#6811=ORIENTED_EDGE('',*,*,#6810,.F.);
#6813=ORIENTED_EDGE('',*,*,#6812,.T.);
#6814=EDGE_LOOP('',(#6767,#6768,#6769,#6771,#6773,#6775,#6777,#6779,#6780,#6781,
#6783,#6785,#6787,#6789,#6791,#6793,#6795,#6797,#6799,#6801,#6803,#6805,#6807,
#6809,#6811,#6813));
#6815=FACE_OUTER_BOUND('',#6814,.F.);
#6816=ADVANCED_FACE('',(#6815),#6766,.F.);
#6817=CARTESIAN_POINT('',(1.287664658461E1,3.644266790933E1,-4.14E2));
#6818=DIRECTION('',(0.E0,-1.E0,0.E0));
#6819=DIRECTION('',(-1.E0,0.E0,0.E0));
#6820=AXIS2_PLACEMENT_3D('',#6817,#6818,#6819);
#6821=CYLINDRICAL_SURFACE('',#6820,1.E0);
#6822=ORIENTED_EDGE('',*,*,#6727,.F.);
#6823=ORIENTED_EDGE('',*,*,#6714,.T.);
#6825=ORIENTED_EDGE('',*,*,#6824,.T.);
#6826=ORIENTED_EDGE('',*,*,#6770,.T.);
#6827=EDGE_LOOP('',(#6822,#6823,#6825,#6826));
#6828=FACE_OUTER_BOUND('',#6827,.F.);
#6829=ADVANCED_FACE('',(#6828),#6821,.F.);
#6830=CARTESIAN_POINT('',(1.357229788852E1,-2.290063509461E1,-4.15E2));
#6831=DIRECTION('',(0.E0,0.E0,-1.E0));
#6832=DIRECTION('',(-1.E0,0.E0,0.E0));
#6833=AXIS2_PLACEMENT_3D('',#6830,#6831,#6832);
#6834=PLANE('',#6833);
#6835=ORIENTED_EDGE('',*,*,#6824,.F.);
#6836=ORIENTED_EDGE('',*,*,#6712,.F.);
#6838=ORIENTED_EDGE('',*,*,#6837,.T.);
#6839=ORIENTED_EDGE('',*,*,#6772,.T.);
#6840=EDGE_LOOP('',(#6835,#6836,#6838,#6839));
#6841=FACE_OUTER_BOUND('',#6840,.F.);
#6842=ADVANCED_FACE('',(#6841),#6834,.F.);
#6843=CARTESIAN_POINT('',(1.742752619033E1,-2.290063509461E1,-4.15E2));
#6844=DIRECTION('',(0.E0,0.E0,-1.E0));
#6845=DIRECTION('',(-1.E0,0.E0,0.E0));
#6846=AXIS2_PLACEMENT_3D('',#6843,#6844,#6845);
#6847=PLANE('',#6846);
#6849=ORIENTED_EDGE('',*,*,#6848,.F.);
#6851=ORIENTED_EDGE('',*,*,#6850,.T.);
#6853=ORIENTED_EDGE('',*,*,#6852,.T.);
#6854=ORIENTED_EDGE('',*,*,#6837,.F.);
#6855=EDGE_LOOP('',(#6849,#6851,#6853,#6854));
#6856=FACE_OUTER_BOUND('',#6855,.F.);
#6857=ADVANCED_FACE('',(#6856),#6847,.F.);
#6858=CARTESIAN_POINT('',(1.526794919243E1,-1.865063509461E1,6.595E2));
#6859=DIRECTION('',(0.E0,0.E0,1.E0));
#6860=DIRECTION('',(1.E0,0.E0,0.E0));
#6861=AXIS2_PLACEMENT_3D('',#6858,#6859,#6860);
#6862=CYLINDRICAL_SURFACE('',#6861,3.E0);
#6864=ORIENTED_EDGE('',*,*,#6863,.T.);
#6865=ORIENTED_EDGE('',*,*,#6675,.T.);
#6867=ORIENTED_EDGE('',*,*,#6866,.F.);
#6869=ORIENTED_EDGE('',*,*,#6868,.F.);
#6870=EDGE_LOOP('',(#6864,#6865,#6867,#6869));
#6871=FACE_OUTER_BOUND('',#6870,.F.);
#6872=ADVANCED_FACE('',(#6871),#6862,.F.);
#6873=CARTESIAN_POINT('',(1.526794919243E1,-1.865063509461E1,6.595E2));
#6874=DIRECTION('',(0.E0,0.E0,1.E0));
#6875=DIRECTION('',(1.E0,0.E0,0.E0));
#6876=AXIS2_PLACEMENT_3D('',#6873,#6874,#6875);
#6877=CYLINDRICAL_SURFACE('',#6876,3.E0);
#6879=ORIENTED_EDGE('',*,*,#6878,.F.);
#6881=ORIENTED_EDGE('',*,*,#6880,.F.);
#6883=ORIENTED_EDGE('',*,*,#6882,.T.);
#6884=ORIENTED_EDGE('',*,*,#6683,.T.);
#6885=EDGE_LOOP('',(#6879,#6881,#6883,#6884));
#6886=FACE_OUTER_BOUND('',#6885,.F.);
#6887=ADVANCED_FACE('',(#6886),#6877,.F.);
#6888=CARTESIAN_POINT('',(1.526794919243E1,-1.865063509461E1,6.595E2));
#6889=DIRECTION('',(0.E0,0.E0,1.E0));
#6890=DIRECTION('',(1.E0,0.E0,0.E0));
#6891=AXIS2_PLACEMENT_3D('',#6888,#6889,#6890);
#6892=CYLINDRICAL_SURFACE('',#6891,3.E0);
#6893=ORIENTED_EDGE('',*,*,#6848,.T.);
#6894=ORIENTED_EDGE('',*,*,#6710,.T.);
#6896=ORIENTED_EDGE('',*,*,#6895,.F.);
#6898=ORIENTED_EDGE('',*,*,#6897,.F.);
#6899=EDGE_LOOP('',(#6893,#6894,#6896,#6898));
#6900=FACE_OUTER_BOUND('',#6899,.F.);
#6901=ADVANCED_FACE('',(#6900),#6892,.F.);
#6902=CARTESIAN_POINT('',(1.742752619033E1,-2.290063509461E1,4.04E2));
#6903=DIRECTION('',(0.E0,0.E0,-1.E0));
#6904=DIRECTION('',(-1.E0,0.E0,0.E0));
#6905=AXIS2_PLACEMENT_3D('',#6902,#6903,#6904);
#6906=PLANE('',#6905);
#6907=ORIENTED_EDGE('',*,*,#6863,.F.);
#6909=ORIENTED_EDGE('',*,*,#6908,.T.);
#6911=ORIENTED_EDGE('',*,*,#6910,.T.);
#6913=ORIENTED_EDGE('',*,*,#6912,.F.);
#6914=EDGE_LOOP('',(#6907,#6909,#6911,#6913));
#6915=FACE_OUTER_BOUND('',#6914,.F.);
#6916=ADVANCED_FACE('',(#6915),#6906,.F.);
#6917=CARTESIAN_POINT('',(1.977094300761E1,-1.935122102055E1,4.04E2));
#6918=DIRECTION('',(0.E0,0.E0,1.E0));
#6919=DIRECTION('',(5.E-1,8.660254037844E-1,0.E0));
#6920=AXIS2_PLACEMENT_3D('',#6917,#6918,#6919);
#6921=PLANE('',#6920);
#6923=ORIENTED_EDGE('',*,*,#6922,.T.);
#6925=ORIENTED_EDGE('',*,*,#6924,.T.);
#6927=ORIENTED_EDGE('',*,*,#6926,.F.);
#6928=ORIENTED_EDGE('',*,*,#6908,.F.);
#6929=EDGE_LOOP('',(#6923,#6925,#6927,#6928));
#6930=FACE_OUTER_BOUND('',#6929,.F.);
#6931=ADVANCED_FACE('',(#6930),#6921,.T.);
#6932=CARTESIAN_POINT('',(2.791228675973E1,-2.75E0,6.595E2));
#6933=DIRECTION('',(-8.660254037844E-1,5.E-1,0.E0));
#6934=DIRECTION('',(-5.E-1,-8.660254037844E-1,0.E0));
#6935=AXIS2_PLACEMENT_3D('',#6932,#6933,#6934);
#6936=PLANE('',#6935);
#6938=ORIENTED_EDGE('',*,*,#6937,.T.);
#6940=ORIENTED_EDGE('',*,*,#6939,.F.);
#6942=ORIENTED_EDGE('',*,*,#6941,.F.);
#6944=ORIENTED_EDGE('',*,*,#6943,.F.);
#6946=ORIENTED_EDGE('',*,*,#6945,.F.);
#6948=ORIENTED_EDGE('',*,*,#6947,.F.);
#6950=ORIENTED_EDGE('',*,*,#6949,.T.);
#6952=ORIENTED_EDGE('',*,*,#6951,.F.);
#6954=ORIENTED_EDGE('',*,*,#6953,.F.);
#6956=ORIENTED_EDGE('',*,*,#6955,.F.);
#6958=ORIENTED_EDGE('',*,*,#6957,.F.);
#6960=ORIENTED_EDGE('',*,*,#6959,.F.);
#6962=ORIENTED_EDGE('',*,*,#6961,.T.);
#6963=ORIENTED_EDGE('',*,*,#6880,.T.);
#6965=ORIENTED_EDGE('',*,*,#6964,.T.);
#6967=ORIENTED_EDGE('',*,*,#6966,.F.);
#6968=ORIENTED_EDGE('',*,*,#6922,.F.);
#6969=ORIENTED_EDGE('',*,*,#6868,.T.);
#6971=ORIENTED_EDGE('',*,*,#6970,.T.);
#6973=ORIENTED_EDGE('',*,*,#6972,.F.);
#6975=ORIENTED_EDGE('',*,*,#6974,.F.);
#6977=ORIENTED_EDGE('',*,*,#6976,.F.);
#6979=ORIENTED_EDGE('',*,*,#6978,.F.);
#6980=ORIENTED_EDGE('',*,*,#6897,.T.);
#6982=ORIENTED_EDGE('',*,*,#6981,.F.);
#6984=ORIENTED_EDGE('',*,*,#6983,.F.);
#6985=EDGE_LOOP('',(#6938,#6940,#6942,#6944,#6946,#6948,#6950,#6952,#6954,#6956,
#6958,#6960,#6962,#6963,#6965,#6967,#6968,#6969,#6971,#6973,#6975,#6977,#6979,
#6980,#6982,#6984));
#6986=FACE_OUTER_BOUND('',#6985,.F.);
#6987=ADVANCED_FACE('',(#6986),#6936,.T.);
#6988=CARTESIAN_POINT('',(2.814407368558E1,-4.848533267893E0,-5.65E2));
#6989=DIRECTION('',(0.E0,0.E0,-1.E0));
#6990=DIRECTION('',(-5.E-1,-8.660254037844E-1,0.E0));
#6991=AXIS2_PLACEMENT_3D('',#6988,#6989,#6990);
#6992=PLANE('',#6991);
#6994=ORIENTED_EDGE('',*,*,#6993,.F.);
#6995=ORIENTED_EDGE('',*,*,#6937,.F.);
#6997=ORIENTED_EDGE('',*,*,#6996,.T.);
#6999=ORIENTED_EDGE('',*,*,#6998,.T.);
#7000=EDGE_LOOP('',(#6994,#6995,#6997,#6999));
#7001=FACE_OUTER_BOUND('',#7000,.F.);
#7002=ADVANCED_FACE('',(#7001),#6992,.F.);
#7003=CARTESIAN_POINT('',(-4.477736397444E1,3.644266790933E1,-5.64E2));
#7004=DIRECTION('',(8.660254037844E-1,-5.E-1,0.E0));
#7005=DIRECTION('',(-5.E-1,-8.660254037844E-1,0.E0));
#7006=AXIS2_PLACEMENT_3D('',#7003,#7004,#7005);
#7007=CYLINDRICAL_SURFACE('',#7006,1.E0);
#7009=ORIENTED_EDGE('',*,*,#7008,.F.);
#7010=ORIENTED_EDGE('',*,*,#6939,.T.);
#7011=ORIENTED_EDGE('',*,*,#6993,.T.);
#7013=ORIENTED_EDGE('',*,*,#7012,.T.);
#7014=EDGE_LOOP('',(#7009,#7010,#7011,#7013));
#7015=FACE_OUTER_BOUND('',#7014,.F.);
#7016=ADVANCED_FACE('',(#7015),#7007,.F.);
#7017=CARTESIAN_POINT('',(2.729332885670E1,-6.322066535787E0,-5.595E2));
#7018=DIRECTION('',(5.E-1,8.660254037844E-1,0.E0));
#7019=DIRECTION('',(0.E0,0.E0,-1.E0));
#7020=AXIS2_PLACEMENT_3D('',#7017,#7018,#7019);
#7021=PLANE('',#7020);
#7023=ORIENTED_EDGE('',*,*,#7022,.F.);
#7024=ORIENTED_EDGE('',*,*,#6941,.T.);
#7025=ORIENTED_EDGE('',*,*,#7008,.T.);
#7027=ORIENTED_EDGE('',*,*,#7026,.F.);
#7028=EDGE_LOOP('',(#7023,#7024,#7025,#7027));
#7029=FACE_OUTER_BOUND('',#7028,.F.);
#7030=ADVANCED_FACE('',(#7029),#7021,.T.);
#7031=CARTESIAN_POINT('',(-4.477736397444E1,3.644266790933E1,-5.55E2));
#7032=DIRECTION('',(8.660254037844E-1,-5.E-1,0.E0));
#7033=DIRECTION('',(-3.349570658271E-14,-5.801626563667E-14,1.E0));
#7034=AXIS2_PLACEMENT_3D('',#7031,#7032,#7033);
#7035=CYLINDRICAL_SURFACE('',#7034,1.E0);
#7037=ORIENTED_EDGE('',*,*,#7036,.F.);
#7038=ORIENTED_EDGE('',*,*,#6943,.T.);
#7039=ORIENTED_EDGE('',*,*,#7022,.T.);
#7041=ORIENTED_EDGE('',*,*,#7040,.T.);
#7042=EDGE_LOOP('',(#7037,#7038,#7039,#7041));
#7043=FACE_OUTER_BOUND('',#7042,.F.);
#7044=ADVANCED_FACE('',(#7043),#7035,.F.);
#7045=CARTESIAN_POINT('',(2.814407368558E1,-4.848533267893E0,-5.54E2));
#7046=DIRECTION('',(3.340803078155E-14,5.786440669447E-14,-1.E0));
#7047=DIRECTION('',(-5.E-1,-8.660254037844E-1,-6.681606156310E-14));
#7048=AXIS2_PLACEMENT_3D('',#7045,#7046,#7047);
#7049=PLANE('',#7048);
#7050=ORIENTED_EDGE('',*,*,#7036,.T.);
#7052=ORIENTED_EDGE('',*,*,#7051,.F.);
#7054=ORIENTED_EDGE('',*,*,#7053,.F.);
#7055=ORIENTED_EDGE('',*,*,#6945,.T.);
#7056=EDGE_LOOP('',(#7050,#7052,#7054,#7055));
#7057=FACE_OUTER_BOUND('',#7056,.F.);
#7058=ADVANCED_FACE('',(#7057),#7049,.T.);
#7059=CARTESIAN_POINT('',(3.007735026919E1,-4.E0,6.595E2));
#7060=DIRECTION('',(-8.660254037844E-1,5.E-1,0.E0));
#7061=DIRECTION('',(-5.E-1,-8.660254037844E-1,0.E0));
#7062=AXIS2_PLACEMENT_3D('',#7059,#7060,#7061);
#7063=PLANE('',#7062);
#7064=ORIENTED_EDGE('',*,*,#7026,.T.);
#7065=ORIENTED_EDGE('',*,*,#7012,.F.);
#7066=ORIENTED_EDGE('',*,*,#6998,.F.);
#7068=ORIENTED_EDGE('',*,*,#7067,.T.);
#7070=ORIENTED_EDGE('',*,*,#7069,.T.);
#7072=ORIENTED_EDGE('',*,*,#7071,.F.);
#7074=ORIENTED_EDGE('',*,*,#7073,.T.);
#7076=ORIENTED_EDGE('',*,*,#7075,.F.);
#7078=ORIENTED_EDGE('',*,*,#7077,.T.);
#7080=ORIENTED_EDGE('',*,*,#7079,.F.);
#7082=ORIENTED_EDGE('',*,*,#7081,.F.);
#7084=ORIENTED_EDGE('',*,*,#7083,.F.);
#7085=ORIENTED_EDGE('',*,*,#6926,.T.);
#7087=ORIENTED_EDGE('',*,*,#7086,.T.);
#7089=ORIENTED_EDGE('',*,*,#7088,.F.);
#7091=ORIENTED_EDGE('',*,*,#7090,.F.);
#7093=ORIENTED_EDGE('',*,*,#7092,.F.);
#7095=ORIENTED_EDGE('',*,*,#7094,.T.);
#7097=ORIENTED_EDGE('',*,*,#7096,.T.);
#7099=ORIENTED_EDGE('',*,*,#7098,.F.);
#7101=ORIENTED_EDGE('',*,*,#7100,.T.);
#7103=ORIENTED_EDGE('',*,*,#7102,.F.);
#7105=ORIENTED_EDGE('',*,*,#7104,.F.);
#7107=ORIENTED_EDGE('',*,*,#7106,.T.);
#7108=ORIENTED_EDGE('',*,*,#7051,.T.);
#7109=ORIENTED_EDGE('',*,*,#7040,.F.);
#7110=EDGE_LOOP('',(#7064,#7065,#7066,#7068,#7070,#7072,#7074,#7076,#7078,#7080,
#7082,#7084,#7085,#7087,#7089,#7091,#7093,#7095,#7097,#7099,#7101,#7103,#7105,
#7107,#7108,#7109));
#7111=FACE_OUTER_BOUND('',#7110,.F.);
#7112=ADVANCED_FACE('',(#7111),#7063,.F.);
#7113=CARTESIAN_POINT('',(3.267542648054E1,-5.5E0,6.595E2));
#7114=DIRECTION('',(0.E0,0.E0,1.E0));
#7115=DIRECTION('',(1.E0,0.E0,0.E0));
#7116=AXIS2_PLACEMENT_3D('',#7113,#7114,#7115);
#7117=CYLINDRICAL_SURFACE('',#7116,3.E0);
#7119=ORIENTED_EDGE('',*,*,#7118,.F.);
#7121=ORIENTED_EDGE('',*,*,#7120,.T.);
#7123=ORIENTED_EDGE('',*,*,#7122,.T.);
#7124=ORIENTED_EDGE('',*,*,#7067,.F.);
#7125=EDGE_LOOP('',(#7119,#7121,#7123,#7124));
#7126=FACE_OUTER_BOUND('',#7125,.F.);
#7127=ADVANCED_FACE('',(#7126),#7117,.F.);
#7128=CARTESIAN_POINT('',(3.267542648054E1,-5.5E0,6.595E2));
#7129=DIRECTION('',(0.E0,0.E0,1.E0));
#7130=DIRECTION('',(1.E0,0.E0,0.E0));
#7131=AXIS2_PLACEMENT_3D('',#7128,#7129,#7130);
#7132=CYLINDRICAL_SURFACE('',#7131,3.E0);
#7133=ORIENTED_EDGE('',*,*,#7106,.F.);
#7135=ORIENTED_EDGE('',*,*,#7134,.F.);
#7137=ORIENTED_EDGE('',*,*,#7136,.T.);
#7139=ORIENTED_EDGE('',*,*,#7138,.T.);
#7140=EDGE_LOOP('',(#7133,#7135,#7137,#7139));
#7141=FACE_OUTER_BOUND('',#7140,.F.);
#7142=ADVANCED_FACE('',(#7141),#7132,.F.);
#7143=CARTESIAN_POINT('',(3.267542648054E1,-5.5E0,6.595E2));
#7144=DIRECTION('',(0.E0,0.E0,1.E0));
#7145=DIRECTION('',(1.E0,0.E0,0.E0));
#7146=AXIS2_PLACEMENT_3D('',#7143,#7144,#7145);
#7147=CYLINDRICAL_SURFACE('',#7146,3.E0);
#7148=ORIENTED_EDGE('',*,*,#7094,.F.);
#7150=ORIENTED_EDGE('',*,*,#7149,.F.);
#7152=ORIENTED_EDGE('',*,*,#7151,.T.);
#7154=ORIENTED_EDGE('',*,*,#7153,.T.);
#7155=EDGE_LOOP('',(#7148,#7150,#7152,#7154));
#7156=FACE_OUTER_BOUND('',#7155,.F.);
#7157=ADVANCED_FACE('',(#7156),#7147,.F.);
#7158=CARTESIAN_POINT('',(3.007460701341E1,-1.504751458388E0,-5.65E2));
#7159=DIRECTION('',(0.E0,0.E0,-1.E0));
#7160=DIRECTION('',(-5.E-1,-8.660254037844E-1,0.E0));
#7161=AXIS2_PLACEMENT_3D('',#7158,#7159,#7160);
#7162=PLANE('',#7161);
#7164=ORIENTED_EDGE('',*,*,#7163,.F.);
#7166=ORIENTED_EDGE('',*,*,#7165,.T.);
#7167=ORIENTED_EDGE('',*,*,#7118,.T.);
#7168=ORIENTED_EDGE('',*,*,#6996,.F.);
#7169=EDGE_LOOP('',(#7164,#7166,#7167,#7168));
#7170=FACE_OUTER_BOUND('',#7169,.F.);
#7171=ADVANCED_FACE('',(#7170),#7162,.F.);
#7172=CARTESIAN_POINT('',(3.267542648054E1,-5.5E0,6.595E2));
#7173=DIRECTION('',(0.E0,0.E0,1.E0));
#7174=DIRECTION('',(1.E0,0.E0,0.E0));
#7175=AXIS2_PLACEMENT_3D('',#7172,#7173,#7174);
#7176=CYLINDRICAL_SURFACE('',#7175,5.5E0);
#7177=ORIENTED_EDGE('',*,*,#6959,.T.);
#7179=ORIENTED_EDGE('',*,*,#7178,.F.);
#7181=ORIENTED_EDGE('',*,*,#7180,.F.);
#7183=ORIENTED_EDGE('',*,*,#7182,.T.);
#7184=EDGE_LOOP('',(#7177,#7179,#7181,#7183));
#7185=FACE_OUTER_BOUND('',#7184,.F.);
#7186=ADVANCED_FACE('',(#7185),#7176,.T.);
#7187=CARTESIAN_POINT('',(3.267542648054E1,-5.5E0,6.595E2));
#7188=DIRECTION('',(0.E0,0.E0,1.E0));
#7189=DIRECTION('',(1.E0,0.E0,0.E0));
#7190=AXIS2_PLACEMENT_3D('',#7187,#7188,#7189);
#7191=CYLINDRICAL_SURFACE('',#7190,5.5E0);
#7192=ORIENTED_EDGE('',*,*,#6947,.T.);
#7194=ORIENTED_EDGE('',*,*,#7193,.F.);
#7196=ORIENTED_EDGE('',*,*,#7195,.F.);
#7198=ORIENTED_EDGE('',*,*,#7197,.T.);
#7199=EDGE_LOOP('',(#7192,#7194,#7196,#7198));
#7200=FACE_OUTER_BOUND('',#7199,.F.);
#7201=ADVANCED_FACE('',(#7200),#7191,.T.);
#7202=CARTESIAN_POINT('',(3.267542648054E1,-5.5E0,6.595E2));
#7203=DIRECTION('',(0.E0,0.E0,1.E0));
#7204=DIRECTION('',(1.E0,0.E0,0.E0));
#7205=AXIS2_PLACEMENT_3D('',#7202,#7203,#7204);
#7206=CYLINDRICAL_SURFACE('',#7205,5.5E0);
#7207=ORIENTED_EDGE('',*,*,#7163,.T.);
#7208=ORIENTED_EDGE('',*,*,#6983,.T.);
#7210=ORIENTED_EDGE('',*,*,#7209,.F.);
#7212=ORIENTED_EDGE('',*,*,#7211,.F.);
#7213=EDGE_LOOP('',(#7207,#7208,#7210,#7212));
#7214=FACE_OUTER_BOUND('',#7213,.F.);
#7215=ADVANCED_FACE('',(#7214),#7206,.T.);
#7216=CARTESIAN_POINT('',(3.007460701341E1,-1.504751458388E0,5.65E2));
#7217=DIRECTION('',(0.E0,0.E0,-1.E0));
#7218=DIRECTION('',(-5.E-1,-8.660254037844E-1,0.E0));
#7219=AXIS2_PLACEMENT_3D('',#7216,#7217,#7218);
#7220=PLANE('',#7219);
#7221=ORIENTED_EDGE('',*,*,#7178,.T.);
#7223=ORIENTED_EDGE('',*,*,#7222,.T.);
#7224=ORIENTED_EDGE('',*,*,#7153,.F.);
#7226=ORIENTED_EDGE('',*,*,#7225,.F.);
#7227=EDGE_LOOP('',(#7221,#7223,#7224,#7226));
#7228=FACE_OUTER_BOUND('',#7227,.F.);
#7229=ADVANCED_FACE('',(#7228),#7220,.T.);
#7230=CARTESIAN_POINT('',(2.814407368558E1,-4.848533267893E0,5.65E2));
#7231=DIRECTION('',(3.340803078155E-14,5.786440669447E-14,-1.E0));
#7232=DIRECTION('',(-5.E-1,-8.660254037844E-1,-6.681606156310E-14));
#7233=AXIS2_PLACEMENT_3D('',#7230,#7231,#7232);
#7234=PLANE('',#7233);
#7236=ORIENTED_EDGE('',*,*,#7235,.T.);
#7237=ORIENTED_EDGE('',*,*,#7096,.F.);
#7238=ORIENTED_EDGE('',*,*,#7222,.F.);
#7239=ORIENTED_EDGE('',*,*,#6957,.T.);
#7240=EDGE_LOOP('',(#7236,#7237,#7238,#7239));
#7241=FACE_OUTER_BOUND('',#7240,.F.);
#7242=ADVANCED_FACE('',(#7241),#7234,.T.);
#7243=CARTESIAN_POINT('',(-4.477736397444E1,3.644266790933E1,5.64E2));
#7244=DIRECTION('',(8.660254037844E-1,-5.E-1,0.E0));
#7245=DIRECTION('',(-3.349570658271E-14,-5.801626563667E-14,1.E0));
#7246=AXIS2_PLACEMENT_3D('',#7243,#7244,#7245);
#7247=CYLINDRICAL_SURFACE('',#7246,1.E0);
#7248=ORIENTED_EDGE('',*,*,#7235,.F.);
#7249=ORIENTED_EDGE('',*,*,#6955,.T.);
#7251=ORIENTED_EDGE('',*,*,#7250,.T.);
#7252=ORIENTED_EDGE('',*,*,#7098,.T.);
#7253=EDGE_LOOP('',(#7248,#7249,#7251,#7252));
#7254=FACE_OUTER_BOUND('',#7253,.F.);
#7255=ADVANCED_FACE('',(#7254),#7247,.F.);
#7256=CARTESIAN_POINT('',(2.729332885670E1,-6.322066535787E0,5.595E2));
#7257=DIRECTION('',(5.E-1,8.660254037844E-1,0.E0));
#7258=DIRECTION('',(0.E0,0.E0,-1.E0));
#7259=AXIS2_PLACEMENT_3D('',#7256,#7257,#7258);
#7260=PLANE('',#7259);
#7261=ORIENTED_EDGE('',*,*,#7250,.F.);
#7262=ORIENTED_EDGE('',*,*,#6953,.T.);
#7264=ORIENTED_EDGE('',*,*,#7263,.T.);
#7265=ORIENTED_EDGE('',*,*,#7100,.F.);
#7266=EDGE_LOOP('',(#7261,#7262,#7264,#7265));
#7267=FACE_OUTER_BOUND('',#7266,.F.);
#7268=ADVANCED_FACE('',(#7267),#7260,.T.);
#7269=CARTESIAN_POINT('',(-4.477736397444E1,3.644266790933E1,5.55E2));
#7270=DIRECTION('',(8.660254037844E-1,-5.E-1,0.E0));
#7271=DIRECTION('',(-5.E-1,-8.660254037844E-1,0.E0));
#7272=AXIS2_PLACEMENT_3D('',#7269,#7270,#7271);
#7273=CYLINDRICAL_SURFACE('',#7272,1.E0);
#7274=ORIENTED_EDGE('',*,*,#7263,.F.);
#7275=ORIENTED_EDGE('',*,*,#6951,.T.);
#7277=ORIENTED_EDGE('',*,*,#7276,.T.);
#7278=ORIENTED_EDGE('',*,*,#7102,.T.);
#7279=EDGE_LOOP('',(#7274,#7275,#7277,#7278));
#7280=FACE_OUTER_BOUND('',#7279,.F.);
#7281=ADVANCED_FACE('',(#7280),#7273,.F.);
#7282=CARTESIAN_POINT('',(2.814407368558E1,-4.848533267893E0,5.54E2));
#7283=DIRECTION('',(-1.670401539078E-14,-2.893220334724E-14,-1.E0));
#7284=DIRECTION('',(-5.E-1,-8.660254037844E-1,3.340803078155E-14));
#7285=AXIS2_PLACEMENT_3D('',#7282,#7283,#7284);
#7286=PLANE('',#7285);
#7287=ORIENTED_EDGE('',*,*,#7276,.F.);
#7288=ORIENTED_EDGE('',*,*,#6949,.F.);
#7290=ORIENTED_EDGE('',*,*,#7289,.T.);
#7291=ORIENTED_EDGE('',*,*,#7104,.T.);
#7292=EDGE_LOOP('',(#7287,#7288,#7290,#7291));
#7293=FACE_OUTER_BOUND('',#7292,.F.);
#7294=ADVANCED_FACE('',(#7293),#7286,.F.);
#7295=CARTESIAN_POINT('',(3.007460701341E1,-1.504751458388E0,5.54E2));
#7296=DIRECTION('',(0.E0,0.E0,-1.E0));
#7297=DIRECTION('',(-5.E-1,-8.660254037844E-1,0.E0));
#7298=AXIS2_PLACEMENT_3D('',#7295,#7296,#7297);
#7299=PLANE('',#7298);
#7300=ORIENTED_EDGE('',*,*,#7197,.F.);
#7302=ORIENTED_EDGE('',*,*,#7301,.T.);
#7303=ORIENTED_EDGE('',*,*,#7134,.T.);
#7304=ORIENTED_EDGE('',*,*,#7289,.F.);
#7305=EDGE_LOOP('',(#7300,#7302,#7303,#7304));
#7306=FACE_OUTER_BOUND('',#7305,.F.);
#7307=ADVANCED_FACE('',(#7306),#7299,.F.);
#7308=CARTESIAN_POINT('',(3.431435982488E1,-1.25E0,5.54E2));
#7309=DIRECTION('',(-3.468317918911E-14,0.E0,1.E0));
#7310=DIRECTION('',(1.E0,0.E0,3.468317918911E-14));
#7311=AXIS2_PLACEMENT_3D('',#7308,#7309,#7310);
#7312=PLANE('',#7311);
#7314=ORIENTED_EDGE('',*,*,#7313,.T.);
#7316=ORIENTED_EDGE('',*,*,#7315,.F.);
#7317=ORIENTED_EDGE('',*,*,#7301,.F.);
#7319=ORIENTED_EDGE('',*,*,#7318,.T.);
#7320=EDGE_LOOP('',(#7314,#7316,#7317,#7319));
#7321=FACE_OUTER_BOUND('',#7320,.F.);
#7322=ADVANCED_FACE('',(#7321),#7312,.T.);
#7323=CARTESIAN_POINT('',(3.495329316923E1,3.644266790933E1,5.55E2));
#7324=DIRECTION('',(0.E0,-1.E0,0.E0));
#7325=DIRECTION('',(3.552713678801E-14,0.E0,-1.E0));
#7326=AXIS2_PLACEMENT_3D('',#7323,#7324,#7325);
#7327=CYLINDRICAL_SURFACE('',#7326,1.E0);
#7328=ORIENTED_EDGE('',*,*,#7313,.F.);
#7330=ORIENTED_EDGE('',*,*,#7329,.T.);
#7332=ORIENTED_EDGE('',*,*,#7331,.T.);
#7334=ORIENTED_EDGE('',*,*,#7333,.T.);
#7335=EDGE_LOOP('',(#7328,#7330,#7332,#7334));
#7336=FACE_OUTER_BOUND('',#7335,.F.);
#7337=ADVANCED_FACE('',(#7336),#7327,.F.);
#7338=CARTESIAN_POINT('',(6.05E1,-9.947598300641E-14,6.595E2));
#7339=DIRECTION('',(0.E0,1.E0,0.E0));
#7340=DIRECTION('',(-1.E0,0.E0,0.E0));
#7341=AXIS2_PLACEMENT_3D('',#7338,#7339,#7340);
#7342=PLANE('',#7341);
#7344=ORIENTED_EDGE('',*,*,#7343,.F.);
#7346=ORIENTED_EDGE('',*,*,#7345,.F.);
#7348=ORIENTED_EDGE('',*,*,#7347,.F.);
#7350=ORIENTED_EDGE('',*,*,#7349,.T.);
#7351=ORIENTED_EDGE('',*,*,#7180,.T.);
#7353=ORIENTED_EDGE('',*,*,#7352,.T.);
#7355=ORIENTED_EDGE('',*,*,#7354,.F.);
#7357=ORIENTED_EDGE('',*,*,#7356,.F.);
#7358=ORIENTED_EDGE('',*,*,#7329,.F.);
#7359=ORIENTED_EDGE('',*,*,#7318,.F.);
#7360=ORIENTED_EDGE('',*,*,#7195,.T.);
#7362=ORIENTED_EDGE('',*,*,#7361,.T.);
#7364=ORIENTED_EDGE('',*,*,#7363,.F.);
#7366=ORIENTED_EDGE('',*,*,#7365,.F.);
#7368=ORIENTED_EDGE('',*,*,#7367,.F.);
#7370=ORIENTED_EDGE('',*,*,#7369,.F.);
#7371=ORIENTED_EDGE('',*,*,#7211,.T.);
#7373=ORIENTED_EDGE('',*,*,#7372,.F.);
#7374=EDGE_LOOP('',(#7344,#7346,#7348,#7350,#7351,#7353,#7355,#7357,#7358,#7359,
#7360,#7362,#7364,#7366,#7368,#7370,#7371,#7373));
#7375=FACE_OUTER_BOUND('',#7374,.F.);
#7377=ORIENTED_EDGE('',*,*,#7376,.F.);
#7379=ORIENTED_EDGE('',*,*,#7378,.F.);
#7381=ORIENTED_EDGE('',*,*,#7380,.F.);
#7383=ORIENTED_EDGE('',*,*,#7382,.F.);
#7385=ORIENTED_EDGE('',*,*,#7384,.F.);
#7387=ORIENTED_EDGE('',*,*,#7386,.F.);
#7389=ORIENTED_EDGE('',*,*,#7388,.F.);
#7391=ORIENTED_EDGE('',*,*,#7390,.F.);
#7392=EDGE_LOOP('',(#7377,#7379,#7381,#7383,#7385,#7387,#7389,#7391));
#7393=FACE_BOUND('',#7392,.F.);
#7395=ORIENTED_EDGE('',*,*,#7394,.F.);
#7397=ORIENTED_EDGE('',*,*,#7396,.F.);
#7399=ORIENTED_EDGE('',*,*,#7398,.F.);
#7401=ORIENTED_EDGE('',*,*,#7400,.F.);
#7403=ORIENTED_EDGE('',*,*,#7402,.F.);
#7405=ORIENTED_EDGE('',*,*,#7404,.F.);
#7407=ORIENTED_EDGE('',*,*,#7406,.F.);
#7409=ORIENTED_EDGE('',*,*,#7408,.F.);
#7410=EDGE_LOOP('',(#7395,#7397,#7399,#7401,#7403,#7405,#7407,#7409));
#7411=FACE_BOUND('',#7410,.F.);
#7413=ORIENTED_EDGE('',*,*,#7412,.F.);
#7415=ORIENTED_EDGE('',*,*,#7414,.F.);
#7417=ORIENTED_EDGE('',*,*,#7416,.F.);
#7419=ORIENTED_EDGE('',*,*,#7418,.F.);
#7421=ORIENTED_EDGE('',*,*,#7420,.F.);
#7423=ORIENTED_EDGE('',*,*,#7422,.F.);
#7425=ORIENTED_EDGE('',*,*,#7424,.F.);
#7427=ORIENTED_EDGE('',*,*,#7426,.F.);
#7428=EDGE_LOOP('',(#7413,#7415,#7417,#7419,#7421,#7423,#7425,#7427));
#7429=FACE_BOUND('',#7428,.F.);
#7431=ORIENTED_EDGE('',*,*,#7430,.F.);
#7433=ORIENTED_EDGE('',*,*,#7432,.F.);
#7435=ORIENTED_EDGE('',*,*,#7434,.F.);
#7437=ORIENTED_EDGE('',*,*,#7436,.F.);
#7439=ORIENTED_EDGE('',*,*,#7438,.F.);
#7441=ORIENTED_EDGE('',*,*,#7440,.F.);
#7443=ORIENTED_EDGE('',*,*,#7442,.F.);
#7445=ORIENTED_EDGE('',*,*,#7444,.F.);
#7446=EDGE_LOOP('',(#7431,#7433,#7435,#7437,#7439,#7441,#7443,#7445));
#7447=FACE_BOUND('',#7446,.F.);
#7449=ORIENTED_EDGE('',*,*,#7448,.F.);
#7451=ORIENTED_EDGE('',*,*,#7450,.F.);
#7453=ORIENTED_EDGE('',*,*,#7452,.F.);
#7455=ORIENTED_EDGE('',*,*,#7454,.F.);
#7457=ORIENTED_EDGE('',*,*,#7456,.F.);
#7459=ORIENTED_EDGE('',*,*,#7458,.F.);
#7461=ORIENTED_EDGE('',*,*,#7460,.F.);
#7463=ORIENTED_EDGE('',*,*,#7462,.F.);
#7464=EDGE_LOOP('',(#7449,#7451,#7453,#7455,#7457,#7459,#7461,#7463));
#7465=FACE_BOUND('',#7464,.F.);
#7467=ORIENTED_EDGE('',*,*,#7466,.F.);
#7469=ORIENTED_EDGE('',*,*,#7468,.F.);
#7471=ORIENTED_EDGE('',*,*,#7470,.F.);
#7473=ORIENTED_EDGE('',*,*,#7472,.F.);
#7475=ORIENTED_EDGE('',*,*,#7474,.F.);
#7477=ORIENTED_EDGE('',*,*,#7476,.F.);
#7479=ORIENTED_EDGE('',*,*,#7478,.F.);
#7481=ORIENTED_EDGE('',*,*,#7480,.F.);
#7482=EDGE_LOOP('',(#7467,#7469,#7471,#7473,#7475,#7477,#7479,#7481));
#7483=FACE_BOUND('',#7482,.F.);
#7485=ORIENTED_EDGE('',*,*,#7484,.F.);
#7487=ORIENTED_EDGE('',*,*,#7486,.F.);
#7489=ORIENTED_EDGE('',*,*,#7488,.F.);
#7491=ORIENTED_EDGE('',*,*,#7490,.F.);
#7493=ORIENTED_EDGE('',*,*,#7492,.F.);
#7495=ORIENTED_EDGE('',*,*,#7494,.F.);
#7497=ORIENTED_EDGE('',*,*,#7496,.F.);
#7499=ORIENTED_EDGE('',*,*,#7498,.F.);
#7500=EDGE_LOOP('',(#7485,#7487,#7489,#7491,#7493,#7495,#7497,#7499));
#7501=FACE_BOUND('',#7500,.F.);
#7503=ORIENTED_EDGE('',*,*,#7502,.F.);
#7505=ORIENTED_EDGE('',*,*,#7504,.F.);
#7507=ORIENTED_EDGE('',*,*,#7506,.F.);
#7509=ORIENTED_EDGE('',*,*,#7508,.F.);
#7511=ORIENTED_EDGE('',*,*,#7510,.F.);
#7513=ORIENTED_EDGE('',*,*,#7512,.F.);
#7515=ORIENTED_EDGE('',*,*,#7514,.F.);
#7517=ORIENTED_EDGE('',*,*,#7516,.F.);
#7518=EDGE_LOOP('',(#7503,#7505,#7507,#7509,#7511,#7513,#7515,#7517));
#7519=FACE_BOUND('',#7518,.F.);
#7521=ORIENTED_EDGE('',*,*,#7520,.F.);
#7523=ORIENTED_EDGE('',*,*,#7522,.F.);
#7525=ORIENTED_EDGE('',*,*,#7524,.F.);
#7527=ORIENTED_EDGE('',*,*,#7526,.F.);
#7529=ORIENTED_EDGE('',*,*,#7528,.F.);
#7531=ORIENTED_EDGE('',*,*,#7530,.F.);
#7533=ORIENTED_EDGE('',*,*,#7532,.F.);
#7535=ORIENTED_EDGE('',*,*,#7534,.F.);
#7536=EDGE_LOOP('',(#7521,#7523,#7525,#7527,#7529,#7531,#7533,#7535));
#7537=FACE_BOUND('',#7536,.F.);
#7538=ADVANCED_FACE('',(#7375,#7393,#7411,#7429,#7447,#7465,#7483,#7501,#7519,
#7537),#7342,.T.);
#7539=CARTESIAN_POINT('',(4.95E1,-1.25E0,3.1E2));
#7540=DIRECTION('',(-1.E0,0.E0,0.E0));
#7541=DIRECTION('',(0.E0,0.E0,1.E0));
#7542=AXIS2_PLACEMENT_3D('',#7539,#7540,#7541);
#7543=PLANE('',#7542);
#7545=ORIENTED_EDGE('',*,*,#7544,.T.);
#7547=ORIENTED_EDGE('',*,*,#7546,.F.);
#7549=ORIENTED_EDGE('',*,*,#7548,.F.);
#7550=ORIENTED_EDGE('',*,*,#7520,.T.);
#7551=EDGE_LOOP('',(#7545,#7547,#7549,#7550));
#7552=FACE_OUTER_BOUND('',#7551,.F.);
#7553=ADVANCED_FACE('',(#7552),#7543,.T.);
#7554=CARTESIAN_POINT('',(4.85E1,3.644266790933E1,3.145E2));
#7555=DIRECTION('',(0.E0,-1.E0,0.E0));
#7556=DIRECTION('',(1.E0,0.E0,0.E0));
#7557=AXIS2_PLACEMENT_3D('',#7554,#7555,#7556);
#7558=CYLINDRICAL_SURFACE('',#7557,1.E0);
#7559=ORIENTED_EDGE('',*,*,#7544,.F.);
#7560=ORIENTED_EDGE('',*,*,#7534,.T.);
#7562=ORIENTED_EDGE('',*,*,#7561,.T.);
#7564=ORIENTED_EDGE('',*,*,#7563,.T.);
#7565=EDGE_LOOP('',(#7559,#7560,#7562,#7564));
#7566=FACE_OUTER_BOUND('',#7565,.F.);
#7567=ADVANCED_FACE('',(#7566),#7558,.F.);
#7568=CARTESIAN_POINT('',(4.4E1,-1.25E0,3.155E2));
#7569=DIRECTION('',(0.E0,0.E0,-1.E0));
#7570=DIRECTION('',(-1.E0,0.E0,0.E0));
#7571=AXIS2_PLACEMENT_3D('',#7568,#7569,#7570);
#7572=PLANE('',#7571);
#7573=ORIENTED_EDGE('',*,*,#7561,.F.);
#7574=ORIENTED_EDGE('',*,*,#7532,.T.);
#7576=ORIENTED_EDGE('',*,*,#7575,.T.);
#7578=ORIENTED_EDGE('',*,*,#7577,.F.);
#7579=EDGE_LOOP('',(#7573,#7574,#7576,#7578));
#7580=FACE_OUTER_BOUND('',#7579,.F.);
#7581=ADVANCED_FACE('',(#7580),#7572,.T.);
#7582=CARTESIAN_POINT('',(3.95E1,3.644266790933E1,3.145E2));
#7583=DIRECTION('',(0.E0,-1.E0,0.E0));
#7584=DIRECTION('',(0.E0,0.E0,1.E0));
#7585=AXIS2_PLACEMENT_3D('',#7582,#7583,#7584);
#7586=CYLINDRICAL_SURFACE('',#7585,1.E0);
#7587=ORIENTED_EDGE('',*,*,#7575,.F.);
#7588=ORIENTED_EDGE('',*,*,#7530,.T.);
#7590=ORIENTED_EDGE('',*,*,#7589,.T.);
#7592=ORIENTED_EDGE('',*,*,#7591,.T.);
#7593=EDGE_LOOP('',(#7587,#7588,#7590,#7592));
#7594=FACE_OUTER_BOUND('',#7593,.F.);
#7595=ADVANCED_FACE('',(#7594),#7586,.F.);
#7596=CARTESIAN_POINT('',(3.85E1,-1.25E0,3.1E2));
#7597=DIRECTION('',(1.E0,0.E0,0.E0));
#7598=DIRECTION('',(0.E0,0.E0,-1.E0));
#7599=AXIS2_PLACEMENT_3D('',#7596,#7597,#7598);
#7600=PLANE('',#7599);
#7601=ORIENTED_EDGE('',*,*,#7589,.F.);
#7602=ORIENTED_EDGE('',*,*,#7528,.T.);
#7604=ORIENTED_EDGE('',*,*,#7603,.T.);
#7606=ORIENTED_EDGE('',*,*,#7605,.F.);
#7607=EDGE_LOOP('',(#7601,#7602,#7604,#7606));
#7608=FACE_OUTER_BOUND('',#7607,.F.);
#7609=ADVANCED_FACE('',(#7608),#7600,.T.);
#7610=CARTESIAN_POINT('',(3.95E1,3.644266790933E1,3.055E2));
#7611=DIRECTION('',(0.E0,-1.E0,0.E0));
#7612=DIRECTION('',(-1.E0,0.E0,0.E0));
#7613=AXIS2_PLACEMENT_3D('',#7610,#7611,#7612);
#7614=CYLINDRICAL_SURFACE('',#7613,1.E0);
#7615=ORIENTED_EDGE('',*,*,#7603,.F.);
#7616=ORIENTED_EDGE('',*,*,#7526,.T.);
#7618=ORIENTED_EDGE('',*,*,#7617,.T.);
#7620=ORIENTED_EDGE('',*,*,#7619,.T.);
#7621=EDGE_LOOP('',(#7615,#7616,#7618,#7620));
#7622=FACE_OUTER_BOUND('',#7621,.F.);
#7623=ADVANCED_FACE('',(#7622),#7614,.F.);
#7624=CARTESIAN_POINT('',(4.4E1,-1.25E0,3.045E2));
#7625=DIRECTION('',(0.E0,0.E0,1.E0));
#7626=DIRECTION('',(1.E0,0.E0,0.E0));
#7627=AXIS2_PLACEMENT_3D('',#7624,#7625,#7626);
#7628=PLANE('',#7627);
#7629=ORIENTED_EDGE('',*,*,#7617,.F.);
#7630=ORIENTED_EDGE('',*,*,#7524,.T.);
#7632=ORIENTED_EDGE('',*,*,#7631,.T.);
#7634=ORIENTED_EDGE('',*,*,#7633,.F.);
#7635=EDGE_LOOP('',(#7629,#7630,#7632,#7634));
#7636=FACE_OUTER_BOUND('',#7635,.F.);
#7637=ADVANCED_FACE('',(#7636),#7628,.T.);
#7638=CARTESIAN_POINT('',(4.85E1,3.644266790933E1,3.055E2));
#7639=DIRECTION('',(0.E0,-1.E0,0.E0));
#7640=DIRECTION('',(0.E0,0.E0,-1.E0));
#7641=AXIS2_PLACEMENT_3D('',#7638,#7639,#7640);
#7642=CYLINDRICAL_SURFACE('',#7641,1.E0);
#7643=ORIENTED_EDGE('',*,*,#7631,.F.);
#7644=ORIENTED_EDGE('',*,*,#7522,.T.);
#7645=ORIENTED_EDGE('',*,*,#7548,.T.);
#7647=ORIENTED_EDGE('',*,*,#7646,.T.);
#7648=EDGE_LOOP('',(#7643,#7644,#7645,#7647));
#7649=FACE_OUTER_BOUND('',#7648,.F.);
#7650=ADVANCED_FACE('',(#7649),#7642,.F.);
#7651=CARTESIAN_POINT('',(6.05E1,-2.5E0,6.595E2));
#7652=DIRECTION('',(0.E0,1.E0,0.E0));
#7653=DIRECTION('',(-1.E0,0.E0,0.E0));
#7654=AXIS2_PLACEMENT_3D('',#7651,#7652,#7653);
#7655=PLANE('',#7654);
#7657=ORIENTED_EDGE('',*,*,#7656,.F.);
#7659=ORIENTED_EDGE('',*,*,#7658,.T.);
#7660=ORIENTED_EDGE('',*,*,#7120,.F.);
#7662=ORIENTED_EDGE('',*,*,#7661,.T.);
#7664=ORIENTED_EDGE('',*,*,#7663,.F.);
#7666=ORIENTED_EDGE('',*,*,#7665,.T.);
#7668=ORIENTED_EDGE('',*,*,#7667,.F.);
#7670=ORIENTED_EDGE('',*,*,#7669,.F.);
#7671=ORIENTED_EDGE('',*,*,#7136,.F.);
#7672=ORIENTED_EDGE('',*,*,#7315,.T.);
#7673=ORIENTED_EDGE('',*,*,#7333,.F.);
#7675=ORIENTED_EDGE('',*,*,#7674,.T.);
#7677=ORIENTED_EDGE('',*,*,#7676,.F.);
#7679=ORIENTED_EDGE('',*,*,#7678,.F.);
#7680=ORIENTED_EDGE('',*,*,#7151,.F.);
#7682=ORIENTED_EDGE('',*,*,#7681,.F.);
#7684=ORIENTED_EDGE('',*,*,#7683,.F.);
#7686=ORIENTED_EDGE('',*,*,#7685,.T.);
#7687=EDGE_LOOP('',(#7657,#7659,#7660,#7662,#7664,#7666,#7668,#7670,#7671,#7672,
#7673,#7675,#7677,#7679,#7680,#7682,#7684,#7686));
#7688=FACE_OUTER_BOUND('',#7687,.F.);
#7690=ORIENTED_EDGE('',*,*,#7689,.T.);
#7692=ORIENTED_EDGE('',*,*,#7691,.F.);
#7694=ORIENTED_EDGE('',*,*,#7693,.T.);
#7696=ORIENTED_EDGE('',*,*,#7695,.F.);
#7698=ORIENTED_EDGE('',*,*,#7697,.T.);
#7700=ORIENTED_EDGE('',*,*,#7699,.F.);
#7702=ORIENTED_EDGE('',*,*,#7701,.T.);
#7704=ORIENTED_EDGE('',*,*,#7703,.F.);
#7705=EDGE_LOOP('',(#7690,#7692,#7694,#7696,#7698,#7700,#7702,#7704));
#7706=FACE_BOUND('',#7705,.F.);
#7708=ORIENTED_EDGE('',*,*,#7707,.T.);
#7710=ORIENTED_EDGE('',*,*,#7709,.F.);
#7712=ORIENTED_EDGE('',*,*,#7711,.T.);
#7714=ORIENTED_EDGE('',*,*,#7713,.F.);
#7716=ORIENTED_EDGE('',*,*,#7715,.T.);
#7718=ORIENTED_EDGE('',*,*,#7717,.F.);
#7720=ORIENTED_EDGE('',*,*,#7719,.T.);
#7722=ORIENTED_EDGE('',*,*,#7721,.F.);
#7723=EDGE_LOOP('',(#7708,#7710,#7712,#7714,#7716,#7718,#7720,#7722));
#7724=FACE_BOUND('',#7723,.F.);
#7726=ORIENTED_EDGE('',*,*,#7725,.T.);
#7728=ORIENTED_EDGE('',*,*,#7727,.F.);
#7730=ORIENTED_EDGE('',*,*,#7729,.T.);
#7732=ORIENTED_EDGE('',*,*,#7731,.F.);
#7734=ORIENTED_EDGE('',*,*,#7733,.T.);
#7736=ORIENTED_EDGE('',*,*,#7735,.F.);
#7738=ORIENTED_EDGE('',*,*,#7737,.T.);
#7740=ORIENTED_EDGE('',*,*,#7739,.F.);
#7741=EDGE_LOOP('',(#7726,#7728,#7730,#7732,#7734,#7736,#7738,#7740));
#7742=FACE_BOUND('',#7741,.F.);
#7744=ORIENTED_EDGE('',*,*,#7743,.T.);
#7746=ORIENTED_EDGE('',*,*,#7745,.F.);
#7748=ORIENTED_EDGE('',*,*,#7747,.T.);
#7750=ORIENTED_EDGE('',*,*,#7749,.F.);
#7752=ORIENTED_EDGE('',*,*,#7751,.T.);
#7754=ORIENTED_EDGE('',*,*,#7753,.F.);
#7756=ORIENTED_EDGE('',*,*,#7755,.T.);
#7758=ORIENTED_EDGE('',*,*,#7757,.F.);
#7759=EDGE_LOOP('',(#7744,#7746,#7748,#7750,#7752,#7754,#7756,#7758));
#7760=FACE_BOUND('',#7759,.F.);
#7762=ORIENTED_EDGE('',*,*,#7761,.T.);
#7764=ORIENTED_EDGE('',*,*,#7763,.F.);
#7766=ORIENTED_EDGE('',*,*,#7765,.T.);
#7768=ORIENTED_EDGE('',*,*,#7767,.F.);
#7770=ORIENTED_EDGE('',*,*,#7769,.T.);
#7772=ORIENTED_EDGE('',*,*,#7771,.F.);
#7774=ORIENTED_EDGE('',*,*,#7773,.T.);
#7776=ORIENTED_EDGE('',*,*,#7775,.F.);
#7777=EDGE_LOOP('',(#7762,#7764,#7766,#7768,#7770,#7772,#7774,#7776));
#7778=FACE_BOUND('',#7777,.F.);
#7780=ORIENTED_EDGE('',*,*,#7779,.T.);
#7782=ORIENTED_EDGE('',*,*,#7781,.F.);
#7784=ORIENTED_EDGE('',*,*,#7783,.T.);
#7786=ORIENTED_EDGE('',*,*,#7785,.F.);
#7788=ORIENTED_EDGE('',*,*,#7787,.T.);
#7790=ORIENTED_EDGE('',*,*,#7789,.F.);
#7792=ORIENTED_EDGE('',*,*,#7791,.T.);
#7794=ORIENTED_EDGE('',*,*,#7793,.F.);
#7795=EDGE_LOOP('',(#7780,#7782,#7784,#7786,#7788,#7790,#7792,#7794));
#7796=FACE_BOUND('',#7795,.F.);
#7798=ORIENTED_EDGE('',*,*,#7797,.T.);
#7800=ORIENTED_EDGE('',*,*,#7799,.F.);
#7802=ORIENTED_EDGE('',*,*,#7801,.T.);
#7804=ORIENTED_EDGE('',*,*,#7803,.F.);
#7806=ORIENTED_EDGE('',*,*,#7805,.T.);
#7808=ORIENTED_EDGE('',*,*,#7807,.F.);
#7810=ORIENTED_EDGE('',*,*,#7809,.T.);
#7812=ORIENTED_EDGE('',*,*,#7811,.F.);
#7813=EDGE_LOOP('',(#7798,#7800,#7802,#7804,#7806,#7808,#7810,#7812));
#7814=FACE_BOUND('',#7813,.F.);
#7816=ORIENTED_EDGE('',*,*,#7815,.T.);
#7818=ORIENTED_EDGE('',*,*,#7817,.F.);
#7820=ORIENTED_EDGE('',*,*,#7819,.T.);
#7822=ORIENTED_EDGE('',*,*,#7821,.F.);
#7824=ORIENTED_EDGE('',*,*,#7823,.T.);
#7826=ORIENTED_EDGE('',*,*,#7825,.F.);
#7828=ORIENTED_EDGE('',*,*,#7827,.T.);
#7830=ORIENTED_EDGE('',*,*,#7829,.F.);
#7831=EDGE_LOOP('',(#7816,#7818,#7820,#7822,#7824,#7826,#7828,#7830));
#7832=FACE_BOUND('',#7831,.F.);
#7833=ORIENTED_EDGE('',*,*,#7633,.T.);
#7834=ORIENTED_EDGE('',*,*,#7646,.F.);
#7835=ORIENTED_EDGE('',*,*,#7546,.T.);
#7836=ORIENTED_EDGE('',*,*,#7563,.F.);
#7837=ORIENTED_EDGE('',*,*,#7577,.T.);
#7838=ORIENTED_EDGE('',*,*,#7591,.F.);
#7839=ORIENTED_EDGE('',*,*,#7605,.T.);
#7840=ORIENTED_EDGE('',*,*,#7619,.F.);
#7841=EDGE_LOOP('',(#7833,#7834,#7835,#7836,#7837,#7838,#7839,#7840));
#7842=FACE_BOUND('',#7841,.F.);
#7843=ADVANCED_FACE('',(#7688,#7706,#7724,#7742,#7760,#7778,#7796,#7814,#7832,
#7842),#7655,.F.);
#7844=CARTESIAN_POINT('',(4.95E1,-1.25E0,2.395E2));
#7845=DIRECTION('',(-1.E0,0.E0,0.E0));
#7846=DIRECTION('',(0.E0,0.E0,1.E0));
#7847=AXIS2_PLACEMENT_3D('',#7844,#7845,#7846);
#7848=PLANE('',#7847);
#7850=ORIENTED_EDGE('',*,*,#7849,.F.);
#7851=ORIENTED_EDGE('',*,*,#7380,.T.);
#7853=ORIENTED_EDGE('',*,*,#7852,.T.);
#7854=ORIENTED_EDGE('',*,*,#7689,.F.);
#7855=EDGE_LOOP('',(#7850,#7851,#7853,#7854));
#7856=FACE_OUTER_BOUND('',#7855,.F.);
#7857=ADVANCED_FACE('',(#7856),#7848,.T.);
#7858=CARTESIAN_POINT('',(4.85E1,3.644266790933E1,2.35E2));
#7859=DIRECTION('',(0.E0,-1.E0,0.E0));
#7860=DIRECTION('',(0.E0,0.E0,-1.E0));
#7861=AXIS2_PLACEMENT_3D('',#7858,#7859,#7860);
#7862=CYLINDRICAL_SURFACE('',#7861,1.E0);
#7864=ORIENTED_EDGE('',*,*,#7863,.F.);
#7865=ORIENTED_EDGE('',*,*,#7382,.T.);
#7866=ORIENTED_EDGE('',*,*,#7849,.T.);
#7867=ORIENTED_EDGE('',*,*,#7703,.T.);
#7868=EDGE_LOOP('',(#7864,#7865,#7866,#7867));
#7869=FACE_OUTER_BOUND('',#7868,.F.);
#7870=ADVANCED_FACE('',(#7869),#7862,.F.);
#7871=CARTESIAN_POINT('',(4.4E1,-1.25E0,2.34E2));
#7872=DIRECTION('',(0.E0,0.E0,1.E0));
#7873=DIRECTION('',(1.E0,0.E0,0.E0));
#7874=AXIS2_PLACEMENT_3D('',#7871,#7872,#7873);
#7875=PLANE('',#7874);
#7876=ORIENTED_EDGE('',*,*,#7863,.T.);
#7877=ORIENTED_EDGE('',*,*,#7701,.F.);
#7879=ORIENTED_EDGE('',*,*,#7878,.F.);
#7880=ORIENTED_EDGE('',*,*,#7384,.T.);
#7881=EDGE_LOOP('',(#7876,#7877,#7879,#7880));
#7882=FACE_OUTER_BOUND('',#7881,.F.);
#7883=ADVANCED_FACE('',(#7882),#7875,.T.);
#7884=CARTESIAN_POINT('',(3.95E1,3.644266790933E1,2.35E2));
#7885=DIRECTION('',(0.E0,-1.E0,0.E0));
#7886=DIRECTION('',(-1.E0,0.E0,0.E0));
#7887=AXIS2_PLACEMENT_3D('',#7884,#7885,#7886);
#7888=CYLINDRICAL_SURFACE('',#7887,1.E0);
#7890=ORIENTED_EDGE('',*,*,#7889,.F.);
#7891=ORIENTED_EDGE('',*,*,#7386,.T.);
#7892=ORIENTED_EDGE('',*,*,#7878,.T.);
#7893=ORIENTED_EDGE('',*,*,#7699,.T.);
#7894=EDGE_LOOP('',(#7890,#7891,#7892,#7893));
#7895=FACE_OUTER_BOUND('',#7894,.F.);
#7896=ADVANCED_FACE('',(#7895),#7888,.F.);
#7897=CARTESIAN_POINT('',(3.85E1,-1.25E0,2.395E2));
#7898=DIRECTION('',(1.E0,0.E0,0.E0));
#7899=DIRECTION('',(0.E0,0.E0,-1.E0));
#7900=AXIS2_PLACEMENT_3D('',#7897,#7898,#7899);
#7901=PLANE('',#7900);
#7902=ORIENTED_EDGE('',*,*,#7889,.T.);
#7903=ORIENTED_EDGE('',*,*,#7697,.F.);
#7905=ORIENTED_EDGE('',*,*,#7904,.F.);
#7906=ORIENTED_EDGE('',*,*,#7388,.T.);
#7907=EDGE_LOOP('',(#7902,#7903,#7905,#7906));
#7908=FACE_OUTER_BOUND('',#7907,.F.);
#7909=ADVANCED_FACE('',(#7908),#7901,.T.);
#7910=CARTESIAN_POINT('',(3.95E1,3.644266790933E1,2.44E2));
#7911=DIRECTION('',(0.E0,-1.E0,0.E0));
#7912=DIRECTION('',(0.E0,0.E0,1.E0));
#7913=AXIS2_PLACEMENT_3D('',#7910,#7911,#7912);
#7914=CYLINDRICAL_SURFACE('',#7913,1.E0);
#7916=ORIENTED_EDGE('',*,*,#7915,.F.);
#7917=ORIENTED_EDGE('',*,*,#7390,.T.);
#7918=ORIENTED_EDGE('',*,*,#7904,.T.);
#7919=ORIENTED_EDGE('',*,*,#7695,.T.);
#7920=EDGE_LOOP('',(#7916,#7917,#7918,#7919));
#7921=FACE_OUTER_BOUND('',#7920,.F.);
#7922=ADVANCED_FACE('',(#7921),#7914,.F.);
#7923=CARTESIAN_POINT('',(4.4E1,-1.25E0,2.45E2));
#7924=DIRECTION('',(0.E0,0.E0,-1.E0));
#7925=DIRECTION('',(-1.E0,0.E0,0.E0));
#7926=AXIS2_PLACEMENT_3D('',#7923,#7924,#7925);
#7927=PLANE('',#7926);
#7928=ORIENTED_EDGE('',*,*,#7915,.T.);
#7929=ORIENTED_EDGE('',*,*,#7693,.F.);
#7931=ORIENTED_EDGE('',*,*,#7930,.F.);
#7932=ORIENTED_EDGE('',*,*,#7376,.T.);
#7933=EDGE_LOOP('',(#7928,#7929,#7931,#7932));
#7934=FACE_OUTER_BOUND('',#7933,.F.);
#7935=ADVANCED_FACE('',(#7934),#7927,.T.);
#7936=CARTESIAN_POINT('',(4.85E1,3.644266790933E1,2.44E2));
#7937=DIRECTION('',(0.E0,-1.E0,0.E0));
#7938=DIRECTION('',(1.E0,0.E0,0.E0));
#7939=AXIS2_PLACEMENT_3D('',#7936,#7937,#7938);
#7940=CYLINDRICAL_SURFACE('',#7939,1.E0);
#7941=ORIENTED_EDGE('',*,*,#7852,.F.);
#7942=ORIENTED_EDGE('',*,*,#7378,.T.);
#7943=ORIENTED_EDGE('',*,*,#7930,.T.);
#7944=ORIENTED_EDGE('',*,*,#7691,.T.);
#7945=EDGE_LOOP('',(#7941,#7942,#7943,#7944));
#7946=FACE_OUTER_BOUND('',#7945,.F.);
#7947=ADVANCED_FACE('',(#7946),#7940,.F.);
#7948=CARTESIAN_POINT('',(4.95E1,-1.25E0,0.E0));
#7949=DIRECTION('',(-1.E0,0.E0,0.E0));
#7950=DIRECTION('',(0.E0,0.E0,1.E0));
#7951=AXIS2_PLACEMENT_3D('',#7948,#7949,#7950);
#7952=PLANE('',#7951);
#7954=ORIENTED_EDGE('',*,*,#7953,.F.);
#7955=ORIENTED_EDGE('',*,*,#7398,.T.);
#7957=ORIENTED_EDGE('',*,*,#7956,.T.);
#7958=ORIENTED_EDGE('',*,*,#7707,.F.);
#7959=EDGE_LOOP('',(#7954,#7955,#7957,#7958));
#7960=FACE_OUTER_BOUND('',#7959,.F.);
#7961=ADVANCED_FACE('',(#7960),#7952,.T.);
#7962=CARTESIAN_POINT('',(4.85E1,3.644266790933E1,-4.500000000001E0));
#7963=DIRECTION('',(0.E0,-1.E0,0.E0));
#7964=DIRECTION('',(0.E0,0.E0,-1.E0));
#7965=AXIS2_PLACEMENT_3D('',#7962,#7963,#7964);
#7966=CYLINDRICAL_SURFACE('',#7965,1.E0);
#7968=ORIENTED_EDGE('',*,*,#7967,.F.);
#7969=ORIENTED_EDGE('',*,*,#7400,.T.);
#7970=ORIENTED_EDGE('',*,*,#7953,.T.);
#7971=ORIENTED_EDGE('',*,*,#7721,.T.);
#7972=EDGE_LOOP('',(#7968,#7969,#7970,#7971));
#7973=FACE_OUTER_BOUND('',#7972,.F.);
#7974=ADVANCED_FACE('',(#7973),#7966,.F.);
#7975=CARTESIAN_POINT('',(4.4E1,-1.25E0,-5.500000000001E0));
#7976=DIRECTION('',(0.E0,0.E0,1.E0));
#7977=DIRECTION('',(1.E0,0.E0,0.E0));
#7978=AXIS2_PLACEMENT_3D('',#7975,#7976,#7977);
#7979=PLANE('',#7978);
#7980=ORIENTED_EDGE('',*,*,#7967,.T.);
#7981=ORIENTED_EDGE('',*,*,#7719,.F.);
#7983=ORIENTED_EDGE('',*,*,#7982,.F.);
#7984=ORIENTED_EDGE('',*,*,#7402,.T.);
#7985=EDGE_LOOP('',(#7980,#7981,#7983,#7984));
#7986=FACE_OUTER_BOUND('',#7985,.F.);
#7987=ADVANCED_FACE('',(#7986),#7979,.T.);
#7988=CARTESIAN_POINT('',(3.95E1,3.644266790933E1,-4.500000000001E0));
#7989=DIRECTION('',(0.E0,-1.E0,0.E0));
#7990=DIRECTION('',(-1.E0,0.E0,0.E0));
#7991=AXIS2_PLACEMENT_3D('',#7988,#7989,#7990);
#7992=CYLINDRICAL_SURFACE('',#7991,1.E0);
#7994=ORIENTED_EDGE('',*,*,#7993,.F.);
#7995=ORIENTED_EDGE('',*,*,#7404,.T.);
#7996=ORIENTED_EDGE('',*,*,#7982,.T.);
#7997=ORIENTED_EDGE('',*,*,#7717,.T.);
#7998=EDGE_LOOP('',(#7994,#7995,#7996,#7997));
#7999=FACE_OUTER_BOUND('',#7998,.F.);
#8000=ADVANCED_FACE('',(#7999),#7992,.F.);
#8001=CARTESIAN_POINT('',(3.85E1,-1.25E0,0.E0));
#8002=DIRECTION('',(1.E0,0.E0,0.E0));
#8003=DIRECTION('',(0.E0,0.E0,-1.E0));
#8004=AXIS2_PLACEMENT_3D('',#8001,#8002,#8003);
#8005=PLANE('',#8004);
#8006=ORIENTED_EDGE('',*,*,#7993,.T.);
#8007=ORIENTED_EDGE('',*,*,#7715,.F.);
#8009=ORIENTED_EDGE('',*,*,#8008,.F.);
#8010=ORIENTED_EDGE('',*,*,#7406,.T.);
#8011=EDGE_LOOP('',(#8006,#8007,#8009,#8010));
#8012=FACE_OUTER_BOUND('',#8011,.F.);
#8013=ADVANCED_FACE('',(#8012),#8005,.T.);
#8014=CARTESIAN_POINT('',(3.95E1,3.644266790933E1,4.500000000001E0));
#8015=DIRECTION('',(0.E0,-1.E0,0.E0));
#8016=DIRECTION('',(0.E0,0.E0,1.E0));
#8017=AXIS2_PLACEMENT_3D('',#8014,#8015,#8016);
#8018=CYLINDRICAL_SURFACE('',#8017,1.E0);
#8020=ORIENTED_EDGE('',*,*,#8019,.F.);
#8021=ORIENTED_EDGE('',*,*,#7408,.T.);
#8022=ORIENTED_EDGE('',*,*,#8008,.T.);
#8023=ORIENTED_EDGE('',*,*,#7713,.T.);
#8024=EDGE_LOOP('',(#8020,#8021,#8022,#8023));
#8025=FACE_OUTER_BOUND('',#8024,.F.);
#8026=ADVANCED_FACE('',(#8025),#8018,.F.);
#8027=CARTESIAN_POINT('',(4.4E1,-1.25E0,5.500000000001E0));
#8028=DIRECTION('',(0.E0,0.E0,-1.E0));
#8029=DIRECTION('',(-1.E0,0.E0,0.E0));
#8030=AXIS2_PLACEMENT_3D('',#8027,#8028,#8029);
#8031=PLANE('',#8030);
#8032=ORIENTED_EDGE('',*,*,#8019,.T.);
#8033=ORIENTED_EDGE('',*,*,#7711,.F.);
#8035=ORIENTED_EDGE('',*,*,#8034,.F.);
#8036=ORIENTED_EDGE('',*,*,#7394,.T.);
#8037=EDGE_LOOP('',(#8032,#8033,#8035,#8036));
#8038=FACE_OUTER_BOUND('',#8037,.F.);
#8039=ADVANCED_FACE('',(#8038),#8031,.T.);
#8040=CARTESIAN_POINT('',(4.85E1,3.644266790933E1,4.500000000001E0));
#8041=DIRECTION('',(0.E0,-1.E0,0.E0));
#8042=DIRECTION('',(1.E0,0.E0,0.E0));
#8043=AXIS2_PLACEMENT_3D('',#8040,#8041,#8042);
#8044=CYLINDRICAL_SURFACE('',#8043,1.E0);
#8045=ORIENTED_EDGE('',*,*,#7956,.F.);
#8046=ORIENTED_EDGE('',*,*,#7396,.T.);
#8047=ORIENTED_EDGE('',*,*,#8034,.T.);
#8048=ORIENTED_EDGE('',*,*,#7709,.T.);
#8049=EDGE_LOOP('',(#8045,#8046,#8047,#8048));
#8050=FACE_OUTER_BOUND('',#8049,.F.);
#8051=ADVANCED_FACE('',(#8050),#8044,.F.);
#8052=CARTESIAN_POINT('',(4.4E1,-1.25E0,6.145E2));
#8053=DIRECTION('',(0.E0,0.E0,1.E0));
#8054=DIRECTION('',(1.E0,0.E0,0.E0));
#8055=AXIS2_PLACEMENT_3D('',#8052,#8053,#8054);
#8056=PLANE('',#8055);
#8058=ORIENTED_EDGE('',*,*,#8057,.F.);
#8059=ORIENTED_EDGE('',*,*,#7416,.T.);
#8061=ORIENTED_EDGE('',*,*,#8060,.T.);
#8062=ORIENTED_EDGE('',*,*,#7725,.F.);
#8063=EDGE_LOOP('',(#8058,#8059,#8061,#8062));
#8064=FACE_OUTER_BOUND('',#8063,.F.);
#8065=ADVANCED_FACE('',(#8064),#8056,.T.);
#8066=CARTESIAN_POINT('',(3.95E1,3.644266790933E1,6.155E2));
#8067=DIRECTION('',(0.E0,-1.E0,0.E0));
#8068=DIRECTION('',(-1.E0,0.E0,0.E0));
#8069=AXIS2_PLACEMENT_3D('',#8066,#8067,#8068);
#8070=CYLINDRICAL_SURFACE('',#8069,1.E0);
#8072=ORIENTED_EDGE('',*,*,#8071,.F.);
#8073=ORIENTED_EDGE('',*,*,#7418,.T.);
#8074=ORIENTED_EDGE('',*,*,#8057,.T.);
#8075=ORIENTED_EDGE('',*,*,#7739,.T.);
#8076=EDGE_LOOP('',(#8072,#8073,#8074,#8075));
#8077=FACE_OUTER_BOUND('',#8076,.F.);
#8078=ADVANCED_FACE('',(#8077),#8070,.F.);
#8079=CARTESIAN_POINT('',(3.85E1,-1.25E0,6.2E2));
#8080=DIRECTION('',(1.E0,0.E0,0.E0));
#8081=DIRECTION('',(0.E0,0.E0,-1.E0));
#8082=AXIS2_PLACEMENT_3D('',#8079,#8080,#8081);
#8083=PLANE('',#8082);
#8084=ORIENTED_EDGE('',*,*,#8071,.T.);
#8085=ORIENTED_EDGE('',*,*,#7737,.F.);
#8087=ORIENTED_EDGE('',*,*,#8086,.F.);
#8088=ORIENTED_EDGE('',*,*,#7420,.T.);
#8089=EDGE_LOOP('',(#8084,#8085,#8087,#8088));
#8090=FACE_OUTER_BOUND('',#8089,.F.);
#8091=ADVANCED_FACE('',(#8090),#8083,.T.);
#8092=CARTESIAN_POINT('',(3.95E1,3.644266790933E1,6.245E2));
#8093=DIRECTION('',(0.E0,-1.E0,0.E0));
#8094=DIRECTION('',(0.E0,0.E0,1.E0));
#8095=AXIS2_PLACEMENT_3D('',#8092,#8093,#8094);
#8096=CYLINDRICAL_SURFACE('',#8095,1.E0);
#8098=ORIENTED_EDGE('',*,*,#8097,.F.);
#8099=ORIENTED_EDGE('',*,*,#7422,.T.);
#8100=ORIENTED_EDGE('',*,*,#8086,.T.);
#8101=ORIENTED_EDGE('',*,*,#7735,.T.);
#8102=EDGE_LOOP('',(#8098,#8099,#8100,#8101));
#8103=FACE_OUTER_BOUND('',#8102,.F.);
#8104=ADVANCED_FACE('',(#8103),#8096,.F.);
#8105=CARTESIAN_POINT('',(4.4E1,-1.25E0,6.255E2));
#8106=DIRECTION('',(0.E0,0.E0,-1.E0));
#8107=DIRECTION('',(-1.E0,0.E0,0.E0));
#8108=AXIS2_PLACEMENT_3D('',#8105,#8106,#8107);
#8109=PLANE('',#8108);
#8110=ORIENTED_EDGE('',*,*,#8097,.T.);
#8111=ORIENTED_EDGE('',*,*,#7733,.F.);
#8113=ORIENTED_EDGE('',*,*,#8112,.F.);
#8114=ORIENTED_EDGE('',*,*,#7424,.T.);
#8115=EDGE_LOOP('',(#8110,#8111,#8113,#8114));
#8116=FACE_OUTER_BOUND('',#8115,.F.);
#8117=ADVANCED_FACE('',(#8116),#8109,.T.);
#8118=CARTESIAN_POINT('',(4.85E1,3.644266790933E1,6.245E2));
#8119=DIRECTION('',(0.E0,-1.E0,0.E0));
#8120=DIRECTION('',(1.E0,0.E0,0.E0));
#8121=AXIS2_PLACEMENT_3D('',#8118,#8119,#8120);
#8122=CYLINDRICAL_SURFACE('',#8121,1.E0);
#8124=ORIENTED_EDGE('',*,*,#8123,.F.);
#8125=ORIENTED_EDGE('',*,*,#7426,.T.);
#8126=ORIENTED_EDGE('',*,*,#8112,.T.);
#8127=ORIENTED_EDGE('',*,*,#7731,.T.);
#8128=EDGE_LOOP('',(#8124,#8125,#8126,#8127));
#8129=FACE_OUTER_BOUND('',#8128,.F.);
#8130=ADVANCED_FACE('',(#8129),#8122,.F.);
#8131=CARTESIAN_POINT('',(4.95E1,-1.25E0,6.2E2));
#8132=DIRECTION('',(-1.E0,0.E0,0.E0));
#8133=DIRECTION('',(0.E0,0.E0,1.E0));
#8134=AXIS2_PLACEMENT_3D('',#8131,#8132,#8133);
#8135=PLANE('',#8134);
#8136=ORIENTED_EDGE('',*,*,#8123,.T.);
#8137=ORIENTED_EDGE('',*,*,#7729,.F.);
#8139=ORIENTED_EDGE('',*,*,#8138,.F.);
#8140=ORIENTED_EDGE('',*,*,#7412,.T.);
#8141=EDGE_LOOP('',(#8136,#8137,#8139,#8140));
#8142=FACE_OUTER_BOUND('',#8141,.F.);
#8143=ADVANCED_FACE('',(#8142),#8135,.T.);
#8144=CARTESIAN_POINT('',(4.85E1,3.644266790933E1,6.155E2));
#8145=DIRECTION('',(0.E0,-1.E0,0.E0));
#8146=DIRECTION('',(0.E0,0.E0,-1.E0));
#8147=AXIS2_PLACEMENT_3D('',#8144,#8145,#8146);
#8148=CYLINDRICAL_SURFACE('',#8147,1.E0);
#8149=ORIENTED_EDGE('',*,*,#8060,.F.);
#8150=ORIENTED_EDGE('',*,*,#7414,.T.);
#8151=ORIENTED_EDGE('',*,*,#8138,.T.);
#8152=ORIENTED_EDGE('',*,*,#7727,.T.);
#8153=EDGE_LOOP('',(#8149,#8150,#8151,#8152));
#8154=FACE_OUTER_BOUND('',#8153,.F.);
#8155=ADVANCED_FACE('',(#8154),#8148,.F.);
#8156=CARTESIAN_POINT('',(4.4E1,-1.25E0,4.79E2));
#8157=DIRECTION('',(0.E0,0.E0,1.E0));
#8158=DIRECTION('',(1.E0,0.E0,0.E0));
#8159=AXIS2_PLACEMENT_3D('',#8156,#8157,#8158);
#8160=PLANE('',#8159);
#8162=ORIENTED_EDGE('',*,*,#8161,.F.);
#8163=ORIENTED_EDGE('',*,*,#7434,.T.);
#8165=ORIENTED_EDGE('',*,*,#8164,.T.);
#8166=ORIENTED_EDGE('',*,*,#7743,.F.);
#8167=EDGE_LOOP('',(#8162,#8163,#8165,#8166));
#8168=FACE_OUTER_BOUND('',#8167,.F.);
#8169=ADVANCED_FACE('',(#8168),#8160,.T.);
#8170=CARTESIAN_POINT('',(3.95E1,3.644266790933E1,4.8E2));
#8171=DIRECTION('',(0.E0,-1.E0,0.E0));
#8172=DIRECTION('',(-1.E0,0.E0,0.E0));
#8173=AXIS2_PLACEMENT_3D('',#8170,#8171,#8172);
#8174=CYLINDRICAL_SURFACE('',#8173,1.E0);
#8176=ORIENTED_EDGE('',*,*,#8175,.F.);
#8177=ORIENTED_EDGE('',*,*,#7436,.T.);
#8178=ORIENTED_EDGE('',*,*,#8161,.T.);
#8179=ORIENTED_EDGE('',*,*,#7757,.T.);
#8180=EDGE_LOOP('',(#8176,#8177,#8178,#8179));
#8181=FACE_OUTER_BOUND('',#8180,.F.);
#8182=ADVANCED_FACE('',(#8181),#8174,.F.);
#8183=CARTESIAN_POINT('',(3.85E1,-1.25E0,4.845E2));
#8184=DIRECTION('',(1.E0,0.E0,0.E0));
#8185=DIRECTION('',(0.E0,0.E0,-1.E0));
#8186=AXIS2_PLACEMENT_3D('',#8183,#8184,#8185);
#8187=PLANE('',#8186);
#8188=ORIENTED_EDGE('',*,*,#8175,.T.);
#8189=ORIENTED_EDGE('',*,*,#7755,.F.);
#8191=ORIENTED_EDGE('',*,*,#8190,.F.);
#8192=ORIENTED_EDGE('',*,*,#7438,.T.);
#8193=EDGE_LOOP('',(#8188,#8189,#8191,#8192));
#8194=FACE_OUTER_BOUND('',#8193,.F.);
#8195=ADVANCED_FACE('',(#8194),#8187,.T.);
#8196=CARTESIAN_POINT('',(3.95E1,3.644266790933E1,4.89E2));
#8197=DIRECTION('',(0.E0,-1.E0,0.E0));
#8198=DIRECTION('',(0.E0,0.E0,1.E0));
#8199=AXIS2_PLACEMENT_3D('',#8196,#8197,#8198);
#8200=CYLINDRICAL_SURFACE('',#8199,1.E0);
#8202=ORIENTED_EDGE('',*,*,#8201,.F.);
#8203=ORIENTED_EDGE('',*,*,#7440,.T.);
#8204=ORIENTED_EDGE('',*,*,#8190,.T.);
#8205=ORIENTED_EDGE('',*,*,#7753,.T.);
#8206=EDGE_LOOP('',(#8202,#8203,#8204,#8205));
#8207=FACE_OUTER_BOUND('',#8206,.F.);
#8208=ADVANCED_FACE('',(#8207),#8200,.F.);
#8209=CARTESIAN_POINT('',(4.4E1,-1.25E0,4.9E2));
#8210=DIRECTION('',(0.E0,0.E0,-1.E0));
#8211=DIRECTION('',(-1.E0,0.E0,0.E0));
#8212=AXIS2_PLACEMENT_3D('',#8209,#8210,#8211);
#8213=PLANE('',#8212);
#8215=ORIENTED_EDGE('',*,*,#8214,.F.);
#8216=ORIENTED_EDGE('',*,*,#7442,.T.);
#8217=ORIENTED_EDGE('',*,*,#8201,.T.);
#8218=ORIENTED_EDGE('',*,*,#7751,.F.);
#8219=EDGE_LOOP('',(#8215,#8216,#8217,#8218));
#8220=FACE_OUTER_BOUND('',#8219,.F.);
#8221=ADVANCED_FACE('',(#8220),#8213,.T.);
#8222=CARTESIAN_POINT('',(4.85E1,3.644266790933E1,4.89E2));
#8223=DIRECTION('',(0.E0,-1.E0,0.E0));
#8224=DIRECTION('',(1.E0,0.E0,0.E0));
#8225=AXIS2_PLACEMENT_3D('',#8222,#8223,#8224);
#8226=CYLINDRICAL_SURFACE('',#8225,1.E0);
#8228=ORIENTED_EDGE('',*,*,#8227,.F.);
#8229=ORIENTED_EDGE('',*,*,#7444,.T.);
#8230=ORIENTED_EDGE('',*,*,#8214,.T.);
#8231=ORIENTED_EDGE('',*,*,#7749,.T.);
#8232=EDGE_LOOP('',(#8228,#8229,#8230,#8231));
#8233=FACE_OUTER_BOUND('',#8232,.F.);
#8234=ADVANCED_FACE('',(#8233),#8226,.F.);
#8235=CARTESIAN_POINT('',(4.95E1,-1.25E0,4.845E2));
#8236=DIRECTION('',(-1.E0,0.E0,0.E0));
#8237=DIRECTION('',(0.E0,0.E0,1.E0));
#8238=AXIS2_PLACEMENT_3D('',#8235,#8236,#8237);
#8239=PLANE('',#8238);
#8241=ORIENTED_EDGE('',*,*,#8240,.F.);
#8242=ORIENTED_EDGE('',*,*,#7430,.T.);
#8243=ORIENTED_EDGE('',*,*,#8227,.T.);
#8244=ORIENTED_EDGE('',*,*,#7747,.F.);
#8245=EDGE_LOOP('',(#8241,#8242,#8243,#8244));
#8246=FACE_OUTER_BOUND('',#8245,.F.);
#8247=ADVANCED_FACE('',(#8246),#8239,.T.);
#8248=CARTESIAN_POINT('',(4.85E1,3.644266790933E1,4.8E2));
#8249=DIRECTION('',(0.E0,-1.E0,0.E0));
#8250=DIRECTION('',(0.E0,0.E0,-1.E0));
#8251=AXIS2_PLACEMENT_3D('',#8248,#8249,#8250);
#8252=CYLINDRICAL_SURFACE('',#8251,1.E0);
#8253=ORIENTED_EDGE('',*,*,#8164,.F.);
#8254=ORIENTED_EDGE('',*,*,#7432,.T.);
#8255=ORIENTED_EDGE('',*,*,#8240,.T.);
#8256=ORIENTED_EDGE('',*,*,#7745,.T.);
#8257=EDGE_LOOP('',(#8253,#8254,#8255,#8256));
#8258=FACE_OUTER_BOUND('',#8257,.F.);
#8259=ADVANCED_FACE('',(#8258),#8252,.F.);
#8260=CARTESIAN_POINT('',(4.4E1,-1.25E0,-4.9E2));
#8261=DIRECTION('',(0.E0,0.E0,1.E0));
#8262=DIRECTION('',(1.E0,0.E0,0.E0));
#8263=AXIS2_PLACEMENT_3D('',#8260,#8261,#8262);
#8264=PLANE('',#8263);
#8266=ORIENTED_EDGE('',*,*,#8265,.T.);
#8267=ORIENTED_EDGE('',*,*,#7761,.F.);
#8269=ORIENTED_EDGE('',*,*,#8268,.F.);
#8270=ORIENTED_EDGE('',*,*,#7452,.T.);
#8271=EDGE_LOOP('',(#8266,#8267,#8269,#8270));
#8272=FACE_OUTER_BOUND('',#8271,.F.);
#8273=ADVANCED_FACE('',(#8272),#8264,.T.);
#8274=CARTESIAN_POINT('',(4.85E1,3.644266790933E1,-4.89E2));
#8275=DIRECTION('',(0.E0,-1.E0,0.E0));
#8276=DIRECTION('',(0.E0,0.E0,-1.E0));
#8277=AXIS2_PLACEMENT_3D('',#8274,#8275,#8276);
#8278=CYLINDRICAL_SURFACE('',#8277,1.E0);
#8279=ORIENTED_EDGE('',*,*,#8265,.F.);
#8280=ORIENTED_EDGE('',*,*,#7450,.T.);
#8282=ORIENTED_EDGE('',*,*,#8281,.T.);
#8283=ORIENTED_EDGE('',*,*,#7763,.T.);
#8284=EDGE_LOOP('',(#8279,#8280,#8282,#8283));
#8285=FACE_OUTER_BOUND('',#8284,.F.);
#8286=ADVANCED_FACE('',(#8285),#8278,.F.);
#8287=CARTESIAN_POINT('',(4.95E1,-1.25E0,-4.845E2));
#8288=DIRECTION('',(-1.E0,0.E0,0.E0));
#8289=DIRECTION('',(0.E0,0.E0,1.E0));
#8290=AXIS2_PLACEMENT_3D('',#8287,#8288,#8289);
#8291=PLANE('',#8290);
#8293=ORIENTED_EDGE('',*,*,#8292,.T.);
#8294=ORIENTED_EDGE('',*,*,#7765,.F.);
#8295=ORIENTED_EDGE('',*,*,#8281,.F.);
#8296=ORIENTED_EDGE('',*,*,#7448,.T.);
#8297=EDGE_LOOP('',(#8293,#8294,#8295,#8296));
#8298=FACE_OUTER_BOUND('',#8297,.F.);
#8299=ADVANCED_FACE('',(#8298),#8291,.T.);
#8300=CARTESIAN_POINT('',(4.85E1,3.644266790933E1,-4.8E2));
#8301=DIRECTION('',(0.E0,-1.E0,0.E0));
#8302=DIRECTION('',(1.E0,0.E0,0.E0));
#8303=AXIS2_PLACEMENT_3D('',#8300,#8301,#8302);
#8304=CYLINDRICAL_SURFACE('',#8303,1.E0);
#8305=ORIENTED_EDGE('',*,*,#8292,.F.);
#8306=ORIENTED_EDGE('',*,*,#7462,.T.);
#8308=ORIENTED_EDGE('',*,*,#8307,.T.);
#8309=ORIENTED_EDGE('',*,*,#7767,.T.);
#8310=EDGE_LOOP('',(#8305,#8306,#8308,#8309));
#8311=FACE_OUTER_BOUND('',#8310,.F.);
#8312=ADVANCED_FACE('',(#8311),#8304,.F.);
#8313=CARTESIAN_POINT('',(4.4E1,-1.25E0,-4.79E2));
#8314=DIRECTION('',(0.E0,0.E0,-1.E0));
#8315=DIRECTION('',(-1.E0,0.E0,0.E0));
#8316=AXIS2_PLACEMENT_3D('',#8313,#8314,#8315);
#8317=PLANE('',#8316);
#8318=ORIENTED_EDGE('',*,*,#8307,.F.);
#8319=ORIENTED_EDGE('',*,*,#7460,.T.);
#8321=ORIENTED_EDGE('',*,*,#8320,.T.);
#8322=ORIENTED_EDGE('',*,*,#7769,.F.);
#8323=EDGE_LOOP('',(#8318,#8319,#8321,#8322));
#8324=FACE_OUTER_BOUND('',#8323,.F.);
#8325=ADVANCED_FACE('',(#8324),#8317,.T.);
#8326=CARTESIAN_POINT('',(3.95E1,3.644266790933E1,-4.8E2));
#8327=DIRECTION('',(0.E0,-1.E0,0.E0));
#8328=DIRECTION('',(0.E0,0.E0,1.E0));
#8329=AXIS2_PLACEMENT_3D('',#8326,#8327,#8328);
#8330=CYLINDRICAL_SURFACE('',#8329,1.E0);
#8331=ORIENTED_EDGE('',*,*,#8320,.F.);
#8332=ORIENTED_EDGE('',*,*,#7458,.T.);
#8334=ORIENTED_EDGE('',*,*,#8333,.T.);
#8335=ORIENTED_EDGE('',*,*,#7771,.T.);
#8336=EDGE_LOOP('',(#8331,#8332,#8334,#8335));
#8337=FACE_OUTER_BOUND('',#8336,.F.);
#8338=ADVANCED_FACE('',(#8337),#8330,.F.);
#8339=CARTESIAN_POINT('',(3.85E1,-1.25E0,-4.845E2));
#8340=DIRECTION('',(1.E0,0.E0,0.E0));
#8341=DIRECTION('',(0.E0,0.E0,-1.E0));
#8342=AXIS2_PLACEMENT_3D('',#8339,#8340,#8341);
#8343=PLANE('',#8342);
#8344=ORIENTED_EDGE('',*,*,#8333,.F.);
#8345=ORIENTED_EDGE('',*,*,#7456,.T.);
#8347=ORIENTED_EDGE('',*,*,#8346,.T.);
#8348=ORIENTED_EDGE('',*,*,#7773,.F.);
#8349=EDGE_LOOP('',(#8344,#8345,#8347,#8348));
#8350=FACE_OUTER_BOUND('',#8349,.F.);
#8351=ADVANCED_FACE('',(#8350),#8343,.T.);
#8352=CARTESIAN_POINT('',(3.95E1,3.644266790933E1,-4.89E2));
#8353=DIRECTION('',(0.E0,-1.E0,0.E0));
#8354=DIRECTION('',(-1.E0,0.E0,0.E0));
#8355=AXIS2_PLACEMENT_3D('',#8352,#8353,#8354);
#8356=CYLINDRICAL_SURFACE('',#8355,1.E0);
#8357=ORIENTED_EDGE('',*,*,#8346,.F.);
#8358=ORIENTED_EDGE('',*,*,#7454,.T.);
#8359=ORIENTED_EDGE('',*,*,#8268,.T.);
#8360=ORIENTED_EDGE('',*,*,#7775,.T.);
#8361=EDGE_LOOP('',(#8357,#8358,#8359,#8360));
#8362=FACE_OUTER_BOUND('',#8361,.F.);
#8363=ADVANCED_FACE('',(#8362),#8356,.F.);
#8364=CARTESIAN_POINT('',(4.4E1,-1.25E0,-6.255E2));
#8365=DIRECTION('',(0.E0,0.E0,1.E0));
#8366=DIRECTION('',(1.E0,0.E0,0.E0));
#8367=AXIS2_PLACEMENT_3D('',#8364,#8365,#8366);
#8368=PLANE('',#8367);
#8370=ORIENTED_EDGE('',*,*,#8369,.F.);
#8371=ORIENTED_EDGE('',*,*,#7470,.T.);
#8373=ORIENTED_EDGE('',*,*,#8372,.T.);
#8374=ORIENTED_EDGE('',*,*,#7779,.F.);
#8375=EDGE_LOOP('',(#8370,#8371,#8373,#8374));
#8376=FACE_OUTER_BOUND('',#8375,.F.);
#8377=ADVANCED_FACE('',(#8376),#8368,.T.);
#8378=CARTESIAN_POINT('',(3.95E1,3.644266790933E1,-6.245E2));
#8379=DIRECTION('',(0.E0,-1.E0,0.E0));
#8380=DIRECTION('',(-1.E0,0.E0,0.E0));
#8381=AXIS2_PLACEMENT_3D('',#8378,#8379,#8380);
#8382=CYLINDRICAL_SURFACE('',#8381,1.E0);
#8384=ORIENTED_EDGE('',*,*,#8383,.F.);
#8385=ORIENTED_EDGE('',*,*,#7472,.T.);
#8386=ORIENTED_EDGE('',*,*,#8369,.T.);
#8387=ORIENTED_EDGE('',*,*,#7793,.T.);
#8388=EDGE_LOOP('',(#8384,#8385,#8386,#8387));
#8389=FACE_OUTER_BOUND('',#8388,.F.);
#8390=ADVANCED_FACE('',(#8389),#8382,.F.);
#8391=CARTESIAN_POINT('',(3.85E1,-1.25E0,-6.2E2));
#8392=DIRECTION('',(1.E0,0.E0,0.E0));
#8393=DIRECTION('',(0.E0,0.E0,-1.E0));
#8394=AXIS2_PLACEMENT_3D('',#8391,#8392,#8393);
#8395=PLANE('',#8394);
#8396=ORIENTED_EDGE('',*,*,#8383,.T.);
#8397=ORIENTED_EDGE('',*,*,#7791,.F.);
#8399=ORIENTED_EDGE('',*,*,#8398,.F.);
#8400=ORIENTED_EDGE('',*,*,#7474,.T.);
#8401=EDGE_LOOP('',(#8396,#8397,#8399,#8400));
#8402=FACE_OUTER_BOUND('',#8401,.F.);
#8403=ADVANCED_FACE('',(#8402),#8395,.T.);
#8404=CARTESIAN_POINT('',(3.95E1,3.644266790933E1,-6.155E2));
#8405=DIRECTION('',(0.E0,-1.E0,0.E0));
#8406=DIRECTION('',(0.E0,0.E0,1.E0));
#8407=AXIS2_PLACEMENT_3D('',#8404,#8405,#8406);
#8408=CYLINDRICAL_SURFACE('',#8407,1.E0);
#8410=ORIENTED_EDGE('',*,*,#8409,.F.);
#8411=ORIENTED_EDGE('',*,*,#7476,.T.);
#8412=ORIENTED_EDGE('',*,*,#8398,.T.);
#8413=ORIENTED_EDGE('',*,*,#7789,.T.);
#8414=EDGE_LOOP('',(#8410,#8411,#8412,#8413));
#8415=FACE_OUTER_BOUND('',#8414,.F.);
#8416=ADVANCED_FACE('',(#8415),#8408,.F.);
#8417=CARTESIAN_POINT('',(4.4E1,-1.25E0,-6.145E2));
#8418=DIRECTION('',(0.E0,0.E0,-1.E0));
#8419=DIRECTION('',(-1.E0,0.E0,0.E0));
#8420=AXIS2_PLACEMENT_3D('',#8417,#8418,#8419);
#8421=PLANE('',#8420);
#8422=ORIENTED_EDGE('',*,*,#8409,.T.);
#8423=ORIENTED_EDGE('',*,*,#7787,.F.);
#8425=ORIENTED_EDGE('',*,*,#8424,.F.);
#8426=ORIENTED_EDGE('',*,*,#7478,.T.);
#8427=EDGE_LOOP('',(#8422,#8423,#8425,#8426));
#8428=FACE_OUTER_BOUND('',#8427,.F.);
#8429=ADVANCED_FACE('',(#8428),#8421,.T.);
#8430=CARTESIAN_POINT('',(4.85E1,3.644266790933E1,-6.155E2));
#8431=DIRECTION('',(0.E0,-1.E0,0.E0));
#8432=DIRECTION('',(1.E0,0.E0,0.E0));
#8433=AXIS2_PLACEMENT_3D('',#8430,#8431,#8432);
#8434=CYLINDRICAL_SURFACE('',#8433,1.E0);
#8436=ORIENTED_EDGE('',*,*,#8435,.F.);
#8437=ORIENTED_EDGE('',*,*,#7480,.T.);
#8438=ORIENTED_EDGE('',*,*,#8424,.T.);
#8439=ORIENTED_EDGE('',*,*,#7785,.T.);
#8440=EDGE_LOOP('',(#8436,#8437,#8438,#8439));
#8441=FACE_OUTER_BOUND('',#8440,.F.);
#8442=ADVANCED_FACE('',(#8441),#8434,.F.);
#8443=CARTESIAN_POINT('',(4.95E1,-1.25E0,-6.2E2));
#8444=DIRECTION('',(-1.E0,0.E0,0.E0));
#8445=DIRECTION('',(0.E0,0.E0,1.E0));
#8446=AXIS2_PLACEMENT_3D('',#8443,#8444,#8445);
#8447=PLANE('',#8446);
#8448=ORIENTED_EDGE('',*,*,#8435,.T.);
#8449=ORIENTED_EDGE('',*,*,#7783,.F.);
#8451=ORIENTED_EDGE('',*,*,#8450,.F.);
#8452=ORIENTED_EDGE('',*,*,#7466,.T.);
#8453=EDGE_LOOP('',(#8448,#8449,#8451,#8452));
#8454=FACE_OUTER_BOUND('',#8453,.F.);
#8455=ADVANCED_FACE('',(#8454),#8447,.T.);
#8456=CARTESIAN_POINT('',(4.85E1,3.644266790933E1,-6.245E2));
#8457=DIRECTION('',(0.E0,-1.E0,0.E0));
#8458=DIRECTION('',(0.E0,0.E0,-1.E0));
#8459=AXIS2_PLACEMENT_3D('',#8456,#8457,#8458);
#8460=CYLINDRICAL_SURFACE('',#8459,1.E0);
#8461=ORIENTED_EDGE('',*,*,#8372,.F.);
#8462=ORIENTED_EDGE('',*,*,#7468,.T.);
#8463=ORIENTED_EDGE('',*,*,#8450,.T.);
#8464=ORIENTED_EDGE('',*,*,#7781,.T.);
#8465=EDGE_LOOP('',(#8461,#8462,#8463,#8464));
#8466=FACE_OUTER_BOUND('',#8465,.F.);
#8467=ADVANCED_FACE('',(#8466),#8460,.F.);
#8468=CARTESIAN_POINT('',(4.95E1,-1.25E0,-2.395E2));
#8469=DIRECTION('',(-1.E0,0.E0,0.E0));
#8470=DIRECTION('',(0.E0,0.E0,1.E0));
#8471=AXIS2_PLACEMENT_3D('',#8468,#8469,#8470);
#8472=PLANE('',#8471);
#8474=ORIENTED_EDGE('',*,*,#8473,.F.);
#8475=ORIENTED_EDGE('',*,*,#7488,.T.);
#8477=ORIENTED_EDGE('',*,*,#8476,.T.);
#8478=ORIENTED_EDGE('',*,*,#7797,.F.);
#8479=EDGE_LOOP('',(#8474,#8475,#8477,#8478));
#8480=FACE_OUTER_BOUND('',#8479,.F.);
#8481=ADVANCED_FACE('',(#8480),#8472,.T.);
#8482=CARTESIAN_POINT('',(4.85E1,3.644266790933E1,-2.44E2));
#8483=DIRECTION('',(0.E0,-1.E0,0.E0));
#8484=DIRECTION('',(0.E0,0.E0,-1.E0));
#8485=AXIS2_PLACEMENT_3D('',#8482,#8483,#8484);
#8486=CYLINDRICAL_SURFACE('',#8485,1.E0);
#8488=ORIENTED_EDGE('',*,*,#8487,.F.);
#8489=ORIENTED_EDGE('',*,*,#7490,.T.);
#8490=ORIENTED_EDGE('',*,*,#8473,.T.);
#8491=ORIENTED_EDGE('',*,*,#7811,.T.);
#8492=EDGE_LOOP('',(#8488,#8489,#8490,#8491));
#8493=FACE_OUTER_BOUND('',#8492,.F.);
#8494=ADVANCED_FACE('',(#8493),#8486,.F.);
#8495=CARTESIAN_POINT('',(4.4E1,-1.25E0,-2.45E2));
#8496=DIRECTION('',(0.E0,0.E0,1.E0));
#8497=DIRECTION('',(1.E0,0.E0,0.E0));
#8498=AXIS2_PLACEMENT_3D('',#8495,#8496,#8497);
#8499=PLANE('',#8498);
#8500=ORIENTED_EDGE('',*,*,#8487,.T.);
#8501=ORIENTED_EDGE('',*,*,#7809,.F.);
#8503=ORIENTED_EDGE('',*,*,#8502,.F.);
#8504=ORIENTED_EDGE('',*,*,#7492,.T.);
#8505=EDGE_LOOP('',(#8500,#8501,#8503,#8504));
#8506=FACE_OUTER_BOUND('',#8505,.F.);
#8507=ADVANCED_FACE('',(#8506),#8499,.T.);
#8508=CARTESIAN_POINT('',(3.95E1,3.644266790933E1,-2.44E2));
#8509=DIRECTION('',(0.E0,-1.E0,0.E0));
#8510=DIRECTION('',(-1.E0,0.E0,0.E0));
#8511=AXIS2_PLACEMENT_3D('',#8508,#8509,#8510);
#8512=CYLINDRICAL_SURFACE('',#8511,1.E0);
#8514=ORIENTED_EDGE('',*,*,#8513,.F.);
#8515=ORIENTED_EDGE('',*,*,#7494,.T.);
#8516=ORIENTED_EDGE('',*,*,#8502,.T.);
#8517=ORIENTED_EDGE('',*,*,#7807,.T.);
#8518=EDGE_LOOP('',(#8514,#8515,#8516,#8517));
#8519=FACE_OUTER_BOUND('',#8518,.F.);
#8520=ADVANCED_FACE('',(#8519),#8512,.F.);
#8521=CARTESIAN_POINT('',(3.85E1,-1.25E0,-2.395E2));
#8522=DIRECTION('',(1.E0,0.E0,0.E0));
#8523=DIRECTION('',(0.E0,0.E0,-1.E0));
#8524=AXIS2_PLACEMENT_3D('',#8521,#8522,#8523);
#8525=PLANE('',#8524);
#8526=ORIENTED_EDGE('',*,*,#8513,.T.);
#8527=ORIENTED_EDGE('',*,*,#7805,.F.);
#8529=ORIENTED_EDGE('',*,*,#8528,.F.);
#8530=ORIENTED_EDGE('',*,*,#7496,.T.);
#8531=EDGE_LOOP('',(#8526,#8527,#8529,#8530));
#8532=FACE_OUTER_BOUND('',#8531,.F.);
#8533=ADVANCED_FACE('',(#8532),#8525,.T.);
#8534=CARTESIAN_POINT('',(3.95E1,3.644266790933E1,-2.35E2));
#8535=DIRECTION('',(0.E0,-1.E0,0.E0));
#8536=DIRECTION('',(0.E0,0.E0,1.E0));
#8537=AXIS2_PLACEMENT_3D('',#8534,#8535,#8536);
#8538=CYLINDRICAL_SURFACE('',#8537,1.E0);
#8540=ORIENTED_EDGE('',*,*,#8539,.F.);
#8541=ORIENTED_EDGE('',*,*,#7498,.T.);
#8542=ORIENTED_EDGE('',*,*,#8528,.T.);
#8543=ORIENTED_EDGE('',*,*,#7803,.T.);
#8544=EDGE_LOOP('',(#8540,#8541,#8542,#8543));
#8545=FACE_OUTER_BOUND('',#8544,.F.);
#8546=ADVANCED_FACE('',(#8545),#8538,.F.);
#8547=CARTESIAN_POINT('',(4.4E1,-1.25E0,-2.34E2));
#8548=DIRECTION('',(0.E0,0.E0,-1.E0));
#8549=DIRECTION('',(-1.E0,0.E0,0.E0));
#8550=AXIS2_PLACEMENT_3D('',#8547,#8548,#8549);
#8551=PLANE('',#8550);
#8552=ORIENTED_EDGE('',*,*,#8539,.T.);
#8553=ORIENTED_EDGE('',*,*,#7801,.F.);
#8555=ORIENTED_EDGE('',*,*,#8554,.F.);
#8556=ORIENTED_EDGE('',*,*,#7484,.T.);
#8557=EDGE_LOOP('',(#8552,#8553,#8555,#8556));
#8558=FACE_OUTER_BOUND('',#8557,.F.);
#8559=ADVANCED_FACE('',(#8558),#8551,.T.);
#8560=CARTESIAN_POINT('',(4.85E1,3.644266790933E1,-2.35E2));
#8561=DIRECTION('',(0.E0,-1.E0,0.E0));
#8562=DIRECTION('',(1.E0,0.E0,0.E0));
#8563=AXIS2_PLACEMENT_3D('',#8560,#8561,#8562);
#8564=CYLINDRICAL_SURFACE('',#8563,1.E0);
#8565=ORIENTED_EDGE('',*,*,#8476,.F.);
#8566=ORIENTED_EDGE('',*,*,#7486,.T.);
#8567=ORIENTED_EDGE('',*,*,#8554,.T.);
#8568=ORIENTED_EDGE('',*,*,#7799,.T.);
#8569=EDGE_LOOP('',(#8565,#8566,#8567,#8568));
#8570=FACE_OUTER_BOUND('',#8569,.F.);
#8571=ADVANCED_FACE('',(#8570),#8564,.F.);
#8572=CARTESIAN_POINT('',(4.95E1,-1.25E0,-3.1E2));
#8573=DIRECTION('',(-1.E0,0.E0,0.E0));
#8574=DIRECTION('',(0.E0,0.E0,1.E0));
#8575=AXIS2_PLACEMENT_3D('',#8572,#8573,#8574);
#8576=PLANE('',#8575);
#8578=ORIENTED_EDGE('',*,*,#8577,.F.);
#8579=ORIENTED_EDGE('',*,*,#7506,.T.);
#8581=ORIENTED_EDGE('',*,*,#8580,.T.);
#8582=ORIENTED_EDGE('',*,*,#7815,.F.);
#8583=EDGE_LOOP('',(#8578,#8579,#8581,#8582));
#8584=FACE_OUTER_BOUND('',#8583,.F.);
#8585=ADVANCED_FACE('',(#8584),#8576,.T.);
#8586=CARTESIAN_POINT('',(4.85E1,3.644266790933E1,-3.145E2));
#8587=DIRECTION('',(0.E0,-1.E0,0.E0));
#8588=DIRECTION('',(0.E0,0.E0,-1.E0));
#8589=AXIS2_PLACEMENT_3D('',#8586,#8587,#8588);
#8590=CYLINDRICAL_SURFACE('',#8589,1.E0);
#8592=ORIENTED_EDGE('',*,*,#8591,.F.);
#8593=ORIENTED_EDGE('',*,*,#7508,.T.);
#8594=ORIENTED_EDGE('',*,*,#8577,.T.);
#8595=ORIENTED_EDGE('',*,*,#7829,.T.);
#8596=EDGE_LOOP('',(#8592,#8593,#8594,#8595));
#8597=FACE_OUTER_BOUND('',#8596,.F.);
#8598=ADVANCED_FACE('',(#8597),#8590,.F.);
#8599=CARTESIAN_POINT('',(4.4E1,-1.25E0,-3.155E2));
#8600=DIRECTION('',(0.E0,0.E0,1.E0));
#8601=DIRECTION('',(1.E0,0.E0,0.E0));
#8602=AXIS2_PLACEMENT_3D('',#8599,#8600,#8601);
#8603=PLANE('',#8602);
#8604=ORIENTED_EDGE('',*,*,#8591,.T.);
#8605=ORIENTED_EDGE('',*,*,#7827,.F.);
#8607=ORIENTED_EDGE('',*,*,#8606,.F.);
#8608=ORIENTED_EDGE('',*,*,#7510,.T.);
#8609=EDGE_LOOP('',(#8604,#8605,#8607,#8608));
#8610=FACE_OUTER_BOUND('',#8609,.F.);
#8611=ADVANCED_FACE('',(#8610),#8603,.T.);
#8612=CARTESIAN_POINT('',(3.95E1,3.644266790933E1,-3.145E2));
#8613=DIRECTION('',(0.E0,-1.E0,0.E0));
#8614=DIRECTION('',(-1.E0,0.E0,0.E0));
#8615=AXIS2_PLACEMENT_3D('',#8612,#8613,#8614);
#8616=CYLINDRICAL_SURFACE('',#8615,1.E0);
#8618=ORIENTED_EDGE('',*,*,#8617,.F.);
#8619=ORIENTED_EDGE('',*,*,#7512,.T.);
#8620=ORIENTED_EDGE('',*,*,#8606,.T.);
#8621=ORIENTED_EDGE('',*,*,#7825,.T.);
#8622=EDGE_LOOP('',(#8618,#8619,#8620,#8621));
#8623=FACE_OUTER_BOUND('',#8622,.F.);
#8624=ADVANCED_FACE('',(#8623),#8616,.F.);
#8625=CARTESIAN_POINT('',(3.85E1,-1.25E0,-3.1E2));
#8626=DIRECTION('',(1.E0,0.E0,0.E0));
#8627=DIRECTION('',(0.E0,0.E0,-1.E0));
#8628=AXIS2_PLACEMENT_3D('',#8625,#8626,#8627);
#8629=PLANE('',#8628);
#8630=ORIENTED_EDGE('',*,*,#8617,.T.);
#8631=ORIENTED_EDGE('',*,*,#7823,.F.);
#8633=ORIENTED_EDGE('',*,*,#8632,.F.);
#8634=ORIENTED_EDGE('',*,*,#7514,.T.);
#8635=EDGE_LOOP('',(#8630,#8631,#8633,#8634));
#8636=FACE_OUTER_BOUND('',#8635,.F.);
#8637=ADVANCED_FACE('',(#8636),#8629,.T.);
#8638=CARTESIAN_POINT('',(3.95E1,3.644266790933E1,-3.055E2));
#8639=DIRECTION('',(0.E0,-1.E0,0.E0));
#8640=DIRECTION('',(0.E0,0.E0,1.E0));
#8641=AXIS2_PLACEMENT_3D('',#8638,#8639,#8640);
#8642=CYLINDRICAL_SURFACE('',#8641,1.E0);
#8644=ORIENTED_EDGE('',*,*,#8643,.F.);
#8645=ORIENTED_EDGE('',*,*,#7516,.T.);
#8646=ORIENTED_EDGE('',*,*,#8632,.T.);
#8647=ORIENTED_EDGE('',*,*,#7821,.T.);
#8648=EDGE_LOOP('',(#8644,#8645,#8646,#8647));
#8649=FACE_OUTER_BOUND('',#8648,.F.);
#8650=ADVANCED_FACE('',(#8649),#8642,.F.);
#8651=CARTESIAN_POINT('',(4.4E1,-1.25E0,-3.045E2));
#8652=DIRECTION('',(0.E0,0.E0,-1.E0));
#8653=DIRECTION('',(-1.E0,0.E0,0.E0));
#8654=AXIS2_PLACEMENT_3D('',#8651,#8652,#8653);
#8655=PLANE('',#8654);
#8656=ORIENTED_EDGE('',*,*,#8643,.T.);
#8657=ORIENTED_EDGE('',*,*,#7819,.F.);
#8659=ORIENTED_EDGE('',*,*,#8658,.F.);
#8660=ORIENTED_EDGE('',*,*,#7502,.T.);
#8661=EDGE_LOOP('',(#8656,#8657,#8659,#8660));
#8662=FACE_OUTER_BOUND('',#8661,.F.);
#8663=ADVANCED_FACE('',(#8662),#8655,.T.);
#8664=CARTESIAN_POINT('',(4.85E1,3.644266790933E1,-3.055E2));
#8665=DIRECTION('',(0.E0,-1.E0,0.E0));
#8666=DIRECTION('',(1.E0,0.E0,0.E0));
#8667=AXIS2_PLACEMENT_3D('',#8664,#8665,#8666);
#8668=CYLINDRICAL_SURFACE('',#8667,1.E0);
#8669=ORIENTED_EDGE('',*,*,#8580,.F.);
#8670=ORIENTED_EDGE('',*,*,#7504,.T.);
#8671=ORIENTED_EDGE('',*,*,#8658,.T.);
#8672=ORIENTED_EDGE('',*,*,#7817,.T.);
#8673=EDGE_LOOP('',(#8669,#8670,#8671,#8672));
#8674=FACE_OUTER_BOUND('',#8673,.F.);
#8675=ADVANCED_FACE('',(#8674),#8668,.F.);
#8676=CARTESIAN_POINT('',(5.95E1,-6.059330300395E1,-6.585E2));
#8677=DIRECTION('',(0.E0,1.E0,0.E0));
#8678=DIRECTION('',(1.E0,0.E0,0.E0));
#8679=AXIS2_PLACEMENT_3D('',#8676,#8677,#8678);
#8680=CYLINDRICAL_SURFACE('',#8679,1.E0);
#8681=ORIENTED_EDGE('',*,*,#7343,.T.);
#8683=ORIENTED_EDGE('',*,*,#8682,.F.);
#8684=ORIENTED_EDGE('',*,*,#7656,.T.);
#8686=ORIENTED_EDGE('',*,*,#8685,.T.);
#8687=EDGE_LOOP('',(#8681,#8683,#8684,#8686));
#8688=FACE_OUTER_BOUND('',#8687,.F.);
#8689=ADVANCED_FACE('',(#8688),#8680,.T.);
#8690=CARTESIAN_POINT('',(4.658771324027E1,-1.25E0,-6.595E2));
#8691=DIRECTION('',(0.E0,0.E0,-1.E0));
#8692=DIRECTION('',(-1.E0,0.E0,0.E0));
#8693=AXIS2_PLACEMENT_3D('',#8690,#8691,#8692);
#8694=PLANE('',#8693);
#8695=ORIENTED_EDGE('',*,*,#8682,.T.);
#8696=ORIENTED_EDGE('',*,*,#7372,.T.);
#8698=ORIENTED_EDGE('',*,*,#8697,.T.);
#8699=ORIENTED_EDGE('',*,*,#7658,.F.);
#8700=EDGE_LOOP('',(#8695,#8696,#8698,#8699));
#8701=FACE_OUTER_BOUND('',#8700,.F.);
#8702=ADVANCED_FACE('',(#8701),#8694,.T.);
#8703=CARTESIAN_POINT('',(3.055042648054E1,-1.819392033916E0,-6.595E2));
#8704=DIRECTION('',(0.E0,0.E0,-1.E0));
#8705=DIRECTION('',(-1.E0,0.E0,0.E0));
#8706=AXIS2_PLACEMENT_3D('',#8703,#8704,#8705);
#8707=PLANE('',#8706);
#8708=ORIENTED_EDGE('',*,*,#7209,.T.);
#8710=ORIENTED_EDGE('',*,*,#8709,.T.);
#8711=ORIENTED_EDGE('',*,*,#7122,.F.);
#8712=ORIENTED_EDGE('',*,*,#8697,.F.);
#8713=EDGE_LOOP('',(#8708,#8710,#8711,#8712));
#8714=FACE_OUTER_BOUND('',#8713,.F.);
#8715=ADVANCED_FACE('',(#8714),#8707,.T.);
#8716=CARTESIAN_POINT('',(2.397168783649E1,-1.207531754731E1,-6.595E2));
#8717=DIRECTION('',(0.E0,0.E0,-1.E0));
#8718=DIRECTION('',(-5.E-1,-8.660254037844E-1,0.E0));
#8719=AXIS2_PLACEMENT_3D('',#8716,#8717,#8718);
#8720=PLANE('',#8719);
#8721=ORIENTED_EDGE('',*,*,#6981,.T.);
#8723=ORIENTED_EDGE('',*,*,#8722,.T.);
#8724=ORIENTED_EDGE('',*,*,#7069,.F.);
#8725=ORIENTED_EDGE('',*,*,#8709,.F.);
#8726=EDGE_LOOP('',(#8721,#8723,#8724,#8725));
#8727=FACE_OUTER_BOUND('',#8726,.F.);
#8728=ADVANCED_FACE('',(#8727),#8720,.T.);
#8729=CARTESIAN_POINT('',(1.739294919243E1,-2.233124306069E1,-6.595E2));
#8730=DIRECTION('',(0.E0,0.E0,-1.E0));
#8731=DIRECTION('',(-5.E-1,-8.660254037844E-1,0.E0));
#8732=AXIS2_PLACEMENT_3D('',#8729,#8730,#8731);
#8733=PLANE('',#8732);
#8734=ORIENTED_EDGE('',*,*,#6895,.T.);
#8736=ORIENTED_EDGE('',*,*,#8735,.T.);
#8738=ORIENTED_EDGE('',*,*,#8737,.F.);
#8739=ORIENTED_EDGE('',*,*,#8722,.F.);
#8740=EDGE_LOOP('',(#8734,#8736,#8738,#8739));
#8741=FACE_OUTER_BOUND('',#8740,.F.);
#8742=ADVANCED_FACE('',(#8741),#8733,.T.);
#8743=CARTESIAN_POINT('',(0.E0,-2.290063509461E1,-6.595E2));
#8744=DIRECTION('',(0.E0,0.E0,-1.E0));
#8745=DIRECTION('',(-1.E0,0.E0,0.E0));
#8746=AXIS2_PLACEMENT_3D('',#8743,#8744,#8745);
#8747=PLANE('',#8746);
#8748=ORIENTED_EDGE('',*,*,#6708,.T.);
#8750=ORIENTED_EDGE('',*,*,#8749,.T.);
#8751=ORIENTED_EDGE('',*,*,#6776,.F.);
#8752=ORIENTED_EDGE('',*,*,#8735,.F.);
#8753=EDGE_LOOP('',(#8748,#8750,#8751,#8752));
#8754=FACE_OUTER_BOUND('',#8753,.F.);
#8755=ADVANCED_FACE('',(#8754),#8747,.T.);
#8756=CARTESIAN_POINT('',(-1.739294919243E1,-2.233124306069E1,-6.595E2));
#8757=DIRECTION('',(0.E0,0.E0,-1.E0));
#8758=DIRECTION('',(-1.E0,0.E0,0.E0));
#8759=AXIS2_PLACEMENT_3D('',#8756,#8757,#8758);
#8760=PLANE('',#8759);
#8761=ORIENTED_EDGE('',*,*,#6583,.T.);
#8763=ORIENTED_EDGE('',*,*,#8762,.T.);
#8765=ORIENTED_EDGE('',*,*,#8764,.F.);
#8766=ORIENTED_EDGE('',*,*,#8749,.F.);
#8767=EDGE_LOOP('',(#8761,#8763,#8765,#8766));
#8768=FACE_OUTER_BOUND('',#8767,.F.);
#8769=ADVANCED_FACE('',(#8768),#8760,.T.);
#8770=CARTESIAN_POINT('',(-2.397168783649E1,-1.207531754731E1,-6.595E2));
#8771=DIRECTION('',(0.E0,0.E0,-1.E0));
#8772=DIRECTION('',(-5.E-1,8.660254037844E-1,0.E0));
#8773=AXIS2_PLACEMENT_3D('',#8770,#8771,#8772);
#8774=PLANE('',#8773);
#8775=ORIENTED_EDGE('',*,*,#6124,.T.);
#8777=ORIENTED_EDGE('',*,*,#8776,.T.);
#8778=ORIENTED_EDGE('',*,*,#6541,.F.);
#8779=ORIENTED_EDGE('',*,*,#8762,.F.);
#8780=EDGE_LOOP('',(#8775,#8777,#8778,#8779));
#8781=FACE_OUTER_BOUND('',#8780,.F.);
#8782=ADVANCED_FACE('',(#8781),#8774,.T.);
#8783=CARTESIAN_POINT('',(-3.055042648054E1,-1.819392033916E0,-6.595E2));
#8784=DIRECTION('',(0.E0,0.E0,-1.E0));
#8785=DIRECTION('',(-5.E-1,8.660254037844E-1,0.E0));
#8786=AXIS2_PLACEMENT_3D('',#8783,#8784,#8785);
#8787=PLANE('',#8786);
#8788=ORIENTED_EDGE('',*,*,#6033,.T.);
#8790=ORIENTED_EDGE('',*,*,#8789,.T.);
#8791=ORIENTED_EDGE('',*,*,#6329,.F.);
#8792=ORIENTED_EDGE('',*,*,#8776,.F.);
#8793=EDGE_LOOP('',(#8788,#8790,#8791,#8792));
#8794=FACE_OUTER_BOUND('',#8793,.F.);
#8795=ADVANCED_FACE('',(#8794),#8787,.T.);
#8796=CARTESIAN_POINT('',(-4.658771324027E1,-1.25E0,-6.595E2));
#8797=DIRECTION('',(0.E0,0.E0,-1.E0));
#8798=DIRECTION('',(-1.E0,0.E0,0.E0));
#8799=AXIS2_PLACEMENT_3D('',#8796,#8797,#8798);
#8800=PLANE('',#8799);
#8801=ORIENTED_EDGE('',*,*,#5966,.F.);
#8802=ORIENTED_EDGE('',*,*,#4897,.F.);
#8803=ORIENTED_EDGE('',*,*,#8789,.F.);
#8804=ORIENTED_EDGE('',*,*,#4616,.T.);
#8805=EDGE_LOOP('',(#8801,#8802,#8803,#8804));
#8806=FACE_OUTER_BOUND('',#8805,.F.);
#8807=ADVANCED_FACE('',(#8806),#8800,.T.);
#8808=CARTESIAN_POINT('',(-1.526794919243E1,-1.865063509461E1,6.595E2));
#8809=DIRECTION('',(0.E0,0.E0,1.E0));
#8810=DIRECTION('',(1.E0,0.E0,0.E0));
#8811=AXIS2_PLACEMENT_3D('',#8808,#8809,#8810);
#8812=CYLINDRICAL_SURFACE('',#8811,5.5E0);
#8814=ORIENTED_EDGE('',*,*,#8813,.T.);
#8815=ORIENTED_EDGE('',*,*,#6515,.F.);
#8816=ORIENTED_EDGE('',*,*,#6569,.F.);
#8817=ORIENTED_EDGE('',*,*,#6800,.T.);
#8818=EDGE_LOOP('',(#8814,#8815,#8816,#8817));
#8819=FACE_OUTER_BOUND('',#8818,.F.);
#8820=ADVANCED_FACE('',(#8819),#8812,.T.);
#8821=CARTESIAN_POINT('',(-1.526794919243E1,-1.865063509461E1,6.595E2));
#8822=DIRECTION('',(0.E0,0.E0,1.E0));
#8823=DIRECTION('',(1.E0,0.E0,0.E0));
#8824=AXIS2_PLACEMENT_3D('',#8821,#8822,#8823);
#8825=CYLINDRICAL_SURFACE('',#8824,5.5E0);
#8827=ORIENTED_EDGE('',*,*,#8826,.T.);
#8828=ORIENTED_EDGE('',*,*,#6527,.F.);
#8830=ORIENTED_EDGE('',*,*,#8829,.F.);
#8831=ORIENTED_EDGE('',*,*,#6788,.T.);
#8832=EDGE_LOOP('',(#8827,#8828,#8830,#8831));
#8833=FACE_OUTER_BOUND('',#8832,.F.);
#8834=ADVANCED_FACE('',(#8833),#8825,.T.);
#8835=CARTESIAN_POINT('',(-1.526794919243E1,-1.865063509461E1,6.595E2));
#8836=DIRECTION('',(0.E0,0.E0,1.E0));
#8837=DIRECTION('',(1.E0,0.E0,0.E0));
#8838=AXIS2_PLACEMENT_3D('',#8835,#8836,#8837);
#8839=CYLINDRICAL_SURFACE('',#8838,5.5E0);
#8840=ORIENTED_EDGE('',*,*,#6627,.F.);
#8841=ORIENTED_EDGE('',*,*,#6778,.T.);
#8842=ORIENTED_EDGE('',*,*,#8764,.T.);
#8843=ORIENTED_EDGE('',*,*,#6539,.F.);
#8844=EDGE_LOOP('',(#8840,#8841,#8842,#8843));
#8845=FACE_OUTER_BOUND('',#8844,.F.);
#8846=ADVANCED_FACE('',(#8845),#8839,.T.);
#8847=CARTESIAN_POINT('',(-1.786876865956E1,-2.264588363622E1,4.15E2));
#8848=DIRECTION('',(0.E0,-1.139756647233E-14,-1.E0));
#8849=DIRECTION('',(-5.E-1,8.660254037844E-1,-1.316077614181E-14));
#8850=AXIS2_PLACEMENT_3D('',#8847,#8848,#8849);
#8851=PLANE('',#8850);
#8852=ORIENTED_EDGE('',*,*,#6610,.T.);
#8854=ORIENTED_EDGE('',*,*,#8853,.T.);
#8855=ORIENTED_EDGE('',*,*,#8813,.F.);
#8857=ORIENTED_EDGE('',*,*,#8856,.F.);
#8858=EDGE_LOOP('',(#8852,#8854,#8855,#8857));
#8859=FACE_OUTER_BOUND('',#8858,.F.);
#8860=ADVANCED_FACE('',(#8859),#8851,.T.);
#8861=CARTESIAN_POINT('',(-1.978261971530E1,-1.933099636956E1,4.15E2));
#8862=DIRECTION('',(0.E0,0.E0,-1.E0));
#8863=DIRECTION('',(-5.E-1,8.660254037844E-1,0.E0));
#8864=AXIS2_PLACEMENT_3D('',#8861,#8862,#8863);
#8865=PLANE('',#8864);
#8867=ORIENTED_EDGE('',*,*,#8866,.T.);
#8868=ORIENTED_EDGE('',*,*,#6517,.F.);
#8869=ORIENTED_EDGE('',*,*,#8853,.F.);
#8870=ORIENTED_EDGE('',*,*,#6148,.T.);
#8871=EDGE_LOOP('',(#8867,#8868,#8869,#8870));
#8872=FACE_OUTER_BOUND('',#8871,.F.);
#8873=ADVANCED_FACE('',(#8872),#8865,.T.);
#8874=CARTESIAN_POINT('',(7.548395031289E1,3.644266790933E1,4.14E2));
#8875=DIRECTION('',(-8.660254037844E-1,-5.E-1,0.E0));
#8876=DIRECTION('',(0.E0,0.E0,1.E0));
#8877=AXIS2_PLACEMENT_3D('',#8874,#8875,#8876);
#8878=CYLINDRICAL_SURFACE('',#8877,1.E0);
#8879=ORIENTED_EDGE('',*,*,#8866,.F.);
#8880=ORIENTED_EDGE('',*,*,#6146,.T.);
#8882=ORIENTED_EDGE('',*,*,#8881,.T.);
#8883=ORIENTED_EDGE('',*,*,#6519,.T.);
#8884=EDGE_LOOP('',(#8879,#8880,#8882,#8883));
#8885=FACE_OUTER_BOUND('',#8884,.F.);
#8886=ADVANCED_FACE('',(#8885),#8878,.F.);
#8887=CARTESIAN_POINT('',(-2.061668227209E1,-1.788635764452E1,4.095E2));
#8888=DIRECTION('',(5.E-1,-8.660254037844E-1,0.E0));
#8889=DIRECTION('',(0.E0,0.E0,-1.E0));
#8890=AXIS2_PLACEMENT_3D('',#8887,#8888,#8889);
#8891=PLANE('',#8890);
#8892=ORIENTED_EDGE('',*,*,#8881,.F.);
#8893=ORIENTED_EDGE('',*,*,#6144,.T.);
#8895=ORIENTED_EDGE('',*,*,#8894,.T.);
#8896=ORIENTED_EDGE('',*,*,#6521,.F.);
#8897=EDGE_LOOP('',(#8892,#8893,#8895,#8896));
#8898=FACE_OUTER_BOUND('',#8897,.F.);
#8899=ADVANCED_FACE('',(#8898),#8891,.T.);
#8900=CARTESIAN_POINT('',(7.548395031289E1,3.644266790933E1,4.05E2));
#8901=DIRECTION('',(-8.660254037844E-1,-5.E-1,0.E0));
#8902=DIRECTION('',(-5.E-1,8.660254037844E-1,0.E0));
#8903=AXIS2_PLACEMENT_3D('',#8900,#8901,#8902);
#8904=CYLINDRICAL_SURFACE('',#8903,1.E0);
#8905=ORIENTED_EDGE('',*,*,#8894,.F.);
#8906=ORIENTED_EDGE('',*,*,#6142,.T.);
#8908=ORIENTED_EDGE('',*,*,#8907,.T.);
#8909=ORIENTED_EDGE('',*,*,#6523,.T.);
#8910=EDGE_LOOP('',(#8905,#8906,#8908,#8909));
#8911=FACE_OUTER_BOUND('',#8910,.F.);
#8912=ADVANCED_FACE('',(#8911),#8904,.F.);
#8913=CARTESIAN_POINT('',(-1.978261971530E1,-1.933099636956E1,4.04E2));
#8914=DIRECTION('',(5.111434843664E-14,-8.853264848804E-14,-1.E0));
#8915=DIRECTION('',(-5.E-1,8.660254037844E-1,-1.022286968733E-13));
#8916=AXIS2_PLACEMENT_3D('',#8913,#8914,#8915);
#8917=PLANE('',#8916);
#8918=ORIENTED_EDGE('',*,*,#8907,.F.);
#8919=ORIENTED_EDGE('',*,*,#6140,.F.);
#8921=ORIENTED_EDGE('',*,*,#8920,.T.);
#8922=ORIENTED_EDGE('',*,*,#6525,.T.);
#8923=EDGE_LOOP('',(#8918,#8919,#8921,#8922));
#8924=FACE_OUTER_BOUND('',#8923,.F.);
#8925=ADVANCED_FACE('',(#8924),#8917,.F.);
#8926=CARTESIAN_POINT('',(-1.786876865956E1,-2.264588363622E1,4.04E2));
#8927=DIRECTION('',(0.E0,0.E0,-1.E0));
#8928=DIRECTION('',(-5.E-1,8.660254037844E-1,0.E0));
#8929=AXIS2_PLACEMENT_3D('',#8926,#8927,#8928);
#8930=PLANE('',#8929);
#8931=ORIENTED_EDGE('',*,*,#6599,.F.);
#8933=ORIENTED_EDGE('',*,*,#8932,.T.);
#8934=ORIENTED_EDGE('',*,*,#8829,.T.);
#8935=ORIENTED_EDGE('',*,*,#8920,.F.);
#8936=EDGE_LOOP('',(#8931,#8933,#8934,#8935));
#8937=FACE_OUTER_BOUND('',#8936,.F.);
#8938=ADVANCED_FACE('',(#8937),#8930,.F.);
#8939=CARTESIAN_POINT('',(-1.359565130391E1,-2.290063509461E1,4.04E2));
#8940=DIRECTION('',(1.019736123288E-13,0.E0,1.E0));
#8941=DIRECTION('',(1.E0,0.E0,-1.019736123288E-13));
#8942=AXIS2_PLACEMENT_3D('',#8939,#8940,#8941);
#8943=PLANE('',#8942);
#8945=ORIENTED_EDGE('',*,*,#8944,.T.);
#8946=ORIENTED_EDGE('',*,*,#6790,.F.);
#8947=ORIENTED_EDGE('',*,*,#8932,.F.);
#8948=ORIENTED_EDGE('',*,*,#6696,.T.);
#8949=EDGE_LOOP('',(#8945,#8946,#8947,#8948));
#8950=FACE_OUTER_BOUND('',#8949,.F.);
#8951=ADVANCED_FACE('',(#8950),#8943,.T.);
#8952=CARTESIAN_POINT('',(-1.292335341539E1,3.644266790933E1,4.05E2));
#8953=DIRECTION('',(0.E0,-1.E0,0.E0));
#8954=DIRECTION('',(-1.030286966852E-13,0.E0,-1.E0));
#8955=AXIS2_PLACEMENT_3D('',#8952,#8953,#8954);
#8956=CYLINDRICAL_SURFACE('',#8955,1.E0);
#8957=ORIENTED_EDGE('',*,*,#8944,.F.);
#8958=ORIENTED_EDGE('',*,*,#6694,.T.);
#8960=ORIENTED_EDGE('',*,*,#8959,.T.);
#8961=ORIENTED_EDGE('',*,*,#6792,.T.);
#8962=EDGE_LOOP('',(#8957,#8958,#8960,#8961));
#8963=FACE_OUTER_BOUND('',#8962,.F.);
#8964=ADVANCED_FACE('',(#8963),#8956,.F.);
#8965=CARTESIAN_POINT('',(-1.192335341539E1,-2.290063509461E1,4.095E2));
#8966=DIRECTION('',(-1.E0,0.E0,0.E0));
#8967=DIRECTION('',(0.E0,0.E0,1.E0));
#8968=AXIS2_PLACEMENT_3D('',#8965,#8966,#8967);
#8969=PLANE('',#8968);
#8970=ORIENTED_EDGE('',*,*,#8959,.F.);
#8971=ORIENTED_EDGE('',*,*,#6692,.T.);
#8973=ORIENTED_EDGE('',*,*,#8972,.T.);
#8974=ORIENTED_EDGE('',*,*,#6794,.F.);
#8975=EDGE_LOOP('',(#8970,#8971,#8973,#8974));
#8976=FACE_OUTER_BOUND('',#8975,.F.);
#8977=ADVANCED_FACE('',(#8976),#8969,.T.);
#8978=CARTESIAN_POINT('',(-1.292335341539E1,3.644266790933E1,4.14E2));
#8979=DIRECTION('',(0.E0,-1.E0,0.E0));
#8980=DIRECTION('',(1.E0,0.E0,0.E0));
#8981=AXIS2_PLACEMENT_3D('',#8978,#8979,#8980);
#8982=CYLINDRICAL_SURFACE('',#8981,1.E0);
#8983=ORIENTED_EDGE('',*,*,#8972,.F.);
#8984=ORIENTED_EDGE('',*,*,#6690,.T.);
#8986=ORIENTED_EDGE('',*,*,#8985,.T.);
#8987=ORIENTED_EDGE('',*,*,#6796,.T.);
#8988=EDGE_LOOP('',(#8983,#8984,#8986,#8987));
#8989=FACE_OUTER_BOUND('',#8988,.F.);
#8990=ADVANCED_FACE('',(#8989),#8982,.F.);
#8991=CARTESIAN_POINT('',(-1.359565130391E1,-2.290063509461E1,4.15E2));
#8992=DIRECTION('',(3.399120410960E-14,0.E0,1.E0));
#8993=DIRECTION('',(1.E0,0.E0,-3.399120410960E-14));
#8994=AXIS2_PLACEMENT_3D('',#8991,#8992,#8993);
#8995=PLANE('',#8994);
#8996=ORIENTED_EDGE('',*,*,#8985,.F.);
#8997=ORIENTED_EDGE('',*,*,#6688,.F.);
#8998=ORIENTED_EDGE('',*,*,#8856,.T.);
#8999=ORIENTED_EDGE('',*,*,#6798,.T.);
#9000=EDGE_LOOP('',(#8996,#8997,#8998,#8999));
#9001=FACE_OUTER_BOUND('',#9000,.F.);
#9002=ADVANCED_FACE('',(#9001),#8995,.F.);
#9003=CARTESIAN_POINT('',(-1.786876865956E1,-2.264588363622E1,-4.04E2));
#9004=DIRECTION('',(0.E0,0.E0,-1.E0));
#9005=DIRECTION('',(-5.E-1,8.660254037844E-1,0.E0));
#9006=AXIS2_PLACEMENT_3D('',#9003,#9004,#9005);
#9007=PLANE('',#9006);
#9008=ORIENTED_EDGE('',*,*,#6595,.T.);
#9010=ORIENTED_EDGE('',*,*,#9009,.T.);
#9011=ORIENTED_EDGE('',*,*,#8826,.F.);
#9013=ORIENTED_EDGE('',*,*,#9012,.F.);
#9014=EDGE_LOOP('',(#9008,#9010,#9011,#9013));
#9015=FACE_OUTER_BOUND('',#9014,.F.);
#9016=ADVANCED_FACE('',(#9015),#9007,.T.);
#9017=CARTESIAN_POINT('',(-1.978261971530E1,-1.933099636956E1,-4.04E2));
#9018=DIRECTION('',(0.E0,0.E0,-1.E0));
#9019=DIRECTION('',(-5.E-1,8.660254037844E-1,0.E0));
#9020=AXIS2_PLACEMENT_3D('',#9017,#9018,#9019);
#9021=PLANE('',#9020);
#9023=ORIENTED_EDGE('',*,*,#9022,.T.);
#9024=ORIENTED_EDGE('',*,*,#6529,.F.);
#9025=ORIENTED_EDGE('',*,*,#9009,.F.);
#9026=ORIENTED_EDGE('',*,*,#6136,.T.);
#9027=EDGE_LOOP('',(#9023,#9024,#9025,#9026));
#9028=FACE_OUTER_BOUND('',#9027,.F.);
#9029=ADVANCED_FACE('',(#9028),#9021,.T.);
#9030=CARTESIAN_POINT('',(7.548395031289E1,3.644266790933E1,-4.05E2));
#9031=DIRECTION('',(-8.660254037844E-1,-5.E-1,0.E0));
#9032=DIRECTION('',(0.E0,0.E0,1.E0));
#9033=AXIS2_PLACEMENT_3D('',#9030,#9031,#9032);
#9034=CYLINDRICAL_SURFACE('',#9033,1.E0);
#9035=ORIENTED_EDGE('',*,*,#9022,.F.);
#9036=ORIENTED_EDGE('',*,*,#6134,.T.);
#9038=ORIENTED_EDGE('',*,*,#9037,.T.);
#9039=ORIENTED_EDGE('',*,*,#6531,.T.);
#9040=EDGE_LOOP('',(#9035,#9036,#9038,#9039));
#9041=FACE_OUTER_BOUND('',#9040,.F.);
#9042=ADVANCED_FACE('',(#9041),#9034,.F.);
#9043=CARTESIAN_POINT('',(-2.061668227209E1,-1.788635764452E1,-4.095E2));
#9044=DIRECTION('',(5.E-1,-8.660254037844E-1,0.E0));
#9045=DIRECTION('',(0.E0,0.E0,-1.E0));
#9046=AXIS2_PLACEMENT_3D('',#9043,#9044,#9045);
#9047=PLANE('',#9046);
#9048=ORIENTED_EDGE('',*,*,#9037,.F.);
#9049=ORIENTED_EDGE('',*,*,#6132,.T.);
#9051=ORIENTED_EDGE('',*,*,#9050,.T.);
#9052=ORIENTED_EDGE('',*,*,#6533,.F.);
#9053=EDGE_LOOP('',(#9048,#9049,#9051,#9052));
#9054=FACE_OUTER_BOUND('',#9053,.F.);
#9055=ADVANCED_FACE('',(#9054),#9047,.T.);
#9056=CARTESIAN_POINT('',(7.548395031289E1,3.644266790933E1,-4.14E2));
#9057=DIRECTION('',(-8.660254037844E-1,-5.E-1,0.E0));
#9058=DIRECTION('',(-5.E-1,8.660254037844E-1,0.E0));
#9059=AXIS2_PLACEMENT_3D('',#9056,#9057,#9058);
#9060=CYLINDRICAL_SURFACE('',#9059,1.E0);
#9061=ORIENTED_EDGE('',*,*,#9050,.F.);
#9062=ORIENTED_EDGE('',*,*,#6130,.T.);
#9064=ORIENTED_EDGE('',*,*,#9063,.T.);
#9065=ORIENTED_EDGE('',*,*,#6535,.T.);
#9066=EDGE_LOOP('',(#9061,#9062,#9064,#9065));
#9067=FACE_OUTER_BOUND('',#9066,.F.);
#9068=ADVANCED_FACE('',(#9067),#9060,.F.);
#9069=CARTESIAN_POINT('',(-1.978261971530E1,-1.933099636956E1,-4.15E2));
#9070=DIRECTION('',(0.E0,0.E0,-1.E0));
#9071=DIRECTION('',(-5.E-1,8.660254037844E-1,0.E0));
#9072=AXIS2_PLACEMENT_3D('',#9069,#9070,#9071);
#9073=PLANE('',#9072);
#9074=ORIENTED_EDGE('',*,*,#9063,.F.);
#9075=ORIENTED_EDGE('',*,*,#6128,.F.);
#9076=ORIENTED_EDGE('',*,*,#6629,.T.);
#9077=ORIENTED_EDGE('',*,*,#6537,.T.);
#9078=EDGE_LOOP('',(#9074,#9075,#9076,#9077));
#9079=FACE_OUTER_BOUND('',#9078,.F.);
#9080=ADVANCED_FACE('',(#9079),#9073,.F.);
#9081=CARTESIAN_POINT('',(-1.359565130391E1,-2.290063509461E1,-4.04E2));
#9082=DIRECTION('',(0.E0,0.E0,1.E0));
#9083=DIRECTION('',(1.E0,0.E0,0.E0));
#9084=AXIS2_PLACEMENT_3D('',#9081,#9082,#9083);
#9085=PLANE('',#9084);
#9087=ORIENTED_EDGE('',*,*,#9086,.F.);
#9088=ORIENTED_EDGE('',*,*,#6699,.F.);
#9089=ORIENTED_EDGE('',*,*,#9012,.T.);
#9090=ORIENTED_EDGE('',*,*,#6786,.T.);
#9091=EDGE_LOOP('',(#9087,#9088,#9089,#9090));
#9092=FACE_OUTER_BOUND('',#9091,.F.);
#9093=ADVANCED_FACE('',(#9092),#9085,.F.);
#9094=CARTESIAN_POINT('',(-1.292335341539E1,3.644266790933E1,-4.05E2));
#9095=DIRECTION('',(0.E0,-1.E0,0.E0));
#9096=DIRECTION('',(1.E0,0.E0,0.E0));
#9097=AXIS2_PLACEMENT_3D('',#9094,#9095,#9096);
#9098=CYLINDRICAL_SURFACE('',#9097,1.E0);
#9100=ORIENTED_EDGE('',*,*,#9099,.F.);
#9101=ORIENTED_EDGE('',*,*,#6701,.T.);
#9102=ORIENTED_EDGE('',*,*,#9086,.T.);
#9103=ORIENTED_EDGE('',*,*,#6784,.T.);
#9104=EDGE_LOOP('',(#9100,#9101,#9102,#9103));
#9105=FACE_OUTER_BOUND('',#9104,.F.);
#9106=ADVANCED_FACE('',(#9105),#9098,.F.);
#9107=CARTESIAN_POINT('',(-1.192335341539E1,-2.290063509461E1,-4.095E2));
#9108=DIRECTION('',(-1.E0,0.E0,0.E0));
#9109=DIRECTION('',(0.E0,0.E0,1.E0));
#9110=AXIS2_PLACEMENT_3D('',#9107,#9108,#9109);
#9111=PLANE('',#9110);
#9112=ORIENTED_EDGE('',*,*,#9099,.T.);
#9113=ORIENTED_EDGE('',*,*,#6782,.F.);
#9114=ORIENTED_EDGE('',*,*,#6657,.F.);
#9115=ORIENTED_EDGE('',*,*,#6703,.T.);
#9116=EDGE_LOOP('',(#9112,#9113,#9114,#9115));
#9117=FACE_OUTER_BOUND('',#9116,.F.);
#9118=ADVANCED_FACE('',(#9117),#9111,.T.);
#9119=CARTESIAN_POINT('',(1.526794919243E1,-1.865063509461E1,6.595E2));
#9120=DIRECTION('',(0.E0,0.E0,1.E0));
#9121=DIRECTION('',(1.E0,0.E0,0.E0));
#9122=AXIS2_PLACEMENT_3D('',#9119,#9120,#9121);
#9123=CYLINDRICAL_SURFACE('',#9122,5.5E0);
#9124=ORIENTED_EDGE('',*,*,#6852,.F.);
#9125=ORIENTED_EDGE('',*,*,#7071,.T.);
#9126=ORIENTED_EDGE('',*,*,#8737,.T.);
#9127=ORIENTED_EDGE('',*,*,#6774,.F.);
#9128=EDGE_LOOP('',(#9124,#9125,#9126,#9127));
#9129=FACE_OUTER_BOUND('',#9128,.F.);
#9130=ADVANCED_FACE('',(#9129),#9123,.T.);
#9131=CARTESIAN_POINT('',(1.526794919243E1,-1.865063509461E1,6.595E2));
#9132=DIRECTION('',(0.E0,0.E0,1.E0));
#9133=DIRECTION('',(1.E0,0.E0,0.E0));
#9134=AXIS2_PLACEMENT_3D('',#9131,#9132,#9133);
#9135=CYLINDRICAL_SURFACE('',#9134,5.5E0);
#9137=ORIENTED_EDGE('',*,*,#9136,.T.);
#9138=ORIENTED_EDGE('',*,*,#6804,.F.);
#9140=ORIENTED_EDGE('',*,*,#9139,.F.);
#9141=ORIENTED_EDGE('',*,*,#7090,.T.);
#9142=EDGE_LOOP('',(#9137,#9138,#9140,#9141));
#9143=FACE_OUTER_BOUND('',#9142,.F.);
#9144=ADVANCED_FACE('',(#9143),#9135,.T.);
#9145=CARTESIAN_POINT('',(1.526794919243E1,-1.865063509461E1,6.595E2));
#9146=DIRECTION('',(0.E0,0.E0,1.E0));
#9147=DIRECTION('',(1.E0,0.E0,0.E0));
#9148=AXIS2_PLACEMENT_3D('',#9145,#9146,#9147);
#9149=CYLINDRICAL_SURFACE('',#9148,5.5E0);
#9150=ORIENTED_EDGE('',*,*,#6910,.F.);
#9151=ORIENTED_EDGE('',*,*,#7083,.T.);
#9153=ORIENTED_EDGE('',*,*,#9152,.T.);
#9154=ORIENTED_EDGE('',*,*,#6812,.F.);
#9155=EDGE_LOOP('',(#9150,#9151,#9153,#9154));
#9156=FACE_OUTER_BOUND('',#9155,.F.);
#9157=ADVANCED_FACE('',(#9156),#9149,.T.);
#9158=CARTESIAN_POINT('',(1.742752619033E1,-2.290063509461E1,4.15E2));
#9159=DIRECTION('',(0.E0,0.E0,-1.E0));
#9160=DIRECTION('',(-1.E0,0.E0,0.E0));
#9161=AXIS2_PLACEMENT_3D('',#9158,#9159,#9160);
#9162=PLANE('',#9161);
#9163=ORIENTED_EDGE('',*,*,#6878,.T.);
#9165=ORIENTED_EDGE('',*,*,#9164,.T.);
#9166=ORIENTED_EDGE('',*,*,#9136,.F.);
#9168=ORIENTED_EDGE('',*,*,#9167,.F.);
#9169=EDGE_LOOP('',(#9163,#9165,#9166,#9168));
#9170=FACE_OUTER_BOUND('',#9169,.F.);
#9171=ADVANCED_FACE('',(#9170),#9162,.T.);
#9172=CARTESIAN_POINT('',(1.357229788852E1,-2.290063509461E1,4.15E2));
#9173=DIRECTION('',(0.E0,0.E0,-1.E0));
#9174=DIRECTION('',(-1.E0,0.E0,0.E0));
#9175=AXIS2_PLACEMENT_3D('',#9172,#9173,#9174);
#9176=PLANE('',#9175);
#9177=ORIENTED_EDGE('',*,*,#6681,.T.);
#9179=ORIENTED_EDGE('',*,*,#9178,.T.);
#9180=ORIENTED_EDGE('',*,*,#6806,.F.);
#9181=ORIENTED_EDGE('',*,*,#9164,.F.);
#9182=EDGE_LOOP('',(#9177,#9179,#9180,#9181));
#9183=FACE_OUTER_BOUND('',#9182,.F.);
#9184=ADVANCED_FACE('',(#9183),#9176,.T.);
#9185=CARTESIAN_POINT('',(1.187664658461E1,-2.290063509461E1,4.095E2));
#9186=DIRECTION('',(1.E0,0.E0,0.E0));
#9187=DIRECTION('',(0.E0,0.E0,-1.E0));
#9188=AXIS2_PLACEMENT_3D('',#9185,#9186,#9187);
#9189=PLANE('',#9188);
#9190=ORIENTED_EDGE('',*,*,#6679,.T.);
#9192=ORIENTED_EDGE('',*,*,#9191,.T.);
#9193=ORIENTED_EDGE('',*,*,#6808,.F.);
#9194=ORIENTED_EDGE('',*,*,#9178,.F.);
#9195=EDGE_LOOP('',(#9190,#9192,#9193,#9194));
#9196=FACE_OUTER_BOUND('',#9195,.F.);
#9197=ADVANCED_FACE('',(#9196),#9189,.T.);
#9198=CARTESIAN_POINT('',(1.357229788852E1,-2.290063509461E1,4.04E2));
#9199=DIRECTION('',(0.E0,0.E0,-1.E0));
#9200=DIRECTION('',(-1.E0,0.E0,0.E0));
#9201=AXIS2_PLACEMENT_3D('',#9198,#9199,#9200);
#9202=PLANE('',#9201);
#9203=ORIENTED_EDGE('',*,*,#6677,.F.);
#9204=ORIENTED_EDGE('',*,*,#6912,.T.);
#9205=ORIENTED_EDGE('',*,*,#6810,.T.);
#9206=ORIENTED_EDGE('',*,*,#9191,.F.);
#9207=EDGE_LOOP('',(#9203,#9204,#9205,#9206));
#9208=FACE_OUTER_BOUND('',#9207,.F.);
#9209=ADVANCED_FACE('',(#9208),#9202,.F.);
#9210=CARTESIAN_POINT('',(1.977094300761E1,-1.935122102055E1,4.15E2));
#9211=DIRECTION('',(0.E0,0.E0,1.E0));
#9212=DIRECTION('',(5.E-1,8.660254037844E-1,0.E0));
#9213=AXIS2_PLACEMENT_3D('',#9210,#9211,#9212);
#9214=PLANE('',#9213);
#9215=ORIENTED_EDGE('',*,*,#6964,.F.);
#9216=ORIENTED_EDGE('',*,*,#9167,.T.);
#9217=ORIENTED_EDGE('',*,*,#7088,.T.);
#9219=ORIENTED_EDGE('',*,*,#9218,.F.);
#9220=EDGE_LOOP('',(#9215,#9216,#9217,#9219));
#9221=FACE_OUTER_BOUND('',#9220,.F.);
#9222=ADVANCED_FACE('',(#9221),#9214,.F.);
#9223=CARTESIAN_POINT('',(2.059332885670E1,-1.792680694650E1,4.095E2));
#9224=DIRECTION('',(-5.E-1,-8.660254037844E-1,0.E0));
#9225=DIRECTION('',(0.E0,0.E0,1.E0));
#9226=AXIS2_PLACEMENT_3D('',#9223,#9224,#9225);
#9227=PLANE('',#9226);
#9228=ORIENTED_EDGE('',*,*,#6966,.T.);
#9229=ORIENTED_EDGE('',*,*,#9218,.T.);
#9230=ORIENTED_EDGE('',*,*,#7086,.F.);
#9231=ORIENTED_EDGE('',*,*,#6924,.F.);
#9232=EDGE_LOOP('',(#9228,#9229,#9230,#9231));
#9233=FACE_OUTER_BOUND('',#9232,.F.);
#9234=ADVANCED_FACE('',(#9233),#9227,.T.);
#9235=CARTESIAN_POINT('',(1.739294919243E1,-2.233124306069E1,6.595E2));
#9236=DIRECTION('',(0.E0,0.E0,-1.E0));
#9237=DIRECTION('',(-5.E-1,-8.660254037844E-1,0.E0));
#9238=AXIS2_PLACEMENT_3D('',#9235,#9236,#9237);
#9239=PLANE('',#9238);
#9240=ORIENTED_EDGE('',*,*,#6882,.F.);
#9242=ORIENTED_EDGE('',*,*,#9241,.T.);
#9243=ORIENTED_EDGE('',*,*,#9139,.T.);
#9245=ORIENTED_EDGE('',*,*,#9244,.F.);
#9246=EDGE_LOOP('',(#9240,#9242,#9243,#9245));
#9247=FACE_OUTER_BOUND('',#9246,.F.);
#9248=ADVANCED_FACE('',(#9247),#9239,.F.);
#9249=CARTESIAN_POINT('',(2.397168783649E1,-1.207531754731E1,6.595E2));
#9250=DIRECTION('',(0.E0,0.E0,-1.E0));
#9251=DIRECTION('',(-5.E-1,-8.660254037844E-1,0.E0));
#9252=AXIS2_PLACEMENT_3D('',#9249,#9250,#9251);
#9253=PLANE('',#9252);
#9254=ORIENTED_EDGE('',*,*,#6961,.F.);
#9256=ORIENTED_EDGE('',*,*,#9255,.T.);
#9257=ORIENTED_EDGE('',*,*,#7092,.T.);
#9258=ORIENTED_EDGE('',*,*,#9241,.F.);
#9259=EDGE_LOOP('',(#9254,#9256,#9257,#9258));
#9260=FACE_OUTER_BOUND('',#9259,.F.);
#9261=ADVANCED_FACE('',(#9260),#9253,.F.);
#9262=CARTESIAN_POINT('',(3.055042648054E1,-1.819392033916E0,6.595E2));
#9263=DIRECTION('',(0.E0,0.E0,-1.E0));
#9264=DIRECTION('',(-1.E0,0.E0,0.E0));
#9265=AXIS2_PLACEMENT_3D('',#9262,#9263,#9264);
#9266=PLANE('',#9265);
#9267=ORIENTED_EDGE('',*,*,#7182,.F.);
#9269=ORIENTED_EDGE('',*,*,#9268,.T.);
#9270=ORIENTED_EDGE('',*,*,#7149,.T.);
#9271=ORIENTED_EDGE('',*,*,#9255,.F.);
#9272=EDGE_LOOP('',(#9267,#9269,#9270,#9271));
#9273=FACE_OUTER_BOUND('',#9272,.F.);
#9274=ADVANCED_FACE('',(#9273),#9266,.F.);
#9275=CARTESIAN_POINT('',(4.658771324027E1,-1.25E0,6.595E2));
#9276=DIRECTION('',(0.E0,0.E0,-1.E0));
#9277=DIRECTION('',(-1.E0,0.E0,0.E0));
#9278=AXIS2_PLACEMENT_3D('',#9275,#9276,#9277);
#9279=PLANE('',#9278);
#9281=ORIENTED_EDGE('',*,*,#9280,.F.);
#9282=ORIENTED_EDGE('',*,*,#7681,.T.);
#9283=ORIENTED_EDGE('',*,*,#9268,.F.);
#9284=ORIENTED_EDGE('',*,*,#7349,.F.);
#9285=EDGE_LOOP('',(#9281,#9282,#9283,#9284));
#9286=FACE_OUTER_BOUND('',#9285,.F.);
#9287=ADVANCED_FACE('',(#9286),#9279,.F.);
#9288=CARTESIAN_POINT('',(5.95E1,-6.059330300395E1,6.585E2));
#9289=DIRECTION('',(0.E0,1.E0,0.E0));
#9290=DIRECTION('',(0.E0,0.E0,1.E0));
#9291=AXIS2_PLACEMENT_3D('',#9288,#9289,#9290);
#9292=CYLINDRICAL_SURFACE('',#9291,1.E0);
#9293=ORIENTED_EDGE('',*,*,#7347,.T.);
#9295=ORIENTED_EDGE('',*,*,#9294,.F.);
#9296=ORIENTED_EDGE('',*,*,#7683,.T.);
#9297=ORIENTED_EDGE('',*,*,#9280,.T.);
#9298=EDGE_LOOP('',(#9293,#9295,#9296,#9297));
#9299=FACE_OUTER_BOUND('',#9298,.F.);
#9300=ADVANCED_FACE('',(#9299),#9292,.T.);
#9301=CARTESIAN_POINT('',(6.05E1,-1.25E0,0.E0));
#9302=DIRECTION('',(1.E0,0.E0,0.E0));
#9303=DIRECTION('',(0.E0,0.E0,-1.E0));
#9304=AXIS2_PLACEMENT_3D('',#9301,#9302,#9303);
#9305=PLANE('',#9304);
#9306=ORIENTED_EDGE('',*,*,#8685,.F.);
#9307=ORIENTED_EDGE('',*,*,#7685,.F.);
#9308=ORIENTED_EDGE('',*,*,#9294,.T.);
#9309=ORIENTED_EDGE('',*,*,#7345,.T.);
#9310=EDGE_LOOP('',(#9306,#9307,#9308,#9309));
#9311=FACE_OUTER_BOUND('',#9310,.F.);
#9312=ADVANCED_FACE('',(#9311),#9305,.T.);
#9313=CARTESIAN_POINT('',(0.E0,-2.290063509461E1,6.595E2));
#9314=DIRECTION('',(0.E0,0.E0,-1.E0));
#9315=DIRECTION('',(-1.E0,0.E0,0.E0));
#9316=AXIS2_PLACEMENT_3D('',#9313,#9314,#9315);
#9317=PLANE('',#9316);
#9318=ORIENTED_EDGE('',*,*,#6685,.F.);
#9319=ORIENTED_EDGE('',*,*,#9244,.T.);
#9320=ORIENTED_EDGE('',*,*,#6802,.T.);
#9321=ORIENTED_EDGE('',*,*,#6567,.F.);
#9322=EDGE_LOOP('',(#9318,#9319,#9320,#9321));
#9323=FACE_OUTER_BOUND('',#9322,.F.);
#9324=ADVANCED_FACE('',(#9323),#9317,.F.);
#9325=CARTESIAN_POINT('',(1.742752619033E1,-2.290063509461E1,-4.04E2));
#9326=DIRECTION('',(0.E0,0.E0,-1.E0));
#9327=DIRECTION('',(-1.E0,0.E0,0.E0));
#9328=AXIS2_PLACEMENT_3D('',#9325,#9326,#9327);
#9329=PLANE('',#9328);
#9330=ORIENTED_EDGE('',*,*,#6866,.T.);
#9331=ORIENTED_EDGE('',*,*,#6756,.T.);
#9332=ORIENTED_EDGE('',*,*,#9152,.F.);
#9334=ORIENTED_EDGE('',*,*,#9333,.F.);
#9335=EDGE_LOOP('',(#9330,#9331,#9332,#9334));
#9336=FACE_OUTER_BOUND('',#9335,.F.);
#9337=ADVANCED_FACE('',(#9336),#9329,.T.);
#9338=CARTESIAN_POINT('',(1.977094300761E1,-1.935122102055E1,-4.04E2));
#9339=DIRECTION('',(0.E0,0.E0,1.E0));
#9340=DIRECTION('',(5.E-1,8.660254037844E-1,0.E0));
#9341=AXIS2_PLACEMENT_3D('',#9338,#9339,#9340);
#9342=PLANE('',#9341);
#9344=ORIENTED_EDGE('',*,*,#9343,.F.);
#9345=ORIENTED_EDGE('',*,*,#6970,.F.);
#9346=ORIENTED_EDGE('',*,*,#9333,.T.);
#9347=ORIENTED_EDGE('',*,*,#7081,.T.);
#9348=EDGE_LOOP('',(#9344,#9345,#9346,#9347));
#9349=FACE_OUTER_BOUND('',#9348,.F.);
#9350=ADVANCED_FACE('',(#9349),#9342,.F.);
#9351=CARTESIAN_POINT('',(-7.557736397444E1,3.644266790933E1,-4.05E2));
#9352=DIRECTION('',(8.660254037844E-1,-5.E-1,0.E0));
#9353=DIRECTION('',(5.E-1,8.660254037844E-1,0.E0));
#9354=AXIS2_PLACEMENT_3D('',#9351,#9352,#9353);
#9355=CYLINDRICAL_SURFACE('',#9354,1.E0);
#9357=ORIENTED_EDGE('',*,*,#9356,.F.);
#9358=ORIENTED_EDGE('',*,*,#6972,.T.);
#9359=ORIENTED_EDGE('',*,*,#9343,.T.);
#9360=ORIENTED_EDGE('',*,*,#7079,.T.);
#9361=EDGE_LOOP('',(#9357,#9358,#9359,#9360));
#9362=FACE_OUTER_BOUND('',#9361,.F.);
#9363=ADVANCED_FACE('',(#9362),#9355,.F.);
#9364=CARTESIAN_POINT('',(2.059332885670E1,-1.792680694650E1,-4.095E2));
#9365=DIRECTION('',(-5.E-1,-8.660254037844E-1,0.E0));
#9366=DIRECTION('',(0.E0,0.E0,1.E0));
#9367=AXIS2_PLACEMENT_3D('',#9364,#9365,#9366);
#9368=PLANE('',#9367);
#9370=ORIENTED_EDGE('',*,*,#9369,.F.);
#9371=ORIENTED_EDGE('',*,*,#6974,.T.);
#9372=ORIENTED_EDGE('',*,*,#9356,.T.);
#9373=ORIENTED_EDGE('',*,*,#7077,.F.);
#9374=EDGE_LOOP('',(#9370,#9371,#9372,#9373));
#9375=FACE_OUTER_BOUND('',#9374,.F.);
#9376=ADVANCED_FACE('',(#9375),#9368,.T.);
#9377=CARTESIAN_POINT('',(-7.557736397444E1,3.644266790933E1,-4.14E2));
#9378=DIRECTION('',(8.660254037844E-1,-5.E-1,0.E0));
#9379=DIRECTION('',(0.E0,0.E0,-1.E0));
#9380=AXIS2_PLACEMENT_3D('',#9377,#9378,#9379);
#9381=CYLINDRICAL_SURFACE('',#9380,1.E0);
#9383=ORIENTED_EDGE('',*,*,#9382,.F.);
#9384=ORIENTED_EDGE('',*,*,#6976,.T.);
#9385=ORIENTED_EDGE('',*,*,#9369,.T.);
#9386=ORIENTED_EDGE('',*,*,#7075,.T.);
#9387=EDGE_LOOP('',(#9383,#9384,#9385,#9386));
#9388=FACE_OUTER_BOUND('',#9387,.F.);
#9389=ADVANCED_FACE('',(#9388),#9381,.F.);
#9390=CARTESIAN_POINT('',(1.977094300761E1,-1.935122102055E1,-4.15E2));
#9391=DIRECTION('',(0.E0,0.E0,1.E0));
#9392=DIRECTION('',(5.E-1,8.660254037844E-1,0.E0));
#9393=AXIS2_PLACEMENT_3D('',#9390,#9391,#9392);
#9394=PLANE('',#9393);
#9395=ORIENTED_EDGE('',*,*,#9382,.T.);
#9396=ORIENTED_EDGE('',*,*,#7073,.F.);
#9397=ORIENTED_EDGE('',*,*,#6850,.F.);
#9398=ORIENTED_EDGE('',*,*,#6978,.T.);
#9399=EDGE_LOOP('',(#9395,#9396,#9397,#9398));
#9400=FACE_OUTER_BOUND('',#9399,.F.);
#9401=ADVANCED_FACE('',(#9400),#9394,.T.);
#9402=CARTESIAN_POINT('',(3.431435982488E1,-1.25E0,-5.65E2));
#9403=DIRECTION('',(0.E0,0.E0,1.E0));
#9404=DIRECTION('',(1.E0,0.E0,0.E0));
#9405=AXIS2_PLACEMENT_3D('',#9402,#9403,#9404);
#9406=PLANE('',#9405);
#9408=ORIENTED_EDGE('',*,*,#9407,.T.);
#9409=ORIENTED_EDGE('',*,*,#7661,.F.);
#9410=ORIENTED_EDGE('',*,*,#7165,.F.);
#9411=ORIENTED_EDGE('',*,*,#7369,.T.);
#9412=EDGE_LOOP('',(#9408,#9409,#9410,#9411));
#9413=FACE_OUTER_BOUND('',#9412,.F.);
#9414=ADVANCED_FACE('',(#9413),#9406,.T.);
#9415=CARTESIAN_POINT('',(3.495329316923E1,3.644266790933E1,-5.64E2));
#9416=DIRECTION('',(0.E0,-1.E0,0.E0));
#9417=DIRECTION('',(0.E0,0.E0,-1.E0));
#9418=AXIS2_PLACEMENT_3D('',#9415,#9416,#9417);
#9419=CYLINDRICAL_SURFACE('',#9418,1.E0);
#9420=ORIENTED_EDGE('',*,*,#9407,.F.);
#9421=ORIENTED_EDGE('',*,*,#7367,.T.);
#9423=ORIENTED_EDGE('',*,*,#9422,.T.);
#9424=ORIENTED_EDGE('',*,*,#7663,.T.);
#9425=EDGE_LOOP('',(#9420,#9421,#9423,#9424));
#9426=FACE_OUTER_BOUND('',#9425,.F.);
#9427=ADVANCED_FACE('',(#9426),#9419,.F.);
#9428=CARTESIAN_POINT('',(3.595329316923E1,-1.25E0,-5.595E2));
#9429=DIRECTION('',(-1.E0,0.E0,0.E0));
#9430=DIRECTION('',(0.E0,0.E0,1.E0));
#9431=AXIS2_PLACEMENT_3D('',#9428,#9429,#9430);
#9432=PLANE('',#9431);
#9433=ORIENTED_EDGE('',*,*,#9422,.F.);
#9434=ORIENTED_EDGE('',*,*,#7365,.T.);
#9436=ORIENTED_EDGE('',*,*,#9435,.T.);
#9437=ORIENTED_EDGE('',*,*,#7665,.F.);
#9438=EDGE_LOOP('',(#9433,#9434,#9436,#9437));
#9439=FACE_OUTER_BOUND('',#9438,.F.);
#9440=ADVANCED_FACE('',(#9439),#9432,.T.);
#9441=CARTESIAN_POINT('',(3.495329316923E1,3.644266790933E1,-5.55E2));
#9442=DIRECTION('',(0.E0,-1.E0,0.E0));
#9443=DIRECTION('',(1.E0,0.E0,0.E0));
#9444=AXIS2_PLACEMENT_3D('',#9441,#9442,#9443);
#9445=CYLINDRICAL_SURFACE('',#9444,1.E0);
#9446=ORIENTED_EDGE('',*,*,#9435,.F.);
#9447=ORIENTED_EDGE('',*,*,#7363,.T.);
#9449=ORIENTED_EDGE('',*,*,#9448,.T.);
#9450=ORIENTED_EDGE('',*,*,#7667,.T.);
#9451=EDGE_LOOP('',(#9446,#9447,#9449,#9450));
#9452=FACE_OUTER_BOUND('',#9451,.F.);
#9453=ADVANCED_FACE('',(#9452),#9445,.F.);
#9454=CARTESIAN_POINT('',(3.431435982488E1,-1.25E0,-5.54E2));
#9455=DIRECTION('',(6.936635837823E-14,0.E0,1.E0));
#9456=DIRECTION('',(1.E0,0.E0,-6.936635837823E-14));
#9457=AXIS2_PLACEMENT_3D('',#9454,#9455,#9456);
#9458=PLANE('',#9457);
#9459=ORIENTED_EDGE('',*,*,#9448,.F.);
#9460=ORIENTED_EDGE('',*,*,#7361,.F.);
#9462=ORIENTED_EDGE('',*,*,#9461,.T.);
#9463=ORIENTED_EDGE('',*,*,#7669,.T.);
#9464=EDGE_LOOP('',(#9459,#9460,#9462,#9463));
#9465=FACE_OUTER_BOUND('',#9464,.F.);
#9466=ADVANCED_FACE('',(#9465),#9458,.F.);
#9467=CARTESIAN_POINT('',(3.007460701341E1,-1.504751458388E0,-5.54E2));
#9468=DIRECTION('',(0.E0,0.E0,-1.E0));
#9469=DIRECTION('',(-5.E-1,-8.660254037844E-1,0.E0));
#9470=AXIS2_PLACEMENT_3D('',#9467,#9468,#9469);
#9471=PLANE('',#9470);
#9472=ORIENTED_EDGE('',*,*,#7193,.T.);
#9473=ORIENTED_EDGE('',*,*,#7053,.T.);
#9474=ORIENTED_EDGE('',*,*,#7138,.F.);
#9475=ORIENTED_EDGE('',*,*,#9461,.F.);
#9476=EDGE_LOOP('',(#9472,#9473,#9474,#9475));
#9477=FACE_OUTER_BOUND('',#9476,.F.);
#9478=ADVANCED_FACE('',(#9477),#9471,.T.);
#9479=CARTESIAN_POINT('',(3.595329316923E1,-1.25E0,5.595E2));
#9480=DIRECTION('',(-1.E0,0.E0,0.E0));
#9481=DIRECTION('',(0.E0,0.E0,1.E0));
#9482=AXIS2_PLACEMENT_3D('',#9479,#9480,#9481);
#9483=PLANE('',#9482);
#9484=ORIENTED_EDGE('',*,*,#7331,.F.);
#9485=ORIENTED_EDGE('',*,*,#7356,.T.);
#9487=ORIENTED_EDGE('',*,*,#9486,.T.);
#9488=ORIENTED_EDGE('',*,*,#7674,.F.);
#9489=EDGE_LOOP('',(#9484,#9485,#9487,#9488));
#9490=FACE_OUTER_BOUND('',#9489,.F.);
#9491=ADVANCED_FACE('',(#9490),#9483,.T.);
#9492=CARTESIAN_POINT('',(3.495329316923E1,3.644266790933E1,5.64E2));
#9493=DIRECTION('',(0.E0,-1.E0,0.E0));
#9494=DIRECTION('',(1.E0,0.E0,0.E0));
#9495=AXIS2_PLACEMENT_3D('',#9492,#9493,#9494);
#9496=CYLINDRICAL_SURFACE('',#9495,1.E0);
#9497=ORIENTED_EDGE('',*,*,#9486,.F.);
#9498=ORIENTED_EDGE('',*,*,#7354,.T.);
#9500=ORIENTED_EDGE('',*,*,#9499,.T.);
#9501=ORIENTED_EDGE('',*,*,#7676,.T.);
#9502=EDGE_LOOP('',(#9497,#9498,#9500,#9501));
#9503=FACE_OUTER_BOUND('',#9502,.F.);
#9504=ADVANCED_FACE('',(#9503),#9496,.F.);
#9505=CARTESIAN_POINT('',(3.431435982488E1,-1.25E0,5.65E2));
#9506=DIRECTION('',(6.936635837823E-14,0.E0,1.E0));
#9507=DIRECTION('',(1.E0,0.E0,-6.936635837823E-14));
#9508=AXIS2_PLACEMENT_3D('',#9505,#9506,#9507);
#9509=PLANE('',#9508);
#9510=ORIENTED_EDGE('',*,*,#9499,.F.);
#9511=ORIENTED_EDGE('',*,*,#7352,.F.);
#9512=ORIENTED_EDGE('',*,*,#7225,.T.);
#9513=ORIENTED_EDGE('',*,*,#7678,.T.);
#9514=EDGE_LOOP('',(#9510,#9511,#9512,#9513));
#9515=FACE_OUTER_BOUND('',#9514,.F.);
#9516=ADVANCED_FACE('',(#9515),#9509,.F.);
#9517=CLOSED_SHELL('',(#4814,#4829,#4843,#4857,#5060,#5073,#5086,#5099,#5112,
#5124,#5138,#5151,#5164,#5177,#5190,#5203,#5216,#5228,#5242,#5255,#5268,#5281,
#5294,#5307,#5320,#5332,#5346,#5359,#5372,#5385,#5398,#5411,#5424,#5436,#5450,
#5463,#5476,#5489,#5502,#5515,#5528,#5540,#5554,#5567,#5580,#5593,#5606,#5619,
#5632,#5644,#5658,#5671,#5684,#5697,#5710,#5723,#5736,#5748,#5762,#5775,#5788,
#5801,#5814,#5827,#5840,#5852,#5866,#5879,#5892,#5905,#5918,#5931,#5944,#5956,
#5970,#5983,#5996,#6009,#6024,#6039,#6054,#6068,#6083,#6098,#6113,#6172,#6186,
#6200,#6214,#6228,#6241,#6254,#6267,#6280,#6292,#6306,#6320,#6334,#6348,#6361,
#6374,#6387,#6400,#6413,#6426,#6440,#6454,#6468,#6482,#6495,#6546,#6559,#6574,
#6589,#6604,#6618,#6633,#6648,#6663,#6718,#6733,#6747,#6761,#6816,#6829,#6842,
#6857,#6872,#6887,#6901,#6916,#6931,#6987,#7002,#7016,#7030,#7044,#7058,#7112,
#7127,#7142,#7157,#7171,#7186,#7201,#7215,#7229,#7242,#7255,#7268,#7281,#7294,
#7307,#7322,#7337,#7538,#7553,#7567,#7581,#7595,#7609,#7623,#7637,#7650,#7843,
#7857,#7870,#7883,#7896,#7909,#7922,#7935,#7947,#7961,#7974,#7987,#8000,#8013,
#8026,#8039,#8051,#8065,#8078,#8091,#8104,#8117,#8130,#8143,#8155,#8169,#8182,
#8195,#8208,#8221,#8234,#8247,#8259,#8273,#8286,#8299,#8312,#8325,#8338,#8351,
#8363,#8377,#8390,#8403,#8416,#8429,#8442,#8455,#8467,#8481,#8494,#8507,#8520,
#8533,#8546,#8559,#8571,#8585,#8598,#8611,#8624,#8637,#8650,#8663,#8675,#8689,
#8702,#8715,#8728,#8742,#8755,#8769,#8782,#8795,#8807,#8820,#8834,#8846,#8860,
#8873,#8886,#8899,#8912,#8925,#8938,#8951,#8964,#8977,#8990,#9002,#9016,#9029,
#9042,#9055,#9068,#9080,#9093,#9106,#9118,#9130,#9144,#9157,#9171,#9184,#9197,
#9209,#9222,#9234,#9248,#9261,#9274,#9287,#9300,#9312,#9324,#9337,#9350,#9363,
#9376,#9389,#9401,#9414,#9427,#9440,#9453,#9466,#9478,#9491,#9504,#9516));
#9518=MANIFOLD_SOLID_BREP('',#9517);
#9520=DIMENSIONAL_EXPONENTS(0.E0,0.E0,0.E0,0.E0,0.E0,0.E0,0.E0);
#9522=PLANE_ANGLE_MEASURE_WITH_UNIT(PLANE_ANGLE_MEASURE(1.745329251994E-2),
#9521);
#9523=(CONVERSION_BASED_UNIT('DEGREE',#9522)NAMED_UNIT(*)PLANE_ANGLE_UNIT());
#9525=UNCERTAINTY_MEASURE_WITH_UNIT(LENGTH_MEASURE(1.326760524080E-1),#9519,
'closure',
'Maximum model space distance between geometric entities at asserted connectivities');
#9526=(GEOMETRIC_REPRESENTATION_CONTEXT(3)GLOBAL_UNCERTAINTY_ASSIGNED_CONTEXT((
#9525))GLOBAL_UNIT_ASSIGNED_CONTEXT((#9519,#9523,#9524))REPRESENTATION_CONTEXT(
'ID1','3'));
#9528=APPLICATION_CONTEXT(
'CONFIGURATION CONTROLLED 3D DESIGNS OF MECHANICAL PARTS AND ASSEMBLIES');
#9529=APPLICATION_PROTOCOL_DEFINITION('international standard',
'config_control_design',1994,#9528);
#9530=DESIGN_CONTEXT('',#9528,'design');
#9531=MECHANICAL_CONTEXT('',#9528,'mechanical');
#9532=PRODUCT('HXE26336','HXE26336','NOT SPECIFIED',(#9531));
#9533=PRODUCT_DEFINITION_FORMATION_WITH_SPECIFIED_SOURCE('1','LAST_VERSION',
#9532,.MADE.);
#9537=PRODUCT_CATEGORY('part','');
#9538=PRODUCT_RELATED_PRODUCT_CATEGORY('detail','',(#9532));
#9539=PRODUCT_CATEGORY_RELATIONSHIP('','',#9537,#9538);
#9540=SECURITY_CLASSIFICATION_LEVEL('unclassified');
#9541=SECURITY_CLASSIFICATION('','',#9540);
#9542=CC_DESIGN_SECURITY_CLASSIFICATION(#9541,(#9533));
#9543=APPROVAL_STATUS('approved');
#9544=APPROVAL(#9543,'');
#9545=CC_DESIGN_APPROVAL(#9544,(#9541,#9533,#9534));
#9546=CALENDAR_DATE(118,12,4);
#9547=COORDINATED_UNIVERSAL_TIME_OFFSET(3,0,.BEHIND.);
#9548=LOCAL_TIME(8,35,1.3E1,#9547);
#9549=DATE_AND_TIME(#9546,#9548);
#9550=APPROVAL_DATE_TIME(#9549,#9544);
#9551=DATE_TIME_ROLE('creation_date');
#9552=CC_DESIGN_DATE_AND_TIME_ASSIGNMENT(#9549,#9551,(#9534));
#9553=DATE_TIME_ROLE('classification_date');
#9554=CC_DESIGN_DATE_AND_TIME_ASSIGNMENT(#9549,#9553,(#9541));
#9555=PERSON('UNSPECIFIED','UNSPECIFIED',$,$,$,$);
#9556=ORGANIZATION('UNSPECIFIED','UNSPECIFIED','UNSPECIFIED');
#9557=PERSON_AND_ORGANIZATION(#9555,#9556);
#9558=APPROVAL_ROLE('approver');
#9559=APPROVAL_PERSON_ORGANIZATION(#9557,#9544,#9558);
#9560=PERSON_AND_ORGANIZATION_ROLE('creator');
#9561=CC_DESIGN_PERSON_AND_ORGANIZATION_ASSIGNMENT(#9557,#9560,(#9533,#9534));
#9562=PERSON_AND_ORGANIZATION_ROLE('design_supplier');
#9563=CC_DESIGN_PERSON_AND_ORGANIZATION_ASSIGNMENT(#9557,#9562,(#9533));
#9564=PERSON_AND_ORGANIZATION_ROLE('classification_officer');
#9565=CC_DESIGN_PERSON_AND_ORGANIZATION_ASSIGNMENT(#9557,#9564,(#9541));
#9566=PERSON_AND_ORGANIZATION_ROLE('design_owner');
#9567=CC_DESIGN_PERSON_AND_ORGANIZATION_ASSIGNMENT(#9557,#9566,(#9532));
#149=CIRCLE('',#148,1.E0);
#190=CIRCLE('',#189,1.E0);
#203=CIRCLE('',#202,1.E0);
#208=CIRCLE('',#207,1.E0);
#365=CIRCLE('',#364,1.E0);
#370=CIRCLE('',#369,1.E0);
#411=CIRCLE('',#410,1.E0);
#416=CIRCLE('',#415,1.E0);
#429=CIRCLE('',#428,1.E0);
#434=CIRCLE('',#433,1.E0);
#447=CIRCLE('',#446,1.E0);
#452=CIRCLE('',#451,1.E0);
#465=CIRCLE('',#464,1.E0);
#470=CIRCLE('',#469,1.E0);
#483=CIRCLE('',#482,1.E0);
#488=CIRCLE('',#487,1.E0);
#501=CIRCLE('',#500,1.E0);
#506=CIRCLE('',#505,1.E0);
#519=CIRCLE('',#518,1.E0);
#524=CIRCLE('',#523,1.E0);
#537=CIRCLE('',#536,1.E0);
#542=CIRCLE('',#541,1.E0);
#555=CIRCLE('',#554,1.E0);
#560=CIRCLE('',#559,1.E0);
#573=CIRCLE('',#572,1.E0);
#578=CIRCLE('',#577,1.E0);
#591=CIRCLE('',#590,1.E0);
#596=CIRCLE('',#595,1.E0);
#609=CIRCLE('',#608,1.E0);
#614=CIRCLE('',#613,1.E0);
#627=CIRCLE('',#626,1.E0);
#632=CIRCLE('',#631,1.E0);
#645=CIRCLE('',#644,1.E0);
#650=CIRCLE('',#649,1.E0);
#663=CIRCLE('',#662,1.E0);
#668=CIRCLE('',#667,1.E0);
#681=CIRCLE('',#680,1.E0);
#686=CIRCLE('',#685,1.E0);
#699=CIRCLE('',#698,1.E0);
#704=CIRCLE('',#703,1.E0);
#717=CIRCLE('',#716,1.E0);
#722=CIRCLE('',#721,1.E0);
#735=CIRCLE('',#734,1.E0);
#740=CIRCLE('',#739,1.E0);
#753=CIRCLE('',#752,1.E0);
#758=CIRCLE('',#757,1.E0);
#771=CIRCLE('',#770,1.E0);
#776=CIRCLE('',#775,1.E0);
#789=CIRCLE('',#788,1.E0);
#794=CIRCLE('',#793,1.E0);
#807=CIRCLE('',#806,1.E0);
#812=CIRCLE('',#811,1.E0);
#825=CIRCLE('',#824,1.E0);
#830=CIRCLE('',#829,1.E0);
#843=CIRCLE('',#842,1.E0);
#848=CIRCLE('',#847,1.E0);
#861=CIRCLE('',#860,1.E0);
#866=CIRCLE('',#865,1.E0);
#879=CIRCLE('',#878,1.E0);
#884=CIRCLE('',#883,1.E0);
#897=CIRCLE('',#896,1.E0);
#902=CIRCLE('',#901,1.E0);
#915=CIRCLE('',#914,1.E0);
#920=CIRCLE('',#919,1.E0);
#933=CIRCLE('',#932,1.E0);
#938=CIRCLE('',#937,1.E0);
#951=CIRCLE('',#950,1.E0);
#956=CIRCLE('',#955,1.E0);
#969=CIRCLE('',#968,1.E0);
#974=CIRCLE('',#973,1.E0);
#987=CIRCLE('',#986,1.E0);
#992=CIRCLE('',#991,1.E0);
#1005=CIRCLE('',#1004,1.E0);
#1010=CIRCLE('',#1009,1.E0);
#1023=CIRCLE('',#1022,1.E0);
#1028=CIRCLE('',#1027,1.E0);
#1065=CIRCLE('',#1064,5.5E0);
#1074=CIRCLE('',#1073,3.E0);
#1079=CIRCLE('',#1078,5.5E0);
#1088=CIRCLE('',#1087,5.5E0);
#1097=CIRCLE('',#1096,5.5E0);
#1102=CIRCLE('',#1101,5.5E0);
#1119=CIRCLE('',#1118,1.E0);
#1124=CIRCLE('',#1123,1.E0);
#1197=CIRCLE('',#1196,1.E0);
#1202=CIRCLE('',#1201,1.E0);
#1223=CIRCLE('',#1222,1.E0);
#1228=CIRCLE('',#1227,1.E0);
#1241=CIRCLE('',#1240,1.E0);
#1246=CIRCLE('',#1245,1.E0);
#1259=CIRCLE('',#1258,3.E0);
#1268=CIRCLE('',#1267,3.E0);
#1273=CIRCLE('',#1272,3.E0);
#1282=CIRCLE('',#1281,3.E0);
#1299=CIRCLE('',#1298,1.E0);
#1304=CIRCLE('',#1303,1.E0);
#1317=CIRCLE('',#1316,1.E0);
#1322=CIRCLE('',#1321,1.E0);
#1343=CIRCLE('',#1342,1.E0);
#1348=CIRCLE('',#1347,1.E0);
#1361=CIRCLE('',#1360,1.E0);
#1366=CIRCLE('',#1365,1.E0);
#1451=CIRCLE('',#1450,3.E0);
#1460=CIRCLE('',#1459,5.5E0);
#1465=CIRCLE('',#1464,3.E0);
#1474=CIRCLE('',#1473,3.E0);
#1483=CIRCLE('',#1482,3.E0);
#1488=CIRCLE('',#1487,3.E0);
#1505=CIRCLE('',#1504,1.E0);
#1510=CIRCLE('',#1509,1.E0);
#1583=CIRCLE('',#1582,1.E0);
#1588=CIRCLE('',#1587,1.E0);
#1657=CIRCLE('',#1656,1.E0);
#1662=CIRCLE('',#1661,1.E0);
#1679=CIRCLE('',#1678,3.E0);
#1684=CIRCLE('',#1683,3.E0);
#1693=CIRCLE('',#1692,3.E0);
#1702=CIRCLE('',#1701,3.E0);
#1787=CIRCLE('',#1786,1.E0);
#1792=CIRCLE('',#1791,1.E0);
#1805=CIRCLE('',#1804,1.E0);
#1810=CIRCLE('',#1809,1.E0);
#1879=CIRCLE('',#1878,3.E0);
#1888=CIRCLE('',#1887,3.E0);
#1897=CIRCLE('',#1896,3.E0);
#1906=CIRCLE('',#1905,3.E0);
#1915=CIRCLE('',#1914,5.5E0);
#1924=CIRCLE('',#1923,5.5E0);
#1933=CIRCLE('',#1932,5.5E0);
#1938=CIRCLE('',#1937,5.5E0);
#1955=CIRCLE('',#1954,1.E0);
#1960=CIRCLE('',#1959,1.E0);
#1973=CIRCLE('',#1972,1.E0);
#1978=CIRCLE('',#1977,1.E0);
#1999=CIRCLE('',#1998,1.E0);
#2004=CIRCLE('',#2003,1.E0);
#2153=CIRCLE('',#2152,1.E0);
#2162=CIRCLE('',#2161,1.E0);
#2199=CIRCLE('',#2198,1.E0);
#2204=CIRCLE('',#2203,1.E0);
#2217=CIRCLE('',#2216,1.E0);
#2222=CIRCLE('',#2221,1.E0);
#2235=CIRCLE('',#2234,1.E0);
#2240=CIRCLE('',#2239,1.E0);
#2253=CIRCLE('',#2252,1.E0);
#2258=CIRCLE('',#2257,1.E0);
#2407=CIRCLE('',#2406,1.E0);
#2436=CIRCLE('',#2435,1.E0);
#2453=CIRCLE('',#2452,1.E0);
#2458=CIRCLE('',#2457,1.E0);
#2471=CIRCLE('',#2470,1.E0);
#2476=CIRCLE('',#2475,1.E0);
#2489=CIRCLE('',#2488,1.E0);
#2494=CIRCLE('',#2493,1.E0);
#2507=CIRCLE('',#2506,1.E0);
#2512=CIRCLE('',#2511,1.E0);
#2525=CIRCLE('',#2524,1.E0);
#2530=CIRCLE('',#2529,1.E0);
#2543=CIRCLE('',#2542,1.E0);
#2548=CIRCLE('',#2547,1.E0);
#2561=CIRCLE('',#2560,1.E0);
#2566=CIRCLE('',#2565,1.E0);
#2579=CIRCLE('',#2578,1.E0);
#2584=CIRCLE('',#2583,1.E0);
#2597=CIRCLE('',#2596,1.E0);
#2602=CIRCLE('',#2601,1.E0);
#2615=CIRCLE('',#2614,1.E0);
#2620=CIRCLE('',#2619,1.E0);
#2633=CIRCLE('',#2632,1.E0);
#2638=CIRCLE('',#2637,1.E0);
#2651=CIRCLE('',#2650,1.E0);
#2656=CIRCLE('',#2655,1.E0);
#2669=CIRCLE('',#2668,1.E0);
#2674=CIRCLE('',#2673,1.E0);
#2687=CIRCLE('',#2686,1.E0);
#2692=CIRCLE('',#2691,1.E0);
#2705=CIRCLE('',#2704,1.E0);
#2710=CIRCLE('',#2709,1.E0);
#2723=CIRCLE('',#2722,1.E0);
#2728=CIRCLE('',#2727,1.E0);
#2741=CIRCLE('',#2740,1.E0);
#2746=CIRCLE('',#2745,1.E0);
#2759=CIRCLE('',#2758,1.E0);
#2764=CIRCLE('',#2763,1.E0);
#2777=CIRCLE('',#2776,1.E0);
#2782=CIRCLE('',#2781,1.E0);
#2795=CIRCLE('',#2794,1.E0);
#2800=CIRCLE('',#2799,1.E0);
#2813=CIRCLE('',#2812,1.E0);
#2818=CIRCLE('',#2817,1.E0);
#2831=CIRCLE('',#2830,1.E0);
#2836=CIRCLE('',#2835,1.E0);
#2849=CIRCLE('',#2848,1.E0);
#2854=CIRCLE('',#2853,1.E0);
#2867=CIRCLE('',#2866,1.E0);
#2872=CIRCLE('',#2871,1.E0);
#2885=CIRCLE('',#2884,1.E0);
#2890=CIRCLE('',#2889,1.E0);
#2903=CIRCLE('',#2902,1.E0);
#2908=CIRCLE('',#2907,1.E0);
#2921=CIRCLE('',#2920,1.E0);
#2926=CIRCLE('',#2925,1.E0);
#2939=CIRCLE('',#2938,1.E0);
#2944=CIRCLE('',#2943,1.E0);
#2957=CIRCLE('',#2956,1.E0);
#2962=CIRCLE('',#2961,1.E0);
#2975=CIRCLE('',#2974,1.E0);
#2980=CIRCLE('',#2979,1.E0);
#2993=CIRCLE('',#2992,1.E0);
#2998=CIRCLE('',#2997,1.E0);
#3011=CIRCLE('',#3010,1.E0);
#3016=CIRCLE('',#3015,1.E0);
#3037=CIRCLE('',#3036,5.5E0);
#3046=CIRCLE('',#3045,3.E0);
#3063=CIRCLE('',#3062,3.E0);
#3072=CIRCLE('',#3071,5.5E0);
#3089=CIRCLE('',#3088,3.E0);
#3098=CIRCLE('',#3097,5.5E0);
#3115=CIRCLE('',#3114,5.5E0);
#3124=CIRCLE('',#3123,3.E0);
#3141=CIRCLE('',#3140,5.5E0);
#3150=CIRCLE('',#3149,5.5E0);
#3155=CIRCLE('',#3154,5.5E0);
#3164=CIRCLE('',#3163,5.5E0);
#3181=CIRCLE('',#3180,1.E0);
#3186=CIRCLE('',#3185,1.E0);
#3199=CIRCLE('',#3198,1.E0);
#3204=CIRCLE('',#3203,1.E0);
#3225=CIRCLE('',#3224,1.E0);
#3230=CIRCLE('',#3229,1.E0);
#3243=CIRCLE('',#3242,1.E0);
#3248=CIRCLE('',#3247,1.E0);
#3269=CIRCLE('',#3268,1.E0);
#3274=CIRCLE('',#3273,1.E0);
#3287=CIRCLE('',#3286,1.E0);
#3292=CIRCLE('',#3291,1.E0);
#3313=CIRCLE('',#3312,1.E0);
#3318=CIRCLE('',#3317,1.E0);
#3331=CIRCLE('',#3330,5.5E0);
#3340=CIRCLE('',#3339,5.5E0);
#3349=CIRCLE('',#3348,5.5E0);
#3358=CIRCLE('',#3357,5.5E0);
#3387=CIRCLE('',#3386,3.E0);
#3396=CIRCLE('',#3395,5.5E0);
#3413=CIRCLE('',#3412,5.5E0);
#3422=CIRCLE('',#3421,3.E0);
#3471=CIRCLE('',#3470,1.E0);
#3476=CIRCLE('',#3475,1.E0);
#3489=CIRCLE('',#3488,1.E0);
#3494=CIRCLE('',#3493,1.E0);
#3507=CIRCLE('',#3506,1.E0);
#3512=CIRCLE('',#3511,1.E0);
#3525=CIRCLE('',#3524,1.E0);
#3530=CIRCLE('',#3529,1.E0);
#3555=CIRCLE('',#3554,1.E0);
#3560=CIRCLE('',#3559,1.E0);
#4614=EDGE_CURVE('',#4195,#4196,#149,.T.);
#4616=EDGE_CURVE('',#4232,#4195,#3136,.T.);
#4618=EDGE_CURVE('',#4356,#4232,#153,.T.);
#4620=EDGE_CURVE('',#4356,#4423,#157,.T.);
#4622=EDGE_CURVE('',#4419,#4423,#1241,.T.);
#4624=EDGE_CURVE('',#4415,#4419,#161,.T.);
#4626=EDGE_CURVE('',#4411,#4415,#1223,.T.);
#4628=EDGE_CURVE('',#4360,#4411,#165,.T.);
#4630=EDGE_CURVE('',#4364,#4360,#169,.T.);
#4632=EDGE_CURVE('',#4364,#4399,#173,.T.);
#4634=EDGE_CURVE('',#4395,#4399,#1317,.T.);
#4636=EDGE_CURVE('',#4391,#4395,#177,.T.);
#4638=EDGE_CURVE('',#4387,#4391,#1299,.T.);
#4640=EDGE_CURVE('',#4368,#4387,#181,.T.);
#4642=EDGE_CURVE('',#4228,#4368,#185,.T.);
#4644=EDGE_CURVE('',#4228,#4212,#1052,.T.);
#4646=EDGE_CURVE('',#4211,#4212,#190,.T.);
#4648=EDGE_CURVE('',#4211,#4196,#1036,.T.);
#4652=EDGE_CURVE('',#3719,#3691,#20,.T.);
#4654=EDGE_CURVE('',#3715,#3719,#519,.T.);
#4656=EDGE_CURVE('',#3711,#3715,#24,.T.);
#4658=EDGE_CURVE('',#3707,#3711,#465,.T.);
#4660=EDGE_CURVE('',#3703,#3707,#28,.T.);
#4662=EDGE_CURVE('',#3699,#3703,#483,.T.);
#4664=EDGE_CURVE('',#3695,#3699,#32,.T.);
#4666=EDGE_CURVE('',#3691,#3695,#501,.T.);
#4670=EDGE_CURVE('',#3759,#3763,#36,.T.);
#4672=EDGE_CURVE('',#3755,#3759,#537,.T.);
#4674=EDGE_CURVE('',#4055,#3755,#40,.T.);
#4676=EDGE_CURVE('',#4051,#4055,#591,.T.);
#4678=EDGE_CURVE('',#4047,#4051,#44,.T.);
#4680=EDGE_CURVE('',#4043,#4047,#573,.T.);
#4682=EDGE_CURVE('',#3767,#4043,#48,.T.);
#4684=EDGE_CURVE('',#3763,#3767,#555,.T.);
#4688=EDGE_CURVE('',#3791,#3779,#52,.T.);
#4690=EDGE_CURVE('',#3787,#3791,#609,.T.);
#4692=EDGE_CURVE('',#3799,#3787,#56,.T.);
#4694=EDGE_CURVE('',#3795,#3799,#663,.T.);
#4696=EDGE_CURVE('',#3775,#3795,#60,.T.);
#4698=EDGE_CURVE('',#3771,#3775,#645,.T.);
#4700=EDGE_CURVE('',#3783,#3771,#64,.T.);
#4702=EDGE_CURVE('',#3779,#3783,#627,.T.);
#4706=EDGE_CURVE('',#3895,#3883,#68,.T.);
#4708=EDGE_CURVE('',#3891,#3895,#735,.T.);
#4710=EDGE_CURVE('',#3871,#3891,#72,.T.);
#4712=EDGE_CURVE('',#3867,#3871,#681,.T.);
#4714=EDGE_CURVE('',#3879,#3867,#76,.T.);
#4716=EDGE_CURVE('',#3875,#3879,#699,.T.);
#4718=EDGE_CURVE('',#3887,#3875,#80,.T.);
#4720=EDGE_CURVE('',#3883,#3887,#717,.T.);
#4724=EDGE_CURVE('',#3943,#3931,#84,.T.);
#4726=EDGE_CURVE('',#3939,#3943,#753,.T.);
#4728=EDGE_CURVE('',#4191,#3939,#88,.T.);
#4730=EDGE_CURVE('',#4187,#4191,#807,.T.);
#4732=EDGE_CURVE('',#3927,#4187,#92,.T.);
#4734=EDGE_CURVE('',#3923,#3927,#789,.T.);
#4736=EDGE_CURVE('',#3935,#3923,#96,.T.);
#4738=EDGE_CURVE('',#3931,#3935,#771,.T.);
#4742=EDGE_CURVE('',#4039,#4011,#100,.T.);
#4744=EDGE_CURVE('',#4035,#4039,#879,.T.);
#4746=EDGE_CURVE('',#4031,#4035,#104,.T.);
#4748=EDGE_CURVE('',#4027,#4031,#825,.T.);
#4750=EDGE_CURVE('',#4023,#4027,#108,.T.);
#4752=EDGE_CURVE('',#4019,#4023,#843,.T.);
#4754=EDGE_CURVE('',#4015,#4019,#112,.T.);
#4756=EDGE_CURVE('',#4011,#4015,#861,.T.);
#4760=EDGE_CURVE('',#4119,#4091,#116,.T.);
#4762=EDGE_CURVE('',#4115,#4119,#951,.T.);
#4764=EDGE_CURVE('',#4111,#4115,#120,.T.);
#4766=EDGE_CURVE('',#4107,#4111,#897,.T.);
#4768=EDGE_CURVE('',#4103,#4107,#124,.T.);
#4770=EDGE_CURVE('',#4099,#4103,#915,.T.);
#4772=EDGE_CURVE('',#4095,#4099,#128,.T.);
#4774=EDGE_CURVE('',#4091,#4095,#933,.T.);
#4778=EDGE_CURVE('',#4183,#4155,#132,.T.);
#4780=EDGE_CURVE('',#4179,#4183,#1023,.T.);
#4782=EDGE_CURVE('',#4175,#4179,#136,.T.);
#4784=EDGE_CURVE('',#4171,#4175,#969,.T.);
#4786=EDGE_CURVE('',#4167,#4171,#140,.T.);
#4788=EDGE_CURVE('',#4163,#4167,#987,.T.);
#4790=EDGE_CURVE('',#4159,#4163,#144,.T.);
#4792=EDGE_CURVE('',#4155,#4159,#1005,.T.);
#4796=EDGE_CURVE('',#3623,#3899,#4,.T.);
#4798=EDGE_CURVE('',#3619,#3623,#203,.T.);
#4800=EDGE_CURVE('',#3919,#3619,#8,.T.);
#4802=EDGE_CURVE('',#3915,#3919,#447,.T.);
#4804=EDGE_CURVE('',#3911,#3915,#12,.T.);
#4806=EDGE_CURVE('',#3907,#3911,#429,.T.);
#4808=EDGE_CURVE('',#3903,#3907,#16,.T.);
#4810=EDGE_CURVE('',#3899,#3903,#411,.T.);
#4820=EDGE_CURVE('',#3623,#3624,#194,.T.);
#4823=EDGE_CURVE('',#3899,#3900,#198,.T.);
#4825=EDGE_CURVE('',#3624,#3900,#224,.T.);
#4835=EDGE_CURVE('',#3619,#3620,#212,.T.);
#4839=EDGE_CURVE('',#3624,#3620,#208,.T.);
#4850=EDGE_CURVE('',#3920,#3620,#220,.T.);
#4852=EDGE_CURVE('',#3919,#3920,#216,.T.);
#4863=EDGE_CURVE('',#4198,#4200,#365,.T.);
#4865=EDGE_CURVE('',#4216,#4198,#1044,.T.);
#4867=EDGE_CURVE('',#4214,#4216,#370,.T.);
#4869=EDGE_CURVE('',#4236,#4214,#1060,.T.);
#4871=EDGE_CURVE('',#4236,#4372,#374,.T.);
#4873=EDGE_CURVE('',#4372,#4388,#378,.T.);
#4875=EDGE_CURVE('',#4392,#4388,#1304,.T.);
#4877=EDGE_CURVE('',#4392,#4396,#382,.T.);
#4879=EDGE_CURVE('',#4400,#4396,#1322,.T.);
#4881=EDGE_CURVE('',#4378,#4400,#386,.T.);
#4883=EDGE_CURVE('',#4378,#4376,#390,.T.);
#4885=EDGE_CURVE('',#4376,#4412,#394,.T.);
#4887=EDGE_CURVE('',#4416,#4412,#1228,.T.);
#4889=EDGE_CURVE('',#4416,#4420,#398,.T.);
#4891=EDGE_CURVE('',#4424,#4420,#1246,.T.);
#4893=EDGE_CURVE('',#4384,#4424,#402,.T.);
#4895=EDGE_CURVE('',#4384,#4240,#406,.T.);
#4897=EDGE_CURVE('',#4240,#4200,#3132,.T.);
#4901=EDGE_CURVE('',#3712,#3716,#236,.T.);
#4903=EDGE_CURVE('',#3720,#3716,#524,.T.);
#4905=EDGE_CURVE('',#3720,#3692,#240,.T.);
#4907=EDGE_CURVE('',#3696,#3692,#506,.T.);
#4909=EDGE_CURVE('',#3696,#3700,#244,.T.);
#4911=EDGE_CURVE('',#3704,#3700,#488,.T.);
#4913=EDGE_CURVE('',#3704,#3708,#248,.T.);
#4915=EDGE_CURVE('',#3712,#3708,#470,.T.);
#4919=EDGE_CURVE('',#4056,#3756,#252,.T.);
#4921=EDGE_CURVE('',#3760,#3756,#542,.T.);
#4923=EDGE_CURVE('',#3760,#3764,#256,.T.);
#4925=EDGE_CURVE('',#3768,#3764,#560,.T.);
#4927=EDGE_CURVE('',#3768,#4044,#260,.T.);
#4929=EDGE_CURVE('',#4048,#4044,#578,.T.);
#4931=EDGE_CURVE('',#4048,#4052,#264,.T.);
#4933=EDGE_CURVE('',#4056,#4052,#596,.T.);
#4937=EDGE_CURVE('',#3800,#3788,#268,.T.);
#4939=EDGE_CURVE('',#3792,#3788,#614,.T.);
#4941=EDGE_CURVE('',#3792,#3780,#272,.T.);
#4943=EDGE_CURVE('',#3784,#3780,#632,.T.);
#4945=EDGE_CURVE('',#3784,#3772,#276,.T.);
#4947=EDGE_CURVE('',#3776,#3772,#650,.T.);
#4949=EDGE_CURVE('',#3776,#3796,#280,.T.);
#4951=EDGE_CURVE('',#3800,#3796,#668,.T.);
#4955=EDGE_CURVE('',#3872,#3892,#284,.T.);
#4957=EDGE_CURVE('',#3896,#3892,#740,.T.);
#4959=EDGE_CURVE('',#3896,#3884,#288,.T.);
#4961=EDGE_CURVE('',#3888,#3884,#722,.T.);
#4963=EDGE_CURVE('',#3888,#3876,#292,.T.);
#4965=EDGE_CURVE('',#3880,#3876,#704,.T.);
#4967=EDGE_CURVE('',#3880,#3868,#296,.T.);
#4969=EDGE_CURVE('',#3872,#3868,#686,.T.);
#4973=EDGE_CURVE('',#4192,#3940,#300,.T.);
#4975=EDGE_CURVE('',#3944,#3940,#758,.T.);
#4977=EDGE_CURVE('',#3944,#3932,#304,.T.);
#4979=EDGE_CURVE('',#3936,#3932,#776,.T.);
#4981=EDGE_CURVE('',#3936,#3924,#308,.T.);
#4983=EDGE_CURVE('',#3928,#3924,#794,.T.);
#4985=EDGE_CURVE('',#3928,#4188,#312,.T.);
#4987=EDGE_CURVE('',#4192,#4188,#812,.T.);
#4991=EDGE_CURVE('',#4032,#4036,#316,.T.);
#4993=EDGE_CURVE('',#4040,#4036,#884,.T.);
#4995=EDGE_CURVE('',#4040,#4012,#320,.T.);
#4997=EDGE_CURVE('',#4016,#4012,#866,.T.);
#4999=EDGE_CURVE('',#4016,#4020,#324,.T.);
#5001=EDGE_CURVE('',#4024,#4020,#848,.T.);
#5003=EDGE_CURVE('',#4024,#4028,#328,.T.);
#5005=EDGE_CURVE('',#4032,#4028,#830,.T.);
#5009=EDGE_CURVE('',#4112,#4116,#332,.T.);
#5011=EDGE_CURVE('',#4120,#4116,#956,.T.);
#5013=EDGE_CURVE('',#4120,#4092,#336,.T.);
#5015=EDGE_CURVE('',#4096,#4092,#938,.T.);
#5017=EDGE_CURVE('',#4096,#4100,#340,.T.);
#5019=EDGE_CURVE('',#4104,#4100,#920,.T.);
#5021=EDGE_CURVE('',#4104,#4108,#344,.T.);
#5023=EDGE_CURVE('',#4112,#4108,#902,.T.);
#5027=EDGE_CURVE('',#4176,#4180,#348,.T.);
#5029=EDGE_CURVE('',#4184,#4180,#1028,.T.);
#5031=EDGE_CURVE('',#4184,#4156,#352,.T.);
#5033=EDGE_CURVE('',#4160,#4156,#1010,.T.);
#5035=EDGE_CURVE('',#4160,#4164,#356,.T.);
#5037=EDGE_CURVE('',#4168,#4164,#992,.T.);
#5039=EDGE_CURVE('',#4168,#4172,#360,.T.);
#5041=EDGE_CURVE('',#4176,#4172,#974,.T.);
#5048=EDGE_CURVE('',#3904,#3900,#416,.T.);
#5050=EDGE_CURVE('',#3904,#3908,#228,.T.);
#5052=EDGE_CURVE('',#3912,#3908,#434,.T.);
#5054=EDGE_CURVE('',#3912,#3916,#232,.T.);
#5056=EDGE_CURVE('',#3920,#3916,#452,.T.);
#5068=EDGE_CURVE('',#3903,#3904,#420,.T.);
#5081=EDGE_CURVE('',#3907,#3908,#424,.T.);
#5094=EDGE_CURVE('',#3911,#3912,#438,.T.);
#5107=EDGE_CURVE('',#3915,#3916,#442,.T.);
#5130=EDGE_CURVE('',#3711,#3712,#456,.T.);
#5133=EDGE_CURVE('',#3715,#3716,#460,.T.);
#5144=EDGE_CURVE('',#3707,#3708,#478,.T.);
#5157=EDGE_CURVE('',#3703,#3704,#474,.T.);
#5170=EDGE_CURVE('',#3699,#3700,#496,.T.);
#5183=EDGE_CURVE('',#3695,#3696,#492,.T.);
#5196=EDGE_CURVE('',#3691,#3692,#510,.T.);
#5211=EDGE_CURVE('',#3719,#3720,#514,.T.);
#5234=EDGE_CURVE('',#3755,#3756,#528,.T.);
#5237=EDGE_CURVE('',#4055,#4056,#532,.T.);
#5250=EDGE_CURVE('',#3759,#3760,#546,.T.);
#5263=EDGE_CURVE('',#3763,#3764,#550,.T.);
#5276=EDGE_CURVE('',#3767,#3768,#564,.T.);
#5289=EDGE_CURVE('',#4043,#4044,#568,.T.);
#5302=EDGE_CURVE('',#4047,#4048,#582,.T.);
#5315=EDGE_CURVE('',#4051,#4052,#586,.T.);
#5338=EDGE_CURVE('',#3787,#3788,#600,.T.);
#5341=EDGE_CURVE('',#3799,#3800,#604,.T.);
#5354=EDGE_CURVE('',#3791,#3792,#622,.T.);
#5365=EDGE_CURVE('',#3779,#3780,#618,.T.);
#5380=EDGE_CURVE('',#3783,#3784,#640,.T.);
#5391=EDGE_CURVE('',#3771,#3772,#636,.T.);
#5406=EDGE_CURVE('',#3775,#3776,#654,.T.);
#5419=EDGE_CURVE('',#3795,#3796,#658,.T.);
#5442=EDGE_CURVE('',#3871,#3872,#672,.T.);
#5445=EDGE_CURVE('',#3891,#3892,#676,.T.);
#5456=EDGE_CURVE('',#3867,#3868,#690,.T.);
#5471=EDGE_CURVE('',#3879,#3880,#694,.T.);
#5482=EDGE_CURVE('',#3875,#3876,#708,.T.);
#5497=EDGE_CURVE('',#3887,#3888,#712,.T.);
#5508=EDGE_CURVE('',#3883,#3884,#726,.T.);
#5523=EDGE_CURVE('',#3895,#3896,#730,.T.);
#5546=EDGE_CURVE('',#3939,#3940,#744,.T.);
#5549=EDGE_CURVE('',#4191,#4192,#748,.T.);
#5562=EDGE_CURVE('',#3943,#3944,#766,.T.);
#5573=EDGE_CURVE('',#3931,#3932,#762,.T.);
#5588=EDGE_CURVE('',#3935,#3936,#784,.T.);
#5599=EDGE_CURVE('',#3923,#3924,#780,.T.);
#5614=EDGE_CURVE('',#3927,#3928,#798,.T.);
#5627=EDGE_CURVE('',#4187,#4188,#802,.T.);
#5650=EDGE_CURVE('',#4031,#4032,#816,.T.);
#5653=EDGE_CURVE('',#4035,#4036,#820,.T.);
#5664=EDGE_CURVE('',#4027,#4028,#838,.T.);
#5677=EDGE_CURVE('',#4023,#4024,#834,.T.);
#5690=EDGE_CURVE('',#4019,#4020,#856,.T.);
#5703=EDGE_CURVE('',#4015,#4016,#852,.T.);
#5716=EDGE_CURVE('',#4011,#4012,#870,.T.);
#5731=EDGE_CURVE('',#4039,#4040,#874,.T.);
#5754=EDGE_CURVE('',#4111,#4112,#888,.T.);
#5757=EDGE_CURVE('',#4115,#4116,#892,.T.);
#5768=EDGE_CURVE('',#4107,#4108,#910,.T.);
#5781=EDGE_CURVE('',#4103,#4104,#906,.T.);
#5794=EDGE_CURVE('',#4099,#4100,#928,.T.);
#5807=EDGE_CURVE('',#4095,#4096,#924,.T.);
#5820=EDGE_CURVE('',#4091,#4092,#942,.T.);
#5835=EDGE_CURVE('',#4119,#4120,#946,.T.);
#5858=EDGE_CURVE('',#4175,#4176,#960,.T.);
#5861=EDGE_CURVE('',#4179,#4180,#964,.T.);
#5872=EDGE_CURVE('',#4171,#4172,#982,.T.);
#5885=EDGE_CURVE('',#4167,#4168,#978,.T.);
#5898=EDGE_CURVE('',#4163,#4164,#1000,.T.);
#5911=EDGE_CURVE('',#4159,#4160,#996,.T.);
#5924=EDGE_CURVE('',#4155,#4156,#1014,.T.);
#5939=EDGE_CURVE('',#4183,#4184,#1018,.T.);
#5963=EDGE_CURVE('',#4198,#4196,#1032,.T.);
#5966=EDGE_CURVE('',#4200,#4195,#3128,.T.);
#5978=EDGE_CURVE('',#4216,#4211,#1040,.T.);
#5990=EDGE_CURVE('',#4214,#4212,#1048,.T.);
#6004=EDGE_CURVE('',#4228,#4236,#1056,.T.);
#6015=EDGE_CURVE('',#3580,#4228,#1065,.T.);
#6017=EDGE_CURVE('',#3580,#3604,#1069,.T.);
#6019=EDGE_CURVE('',#3604,#4236,#1074,.T.);
#6030=EDGE_CURVE('',#4355,#4356,#1079,.T.);
#6033=EDGE_CURVE('',#3592,#4232,#3115,.T.);
#6035=EDGE_CURVE('',#4355,#3592,#1083,.T.);
#6045=EDGE_CURVE('',#4359,#4360,#1088,.T.);
#6047=EDGE_CURVE('',#4362,#4359,#1092,.T.);
#6049=EDGE_CURVE('',#4362,#4364,#1097,.T.);
#6060=EDGE_CURVE('',#4367,#4368,#1102,.T.);
#6062=EDGE_CURVE('',#3580,#4367,#1106,.T.);
#6075=EDGE_CURVE('',#4355,#4383,#1110,.T.);
#6077=EDGE_CURVE('',#4383,#4384,#1282,.T.);
#6079=EDGE_CURVE('',#4356,#4384,#1254,.T.);
#6089=EDGE_CURVE('',#4435,#4436,#1114,.T.);
#6091=EDGE_CURVE('',#4383,#4436,#1378,.T.);
#6094=EDGE_CURVE('',#4355,#4435,#1132,.T.);
#6105=EDGE_CURVE('',#4435,#4439,#1119,.T.);
#6107=EDGE_CURVE('',#4439,#4440,#1192,.T.);
#6109=EDGE_CURVE('',#4440,#4436,#1124,.T.);
#6119=EDGE_CURVE('',#4439,#4427,#1128,.T.);
#6124=EDGE_CURVE('',#3591,#3592,#3102,.T.);
#6126=EDGE_CURVE('',#4324,#3591,#1136,.T.);
#6128=EDGE_CURVE('',#4324,#4599,#1140,.T.);
#6130=EDGE_CURVE('',#4595,#4599,#3287,.T.);
#6132=EDGE_CURVE('',#4591,#4595,#1144,.T.);
#6134=EDGE_CURVE('',#4587,#4591,#3269,.T.);
#6136=EDGE_CURVE('',#4328,#4587,#1148,.T.);
#6138=EDGE_CURVE('',#4332,#4328,#1152,.T.);
#6140=EDGE_CURVE('',#4332,#4567,#1156,.T.);
#6142=EDGE_CURVE('',#4563,#4567,#3199,.T.);
#6144=EDGE_CURVE('',#4559,#4563,#1160,.T.);
#6146=EDGE_CURVE('',#4555,#4559,#3181,.T.);
#6148=EDGE_CURVE('',#4336,#4555,#1164,.T.);
#6150=EDGE_CURVE('',#3579,#4336,#1168,.T.);
#6152=EDGE_CURVE('',#3579,#3580,#1438,.T.);
#6155=EDGE_CURVE('',#4367,#4519,#1172,.T.);
#6157=EDGE_CURVE('',#4515,#4519,#1361,.T.);
#6159=EDGE_CURVE('',#4511,#4515,#1176,.T.);
#6161=EDGE_CURVE('',#4507,#4511,#1343,.T.);
#6163=EDGE_CURVE('',#4362,#4507,#1180,.T.);
#6166=EDGE_CURVE('',#4359,#4431,#1184,.T.);
#6168=EDGE_CURVE('',#4427,#4431,#1197,.T.);
#6178=EDGE_CURVE('',#4427,#4428,#1188,.T.);
#6180=EDGE_CURVE('',#4440,#4428,#1382,.T.);
#6194=EDGE_CURVE('',#4431,#4432,#1206,.T.);
#6196=EDGE_CURVE('',#4432,#4428,#1202,.T.);
#6208=EDGE_CURVE('',#4359,#4375,#1210,.T.);
#6210=EDGE_CURVE('',#4375,#4432,#1386,.T.);
#6221=EDGE_CURVE('',#4360,#4376,#1214,.T.);
#6223=EDGE_CURVE('',#4375,#4376,#1268,.T.);
#6234=EDGE_CURVE('',#4411,#4412,#1218,.T.);
#6249=EDGE_CURVE('',#4415,#4416,#1232,.T.);
#6262=EDGE_CURVE('',#4419,#4420,#1236,.T.);
#6275=EDGE_CURVE('',#4423,#4424,#1250,.T.);
#6298=EDGE_CURVE('',#4371,#4372,#1259,.T.);
#6302=EDGE_CURVE('',#3604,#4371,#1263,.T.);
#6314=EDGE_CURVE('',#4380,#4378,#1273,.T.);
#6316=EDGE_CURVE('',#4380,#4375,#1277,.T.);
#6327=EDGE_CURVE('',#4383,#3616,#1286,.T.);
#6329=EDGE_CURVE('',#3616,#4240,#3124,.T.);
#6341=EDGE_CURVE('',#4368,#4372,#1290,.T.);
#6344=EDGE_CURVE('',#4367,#4371,#1374,.T.);
#6354=EDGE_CURVE('',#4387,#4388,#1294,.T.);
#6369=EDGE_CURVE('',#4391,#4392,#1308,.T.);
#6382=EDGE_CURVE('',#4395,#4396,#1312,.T.);
#6395=EDGE_CURVE('',#4399,#4400,#1326,.T.);
#6408=EDGE_CURVE('',#4364,#4378,#1330,.T.);
#6420=EDGE_CURVE('',#4362,#4380,#1334,.T.);
#6432=EDGE_CURVE('',#4507,#4508,#1338,.T.);
#6434=EDGE_CURVE('',#4380,#4508,#1390,.T.);
#6448=EDGE_CURVE('',#4511,#4512,#1352,.T.);
#6450=EDGE_CURVE('',#4512,#4508,#1348,.T.);
#6462=EDGE_CURVE('',#4515,#4516,#1356,.T.);
#6464=EDGE_CURVE('',#4512,#4516,#1394,.T.);
#6476=EDGE_CURVE('',#4519,#4520,#1370,.T.);
#6478=EDGE_CURVE('',#4520,#4516,#1366,.T.);
#6491=EDGE_CURVE('',#4371,#4520,#1398,.T.);
#6513=EDGE_CURVE('',#3603,#3604,#1446,.T.);
#6515=EDGE_CURVE('',#3603,#4340,#1402,.T.);
#6517=EDGE_CURVE('',#4340,#4556,#1406,.T.);
#6519=EDGE_CURVE('',#4560,#4556,#3186,.T.);
#6521=EDGE_CURVE('',#4560,#4564,#1410,.T.);
#6523=EDGE_CURVE('',#4568,#4564,#3204,.T.);
#6525=EDGE_CURVE('',#4346,#4568,#1414,.T.);
#6527=EDGE_CURVE('',#4346,#4344,#1418,.T.);
#6529=EDGE_CURVE('',#4344,#4588,#1422,.T.);
#6531=EDGE_CURVE('',#4592,#4588,#3274,.T.);
#6533=EDGE_CURVE('',#4592,#4596,#1426,.T.);
#6535=EDGE_CURVE('',#4600,#4596,#3292,.T.);
#6537=EDGE_CURVE('',#4352,#4600,#1430,.T.);
#6539=EDGE_CURVE('',#4352,#3615,#1434,.T.);
#6541=EDGE_CURVE('',#3615,#3616,#3110,.T.);
#6553=EDGE_CURVE('',#3579,#3603,#1442,.T.);
#6565=EDGE_CURVE('',#3576,#3579,#1451,.T.);
#6567=EDGE_CURVE('',#3576,#3600,#1455,.T.);
#6569=EDGE_CURVE('',#3600,#3603,#1460,.T.);
#6580=EDGE_CURVE('',#4323,#4324,#1465,.T.);
#6583=EDGE_CURVE('',#3588,#3591,#3089,.T.);
#6585=EDGE_CURVE('',#4323,#3588,#1469,.T.);
#6595=EDGE_CURVE('',#4327,#4328,#1474,.T.);
#6597=EDGE_CURVE('',#4330,#4327,#1478,.T.);
#6599=EDGE_CURVE('',#4330,#4332,#1483,.T.);
#6610=EDGE_CURVE('',#4335,#4336,#1488,.T.);
#6612=EDGE_CURVE('',#3576,#4335,#1492,.T.);
#6625=EDGE_CURVE('',#4323,#4351,#1496,.T.);
#6627=EDGE_CURVE('',#4351,#4352,#3164,.T.);
#6629=EDGE_CURVE('',#4324,#4352,#3300,.T.);
#6639=EDGE_CURVE('',#4603,#4604,#1500,.T.);
#6641=EDGE_CURVE('',#4351,#4604,#1612,.T.);
#6644=EDGE_CURVE('',#4323,#4603,#1562,.T.);
#6655=EDGE_CURVE('',#4603,#4607,#1505,.T.);
#6657=EDGE_CURVE('',#4607,#4608,#3326,.T.);
#6659=EDGE_CURVE('',#4608,#4604,#1510,.T.);
#6669=EDGE_CURVE('',#4479,#4483,#1514,.T.);
#6671=EDGE_CURVE('',#4475,#4479,#1583,.T.);
#6673=EDGE_CURVE('',#4306,#4475,#1518,.T.);
#6675=EDGE_CURVE('',#4278,#4306,#1522,.T.);
#6677=EDGE_CURVE('',#4278,#4276,#1526,.T.);
#6679=EDGE_CURVE('',#4275,#4276,#1530,.T.);
#6681=EDGE_CURVE('',#4280,#4275,#1534,.T.);
#6683=EDGE_CURVE('',#3575,#4280,#1538,.T.);
#6685=EDGE_CURVE('',#3575,#3576,#3446,.T.);
#6688=EDGE_CURVE('',#4335,#4583,#1542,.T.);
#6690=EDGE_CURVE('',#4579,#4583,#3243,.T.);
#6692=EDGE_CURVE('',#4575,#4579,#1546,.T.);
#6694=EDGE_CURVE('',#4571,#4575,#3225,.T.);
#6696=EDGE_CURVE('',#4330,#4571,#1550,.T.);
#6699=EDGE_CURVE('',#4327,#4407,#1554,.T.);
#6701=EDGE_CURVE('',#4403,#4407,#3313,.T.);
#6703=EDGE_CURVE('',#4607,#4403,#1558,.T.);
#6708=EDGE_CURVE('',#3587,#3588,#3076,.T.);
#6710=EDGE_CURVE('',#4312,#3587,#1566,.T.);
#6712=EDGE_CURVE('',#4312,#4487,#1570,.T.);
#6714=EDGE_CURVE('',#4483,#4487,#1657,.T.);
#6724=EDGE_CURVE('',#4479,#4480,#1574,.T.);
#6727=EDGE_CURVE('',#4483,#4484,#1578,.T.);
#6729=EDGE_CURVE('',#4480,#4484,#1600,.T.);
#6739=EDGE_CURVE('',#4475,#4476,#1592,.T.);
#6743=EDGE_CURVE('',#4480,#4476,#1588,.T.);
#6754=EDGE_CURVE('',#4320,#4476,#1596,.T.);
#6756=EDGE_CURVE('',#4306,#4320,#3458,.T.);
#6770=EDGE_CURVE('',#4488,#4484,#1662,.T.);
#6772=EDGE_CURVE('',#4316,#4488,#1604,.T.);
#6774=EDGE_CURVE('',#4316,#3611,#1608,.T.);
#6776=EDGE_CURVE('',#3611,#3612,#3084,.T.);
#6778=EDGE_CURVE('',#4351,#3612,#3168,.T.);
#6782=EDGE_CURVE('',#4608,#4404,#1616,.T.);
#6784=EDGE_CURVE('',#4408,#4404,#3318,.T.);
#6786=EDGE_CURVE('',#4343,#4408,#1620,.T.);
#6788=EDGE_CURVE('',#4348,#4343,#3159,.T.);
#6790=EDGE_CURVE('',#4348,#4572,#1624,.T.);
#6792=EDGE_CURVE('',#4576,#4572,#3230,.T.);
#6794=EDGE_CURVE('',#4576,#4580,#1628,.T.);
#6796=EDGE_CURVE('',#4584,#4580,#3248,.T.);
#6798=EDGE_CURVE('',#4339,#4584,#1632,.T.);
#6800=EDGE_CURVE('',#3600,#4339,#3145,.T.);
#6802=EDGE_CURVE('',#3599,#3600,#3454,.T.);
#6804=EDGE_CURVE('',#3599,#4296,#1636,.T.);
#6806=EDGE_CURVE('',#4296,#4291,#1640,.T.);
#6808=EDGE_CURVE('',#4291,#4292,#1644,.T.);
#6810=EDGE_CURVE('',#4294,#4292,#1648,.T.);
#6812=EDGE_CURVE('',#4294,#4320,#1652,.T.);
#6824=EDGE_CURVE('',#4487,#4488,#1666,.T.);
#6837=EDGE_CURVE('',#4312,#4316,#1670,.T.);
#6848=EDGE_CURVE('',#4311,#4312,#1702,.T.);
#6850=EDGE_CURVE('',#4311,#4315,#1674,.T.);
#6852=EDGE_CURVE('',#4315,#4316,#3331,.T.);
#6863=EDGE_CURVE('',#4267,#4278,#1679,.T.);
#6866=EDGE_CURVE('',#4308,#4306,#1684,.T.);
#6868=EDGE_CURVE('',#4267,#4308,#1688,.T.);
#6878=EDGE_CURVE('',#4272,#4280,#1693,.T.);
#6880=EDGE_CURVE('',#3572,#4272,#1697,.T.);
#6882=EDGE_CURVE('',#3572,#3575,#3387,.T.);
#6895=EDGE_CURVE('',#3584,#3587,#3063,.T.);
#6897=EDGE_CURVE('',#4311,#3584,#1706,.T.);
#6908=EDGE_CURVE('',#4267,#4283,#1710,.T.);
#6910=EDGE_CURVE('',#4283,#4294,#3349,.T.);
#6912=EDGE_CURVE('',#4278,#4294,#3374,.T.);
#6922=EDGE_CURVE('',#4267,#4268,#1758,.T.);
#6924=EDGE_CURVE('',#4268,#4284,#1714,.T.);
#6926=EDGE_CURVE('',#4283,#4284,#1842,.T.);
#6937=EDGE_CURVE('',#4300,#4455,#1718,.T.);
#6939=EDGE_CURVE('',#4451,#4455,#1787,.T.);
#6941=EDGE_CURVE('',#4447,#4451,#1722,.T.);
#6943=EDGE_CURVE('',#4443,#4447,#1805,.T.);
#6945=EDGE_CURVE('',#4244,#4443,#1726,.T.);
#6947=EDGE_CURVE('',#4243,#4244,#1730,.T.);
#6949=EDGE_CURVE('',#4243,#4535,#1734,.T.);
#6951=EDGE_CURVE('',#4531,#4535,#1973,.T.);
#6953=EDGE_CURVE('',#4527,#4531,#1738,.T.);
#6955=EDGE_CURVE('',#4523,#4527,#1955,.T.);
#6957=EDGE_CURVE('',#4252,#4523,#1742,.T.);
#6959=EDGE_CURVE('',#3571,#4252,#1746,.T.);
#6961=EDGE_CURVE('',#3571,#3572,#3400,.T.);
#6964=EDGE_CURVE('',#4272,#4270,#1750,.T.);
#6966=EDGE_CURVE('',#4268,#4270,#1754,.T.);
#6970=EDGE_CURVE('',#4308,#4503,#1762,.T.);
#6972=EDGE_CURVE('',#4499,#4503,#3471,.T.);
#6974=EDGE_CURVE('',#4495,#4499,#1766,.T.);
#6976=EDGE_CURVE('',#4491,#4495,#3489,.T.);
#6978=EDGE_CURVE('',#4311,#4491,#1770,.T.);
#6981=EDGE_CURVE('',#3583,#3584,#3050,.T.);
#6983=EDGE_CURVE('',#4300,#3583,#1774,.T.);
#6993=EDGE_CURVE('',#4455,#4456,#1778,.T.);
#6996=EDGE_CURVE('',#4300,#4304,#1782,.T.);
#6998=EDGE_CURVE('',#4304,#4456,#1822,.T.);
#7008=EDGE_CURVE('',#4451,#4452,#1800,.T.);
#7012=EDGE_CURVE('',#4456,#4452,#1792,.T.);
#7022=EDGE_CURVE('',#4447,#4448,#1796,.T.);
#7026=EDGE_CURVE('',#4448,#4452,#1818,.T.);
#7036=EDGE_CURVE('',#4443,#4444,#1814,.T.);
#7040=EDGE_CURVE('',#4448,#4444,#1810,.T.);
#7051=EDGE_CURVE('',#4264,#4444,#1874,.T.);
#7053=EDGE_CURVE('',#4244,#4264,#3542,.T.);
#7067=EDGE_CURVE('',#4304,#3607,#1826,.T.);
#7069=EDGE_CURVE('',#3607,#3608,#3058,.T.);
#7071=EDGE_CURVE('',#4315,#3608,#3335,.T.);
#7073=EDGE_CURVE('',#4315,#4492,#1830,.T.);
#7075=EDGE_CURVE('',#4496,#4492,#3494,.T.);
#7077=EDGE_CURVE('',#4496,#4500,#1834,.T.);
#7079=EDGE_CURVE('',#4504,#4500,#3476,.T.);
#7081=EDGE_CURVE('',#4318,#4504,#1838,.T.);
#7083=EDGE_CURVE('',#4283,#4318,#3353,.T.);
#7086=EDGE_CURVE('',#4284,#4286,#1846,.T.);
#7088=EDGE_CURVE('',#4288,#4286,#1850,.T.);
#7090=EDGE_CURVE('',#3596,#4288,#3344,.T.);
#7092=EDGE_CURVE('',#3595,#3596,#3408,.T.);
#7094=EDGE_CURVE('',#3595,#4254,#1854,.T.);
#7096=EDGE_CURVE('',#4254,#4524,#1858,.T.);
#7098=EDGE_CURVE('',#4528,#4524,#1960,.T.);
#7100=EDGE_CURVE('',#4528,#4532,#1862,.T.);
#7102=EDGE_CURVE('',#4536,#4532,#1978,.T.);
#7104=EDGE_CURVE('',#4263,#4536,#1866,.T.);
#7106=EDGE_CURVE('',#4263,#4264,#1870,.T.);
#7118=EDGE_CURVE('',#4303,#4304,#1879,.T.);
#7120=EDGE_CURVE('',#4303,#4238,#1883,.T.);
#7122=EDGE_CURVE('',#4238,#3607,#3046,.T.);
#7134=EDGE_CURVE('',#4259,#4263,#1888,.T.);
#7136=EDGE_CURVE('',#4259,#4260,#1892,.T.);
#7138=EDGE_CURVE('',#4260,#4264,#1897,.T.);
#7149=EDGE_CURVE('',#4234,#3595,#3422,.T.);
#7151=EDGE_CURVE('',#4234,#4256,#1901,.T.);
#7153=EDGE_CURVE('',#4256,#4254,#1906,.T.);
#7163=EDGE_CURVE('',#4299,#4300,#1938,.T.);
#7165=EDGE_CURVE('',#4299,#4303,#1910,.T.);
#7178=EDGE_CURVE('',#4250,#4252,#1915,.T.);
#7180=EDGE_CURVE('',#4226,#4250,#1919,.T.);
#7182=EDGE_CURVE('',#4226,#3571,#3413,.T.);
#7193=EDGE_CURVE('',#4248,#4244,#1924,.T.);
#7195=EDGE_CURVE('',#4247,#4248,#1928,.T.);
#7197=EDGE_CURVE('',#4247,#4243,#1933,.T.);
#7209=EDGE_CURVE('',#4230,#3583,#3037,.T.);
#7211=EDGE_CURVE('',#4299,#4230,#1942,.T.);
#7222=EDGE_CURVE('',#4252,#4254,#1946,.T.);
#7225=EDGE_CURVE('',#4250,#4256,#3568,.T.);
#7235=EDGE_CURVE('',#4523,#4524,#1950,.T.);
#7250=EDGE_CURVE('',#4527,#4528,#1964,.T.);
#7263=EDGE_CURVE('',#4531,#4532,#1968,.T.);
#7276=EDGE_CURVE('',#4535,#4536,#1982,.T.);
#7289=EDGE_CURVE('',#4243,#4263,#1986,.T.);
#7301=EDGE_CURVE('',#4247,#4259,#1990,.T.);
#7313=EDGE_CURVE('',#4539,#4540,#1994,.T.);
#7315=EDGE_CURVE('',#4259,#4540,#2423,.T.);
#7318=EDGE_CURVE('',#4247,#4539,#2174,.T.);
#7329=EDGE_CURVE('',#4539,#4543,#1999,.T.);
#7331=EDGE_CURVE('',#4543,#4544,#3546,.T.);
#7333=EDGE_CURVE('',#4544,#4540,#2004,.T.);
#7343=EDGE_CURVE('',#4203,#4204,#2153,.T.);
#7345=EDGE_CURVE('',#4220,#4203,#2157,.T.);
#7347=EDGE_CURVE('',#4219,#4220,#2162,.T.);
#7349=EDGE_CURVE('',#4219,#4226,#3434,.T.);
#7352=EDGE_CURVE('',#4250,#4551,#2166,.T.);
#7354=EDGE_CURVE('',#4547,#4551,#3555,.T.);
#7356=EDGE_CURVE('',#4543,#4547,#2170,.T.);
#7361=EDGE_CURVE('',#4248,#4471,#2178,.T.);
#7363=EDGE_CURVE('',#4467,#4471,#3525,.T.);
#7365=EDGE_CURVE('',#4463,#4467,#2182,.T.);
#7367=EDGE_CURVE('',#4459,#4463,#3507,.T.);
#7369=EDGE_CURVE('',#4299,#4459,#2186,.T.);
#7372=EDGE_CURVE('',#4204,#4230,#3024,.T.);
#7376=EDGE_CURVE('',#3687,#3675,#2024,.T.);
#7378=EDGE_CURVE('',#3683,#3687,#2507,.T.);
#7380=EDGE_CURVE('',#3663,#3683,#2028,.T.);
#7382=EDGE_CURVE('',#3659,#3663,#2453,.T.);
#7384=EDGE_CURVE('',#3671,#3659,#2032,.T.);
#7386=EDGE_CURVE('',#3667,#3671,#2471,.T.);
#7388=EDGE_CURVE('',#3679,#3667,#2036,.T.);
#7390=EDGE_CURVE('',#3675,#3679,#2489,.T.);
#7394=EDGE_CURVE('',#3751,#3739,#2040,.T.);
#7396=EDGE_CURVE('',#3747,#3751,#2579,.T.);
#7398=EDGE_CURVE('',#3727,#3747,#2044,.T.);
#7400=EDGE_CURVE('',#3723,#3727,#2525,.T.);
#7402=EDGE_CURVE('',#3735,#3723,#2048,.T.);
#7404=EDGE_CURVE('',#3731,#3735,#2543,.T.);
#7406=EDGE_CURVE('',#3743,#3731,#2052,.T.);
#7408=EDGE_CURVE('',#3739,#3743,#2561,.T.);
#7412=EDGE_CURVE('',#3831,#3819,#2056,.T.);
#7414=EDGE_CURVE('',#3827,#3831,#2651,.T.);
#7416=EDGE_CURVE('',#3807,#3827,#2060,.T.);
#7418=EDGE_CURVE('',#3803,#3807,#2597,.T.);
#7420=EDGE_CURVE('',#3815,#3803,#2064,.T.);
#7422=EDGE_CURVE('',#3811,#3815,#2615,.T.);
#7424=EDGE_CURVE('',#3823,#3811,#2068,.T.);
#7426=EDGE_CURVE('',#3819,#3823,#2633,.T.);
#7430=EDGE_CURVE('',#3847,#3851,#2072,.T.);
#7432=EDGE_CURVE('',#3843,#3847,#2723,.T.);
#7434=EDGE_CURVE('',#3839,#3843,#2076,.T.);
#7436=EDGE_CURVE('',#3835,#3839,#2669,.T.);
#7438=EDGE_CURVE('',#3863,#3835,#2080,.T.);
#7440=EDGE_CURVE('',#3859,#3863,#2687,.T.);
#7442=EDGE_CURVE('',#3855,#3859,#2084,.T.);
#7444=EDGE_CURVE('',#3851,#3855,#2705,.T.);
#7448=EDGE_CURVE('',#3967,#3947,#2088,.T.);
#7450=EDGE_CURVE('',#3963,#3967,#2741,.T.);
#7452=EDGE_CURVE('',#3975,#3963,#2092,.T.);
#7454=EDGE_CURVE('',#3971,#3975,#2795,.T.);
#7456=EDGE_CURVE('',#3959,#3971,#2096,.T.);
#7458=EDGE_CURVE('',#3955,#3959,#2777,.T.);
#7460=EDGE_CURVE('',#3951,#3955,#2100,.T.);
#7462=EDGE_CURVE('',#3947,#3951,#2759,.T.);
#7466=EDGE_CURVE('',#4007,#3995,#2104,.T.);
#7468=EDGE_CURVE('',#4003,#4007,#2867,.T.);
#7470=EDGE_CURVE('',#3983,#4003,#2108,.T.);
#7472=EDGE_CURVE('',#3979,#3983,#2813,.T.);
#7474=EDGE_CURVE('',#3991,#3979,#2112,.T.);
#7476=EDGE_CURVE('',#3987,#3991,#2831,.T.);
#7478=EDGE_CURVE('',#3999,#3987,#2116,.T.);
#7480=EDGE_CURVE('',#3995,#3999,#2849,.T.);
#7484=EDGE_CURVE('',#4087,#4075,#2120,.T.);
#7486=EDGE_CURVE('',#4083,#4087,#2939,.T.);
#7488=EDGE_CURVE('',#4063,#4083,#2124,.T.);
#7490=EDGE_CURVE('',#4059,#4063,#2885,.T.);
#7492=EDGE_CURVE('',#4071,#4059,#2128,.T.);
#7494=EDGE_CURVE('',#4067,#4071,#2903,.T.);
#7496=EDGE_CURVE('',#4079,#4067,#2132,.T.);
#7498=EDGE_CURVE('',#4075,#4079,#2921,.T.);
#7502=EDGE_CURVE('',#4151,#4139,#2136,.T.);
#7504=EDGE_CURVE('',#4147,#4151,#3011,.T.);
#7506=EDGE_CURVE('',#4127,#4147,#2140,.T.);
#7508=EDGE_CURVE('',#4123,#4127,#2957,.T.);
#7510=EDGE_CURVE('',#4135,#4123,#2144,.T.);
#7512=EDGE_CURVE('',#4131,#4135,#2975,.T.);
#7514=EDGE_CURVE('',#4143,#4131,#2148,.T.);
#7516=EDGE_CURVE('',#4139,#4143,#2993,.T.);
#7520=EDGE_CURVE('',#3655,#3627,#2008,.T.);
#7522=EDGE_CURVE('',#3651,#3655,#2253,.T.);
#7524=EDGE_CURVE('',#3647,#3651,#2012,.T.);
#7526=EDGE_CURVE('',#3643,#3647,#2235,.T.);
#7528=EDGE_CURVE('',#3639,#3643,#2016,.T.);
#7530=EDGE_CURVE('',#3635,#3639,#2217,.T.);
#7532=EDGE_CURVE('',#3631,#3635,#2020,.T.);
#7534=EDGE_CURVE('',#3627,#3631,#2199,.T.);
#7544=EDGE_CURVE('',#3627,#3628,#2190,.T.);
#7546=EDGE_CURVE('',#3656,#3628,#2266,.T.);
#7548=EDGE_CURVE('',#3655,#3656,#2194,.T.);
#7561=EDGE_CURVE('',#3631,#3632,#2208,.T.);
#7563=EDGE_CURVE('',#3632,#3628,#2204,.T.);
#7575=EDGE_CURVE('',#3635,#3636,#2212,.T.);
#7577=EDGE_CURVE('',#3632,#3636,#2270,.T.);
#7589=EDGE_CURVE('',#3639,#3640,#2226,.T.);
#7591=EDGE_CURVE('',#3640,#3636,#2222,.T.);
#7603=EDGE_CURVE('',#3643,#3644,#2230,.T.);
#7605=EDGE_CURVE('',#3640,#3644,#2274,.T.);
#7617=EDGE_CURVE('',#3647,#3648,#2244,.T.);
#7619=EDGE_CURVE('',#3648,#3644,#2240,.T.);
#7631=EDGE_CURVE('',#3651,#3652,#2248,.T.);
#7633=EDGE_CURVE('',#3648,#3652,#2262,.T.);
#7646=EDGE_CURVE('',#3656,#3652,#2258,.T.);
#7656=EDGE_CURVE('',#4206,#4208,#2407,.T.);
#7658=EDGE_CURVE('',#4206,#4238,#3032,.T.);
#7661=EDGE_CURVE('',#4303,#4460,#2411,.T.);
#7663=EDGE_CURVE('',#4464,#4460,#3512,.T.);
#7665=EDGE_CURVE('',#4464,#4468,#2415,.T.);
#7667=EDGE_CURVE('',#4472,#4468,#3530,.T.);
#7669=EDGE_CURVE('',#4260,#4472,#2419,.T.);
#7674=EDGE_CURVE('',#4544,#4548,#2427,.T.);
#7676=EDGE_CURVE('',#4552,#4548,#3560,.T.);
#7678=EDGE_CURVE('',#4256,#4552,#2431,.T.);
#7681=EDGE_CURVE('',#4224,#4234,#3430,.T.);
#7683=EDGE_CURVE('',#4222,#4224,#2436,.T.);
#7685=EDGE_CURVE('',#4222,#4208,#2440,.T.);
#7689=EDGE_CURVE('',#3664,#3684,#2278,.T.);
#7691=EDGE_CURVE('',#3688,#3684,#2512,.T.);
#7693=EDGE_CURVE('',#3688,#3676,#2282,.T.);
#7695=EDGE_CURVE('',#3680,#3676,#2494,.T.);
#7697=EDGE_CURVE('',#3680,#3668,#2286,.T.);
#7699=EDGE_CURVE('',#3672,#3668,#2476,.T.);
#7701=EDGE_CURVE('',#3672,#3660,#2290,.T.);
#7703=EDGE_CURVE('',#3664,#3660,#2458,.T.);
#7707=EDGE_CURVE('',#3728,#3748,#2294,.T.);
#7709=EDGE_CURVE('',#3752,#3748,#2584,.T.);
#7711=EDGE_CURVE('',#3752,#3740,#2298,.T.);
#7713=EDGE_CURVE('',#3744,#3740,#2566,.T.);
#7715=EDGE_CURVE('',#3744,#3732,#2302,.T.);
#7717=EDGE_CURVE('',#3736,#3732,#2548,.T.);
#7719=EDGE_CURVE('',#3736,#3724,#2306,.T.);
#7721=EDGE_CURVE('',#3728,#3724,#2530,.T.);
#7725=EDGE_CURVE('',#3808,#3828,#2310,.T.);
#7727=EDGE_CURVE('',#3832,#3828,#2656,.T.);
#7729=EDGE_CURVE('',#3832,#3820,#2314,.T.);
#7731=EDGE_CURVE('',#3824,#3820,#2638,.T.);
#7733=EDGE_CURVE('',#3824,#3812,#2318,.T.);
#7735=EDGE_CURVE('',#3816,#3812,#2620,.T.);
#7737=EDGE_CURVE('',#3816,#3804,#2322,.T.);
#7739=EDGE_CURVE('',#3808,#3804,#2602,.T.);
#7743=EDGE_CURVE('',#3840,#3844,#2326,.T.);
#7745=EDGE_CURVE('',#3848,#3844,#2728,.T.);
#7747=EDGE_CURVE('',#3848,#3852,#2330,.T.);
#7749=EDGE_CURVE('',#3856,#3852,#2710,.T.);
#7751=EDGE_CURVE('',#3856,#3860,#2334,.T.);
#7753=EDGE_CURVE('',#3864,#3860,#2692,.T.);
#7755=EDGE_CURVE('',#3864,#3836,#2338,.T.);
#7757=EDGE_CURVE('',#3840,#3836,#2674,.T.);
#7761=EDGE_CURVE('',#3976,#3964,#2342,.T.);
#7763=EDGE_CURVE('',#3968,#3964,#2746,.T.);
#7765=EDGE_CURVE('',#3968,#3948,#2346,.T.);
#7767=EDGE_CURVE('',#3952,#3948,#2764,.T.);
#7769=EDGE_CURVE('',#3952,#3956,#2350,.T.);
#7771=EDGE_CURVE('',#3960,#3956,#2782,.T.);
#7773=EDGE_CURVE('',#3960,#3972,#2354,.T.);
#7775=EDGE_CURVE('',#3976,#3972,#2800,.T.);
#7779=EDGE_CURVE('',#3984,#4004,#2358,.T.);
#7781=EDGE_CURVE('',#4008,#4004,#2872,.T.);
#7783=EDGE_CURVE('',#4008,#3996,#2362,.T.);
#7785=EDGE_CURVE('',#4000,#3996,#2854,.T.);
#7787=EDGE_CURVE('',#4000,#3988,#2366,.T.);
#7789=EDGE_CURVE('',#3992,#3988,#2836,.T.);
#7791=EDGE_CURVE('',#3992,#3980,#2370,.T.);
#7793=EDGE_CURVE('',#3984,#3980,#2818,.T.);
#7797=EDGE_CURVE('',#4064,#4084,#2374,.T.);
#7799=EDGE_CURVE('',#4088,#4084,#2944,.T.);
#7801=EDGE_CURVE('',#4088,#4076,#2378,.T.);
#7803=EDGE_CURVE('',#4080,#4076,#2926,.T.);
#7805=EDGE_CURVE('',#4080,#4068,#2382,.T.);
#7807=EDGE_CURVE('',#4072,#4068,#2908,.T.);
#7809=EDGE_CURVE('',#4072,#4060,#2386,.T.);
#7811=EDGE_CURVE('',#4064,#4060,#2890,.T.);
#7815=EDGE_CURVE('',#4128,#4148,#2390,.T.);
#7817=EDGE_CURVE('',#4152,#4148,#3016,.T.);
#7819=EDGE_CURVE('',#4152,#4140,#2394,.T.);
#7821=EDGE_CURVE('',#4144,#4140,#2998,.T.);
#7823=EDGE_CURVE('',#4144,#4132,#2398,.T.);
#7825=EDGE_CURVE('',#4136,#4132,#2980,.T.);
#7827=EDGE_CURVE('',#4136,#4124,#2402,.T.);
#7829=EDGE_CURVE('',#4128,#4124,#2962,.T.);
#7849=EDGE_CURVE('',#3663,#3664,#2444,.T.);
#7852=EDGE_CURVE('',#3683,#3684,#2448,.T.);
#7863=EDGE_CURVE('',#3659,#3660,#2462,.T.);
#7878=EDGE_CURVE('',#3671,#3672,#2466,.T.);
#7889=EDGE_CURVE('',#3667,#3668,#2480,.T.);
#7904=EDGE_CURVE('',#3679,#3680,#2484,.T.);
#7915=EDGE_CURVE('',#3675,#3676,#2498,.T.);
#7930=EDGE_CURVE('',#3687,#3688,#2502,.T.);
#7953=EDGE_CURVE('',#3727,#3728,#2516,.T.);
#7956=EDGE_CURVE('',#3747,#3748,#2520,.T.);
#7967=EDGE_CURVE('',#3723,#3724,#2534,.T.);
#7982=EDGE_CURVE('',#3735,#3736,#2538,.T.);
#7993=EDGE_CURVE('',#3731,#3732,#2552,.T.);
#8008=EDGE_CURVE('',#3743,#3744,#2556,.T.);
#8019=EDGE_CURVE('',#3739,#3740,#2570,.T.);
#8034=EDGE_CURVE('',#3751,#3752,#2574,.T.);
#8057=EDGE_CURVE('',#3807,#3808,#2588,.T.);
#8060=EDGE_CURVE('',#3827,#3828,#2592,.T.);
#8071=EDGE_CURVE('',#3803,#3804,#2606,.T.);
#8086=EDGE_CURVE('',#3815,#3816,#2610,.T.);
#8097=EDGE_CURVE('',#3811,#3812,#2624,.T.);
#8112=EDGE_CURVE('',#3823,#3824,#2628,.T.);
#8123=EDGE_CURVE('',#3819,#3820,#2642,.T.);
#8138=EDGE_CURVE('',#3831,#3832,#2646,.T.);
#8161=EDGE_CURVE('',#3839,#3840,#2660,.T.);
#8164=EDGE_CURVE('',#3843,#3844,#2664,.T.);
#8175=EDGE_CURVE('',#3835,#3836,#2678,.T.);
#8190=EDGE_CURVE('',#3863,#3864,#2682,.T.);
#8201=EDGE_CURVE('',#3859,#3860,#2700,.T.);
#8214=EDGE_CURVE('',#3855,#3856,#2696,.T.);
#8227=EDGE_CURVE('',#3851,#3852,#2718,.T.);
#8240=EDGE_CURVE('',#3847,#3848,#2714,.T.);
#8265=EDGE_CURVE('',#3963,#3964,#2732,.T.);
#8268=EDGE_CURVE('',#3975,#3976,#2736,.T.);
#8281=EDGE_CURVE('',#3967,#3968,#2754,.T.);
#8292=EDGE_CURVE('',#3947,#3948,#2750,.T.);
#8307=EDGE_CURVE('',#3951,#3952,#2768,.T.);
#8320=EDGE_CURVE('',#3955,#3956,#2772,.T.);
#8333=EDGE_CURVE('',#3959,#3960,#2786,.T.);
#8346=EDGE_CURVE('',#3971,#3972,#2790,.T.);
#8369=EDGE_CURVE('',#3983,#3984,#2804,.T.);
#8372=EDGE_CURVE('',#4003,#4004,#2808,.T.);
#8383=EDGE_CURVE('',#3979,#3980,#2822,.T.);
#8398=EDGE_CURVE('',#3991,#3992,#2826,.T.);
#8409=EDGE_CURVE('',#3987,#3988,#2840,.T.);
#8424=EDGE_CURVE('',#3999,#4000,#2844,.T.);
#8435=EDGE_CURVE('',#3995,#3996,#2858,.T.);
#8450=EDGE_CURVE('',#4007,#4008,#2862,.T.);
#8473=EDGE_CURVE('',#4063,#4064,#2876,.T.);
#8476=EDGE_CURVE('',#4083,#4084,#2880,.T.);
#8487=EDGE_CURVE('',#4059,#4060,#2894,.T.);
#8502=EDGE_CURVE('',#4071,#4072,#2898,.T.);
#8513=EDGE_CURVE('',#4067,#4068,#2912,.T.);
#8528=EDGE_CURVE('',#4079,#4080,#2916,.T.);
#8539=EDGE_CURVE('',#4075,#4076,#2930,.T.);
#8554=EDGE_CURVE('',#4087,#4088,#2934,.T.);
#8577=EDGE_CURVE('',#4127,#4128,#2948,.T.);
#8580=EDGE_CURVE('',#4147,#4148,#2952,.T.);
#8591=EDGE_CURVE('',#4123,#4124,#2966,.T.);
#8606=EDGE_CURVE('',#4135,#4136,#2970,.T.);
#8617=EDGE_CURVE('',#4131,#4132,#2984,.T.);
#8632=EDGE_CURVE('',#4143,#4144,#2988,.T.);
#8643=EDGE_CURVE('',#4139,#4140,#3002,.T.);
#8658=EDGE_CURVE('',#4151,#4152,#3006,.T.);
#8682=EDGE_CURVE('',#4206,#4204,#3020,.T.);
#8685=EDGE_CURVE('',#4208,#4203,#3438,.T.);
#8697=EDGE_CURVE('',#4230,#4238,#3028,.T.);
#8709=EDGE_CURVE('',#3583,#3607,#3041,.T.);
#8722=EDGE_CURVE('',#3584,#3608,#3054,.T.);
#8735=EDGE_CURVE('',#3587,#3611,#3067,.T.);
#8737=EDGE_CURVE('',#3608,#3611,#3072,.T.);
#8749=EDGE_CURVE('',#3588,#3612,#3080,.T.);
#8762=EDGE_CURVE('',#3591,#3615,#3093,.T.);
#8764=EDGE_CURVE('',#3612,#3615,#3098,.T.);
#8776=EDGE_CURVE('',#3592,#3616,#3106,.T.);
#8789=EDGE_CURVE('',#4232,#4240,#3119,.T.);
#8813=EDGE_CURVE('',#4339,#4340,#3141,.T.);
#8826=EDGE_CURVE('',#4343,#4344,#3150,.T.);
#8829=EDGE_CURVE('',#4348,#4346,#3155,.T.);
#8853=EDGE_CURVE('',#4336,#4340,#3172,.T.);
#8856=EDGE_CURVE('',#4335,#4339,#3256,.T.);
#8866=EDGE_CURVE('',#4555,#4556,#3176,.T.);
#8881=EDGE_CURVE('',#4559,#4560,#3190,.T.);
#8894=EDGE_CURVE('',#4563,#4564,#3194,.T.);
#8907=EDGE_CURVE('',#4567,#4568,#3208,.T.);
#8920=EDGE_CURVE('',#4332,#4346,#3212,.T.);
#8932=EDGE_CURVE('',#4330,#4348,#3216,.T.);
#8944=EDGE_CURVE('',#4571,#4572,#3220,.T.);
#8959=EDGE_CURVE('',#4575,#4576,#3234,.T.);
#8972=EDGE_CURVE('',#4579,#4580,#3238,.T.);
#8985=EDGE_CURVE('',#4583,#4584,#3252,.T.);
#9009=EDGE_CURVE('',#4328,#4344,#3260,.T.);
#9012=EDGE_CURVE('',#4327,#4343,#3308,.T.);
#9022=EDGE_CURVE('',#4587,#4588,#3264,.T.);
#9037=EDGE_CURVE('',#4591,#4592,#3278,.T.);
#9050=EDGE_CURVE('',#4595,#4596,#3282,.T.);
#9063=EDGE_CURVE('',#4599,#4600,#3296,.T.);
#9086=EDGE_CURVE('',#4407,#4408,#3304,.T.);
#9099=EDGE_CURVE('',#4403,#4404,#3322,.T.);
#9136=EDGE_CURVE('',#4288,#4296,#3340,.T.);
#9139=EDGE_CURVE('',#3596,#3599,#3396,.T.);
#9152=EDGE_CURVE('',#4318,#4320,#3358,.T.);
#9164=EDGE_CURVE('',#4280,#4296,#3362,.T.);
#9167=EDGE_CURVE('',#4272,#4288,#3378,.T.);
#9178=EDGE_CURVE('',#4275,#4291,#3366,.T.);
#9191=EDGE_CURVE('',#4276,#4292,#3370,.T.);
#9218=EDGE_CURVE('',#4270,#4286,#3382,.T.);
#9241=EDGE_CURVE('',#3572,#3596,#3391,.T.);
#9244=EDGE_CURVE('',#3575,#3599,#3450,.T.);
#9255=EDGE_CURVE('',#3571,#3595,#3404,.T.);
#9268=EDGE_CURVE('',#4226,#4234,#3417,.T.);
#9280=EDGE_CURVE('',#4224,#4219,#3426,.T.);
#9294=EDGE_CURVE('',#4222,#4220,#3442,.T.);
#9333=EDGE_CURVE('',#4308,#4318,#3466,.T.);
#9343=EDGE_CURVE('',#4503,#4504,#3462,.T.);
#9356=EDGE_CURVE('',#4499,#4500,#3484,.T.);
#9369=EDGE_CURVE('',#4495,#4496,#3480,.T.);
#9382=EDGE_CURVE('',#4491,#4492,#3498,.T.);
#9407=EDGE_CURVE('',#4459,#4460,#3502,.T.);
#9422=EDGE_CURVE('',#4463,#4464,#3516,.T.);
#9435=EDGE_CURVE('',#4467,#4468,#3520,.T.);
#9448=EDGE_CURVE('',#4471,#4472,#3534,.T.);
#9461=EDGE_CURVE('',#4248,#4260,#3538,.T.);
#9486=EDGE_CURVE('',#4547,#4548,#3550,.T.);
#9499=EDGE_CURVE('',#4551,#4552,#3564,.T.);
#9519=(LENGTH_UNIT()NAMED_UNIT(*)SI_UNIT(.MILLI.,.METRE.));
#9521=(NAMED_UNIT(*)PLANE_ANGLE_UNIT()SI_UNIT($,.RADIAN.));
#9524=(NAMED_UNIT(*)SI_UNIT($,.STERADIAN.)SOLID_ANGLE_UNIT());
#9527=ADVANCED_BREP_SHAPE_REPRESENTATION('',(#9518),#9526);
#9534=PRODUCT_DEFINITION('design','',#9533,#9530);
#9535=PRODUCT_DEFINITION_SHAPE('','SHAPE FOR HXE26336.',#9534);
#9536=SHAPE_DEFINITION_REPRESENTATION(#9535,#9527);
ENDSEC;
END-ISO-10303-21;
