ISO-10303-21;
HEADER;
FILE_DESCRIPTION( ( 'Unknown' ), '1' );
FILE_NAME( 'X:/RuD_Mechanical/06_OFFLINE_PRG/IMM/TestCatalouge20150211_TITW512za/TestCatalouge_2/016_Fiera/S044645.stp', 'Unknown', ( 'Unknown' ), ( 'Unknown' ), 'PSStep 14.0', 'Unknown', '  ' );
FILE_SCHEMA( ( 'AUTOMOTIVE_DESIGN { 1 0 10303 214 1 1 1 1 }' ) );
ENDSEC;
DATA;
#1 = MECHANICAL_DESIGN_GEOMETRIC_PRESENTATION_REPRESENTATION( ' ', ( #10, #11, #12, #13, #14, #15, #16, #17, #18, #19, #20, #21, #22, #23, #24, #25, #26, #27, #28, #29, #30, #31, #32, #33, #34, #35, #36, #37, #38, #39, #40, #41, #42, #43, #44, #45, #46, #47, #48, #49, #50, #51, #52, #53, #54, #55, #56, #57, #58, #59, #60, #61, #62, #63, #64, #65, #66, #67, #68, #69, #70, #71, #72, #73, #74, #75, #76, #77, #78, #79, #80, #81, #82, #83, #84 ), #6 );
#2 = PRODUCT_DEFINITION_CONTEXT( '', #85, 'design' );
#3 = APPLICATION_PROTOCOL_DEFINITION( 'international standard', 'automotive_design', 2001, #85 );
#4 = PRODUCT_CATEGORY_RELATIONSHIP( 'NONE', 'NONE', #86, #87 );
#5 = SHAPE_DEFINITION_REPRESENTATION( #88, #89 );
#6 =  ( GEOMETRIC_REPRESENTATION_CONTEXT( 3 )GLOBAL_UNCERTAINTY_ASSIGNED_CONTEXT( ( #92 ) )GLOBAL_UNIT_ASSIGNED_CONTEXT( ( #94, #95, #96 ) )REPRESENTATION_CONTEXT( 'NONE', 'WORKSPACE' ) );
#10 = STYLED_ITEM( '', ( #98 ), #99 );
#11 = STYLED_ITEM( '', ( #100 ), #101 );
#12 = STYLED_ITEM( '', ( #102 ), #103 );
#13 = STYLED_ITEM( '', ( #104 ), #105 );
#14 = STYLED_ITEM( '', ( #106 ), #107 );
#15 = STYLED_ITEM( '', ( #108 ), #109 );
#16 = STYLED_ITEM( '', ( #110 ), #111 );
#17 = STYLED_ITEM( '', ( #112 ), #113 );
#18 = STYLED_ITEM( '', ( #114 ), #115 );
#19 = STYLED_ITEM( '', ( #116 ), #117 );
#20 = STYLED_ITEM( '', ( #118 ), #119 );
#21 = STYLED_ITEM( '', ( #120 ), #121 );
#22 = STYLED_ITEM( '', ( #122 ), #123 );
#23 = STYLED_ITEM( '', ( #124 ), #125 );
#24 = STYLED_ITEM( '', ( #126 ), #127 );
#25 = STYLED_ITEM( '', ( #128 ), #129 );
#26 = STYLED_ITEM( '', ( #130 ), #131 );
#27 = STYLED_ITEM( '', ( #132 ), #133 );
#28 = STYLED_ITEM( '', ( #134 ), #135 );
#29 = STYLED_ITEM( '', ( #136 ), #137 );
#30 = STYLED_ITEM( '', ( #138 ), #139 );
#31 = STYLED_ITEM( '', ( #140 ), #141 );
#32 = STYLED_ITEM( '', ( #142 ), #143 );
#33 = STYLED_ITEM( '', ( #144 ), #145 );
#34 = STYLED_ITEM( '', ( #146 ), #147 );
#35 = STYLED_ITEM( '', ( #148 ), #149 );
#36 = STYLED_ITEM( '', ( #150 ), #151 );
#37 = STYLED_ITEM( '', ( #152 ), #153 );
#38 = STYLED_ITEM( '', ( #154 ), #155 );
#39 = STYLED_ITEM( '', ( #156 ), #157 );
#40 = STYLED_ITEM( '', ( #158 ), #159 );
#41 = STYLED_ITEM( '', ( #160 ), #161 );
#42 = STYLED_ITEM( '', ( #162 ), #163 );
#43 = STYLED_ITEM( '', ( #164 ), #165 );
#44 = STYLED_ITEM( '', ( #166 ), #167 );
#45 = STYLED_ITEM( '', ( #168 ), #169 );
#46 = STYLED_ITEM( '', ( #170 ), #171 );
#47 = STYLED_ITEM( '', ( #172 ), #173 );
#48 = STYLED_ITEM( '', ( #174 ), #175 );
#49 = STYLED_ITEM( '', ( #176 ), #177 );
#50 = STYLED_ITEM( '', ( #178 ), #179 );
#51 = STYLED_ITEM( '', ( #180 ), #181 );
#52 = STYLED_ITEM( '', ( #182 ), #183 );
#53 = STYLED_ITEM( '', ( #184 ), #185 );
#54 = STYLED_ITEM( '', ( #186 ), #187 );
#55 = STYLED_ITEM( '', ( #188 ), #189 );
#56 = STYLED_ITEM( '', ( #190 ), #191 );
#57 = STYLED_ITEM( '', ( #192 ), #193 );
#58 = STYLED_ITEM( '', ( #194 ), #195 );
#59 = STYLED_ITEM( '', ( #196 ), #197 );
#60 = STYLED_ITEM( '', ( #198 ), #199 );
#61 = STYLED_ITEM( '', ( #200 ), #201 );
#62 = STYLED_ITEM( '', ( #202 ), #203 );
#63 = STYLED_ITEM( '', ( #204 ), #205 );
#64 = STYLED_ITEM( '', ( #206 ), #207 );
#65 = STYLED_ITEM( '', ( #208 ), #209 );
#66 = STYLED_ITEM( '', ( #210 ), #211 );
#67 = STYLED_ITEM( '', ( #212 ), #213 );
#68 = STYLED_ITEM( '', ( #214 ), #215 );
#69 = STYLED_ITEM( '', ( #216 ), #217 );
#70 = STYLED_ITEM( '', ( #218 ), #219 );
#71 = STYLED_ITEM( '', ( #220 ), #221 );
#72 = STYLED_ITEM( '', ( #222 ), #223 );
#73 = STYLED_ITEM( '', ( #224 ), #225 );
#74 = STYLED_ITEM( '', ( #226 ), #227 );
#75 = STYLED_ITEM( '', ( #228 ), #229 );
#76 = STYLED_ITEM( '', ( #230 ), #231 );
#77 = STYLED_ITEM( '', ( #232 ), #233 );
#78 = STYLED_ITEM( '', ( #234 ), #235 );
#79 = STYLED_ITEM( '', ( #236 ), #237 );
#80 = STYLED_ITEM( '', ( #238 ), #239 );
#81 = STYLED_ITEM( '', ( #240 ), #241 );
#82 = STYLED_ITEM( '', ( #242 ), #243 );
#83 = STYLED_ITEM( '', ( #244 ), #245 );
#84 = STYLED_ITEM( '', ( #246 ), #247 );
#85 = APPLICATION_CONTEXT( 'core data for automotive mechanical design processes' );
#86 = PRODUCT_CATEGORY( 'part', 'NONE' );
#87 = PRODUCT_RELATED_PRODUCT_CATEGORY( 'detail', ' ', ( #248 ) );
#88 = PRODUCT_DEFINITION_SHAPE( 'NONE', 'NONE', #249 );
#89 = ADVANCED_BREP_SHAPE_REPRESENTATION( '1', ( #250, #251 ), #6 );
#92 = UNCERTAINTY_MEASURE_WITH_UNIT( LENGTH_MEASURE( 0.00100000000000000 ), #94, '', '' );
#94 =  ( CONVERSION_BASED_UNIT( 'MILLIMETRE', #254 )LENGTH_UNIT(  )NAMED_UNIT( #257 ) );
#95 =  ( NAMED_UNIT( #259 )PLANE_ANGLE_UNIT(  )SI_UNIT( $, .RADIAN. ) );
#96 =  ( NAMED_UNIT( #259 )SI_UNIT( $, .STERADIAN. )SOLID_ANGLE_UNIT(  ) );
#98 = PRESENTATION_STYLE_ASSIGNMENT( ( #265 ) );
#99 = ADVANCED_FACE( '', ( #266 ), #267, .T. );
#100 = PRESENTATION_STYLE_ASSIGNMENT( ( #268 ) );
#101 = ADVANCED_FACE( '', ( #269 ), #270, .T. );
#102 = PRESENTATION_STYLE_ASSIGNMENT( ( #271 ) );
#103 = ADVANCED_FACE( '', ( #272 ), #273, .F. );
#104 = PRESENTATION_STYLE_ASSIGNMENT( ( #274 ) );
#105 = ADVANCED_FACE( '', ( #275 ), #276, .F. );
#106 = PRESENTATION_STYLE_ASSIGNMENT( ( #277 ) );
#107 = ADVANCED_FACE( '', ( #278 ), #279, .T. );
#108 = PRESENTATION_STYLE_ASSIGNMENT( ( #280 ) );
#109 = ADVANCED_FACE( '', ( #281 ), #282, .F. );
#110 = PRESENTATION_STYLE_ASSIGNMENT( ( #283 ) );
#111 = ADVANCED_FACE( '', ( #284 ), #285, .T. );
#112 = PRESENTATION_STYLE_ASSIGNMENT( ( #286 ) );
#113 = ADVANCED_FACE( '', ( #287 ), #288, .F. );
#114 = PRESENTATION_STYLE_ASSIGNMENT( ( #289 ) );
#115 = ADVANCED_FACE( '', ( #290 ), #291, .T. );
#116 = PRESENTATION_STYLE_ASSIGNMENT( ( #292 ) );
#117 = ADVANCED_FACE( '', ( #293 ), #294, .T. );
#118 = PRESENTATION_STYLE_ASSIGNMENT( ( #295 ) );
#119 = ADVANCED_FACE( '', ( #296 ), #297, .T. );
#120 = PRESENTATION_STYLE_ASSIGNMENT( ( #298 ) );
#121 = ADVANCED_FACE( '', ( #299 ), #300, .T. );
#122 = PRESENTATION_STYLE_ASSIGNMENT( ( #301 ) );
#123 = ADVANCED_FACE( '', ( #302 ), #303, .T. );
#124 = PRESENTATION_STYLE_ASSIGNMENT( ( #304 ) );
#125 = ADVANCED_FACE( '', ( #305 ), #306, .T. );
#126 = PRESENTATION_STYLE_ASSIGNMENT( ( #307 ) );
#127 = ADVANCED_FACE( '', ( #308 ), #309, .T. );
#128 = PRESENTATION_STYLE_ASSIGNMENT( ( #310 ) );
#129 = ADVANCED_FACE( '', ( #311 ), #312, .F. );
#130 = PRESENTATION_STYLE_ASSIGNMENT( ( #313 ) );
#131 = ADVANCED_FACE( '', ( #314 ), #315, .T. );
#132 = PRESENTATION_STYLE_ASSIGNMENT( ( #316 ) );
#133 = ADVANCED_FACE( '', ( #317 ), #318, .T. );
#134 = PRESENTATION_STYLE_ASSIGNMENT( ( #319 ) );
#135 = ADVANCED_FACE( '', ( #320, #321 ), #322, .F. );
#136 = PRESENTATION_STYLE_ASSIGNMENT( ( #323 ) );
#137 = ADVANCED_FACE( '', ( #324 ), #325, .F. );
#138 = PRESENTATION_STYLE_ASSIGNMENT( ( #326 ) );
#139 = ADVANCED_FACE( '', ( #327 ), #328, .F. );
#140 = PRESENTATION_STYLE_ASSIGNMENT( ( #329 ) );
#141 = ADVANCED_FACE( '', ( #330 ), #331, .F. );
#142 = PRESENTATION_STYLE_ASSIGNMENT( ( #332 ) );
#143 = ADVANCED_FACE( '', ( #333 ), #334, .F. );
#144 = PRESENTATION_STYLE_ASSIGNMENT( ( #335 ) );
#145 = ADVANCED_FACE( '', ( #336 ), #337, .T. );
#146 = PRESENTATION_STYLE_ASSIGNMENT( ( #338 ) );
#147 = ADVANCED_FACE( '', ( #339 ), #340, .T. );
#148 = PRESENTATION_STYLE_ASSIGNMENT( ( #341 ) );
#149 = ADVANCED_FACE( '', ( #342 ), #343, .F. );
#150 = PRESENTATION_STYLE_ASSIGNMENT( ( #344 ) );
#151 = ADVANCED_FACE( '', ( #345 ), #346, .T. );
#152 = PRESENTATION_STYLE_ASSIGNMENT( ( #347 ) );
#153 = ADVANCED_FACE( '', ( #348 ), #349, .T. );
#154 = PRESENTATION_STYLE_ASSIGNMENT( ( #350 ) );
#155 = ADVANCED_FACE( '', ( #351, #352 ), #353, .F. );
#156 = PRESENTATION_STYLE_ASSIGNMENT( ( #354 ) );
#157 = ADVANCED_FACE( '', ( #355 ), #356, .T. );
#158 = PRESENTATION_STYLE_ASSIGNMENT( ( #357 ) );
#159 = ADVANCED_FACE( '', ( #358 ), #359, .T. );
#160 = PRESENTATION_STYLE_ASSIGNMENT( ( #360 ) );
#161 = ADVANCED_FACE( '', ( #361 ), #362, .F. );
#162 = PRESENTATION_STYLE_ASSIGNMENT( ( #363 ) );
#163 = ADVANCED_FACE( '', ( #364 ), #365, .F. );
#164 = PRESENTATION_STYLE_ASSIGNMENT( ( #366 ) );
#165 = ADVANCED_FACE( '', ( #367 ), #368, .F. );
#166 = PRESENTATION_STYLE_ASSIGNMENT( ( #369 ) );
#167 = ADVANCED_FACE( '', ( #370 ), #371, .T. );
#168 = PRESENTATION_STYLE_ASSIGNMENT( ( #372 ) );
#169 = ADVANCED_FACE( '', ( #373 ), #374, .F. );
#170 = PRESENTATION_STYLE_ASSIGNMENT( ( #375 ) );
#171 = ADVANCED_FACE( '', ( #376 ), #377, .T. );
#172 = PRESENTATION_STYLE_ASSIGNMENT( ( #378 ) );
#173 = ADVANCED_FACE( '', ( #379 ), #380, .F. );
#174 = PRESENTATION_STYLE_ASSIGNMENT( ( #381 ) );
#175 = ADVANCED_FACE( '', ( #382 ), #383, .F. );
#176 = PRESENTATION_STYLE_ASSIGNMENT( ( #384 ) );
#177 = ADVANCED_FACE( '', ( #385 ), #386, .T. );
#178 = PRESENTATION_STYLE_ASSIGNMENT( ( #387 ) );
#179 = ADVANCED_FACE( '', ( #388 ), #389, .T. );
#180 = PRESENTATION_STYLE_ASSIGNMENT( ( #390 ) );
#181 = ADVANCED_FACE( '', ( #391 ), #392, .T. );
#182 = PRESENTATION_STYLE_ASSIGNMENT( ( #393 ) );
#183 = ADVANCED_FACE( '', ( #394 ), #395, .T. );
#184 = PRESENTATION_STYLE_ASSIGNMENT( ( #396 ) );
#185 = ADVANCED_FACE( '', ( #397 ), #398, .T. );
#186 = PRESENTATION_STYLE_ASSIGNMENT( ( #399 ) );
#187 = ADVANCED_FACE( '', ( #400 ), #401, .T. );
#188 = PRESENTATION_STYLE_ASSIGNMENT( ( #402 ) );
#189 = ADVANCED_FACE( '', ( #403 ), #404, .F. );
#190 = PRESENTATION_STYLE_ASSIGNMENT( ( #405 ) );
#191 = ADVANCED_FACE( '', ( #406 ), #407, .T. );
#192 = PRESENTATION_STYLE_ASSIGNMENT( ( #408 ) );
#193 = ADVANCED_FACE( '', ( #409 ), #410, .T. );
#194 = PRESENTATION_STYLE_ASSIGNMENT( ( #411 ) );
#195 = ADVANCED_FACE( '', ( #412 ), #413, .T. );
#196 = PRESENTATION_STYLE_ASSIGNMENT( ( #414 ) );
#197 = ADVANCED_FACE( '', ( #415 ), #416, .F. );
#198 = PRESENTATION_STYLE_ASSIGNMENT( ( #417 ) );
#199 = ADVANCED_FACE( '', ( #418 ), #419, .T. );
#200 = PRESENTATION_STYLE_ASSIGNMENT( ( #420 ) );
#201 = ADVANCED_FACE( '', ( #421 ), #422, .T. );
#202 = PRESENTATION_STYLE_ASSIGNMENT( ( #423 ) );
#203 = ADVANCED_FACE( '', ( #424 ), #425, .F. );
#204 = PRESENTATION_STYLE_ASSIGNMENT( ( #426 ) );
#205 = ADVANCED_FACE( '', ( #427 ), #428, .T. );
#206 = PRESENTATION_STYLE_ASSIGNMENT( ( #429 ) );
#207 = ADVANCED_FACE( '', ( #430 ), #431, .F. );
#208 = PRESENTATION_STYLE_ASSIGNMENT( ( #432 ) );
#209 = ADVANCED_FACE( '', ( #433 ), #434, .T. );
#210 = PRESENTATION_STYLE_ASSIGNMENT( ( #435 ) );
#211 = ADVANCED_FACE( '', ( #436 ), #437, .T. );
#212 = PRESENTATION_STYLE_ASSIGNMENT( ( #438 ) );
#213 = ADVANCED_FACE( '', ( #439 ), #440, .F. );
#214 = PRESENTATION_STYLE_ASSIGNMENT( ( #441 ) );
#215 = ADVANCED_FACE( '', ( #442 ), #443, .T. );
#216 = PRESENTATION_STYLE_ASSIGNMENT( ( #444 ) );
#217 = ADVANCED_FACE( '', ( #445 ), #446, .F. );
#218 = PRESENTATION_STYLE_ASSIGNMENT( ( #447 ) );
#219 = ADVANCED_FACE( '', ( #448 ), #449, .T. );
#220 = PRESENTATION_STYLE_ASSIGNMENT( ( #450 ) );
#221 = ADVANCED_FACE( '', ( #451 ), #452, .T. );
#222 = PRESENTATION_STYLE_ASSIGNMENT( ( #453 ) );
#223 = ADVANCED_FACE( '', ( #454 ), #455, .T. );
#224 = PRESENTATION_STYLE_ASSIGNMENT( ( #456 ) );
#225 = ADVANCED_FACE( '', ( #457 ), #458, .F. );
#226 = PRESENTATION_STYLE_ASSIGNMENT( ( #459 ) );
#227 = ADVANCED_FACE( '', ( #460 ), #461, .T. );
#228 = PRESENTATION_STYLE_ASSIGNMENT( ( #462 ) );
#229 = ADVANCED_FACE( '', ( #463 ), #464, .F. );
#230 = PRESENTATION_STYLE_ASSIGNMENT( ( #465 ) );
#231 = ADVANCED_FACE( '', ( #466 ), #467, .F. );
#232 = PRESENTATION_STYLE_ASSIGNMENT( ( #468 ) );
#233 = ADVANCED_FACE( '', ( #469, #470 ), #471, .T. );
#234 = PRESENTATION_STYLE_ASSIGNMENT( ( #472 ) );
#235 = ADVANCED_FACE( '', ( #473 ), #474, .T. );
#236 = PRESENTATION_STYLE_ASSIGNMENT( ( #475 ) );
#237 = ADVANCED_FACE( '', ( #476 ), #477, .T. );
#238 = PRESENTATION_STYLE_ASSIGNMENT( ( #478 ) );
#239 = ADVANCED_FACE( '', ( #479 ), #480, .F. );
#240 = PRESENTATION_STYLE_ASSIGNMENT( ( #481 ) );
#241 = ADVANCED_FACE( '', ( #482 ), #483, .T. );
#242 = PRESENTATION_STYLE_ASSIGNMENT( ( #484 ) );
#243 = ADVANCED_FACE( '', ( #485 ), #486, .F. );
#244 = PRESENTATION_STYLE_ASSIGNMENT( ( #487 ) );
#245 = ADVANCED_FACE( '', ( #488 ), #489, .F. );
#246 = PRESENTATION_STYLE_ASSIGNMENT( ( #490 ) );
#247 = ADVANCED_FACE( '', ( #491 ), #492, .F. );
#248 = PRODUCT( '1', '1', 'PART-1-DESC', ( #493 ) );
#249 = PRODUCT_DEFINITION( 'NONE', 'NONE', #494, #2 );
#250 = MANIFOLD_SOLID_BREP( '1', #495 );
#251 = AXIS2_PLACEMENT_3D( '', #496, #497, #498 );
#254 = LENGTH_MEASURE_WITH_UNIT( LENGTH_MEASURE( 1.00000000000000 ), #499 );
#257 = DIMENSIONAL_EXPONENTS( 1.00000000000000, 0.000000000000000, 0.000000000000000, 0.000000000000000, 0.000000000000000, 0.000000000000000, 0.000000000000000 );
#259 = DIMENSIONAL_EXPONENTS( 0.000000000000000, 0.000000000000000, 0.000000000000000, 0.000000000000000, 0.000000000000000, 0.000000000000000, 0.000000000000000 );
#265 = SURFACE_STYLE_USAGE( .BOTH., #500 );
#266 = FACE_OUTER_BOUND( '', #501, .T. );
#267 = PLANE( '', #502 );
#268 = SURFACE_STYLE_USAGE( .BOTH., #503 );
#269 = FACE_OUTER_BOUND( '', #504, .T. );
#270 = CYLINDRICAL_SURFACE( '', #505, 6.00000000000000 );
#271 = SURFACE_STYLE_USAGE( .BOTH., #506 );
#272 = FACE_OUTER_BOUND( '', #507, .T. );
#273 = PLANE( '', #508 );
#274 = SURFACE_STYLE_USAGE( .BOTH., #509 );
#275 = FACE_OUTER_BOUND( '', #510, .T. );
#276 = CYLINDRICAL_SURFACE( '', #511, 3.00000000000000 );
#277 = SURFACE_STYLE_USAGE( .BOTH., #512 );
#278 = FACE_OUTER_BOUND( '', #513, .T. );
#279 = PLANE( '', #514 );
#280 = SURFACE_STYLE_USAGE( .BOTH., #515 );
#281 = FACE_OUTER_BOUND( '', #516, .T. );
#282 = PLANE( '', #517 );
#283 = SURFACE_STYLE_USAGE( .BOTH., #518 );
#284 = FACE_OUTER_BOUND( '', #519, .T. );
#285 = PLANE( '', #520 );
#286 = SURFACE_STYLE_USAGE( .BOTH., #521 );
#287 = FACE_OUTER_BOUND( '', #522, .T. );
#288 = CYLINDRICAL_SURFACE( '', #523, 3.00000000000000 );
#289 = SURFACE_STYLE_USAGE( .BOTH., #524 );
#290 = FACE_OUTER_BOUND( '', #525, .T. );
#291 = PLANE( '', #526 );
#292 = SURFACE_STYLE_USAGE( .BOTH., #527 );
#293 = FACE_OUTER_BOUND( '', #528, .T. );
#294 = PLANE( '', #529 );
#295 = SURFACE_STYLE_USAGE( .BOTH., #530 );
#296 = FACE_OUTER_BOUND( '', #531, .T. );
#297 = CYLINDRICAL_SURFACE( '', #532, 6.00000000000000 );
#298 = SURFACE_STYLE_USAGE( .BOTH., #533 );
#299 = FACE_OUTER_BOUND( '', #534, .T. );
#300 = PLANE( '', #535 );
#301 = SURFACE_STYLE_USAGE( .BOTH., #536 );
#302 = FACE_OUTER_BOUND( '', #537, .T. );
#303 = PLANE( '', #538 );
#304 = SURFACE_STYLE_USAGE( .BOTH., #539 );
#305 = FACE_OUTER_BOUND( '', #540, .T. );
#306 = CYLINDRICAL_SURFACE( '', #541, 6.00000000000000 );
#307 = SURFACE_STYLE_USAGE( .BOTH., #542 );
#308 = FACE_OUTER_BOUND( '', #543, .T. );
#309 = CYLINDRICAL_SURFACE( '', #544, 6.00000000000000 );
#310 = SURFACE_STYLE_USAGE( .BOTH., #545 );
#311 = FACE_OUTER_BOUND( '', #546, .T. );
#312 = PLANE( '', #547 );
#313 = SURFACE_STYLE_USAGE( .BOTH., #548 );
#314 = FACE_OUTER_BOUND( '', #549, .T. );
#315 = PLANE( '', #550 );
#316 = SURFACE_STYLE_USAGE( .BOTH., #551 );
#317 = FACE_OUTER_BOUND( '', #552, .T. );
#318 = PLANE( '', #553 );
#319 = SURFACE_STYLE_USAGE( .BOTH., #554 );
#320 = FACE_OUTER_BOUND( '', #555, .T. );
#321 = FACE_OUTER_BOUND( '', #556, .T. );
#322 = CYLINDRICAL_SURFACE( '', #557, 50.0000000000000 );
#323 = SURFACE_STYLE_USAGE( .BOTH., #558 );
#324 = FACE_OUTER_BOUND( '', #559, .T. );
#325 = PLANE( '', #560 );
#326 = SURFACE_STYLE_USAGE( .BOTH., #561 );
#327 = FACE_OUTER_BOUND( '', #562, .T. );
#328 = CYLINDRICAL_SURFACE( '', #563, 3.00000000000000 );
#329 = SURFACE_STYLE_USAGE( .BOTH., #564 );
#330 = FACE_OUTER_BOUND( '', #565, .T. );
#331 = PLANE( '', #566 );
#332 = SURFACE_STYLE_USAGE( .BOTH., #567 );
#333 = FACE_OUTER_BOUND( '', #568, .T. );
#334 = PLANE( '', #569 );
#335 = SURFACE_STYLE_USAGE( .BOTH., #570 );
#336 = FACE_OUTER_BOUND( '', #571, .T. );
#337 = PLANE( '', #572 );
#338 = SURFACE_STYLE_USAGE( .BOTH., #573 );
#339 = FACE_OUTER_BOUND( '', #574, .T. );
#340 = CYLINDRICAL_SURFACE( '', #575, 6.00000000000000 );
#341 = SURFACE_STYLE_USAGE( .BOTH., #576 );
#342 = FACE_OUTER_BOUND( '', #577, .T. );
#343 = CYLINDRICAL_SURFACE( '', #578, 3.00000000000000 );
#344 = SURFACE_STYLE_USAGE( .BOTH., #579 );
#345 = FACE_OUTER_BOUND( '', #580, .T. );
#346 = PLANE( '', #581 );
#347 = SURFACE_STYLE_USAGE( .BOTH., #582 );
#348 = FACE_OUTER_BOUND( '', #583, .T. );
#349 = CYLINDRICAL_SURFACE( '', #584, 6.00000000000000 );
#350 = SURFACE_STYLE_USAGE( .BOTH., #585 );
#351 = FACE_OUTER_BOUND( '', #586, .T. );
#352 = FACE_BOUND( '', #587, .T. );
#353 = PLANE( '', #588 );
#354 = SURFACE_STYLE_USAGE( .BOTH., #589 );
#355 = FACE_OUTER_BOUND( '', #590, .T. );
#356 = CYLINDRICAL_SURFACE( '', #591, 6.00000000000000 );
#357 = SURFACE_STYLE_USAGE( .BOTH., #592 );
#358 = FACE_OUTER_BOUND( '', #593, .T. );
#359 = PLANE( '', #594 );
#360 = SURFACE_STYLE_USAGE( .BOTH., #595 );
#361 = FACE_OUTER_BOUND( '', #596, .T. );
#362 = PLANE( '', #597 );
#363 = SURFACE_STYLE_USAGE( .BOTH., #598 );
#364 = FACE_OUTER_BOUND( '', #599, .T. );
#365 = PLANE( '', #600 );
#366 = SURFACE_STYLE_USAGE( .BOTH., #601 );
#367 = FACE_OUTER_BOUND( '', #602, .T. );
#368 = PLANE( '', #603 );
#369 = SURFACE_STYLE_USAGE( .BOTH., #604 );
#370 = FACE_OUTER_BOUND( '', #605, .T. );
#371 = PLANE( '', #606 );
#372 = SURFACE_STYLE_USAGE( .BOTH., #607 );
#373 = FACE_OUTER_BOUND( '', #608, .T. );
#374 = CYLINDRICAL_SURFACE( '', #609, 3.00000000000000 );
#375 = SURFACE_STYLE_USAGE( .BOTH., #610 );
#376 = FACE_OUTER_BOUND( '', #611, .T. );
#377 = PLANE( '', #612 );
#378 = SURFACE_STYLE_USAGE( .BOTH., #613 );
#379 = FACE_OUTER_BOUND( '', #614, .T. );
#380 = PLANE( '', #615 );
#381 = SURFACE_STYLE_USAGE( .BOTH., #616 );
#382 = FACE_OUTER_BOUND( '', #617, .T. );
#383 = CYLINDRICAL_SURFACE( '', #618, 3.00000000000000 );
#384 = SURFACE_STYLE_USAGE( .BOTH., #619 );
#385 = FACE_OUTER_BOUND( '', #620, .T. );
#386 = CYLINDRICAL_SURFACE( '', #621, 6.00000000000000 );
#387 = SURFACE_STYLE_USAGE( .BOTH., #622 );
#388 = FACE_OUTER_BOUND( '', #623, .T. );
#389 = PLANE( '', #624 );
#390 = SURFACE_STYLE_USAGE( .BOTH., #625 );
#391 = FACE_OUTER_BOUND( '', #626, .T. );
#392 = PLANE( '', #627 );
#393 = SURFACE_STYLE_USAGE( .BOTH., #628 );
#394 = FACE_OUTER_BOUND( '', #629, .T. );
#395 = CYLINDRICAL_SURFACE( '', #630, 6.00000000000000 );
#396 = SURFACE_STYLE_USAGE( .BOTH., #631 );
#397 = FACE_OUTER_BOUND( '', #632, .T. );
#398 = PLANE( '', #633 );
#399 = SURFACE_STYLE_USAGE( .BOTH., #634 );
#400 = FACE_OUTER_BOUND( '', #635, .T. );
#401 = PLANE( '', #636 );
#402 = SURFACE_STYLE_USAGE( .BOTH., #637 );
#403 = FACE_OUTER_BOUND( '', #638, .T. );
#404 = PLANE( '', #639 );
#405 = SURFACE_STYLE_USAGE( .BOTH., #640 );
#406 = FACE_OUTER_BOUND( '', #641, .T. );
#407 = PLANE( '', #642 );
#408 = SURFACE_STYLE_USAGE( .BOTH., #643 );
#409 = FACE_OUTER_BOUND( '', #644, .T. );
#410 = CYLINDRICAL_SURFACE( '', #645, 6.00000000000000 );
#411 = SURFACE_STYLE_USAGE( .BOTH., #646 );
#412 = FACE_OUTER_BOUND( '', #647, .T. );
#413 = PLANE( '', #648 );
#414 = SURFACE_STYLE_USAGE( .BOTH., #649 );
#415 = FACE_OUTER_BOUND( '', #650, .T. );
#416 = PLANE( '', #651 );
#417 = SURFACE_STYLE_USAGE( .BOTH., #652 );
#418 = FACE_OUTER_BOUND( '', #653, .T. );
#419 = CYLINDRICAL_SURFACE( '', #654, 6.00000000000000 );
#420 = SURFACE_STYLE_USAGE( .BOTH., #655 );
#421 = FACE_OUTER_BOUND( '', #656, .T. );
#422 = PLANE( '', #657 );
#423 = SURFACE_STYLE_USAGE( .BOTH., #658 );
#424 = FACE_OUTER_BOUND( '', #659, .T. );
#425 = PLANE( '', #660 );
#426 = SURFACE_STYLE_USAGE( .BOTH., #661 );
#427 = FACE_OUTER_BOUND( '', #662, .T. );
#428 = CYLINDRICAL_SURFACE( '', #663, 6.00000000000000 );
#429 = SURFACE_STYLE_USAGE( .BOTH., #664 );
#430 = FACE_OUTER_BOUND( '', #665, .T. );
#431 = PLANE( '', #666 );
#432 = SURFACE_STYLE_USAGE( .BOTH., #667 );
#433 = FACE_OUTER_BOUND( '', #668, .T. );
#434 = PLANE( '', #669 );
#435 = SURFACE_STYLE_USAGE( .BOTH., #670 );
#436 = FACE_OUTER_BOUND( '', #671, .T. );
#437 = PLANE( '', #672 );
#438 = SURFACE_STYLE_USAGE( .BOTH., #673 );
#439 = FACE_OUTER_BOUND( '', #674, .T. );
#440 = PLANE( '', #675 );
#441 = SURFACE_STYLE_USAGE( .BOTH., #676 );
#442 = FACE_OUTER_BOUND( '', #677, .T. );
#443 = PLANE( '', #678 );
#444 = SURFACE_STYLE_USAGE( .BOTH., #679 );
#445 = FACE_OUTER_BOUND( '', #680, .T. );
#446 = PLANE( '', #681 );
#447 = SURFACE_STYLE_USAGE( .BOTH., #682 );
#448 = FACE_OUTER_BOUND( '', #683, .T. );
#449 = PLANE( '', #684 );
#450 = SURFACE_STYLE_USAGE( .BOTH., #685 );
#451 = FACE_OUTER_BOUND( '', #686, .T. );
#452 = PLANE( '', #687 );
#453 = SURFACE_STYLE_USAGE( .BOTH., #688 );
#454 = FACE_OUTER_BOUND( '', #689, .T. );
#455 = PLANE( '', #690 );
#456 = SURFACE_STYLE_USAGE( .BOTH., #691 );
#457 = FACE_OUTER_BOUND( '', #692, .T. );
#458 = CYLINDRICAL_SURFACE( '', #693, 3.00000000000000 );
#459 = SURFACE_STYLE_USAGE( .BOTH., #694 );
#460 = FACE_OUTER_BOUND( '', #695, .T. );
#461 = CYLINDRICAL_SURFACE( '', #696, 6.00000000000000 );
#462 = SURFACE_STYLE_USAGE( .BOTH., #697 );
#463 = FACE_OUTER_BOUND( '', #698, .T. );
#464 = CYLINDRICAL_SURFACE( '', #699, 3.00000000000000 );
#465 = SURFACE_STYLE_USAGE( .BOTH., #700 );
#466 = FACE_OUTER_BOUND( '', #701, .T. );
#467 = PLANE( '', #702 );
#468 = SURFACE_STYLE_USAGE( .BOTH., #703 );
#469 = FACE_OUTER_BOUND( '', #704, .T. );
#470 = FACE_BOUND( '', #705, .T. );
#471 = PLANE( '', #706 );
#472 = SURFACE_STYLE_USAGE( .BOTH., #707 );
#473 = FACE_OUTER_BOUND( '', #708, .T. );
#474 = PLANE( '', #709 );
#475 = SURFACE_STYLE_USAGE( .BOTH., #710 );
#476 = FACE_OUTER_BOUND( '', #711, .T. );
#477 = PLANE( '', #712 );
#478 = SURFACE_STYLE_USAGE( .BOTH., #713 );
#479 = FACE_OUTER_BOUND( '', #714, .T. );
#480 = CYLINDRICAL_SURFACE( '', #715, 3.00000000000000 );
#481 = SURFACE_STYLE_USAGE( .BOTH., #716 );
#482 = FACE_OUTER_BOUND( '', #717, .T. );
#483 = CYLINDRICAL_SURFACE( '', #718, 6.00000000000000 );
#484 = SURFACE_STYLE_USAGE( .BOTH., #719 );
#485 = FACE_OUTER_BOUND( '', #720, .T. );
#486 = PLANE( '', #721 );
#487 = SURFACE_STYLE_USAGE( .BOTH., #722 );
#488 = FACE_OUTER_BOUND( '', #723, .T. );
#489 = CYLINDRICAL_SURFACE( '', #724, 3.00000000000000 );
#490 = SURFACE_STYLE_USAGE( .BOTH., #725 );
#491 = FACE_OUTER_BOUND( '', #726, .T. );
#492 = PLANE( '', #727 );
#493 = PRODUCT_CONTEXT( '', #85, 'mechanical' );
#494 = PRODUCT_DEFINITION_FORMATION_WITH_SPECIFIED_SOURCE( ' ', 'NONE', #248, .NOT_KNOWN. );
#495 = CLOSED_SHELL( '', ( #233, #199, #101, #187, #103, #145, #179, #165, #147, #213, #203, #235, #113, #209, #227, #237, #115, #225, #155, #143, #117, #205, #125, #173, #149, #189, #133, #239, #241, #191, #185, #123, #151, #137, #129, #105, #243, #217, #139, #207, #127, #229, #195, #119, #201, #193, #215, #197, #211, #109, #121, #219, #157, #107, #175, #167, #245, #141, #221, #131, #223, #111, #169, #153, #99, #181, #231, #159, #161, #163, #247, #171, #177, #183, #135 ) );
#496 = CARTESIAN_POINT( '', ( 0.000000000000000, 0.000000000000000, 0.000000000000000 ) );
#497 = DIRECTION( '', ( 0.000000000000000, 0.000000000000000, 1.00000000000000 ) );
#498 = DIRECTION( '', ( 1.00000000000000, 0.000000000000000, 0.000000000000000 ) );
#499 =  ( LENGTH_UNIT(  )NAMED_UNIT( #257 )SI_UNIT( .MILLI., .METRE. ) );
#500 = SURFACE_SIDE_STYLE( '', ( #729 ) );
#501 = EDGE_LOOP( '', ( #730, #731, #732, #733 ) );
#502 = AXIS2_PLACEMENT_3D( '', #734, #735, #736 );
#503 = SURFACE_SIDE_STYLE( '', ( #737 ) );
#504 = EDGE_LOOP( '', ( #738, #739, #740, #741 ) );
#505 = AXIS2_PLACEMENT_3D( '', #742, #743, #744 );
#506 = SURFACE_SIDE_STYLE( '', ( #745 ) );
#507 = EDGE_LOOP( '', ( #746, #747, #748, #749 ) );
#508 = AXIS2_PLACEMENT_3D( '', #750, #751, #752 );
#509 = SURFACE_SIDE_STYLE( '', ( #753 ) );
#510 = EDGE_LOOP( '', ( #754, #755, #756, #757 ) );
#511 = AXIS2_PLACEMENT_3D( '', #758, #759, #760 );
#512 = SURFACE_SIDE_STYLE( '', ( #761 ) );
#513 = EDGE_LOOP( '', ( #762, #763, #764, #765 ) );
#514 = AXIS2_PLACEMENT_3D( '', #766, #767, #768 );
#515 = SURFACE_SIDE_STYLE( '', ( #769 ) );
#516 = EDGE_LOOP( '', ( #770, #771, #772, #773 ) );
#517 = AXIS2_PLACEMENT_3D( '', #774, #775, #776 );
#518 = SURFACE_SIDE_STYLE( '', ( #777 ) );
#519 = EDGE_LOOP( '', ( #778, #779, #780, #781 ) );
#520 = AXIS2_PLACEMENT_3D( '', #782, #783, #784 );
#521 = SURFACE_SIDE_STYLE( '', ( #785 ) );
#522 = EDGE_LOOP( '', ( #786, #787, #788, #789 ) );
#523 = AXIS2_PLACEMENT_3D( '', #790, #791, #792 );
#524 = SURFACE_SIDE_STYLE( '', ( #793 ) );
#525 = EDGE_LOOP( '', ( #794, #795, #796, #797 ) );
#526 = AXIS2_PLACEMENT_3D( '', #798, #799, #800 );
#527 = SURFACE_SIDE_STYLE( '', ( #801 ) );
#528 = EDGE_LOOP( '', ( #802, #803, #804, #805, #806, #807, #808, #809, #810, #811, #812, #813, #814, #815, #816, #817 ) );
#529 = AXIS2_PLACEMENT_3D( '', #818, #819, #820 );
#530 = SURFACE_SIDE_STYLE( '', ( #821 ) );
#531 = EDGE_LOOP( '', ( #822, #823, #824, #825 ) );
#532 = AXIS2_PLACEMENT_3D( '', #826, #827, #828 );
#533 = SURFACE_SIDE_STYLE( '', ( #829 ) );
#534 = EDGE_LOOP( '', ( #830, #831, #832, #833 ) );
#535 = AXIS2_PLACEMENT_3D( '', #834, #835, #836 );
#536 = SURFACE_SIDE_STYLE( '', ( #837 ) );
#537 = EDGE_LOOP( '', ( #838, #839, #840, #841, #842, #843, #844, #845, #846, #847, #848, #849, #850, #851, #852, #853 ) );
#538 = AXIS2_PLACEMENT_3D( '', #854, #855, #856 );
#539 = SURFACE_SIDE_STYLE( '', ( #857 ) );
#540 = EDGE_LOOP( '', ( #858, #859, #860, #861 ) );
#541 = AXIS2_PLACEMENT_3D( '', #862, #863, #864 );
#542 = SURFACE_SIDE_STYLE( '', ( #865 ) );
#543 = EDGE_LOOP( '', ( #866, #867, #868, #869 ) );
#544 = AXIS2_PLACEMENT_3D( '', #870, #871, #872 );
#545 = SURFACE_SIDE_STYLE( '', ( #873 ) );
#546 = EDGE_LOOP( '', ( #874, #875, #876, #877 ) );
#547 = AXIS2_PLACEMENT_3D( '', #878, #879, #880 );
#548 = SURFACE_SIDE_STYLE( '', ( #881 ) );
#549 = EDGE_LOOP( '', ( #882, #883, #884, #885 ) );
#550 = AXIS2_PLACEMENT_3D( '', #886, #887, #888 );
#551 = SURFACE_SIDE_STYLE( '', ( #889 ) );
#552 = EDGE_LOOP( '', ( #890, #891, #892, #893, #894, #895, #896, #897, #898, #899, #900, #901, #902, #903, #904, #905 ) );
#553 = AXIS2_PLACEMENT_3D( '', #906, #907, #908 );
#554 = SURFACE_SIDE_STYLE( '', ( #909 ) );
#555 = EDGE_LOOP( '', ( #910 ) );
#556 = EDGE_LOOP( '', ( #911 ) );
#557 = AXIS2_PLACEMENT_3D( '', #912, #913, #914 );
#558 = SURFACE_SIDE_STYLE( '', ( #915 ) );
#559 = EDGE_LOOP( '', ( #916, #917, #918, #919, #920, #921 ) );
#560 = AXIS2_PLACEMENT_3D( '', #922, #923, #924 );
#561 = SURFACE_SIDE_STYLE( '', ( #925 ) );
#562 = EDGE_LOOP( '', ( #926, #927, #928, #929 ) );
#563 = AXIS2_PLACEMENT_3D( '', #930, #931, #932 );
#564 = SURFACE_SIDE_STYLE( '', ( #933 ) );
#565 = EDGE_LOOP( '', ( #934, #935, #936, #937 ) );
#566 = AXIS2_PLACEMENT_3D( '', #938, #939, #940 );
#567 = SURFACE_SIDE_STYLE( '', ( #941 ) );
#568 = EDGE_LOOP( '', ( #942, #943, #944, #945 ) );
#569 = AXIS2_PLACEMENT_3D( '', #946, #947, #948 );
#570 = SURFACE_SIDE_STYLE( '', ( #949 ) );
#571 = EDGE_LOOP( '', ( #950, #951, #952, #953 ) );
#572 = AXIS2_PLACEMENT_3D( '', #954, #955, #956 );
#573 = SURFACE_SIDE_STYLE( '', ( #957 ) );
#574 = EDGE_LOOP( '', ( #958, #959, #960, #961 ) );
#575 = AXIS2_PLACEMENT_3D( '', #962, #963, #964 );
#576 = SURFACE_SIDE_STYLE( '', ( #965 ) );
#577 = EDGE_LOOP( '', ( #966, #967, #968, #969 ) );
#578 = AXIS2_PLACEMENT_3D( '', #970, #971, #972 );
#579 = SURFACE_SIDE_STYLE( '', ( #973 ) );
#580 = EDGE_LOOP( '', ( #974, #975, #976, #977, #978, #979 ) );
#581 = AXIS2_PLACEMENT_3D( '', #980, #981, #982 );
#582 = SURFACE_SIDE_STYLE( '', ( #983 ) );
#583 = EDGE_LOOP( '', ( #984, #985, #986, #987 ) );
#584 = AXIS2_PLACEMENT_3D( '', #988, #989, #990 );
#585 = SURFACE_SIDE_STYLE( '', ( #991 ) );
#586 = EDGE_LOOP( '', ( #992, #993, #994, #995 ) );
#587 = EDGE_LOOP( '', ( #996 ) );
#588 = AXIS2_PLACEMENT_3D( '', #997, #998, #999 );
#589 = SURFACE_SIDE_STYLE( '', ( #1000 ) );
#590 = EDGE_LOOP( '', ( #1001, #1002, #1003, #1004 ) );
#591 = AXIS2_PLACEMENT_3D( '', #1005, #1006, #1007 );
#592 = SURFACE_SIDE_STYLE( '', ( #1008 ) );
#593 = EDGE_LOOP( '', ( #1009, #1010, #1011, #1012 ) );
#594 = AXIS2_PLACEMENT_3D( '', #1013, #1014, #1015 );
#595 = SURFACE_SIDE_STYLE( '', ( #1016 ) );
#596 = EDGE_LOOP( '', ( #1017, #1018, #1019, #1020 ) );
#597 = AXIS2_PLACEMENT_3D( '', #1021, #1022, #1023 );
#598 = SURFACE_SIDE_STYLE( '', ( #1024 ) );
#599 = EDGE_LOOP( '', ( #1025, #1026, #1027, #1028, #1029, #1030, #1031, #1032 ) );
#600 = AXIS2_PLACEMENT_3D( '', #1033, #1034, #1035 );
#601 = SURFACE_SIDE_STYLE( '', ( #1036 ) );
#602 = EDGE_LOOP( '', ( #1037, #1038, #1039, #1040 ) );
#603 = AXIS2_PLACEMENT_3D( '', #1041, #1042, #1043 );
#604 = SURFACE_SIDE_STYLE( '', ( #1044 ) );
#605 = EDGE_LOOP( '', ( #1045, #1046, #1047, #1048 ) );
#606 = AXIS2_PLACEMENT_3D( '', #1049, #1050, #1051 );
#607 = SURFACE_SIDE_STYLE( '', ( #1052 ) );
#608 = EDGE_LOOP( '', ( #1053, #1054, #1055, #1056 ) );
#609 = AXIS2_PLACEMENT_3D( '', #1057, #1058, #1059 );
#610 = SURFACE_SIDE_STYLE( '', ( #1060 ) );
#611 = EDGE_LOOP( '', ( #1061, #1062, #1063, #1064, #1065, #1066, #1067, #1068 ) );
#612 = AXIS2_PLACEMENT_3D( '', #1069, #1070, #1071 );
#613 = SURFACE_SIDE_STYLE( '', ( #1072 ) );
#614 = EDGE_LOOP( '', ( #1073, #1074, #1075, #1076 ) );
#615 = AXIS2_PLACEMENT_3D( '', #1077, #1078, #1079 );
#616 = SURFACE_SIDE_STYLE( '', ( #1080 ) );
#617 = EDGE_LOOP( '', ( #1081, #1082, #1083, #1084 ) );
#618 = AXIS2_PLACEMENT_3D( '', #1085, #1086, #1087 );
#619 = SURFACE_SIDE_STYLE( '', ( #1088 ) );
#620 = EDGE_LOOP( '', ( #1089, #1090, #1091, #1092 ) );
#621 = AXIS2_PLACEMENT_3D( '', #1093, #1094, #1095 );
#622 = SURFACE_SIDE_STYLE( '', ( #1096 ) );
#623 = EDGE_LOOP( '', ( #1097, #1098, #1099, #1100, #1101, #1102, #1103, #1104 ) );
#624 = AXIS2_PLACEMENT_3D( '', #1105, #1106, #1107 );
#625 = SURFACE_SIDE_STYLE( '', ( #1108 ) );
#626 = EDGE_LOOP( '', ( #1109, #1110, #1111, #1112 ) );
#627 = AXIS2_PLACEMENT_3D( '', #1113, #1114, #1115 );
#628 = SURFACE_SIDE_STYLE( '', ( #1116 ) );
#629 = EDGE_LOOP( '', ( #1117, #1118, #1119, #1120 ) );
#630 = AXIS2_PLACEMENT_3D( '', #1121, #1122, #1123 );
#631 = SURFACE_SIDE_STYLE( '', ( #1124 ) );
#632 = EDGE_LOOP( '', ( #1125, #1126, #1127, #1128 ) );
#633 = AXIS2_PLACEMENT_3D( '', #1129, #1130, #1131 );
#634 = SURFACE_SIDE_STYLE( '', ( #1132 ) );
#635 = EDGE_LOOP( '', ( #1133, #1134, #1135, #1136, #1137, #1138 ) );
#636 = AXIS2_PLACEMENT_3D( '', #1139, #1140, #1141 );
#637 = SURFACE_SIDE_STYLE( '', ( #1142 ) );
#638 = EDGE_LOOP( '', ( #1143, #1144, #1145, #1146, #1147, #1148 ) );
#639 = AXIS2_PLACEMENT_3D( '', #1149, #1150, #1151 );
#640 = SURFACE_SIDE_STYLE( '', ( #1152 ) );
#641 = EDGE_LOOP( '', ( #1153, #1154, #1155, #1156 ) );
#642 = AXIS2_PLACEMENT_3D( '', #1157, #1158, #1159 );
#643 = SURFACE_SIDE_STYLE( '', ( #1160 ) );
#644 = EDGE_LOOP( '', ( #1161, #1162, #1163, #1164 ) );
#645 = AXIS2_PLACEMENT_3D( '', #1165, #1166, #1167 );
#646 = SURFACE_SIDE_STYLE( '', ( #1168 ) );
#647 = EDGE_LOOP( '', ( #1169, #1170, #1171, #1172 ) );
#648 = AXIS2_PLACEMENT_3D( '', #1173, #1174, #1175 );
#649 = SURFACE_SIDE_STYLE( '', ( #1176 ) );
#650 = EDGE_LOOP( '', ( #1177, #1178, #1179, #1180 ) );
#651 = AXIS2_PLACEMENT_3D( '', #1181, #1182, #1183 );
#652 = SURFACE_SIDE_STYLE( '', ( #1184 ) );
#653 = EDGE_LOOP( '', ( #1185, #1186, #1187, #1188 ) );
#654 = AXIS2_PLACEMENT_3D( '', #1189, #1190, #1191 );
#655 = SURFACE_SIDE_STYLE( '', ( #1192 ) );
#656 = EDGE_LOOP( '', ( #1193, #1194, #1195, #1196 ) );
#657 = AXIS2_PLACEMENT_3D( '', #1197, #1198, #1199 );
#658 = SURFACE_SIDE_STYLE( '', ( #1200 ) );
#659 = EDGE_LOOP( '', ( #1201, #1202, #1203, #1204 ) );
#660 = AXIS2_PLACEMENT_3D( '', #1205, #1206, #1207 );
#661 = SURFACE_SIDE_STYLE( '', ( #1208 ) );
#662 = EDGE_LOOP( '', ( #1209, #1210, #1211, #1212 ) );
#663 = AXIS2_PLACEMENT_3D( '', #1213, #1214, #1215 );
#664 = SURFACE_SIDE_STYLE( '', ( #1216 ) );
#665 = EDGE_LOOP( '', ( #1217, #1218, #1219, #1220 ) );
#666 = AXIS2_PLACEMENT_3D( '', #1221, #1222, #1223 );
#667 = SURFACE_SIDE_STYLE( '', ( #1224 ) );
#668 = EDGE_LOOP( '', ( #1225, #1226, #1227, #1228 ) );
#669 = AXIS2_PLACEMENT_3D( '', #1229, #1230, #1231 );
#670 = SURFACE_SIDE_STYLE( '', ( #1232 ) );
#671 = EDGE_LOOP( '', ( #1233, #1234, #1235, #1236 ) );
#672 = AXIS2_PLACEMENT_3D( '', #1237, #1238, #1239 );
#673 = SURFACE_SIDE_STYLE( '', ( #1240 ) );
#674 = EDGE_LOOP( '', ( #1241, #1242, #1243, #1244, #1245, #1246, #1247, #1248 ) );
#675 = AXIS2_PLACEMENT_3D( '', #1249, #1250, #1251 );
#676 = SURFACE_SIDE_STYLE( '', ( #1252 ) );
#677 = EDGE_LOOP( '', ( #1253, #1254, #1255, #1256 ) );
#678 = AXIS2_PLACEMENT_3D( '', #1257, #1258, #1259 );
#679 = SURFACE_SIDE_STYLE( '', ( #1260 ) );
#680 = EDGE_LOOP( '', ( #1261, #1262, #1263, #1264 ) );
#681 = AXIS2_PLACEMENT_3D( '', #1265, #1266, #1267 );
#682 = SURFACE_SIDE_STYLE( '', ( #1268 ) );
#683 = EDGE_LOOP( '', ( #1269, #1270, #1271, #1272 ) );
#684 = AXIS2_PLACEMENT_3D( '', #1273, #1274, #1275 );
#685 = SURFACE_SIDE_STYLE( '', ( #1276 ) );
#686 = EDGE_LOOP( '', ( #1277, #1278, #1279, #1280 ) );
#687 = AXIS2_PLACEMENT_3D( '', #1281, #1282, #1283 );
#688 = SURFACE_SIDE_STYLE( '', ( #1284 ) );
#689 = EDGE_LOOP( '', ( #1285, #1286, #1287, #1288, #1289, #1290, #1291, #1292, #1293, #1294, #1295, #1296, #1297, #1298, #1299, #1300 ) );
#690 = AXIS2_PLACEMENT_3D( '', #1301, #1302, #1303 );
#691 = SURFACE_SIDE_STYLE( '', ( #1304 ) );
#692 = EDGE_LOOP( '', ( #1305, #1306, #1307, #1308 ) );
#693 = AXIS2_PLACEMENT_3D( '', #1309, #1310, #1311 );
#694 = SURFACE_SIDE_STYLE( '', ( #1312 ) );
#695 = EDGE_LOOP( '', ( #1313, #1314, #1315, #1316 ) );
#696 = AXIS2_PLACEMENT_3D( '', #1317, #1318, #1319 );
#697 = SURFACE_SIDE_STYLE( '', ( #1320 ) );
#698 = EDGE_LOOP( '', ( #1321, #1322, #1323, #1324 ) );
#699 = AXIS2_PLACEMENT_3D( '', #1325, #1326, #1327 );
#700 = SURFACE_SIDE_STYLE( '', ( #1328 ) );
#701 = EDGE_LOOP( '', ( #1329, #1330, #1331, #1332 ) );
#702 = AXIS2_PLACEMENT_3D( '', #1333, #1334, #1335 );
#703 = SURFACE_SIDE_STYLE( '', ( #1336 ) );
#704 = EDGE_LOOP( '', ( #1337, #1338, #1339, #1340 ) );
#705 = EDGE_LOOP( '', ( #1341 ) );
#706 = AXIS2_PLACEMENT_3D( '', #1342, #1343, #1344 );
#707 = SURFACE_SIDE_STYLE( '', ( #1345 ) );
#708 = EDGE_LOOP( '', ( #1346, #1347, #1348, #1349 ) );
#709 = AXIS2_PLACEMENT_3D( '', #1350, #1351, #1352 );
#710 = SURFACE_SIDE_STYLE( '', ( #1353 ) );
#711 = EDGE_LOOP( '', ( #1354, #1355, #1356, #1357 ) );
#712 = AXIS2_PLACEMENT_3D( '', #1358, #1359, #1360 );
#713 = SURFACE_SIDE_STYLE( '', ( #1361 ) );
#714 = EDGE_LOOP( '', ( #1362, #1363, #1364, #1365 ) );
#715 = AXIS2_PLACEMENT_3D( '', #1366, #1367, #1368 );
#716 = SURFACE_SIDE_STYLE( '', ( #1369 ) );
#717 = EDGE_LOOP( '', ( #1370, #1371, #1372, #1373 ) );
#718 = AXIS2_PLACEMENT_3D( '', #1374, #1375, #1376 );
#719 = SURFACE_SIDE_STYLE( '', ( #1377 ) );
#720 = EDGE_LOOP( '', ( #1378, #1379, #1380, #1381 ) );
#721 = AXIS2_PLACEMENT_3D( '', #1382, #1383, #1384 );
#722 = SURFACE_SIDE_STYLE( '', ( #1385 ) );
#723 = EDGE_LOOP( '', ( #1386, #1387, #1388, #1389 ) );
#724 = AXIS2_PLACEMENT_3D( '', #1390, #1391, #1392 );
#725 = SURFACE_SIDE_STYLE( '', ( #1393 ) );
#726 = EDGE_LOOP( '', ( #1394, #1395, #1396, #1397 ) );
#727 = AXIS2_PLACEMENT_3D( '', #1398, #1399, #1400 );
#729 = SURFACE_STYLE_FILL_AREA( #1401 );
#730 = ORIENTED_EDGE( '', *, *, #1402, .T. );
#731 = ORIENTED_EDGE( '', *, *, #1403, .T. );
#732 = ORIENTED_EDGE( '', *, *, #1404, .F. );
#733 = ORIENTED_EDGE( '', *, *, #1405, .F. );
#734 = CARTESIAN_POINT( '', ( 119.000000000000, -517.000000000000, -1000.00000000000 ) );
#735 = DIRECTION( '', ( 1.00000000000000, 0.000000000000000, 0.000000000000000 ) );
#736 = DIRECTION( '', ( 0.000000000000000, 0.000000000000000, -1.00000000000000 ) );
#737 = SURFACE_STYLE_FILL_AREA( #1406 );
#738 = ORIENTED_EDGE( '', *, *, #1407, .F. );
#739 = ORIENTED_EDGE( '', *, *, #1408, .T. );
#740 = ORIENTED_EDGE( '', *, *, #1409, .T. );
#741 = ORIENTED_EDGE( '', *, *, #1410, .F. );
#742 = CARTESIAN_POINT( '', ( -119.000000000000, 0.000000000000000, 6.00000000000000 ) );
#743 = DIRECTION( '', ( -0.000000000000000, -1.00000000000000, -0.000000000000000 ) );
#744 = DIRECTION( '', ( 0.000000000000000, 0.000000000000000, 1.00000000000000 ) );
#745 = SURFACE_STYLE_FILL_AREA( #1411 );
#746 = ORIENTED_EDGE( '', *, *, #1412, .F. );
#747 = ORIENTED_EDGE( '', *, *, #1413, .T. );
#748 = ORIENTED_EDGE( '', *, *, #1414, .T. );
#749 = ORIENTED_EDGE( '', *, *, #1415, .F. );
#750 = CARTESIAN_POINT( '', ( -122.000000000000, 243.000000000000, 6.00000000000000 ) );
#751 = DIRECTION( '', ( 0.000000000000000, 0.000000000000000, 1.00000000000000 ) );
#752 = DIRECTION( '', ( 1.00000000000000, 0.000000000000000, 0.000000000000000 ) );
#753 = SURFACE_STYLE_FILL_AREA( #1416 );
#754 = ORIENTED_EDGE( '', *, *, #1417, .T. );
#755 = ORIENTED_EDGE( '', *, *, #1418, .T. );
#756 = ORIENTED_EDGE( '', *, *, #1419, .F. );
#757 = ORIENTED_EDGE( '', *, *, #1420, .F. );
#758 = CARTESIAN_POINT( '', ( 148.000000000000, 0.000000000000000, 39.0000000000000 ) );
#759 = DIRECTION( '', ( -0.000000000000000, -1.00000000000000, -0.000000000000000 ) );
#760 = DIRECTION( '', ( 0.000000000000000, 0.000000000000000, 1.00000000000000 ) );
#761 = SURFACE_STYLE_FILL_AREA( #1421 );
#762 = ORIENTED_EDGE( '', *, *, #1422, .T. );
#763 = ORIENTED_EDGE( '', *, *, #1423, .F. );
#764 = ORIENTED_EDGE( '', *, *, #1424, .F. );
#765 = ORIENTED_EDGE( '', *, *, #1425, .T. );
#766 = CARTESIAN_POINT( '', ( -125.000000000000, 0.000000000000000, 30.0000000000000 ) );
#767 = DIRECTION( '', ( 0.000000000000000, 0.000000000000000, 1.00000000000000 ) );
#768 = DIRECTION( '', ( 1.00000000000000, 0.000000000000000, 0.000000000000000 ) );
#769 = SURFACE_STYLE_FILL_AREA( #1426 );
#770 = ORIENTED_EDGE( '', *, *, #1427, .T. );
#771 = ORIENTED_EDGE( '', *, *, #1428, .T. );
#772 = ORIENTED_EDGE( '', *, *, #1429, .F. );
#773 = ORIENTED_EDGE( '', *, *, #1430, .F. );
#774 = CARTESIAN_POINT( '', ( -122.000000000000, 243.000000000000, 6.00000000000000 ) );
#775 = DIRECTION( '', ( 0.000000000000000, 0.000000000000000, 1.00000000000000 ) );
#776 = DIRECTION( '', ( 1.00000000000000, 0.000000000000000, 0.000000000000000 ) );
#777 = SURFACE_STYLE_FILL_AREA( #1431 );
#778 = ORIENTED_EDGE( '', *, *, #1432, .F. );
#779 = ORIENTED_EDGE( '', *, *, #1433, .F. );
#780 = ORIENTED_EDGE( '', *, *, #1434, .T. );
#781 = ORIENTED_EDGE( '', *, *, #1435, .T. );
#782 = CARTESIAN_POINT( '', ( -119.000000000000, 1483.00000000000, -1000.00000000000 ) );
#783 = DIRECTION( '', ( -1.00000000000000, 0.000000000000000, 0.000000000000000 ) );
#784 = DIRECTION( '', ( 0.000000000000000, 0.000000000000000, 1.00000000000000 ) );
#785 = SURFACE_STYLE_FILL_AREA( #1436 );
#786 = ORIENTED_EDGE( '', *, *, #1437, .F. );
#787 = ORIENTED_EDGE( '', *, *, #1438, .T. );
#788 = ORIENTED_EDGE( '', *, *, #1439, .F. );
#789 = ORIENTED_EDGE( '', *, *, #1440, .F. );
#790 = CARTESIAN_POINT( '', ( 118.998000000000, 3.00000000000000, 6.00000000000000 ) );
#791 = DIRECTION( '', ( 1.00000000000000, -0.000000000000000, -0.000000000000000 ) );
#792 = DIRECTION( '', ( 0.000000000000000, 0.000000000000000, 1.00000000000000 ) );
#793 = SURFACE_STYLE_FILL_AREA( #1441 );
#794 = ORIENTED_EDGE( '', *, *, #1442, .F. );
#795 = ORIENTED_EDGE( '', *, *, #1443, .T. );
#796 = ORIENTED_EDGE( '', *, *, #1428, .F. );
#797 = ORIENTED_EDGE( '', *, *, #1408, .F. );
#798 = CARTESIAN_POINT( '', ( 881.000000000000, 3.00000000000000, -1000.00000000000 ) );
#799 = DIRECTION( '', ( 0.000000000000000, -1.00000000000000, 0.000000000000000 ) );
#800 = DIRECTION( '', ( 0.000000000000000, 0.000000000000000, -1.00000000000000 ) );
#801 = SURFACE_STYLE_FILL_AREA( #1444 );
#802 = ORIENTED_EDGE( '', *, *, #1445, .T. );
#803 = ORIENTED_EDGE( '', *, *, #1446, .T. );
#804 = ORIENTED_EDGE( '', *, *, #1423, .T. );
#805 = ORIENTED_EDGE( '', *, *, #1447, .T. );
#806 = ORIENTED_EDGE( '', *, *, #1448, .T. );
#807 = ORIENTED_EDGE( '', *, *, #1449, .T. );
#808 = ORIENTED_EDGE( '', *, *, #1450, .T. );
#809 = ORIENTED_EDGE( '', *, *, #1451, .T. );
#810 = ORIENTED_EDGE( '', *, *, #1452, .F. );
#811 = ORIENTED_EDGE( '', *, *, #1453, .F. );
#812 = ORIENTED_EDGE( '', *, *, #1454, .F. );
#813 = ORIENTED_EDGE( '', *, *, #1455, .F. );
#814 = ORIENTED_EDGE( '', *, *, #1456, .F. );
#815 = ORIENTED_EDGE( '', *, *, #1457, .F. );
#816 = ORIENTED_EDGE( '', *, *, #1458, .F. );
#817 = ORIENTED_EDGE( '', *, *, #1413, .F. );
#818 = CARTESIAN_POINT( '', ( 154.000000000000, 485.998000000000, 45.0000000000000 ) );
#819 = DIRECTION( '', ( -0.000000000000000, 1.00000000000000, 0.000000000000000 ) );
#820 = DIRECTION( '', ( 1.00000000000000, 0.000000000000000, 0.000000000000000 ) );
#821 = SURFACE_STYLE_FILL_AREA( #1459 );
#822 = ORIENTED_EDGE( '', *, *, #1460, .T. );
#823 = ORIENTED_EDGE( '', *, *, #1461, .F. );
#824 = ORIENTED_EDGE( '', *, *, #1462, .F. );
#825 = ORIENTED_EDGE( '', *, *, #1463, .T. );
#826 = CARTESIAN_POINT( '', ( 148.000000000000, 0.000000000000000, 36.0000000000000 ) );
#827 = DIRECTION( '', ( -0.000000000000000, -1.00000000000000, -0.000000000000000 ) );
#828 = DIRECTION( '', ( 0.000000000000000, 0.000000000000000, 1.00000000000000 ) );
#829 = SURFACE_STYLE_FILL_AREA( #1464 );
#830 = ORIENTED_EDGE( '', *, *, #1465, .T. );
#831 = ORIENTED_EDGE( '', *, *, #1451, .F. );
#832 = ORIENTED_EDGE( '', *, *, #1466, .F. );
#833 = ORIENTED_EDGE( '', *, *, #1467, .T. );
#834 = CARTESIAN_POINT( '', ( -106.000000000000, 0.000000000000000, 46.0000000000000 ) );
#835 = DIRECTION( '', ( -1.00000000000000, 0.000000000000000, 0.000000000000000 ) );
#836 = DIRECTION( '', ( 0.000000000000000, 1.00000000000000, 0.000000000000000 ) );
#837 = SURFACE_STYLE_FILL_AREA( #1468 );
#838 = ORIENTED_EDGE( '', *, *, #1469, .F. );
#839 = ORIENTED_EDGE( '', *, *, #1470, .F. );
#840 = ORIENTED_EDGE( '', *, *, #1471, .F. );
#841 = ORIENTED_EDGE( '', *, *, #1472, .F. );
#842 = ORIENTED_EDGE( '', *, *, #1463, .F. );
#843 = ORIENTED_EDGE( '', *, *, #1473, .F. );
#844 = ORIENTED_EDGE( '', *, *, #1474, .F. );
#845 = ORIENTED_EDGE( '', *, *, #1475, .F. );
#846 = ORIENTED_EDGE( '', *, *, #1476, .T. );
#847 = ORIENTED_EDGE( '', *, *, #1477, .T. );
#848 = ORIENTED_EDGE( '', *, *, #1420, .T. );
#849 = ORIENTED_EDGE( '', *, *, #1478, .T. );
#850 = ORIENTED_EDGE( '', *, *, #1479, .T. );
#851 = ORIENTED_EDGE( '', *, *, #1480, .T. );
#852 = ORIENTED_EDGE( '', *, *, #1481, .T. );
#853 = ORIENTED_EDGE( '', *, *, #1482, .T. );
#854 = CARTESIAN_POINT( '', ( 154.000000000000, 0.00200000000000174, 45.0000000000000 ) );
#855 = DIRECTION( '', ( 0.000000000000000, -1.00000000000000, 0.000000000000000 ) );
#856 = DIRECTION( '', ( 1.00000000000000, 0.000000000000000, 0.000000000000000 ) );
#857 = SURFACE_STYLE_FILL_AREA( #1483 );
#858 = ORIENTED_EDGE( '', *, *, #1484, .T. );
#859 = ORIENTED_EDGE( '', *, *, #1455, .T. );
#860 = ORIENTED_EDGE( '', *, *, #1485, .F. );
#861 = ORIENTED_EDGE( '', *, *, #1486, .F. );
#862 = CARTESIAN_POINT( '', ( -99.0000000000000, 0.000000000000000, 33.0000000000000 ) );
#863 = DIRECTION( '', ( -0.000000000000000, -1.00000000000000, -0.000000000000000 ) );
#864 = DIRECTION( '', ( 0.000000000000000, 0.000000000000000, 1.00000000000000 ) );
#865 = SURFACE_STYLE_FILL_AREA( #1487 );
#866 = ORIENTED_EDGE( '', *, *, #1488, .T. );
#867 = ORIENTED_EDGE( '', *, *, #1489, .T. );
#868 = ORIENTED_EDGE( '', *, *, #1490, .F. );
#869 = ORIENTED_EDGE( '', *, *, #1481, .F. );
#870 = CARTESIAN_POINT( '', ( 128.000000000000, 0.000000000000000, 27.0000000000000 ) );
#871 = DIRECTION( '', ( -0.000000000000000, -1.00000000000000, -0.000000000000000 ) );
#872 = DIRECTION( '', ( 0.000000000000000, 0.000000000000000, 1.00000000000000 ) );
#873 = SURFACE_STYLE_FILL_AREA( #1491 );
#874 = ORIENTED_EDGE( '', *, *, #1492, .T. );
#875 = ORIENTED_EDGE( '', *, *, #1493, .T. );
#876 = ORIENTED_EDGE( '', *, *, #1417, .F. );
#877 = ORIENTED_EDGE( '', *, *, #1477, .F. );
#878 = CARTESIAN_POINT( '', ( 154.000000000000, 0.000000000000000, 42.0000000000000 ) );
#879 = DIRECTION( '', ( 0.000000000000000, 0.000000000000000, 1.00000000000000 ) );
#880 = DIRECTION( '', ( 1.00000000000000, 0.000000000000000, 0.000000000000000 ) );
#881 = SURFACE_STYLE_FILL_AREA( #1494 );
#882 = ORIENTED_EDGE( '', *, *, #1495, .T. );
#883 = ORIENTED_EDGE( '', *, *, #1496, .F. );
#884 = ORIENTED_EDGE( '', *, *, #1497, .F. );
#885 = ORIENTED_EDGE( '', *, *, #1498, .T. );
#886 = CARTESIAN_POINT( '', ( 125.000000000000, 243.000000000000, 6.00000000000000 ) );
#887 = DIRECTION( '', ( 0.000000000000000, 0.000000000000000, -1.00000000000000 ) );
#888 = DIRECTION( '', ( -1.00000000000000, 0.000000000000000, 0.000000000000000 ) );
#889 = SURFACE_STYLE_FILL_AREA( #1499 );
#890 = ORIENTED_EDGE( '', *, *, #1500, .F. );
#891 = ORIENTED_EDGE( '', *, *, #1430, .T. );
#892 = ORIENTED_EDGE( '', *, *, #1501, .T. );
#893 = ORIENTED_EDGE( '', *, *, #1502, .T. );
#894 = ORIENTED_EDGE( '', *, *, #1503, .T. );
#895 = ORIENTED_EDGE( '', *, *, #1486, .T. );
#896 = ORIENTED_EDGE( '', *, *, #1504, .T. );
#897 = ORIENTED_EDGE( '', *, *, #1505, .T. );
#898 = ORIENTED_EDGE( '', *, *, #1506, .T. );
#899 = ORIENTED_EDGE( '', *, *, #1467, .F. );
#900 = ORIENTED_EDGE( '', *, *, #1507, .F. );
#901 = ORIENTED_EDGE( '', *, *, #1508, .F. );
#902 = ORIENTED_EDGE( '', *, *, #1509, .F. );
#903 = ORIENTED_EDGE( '', *, *, #1510, .F. );
#904 = ORIENTED_EDGE( '', *, *, #1425, .F. );
#905 = ORIENTED_EDGE( '', *, *, #1511, .F. );
#906 = CARTESIAN_POINT( '', ( 154.000000000000, 0.00200000000000045, 45.0000000000000 ) );
#907 = DIRECTION( '', ( 0.000000000000000, -1.00000000000000, 0.000000000000000 ) );
#908 = DIRECTION( '', ( 1.00000000000000, 0.000000000000000, 0.000000000000000 ) );
#909 = SURFACE_STYLE_FILL_AREA( #1512 );
#910 = ORIENTED_EDGE( '', *, *, #1513, .T. );
#911 = ORIENTED_EDGE( '', *, *, #1514, .F. );
#912 = CARTESIAN_POINT( '', ( 3.63720099346764E-014, 243.000000000000, 567.720114801310 ) );
#913 = DIRECTION( '', ( -0.000000000000000, -0.000000000000000, 1.00000000000000 ) );
#914 = DIRECTION( '', ( -1.00000000000000, 0.000000000000000, 0.000000000000000 ) );
#915 = SURFACE_STYLE_FILL_AREA( #1515 );
#916 = ORIENTED_EDGE( '', *, *, #1490, .T. );
#917 = ORIENTED_EDGE( '', *, *, #1516, .T. );
#918 = ORIENTED_EDGE( '', *, *, #1496, .T. );
#919 = ORIENTED_EDGE( '', *, *, #1517, .F. );
#920 = ORIENTED_EDGE( '', *, *, #1518, .F. );
#921 = ORIENTED_EDGE( '', *, *, #1482, .F. );
#922 = CARTESIAN_POINT( '', ( 122.000000000000, 0.000000000000000, 0.000000000000000 ) );
#923 = DIRECTION( '', ( 1.00000000000000, 0.000000000000000, 0.000000000000000 ) );
#924 = DIRECTION( '', ( 0.000000000000000, 0.000000000000000, -1.00000000000000 ) );
#925 = SURFACE_STYLE_FILL_AREA( #1519 );
#926 = ORIENTED_EDGE( '', *, *, #1520, .T. );
#927 = ORIENTED_EDGE( '', *, *, #1521, .T. );
#928 = ORIENTED_EDGE( '', *, *, #1522, .F. );
#929 = ORIENTED_EDGE( '', *, *, #1479, .F. );
#930 = CARTESIAN_POINT( '', ( 148.000000000000, 0.000000000000000, 36.0000000000000 ) );
#931 = DIRECTION( '', ( -0.000000000000000, -1.00000000000000, -0.000000000000000 ) );
#932 = DIRECTION( '', ( 0.000000000000000, 0.000000000000000, 1.00000000000000 ) );
#933 = SURFACE_STYLE_FILL_AREA( #1523 );
#934 = ORIENTED_EDGE( '', *, *, #1485, .T. );
#935 = ORIENTED_EDGE( '', *, *, #1454, .T. );
#936 = ORIENTED_EDGE( '', *, *, #1524, .F. );
#937 = ORIENTED_EDGE( '', *, *, #1504, .F. );
#938 = CARTESIAN_POINT( '', ( -93.0000000000000, 0.000000000000000, 30.0000000000000 ) );
#939 = DIRECTION( '', ( -1.00000000000000, 0.000000000000000, 0.000000000000000 ) );
#940 = DIRECTION( '', ( 0.000000000000000, 0.000000000000000, 1.00000000000000 ) );
#941 = SURFACE_STYLE_FILL_AREA( #1525 );
#942 = ORIENTED_EDGE( '', *, *, #1526, .T. );
#943 = ORIENTED_EDGE( '', *, *, #1452, .T. );
#944 = ORIENTED_EDGE( '', *, *, #1465, .F. );
#945 = ORIENTED_EDGE( '', *, *, #1506, .F. );
#946 = CARTESIAN_POINT( '', ( -96.0000000000000, 0.000000000000000, 49.0000000000000 ) );
#947 = DIRECTION( '', ( 0.000000000000000, 0.000000000000000, -1.00000000000000 ) );
#948 = DIRECTION( '', ( -1.00000000000000, 0.000000000000000, 0.000000000000000 ) );
#949 = SURFACE_STYLE_FILL_AREA( #1527 );
#950 = ORIENTED_EDGE( '', *, *, #1432, .T. );
#951 = ORIENTED_EDGE( '', *, *, #1410, .T. );
#952 = ORIENTED_EDGE( '', *, *, #1415, .T. );
#953 = ORIENTED_EDGE( '', *, *, #1528, .F. );
#954 = CARTESIAN_POINT( '', ( 881.000000000000, 483.000000000000, -1000.00000000000 ) );
#955 = DIRECTION( '', ( 0.000000000000000, 1.00000000000000, 0.000000000000000 ) );
#956 = DIRECTION( '', ( 0.000000000000000, 0.000000000000000, -1.00000000000000 ) );
#957 = SURFACE_STYLE_FILL_AREA( #1529 );
#958 = ORIENTED_EDGE( '', *, *, #1530, .F. );
#959 = ORIENTED_EDGE( '', *, *, #1531, .F. );
#960 = ORIENTED_EDGE( '', *, *, #1532, .F. );
#961 = ORIENTED_EDGE( '', *, *, #1533, .F. );
#962 = CARTESIAN_POINT( '', ( 115.998000000000, -3.00000000000000, 24.0000000000000 ) );
#963 = DIRECTION( '', ( -0.000000000000000, -1.00000000000000, 6.12323399573676E-017 ) );
#964 = DIRECTION( '', ( 0.000000000000000, 6.12323399573676E-017, 1.00000000000000 ) );
#965 = SURFACE_STYLE_FILL_AREA( #1534 );
#966 = ORIENTED_EDGE( '', *, *, #1535, .T. );
#967 = ORIENTED_EDGE( '', *, *, #1457, .T. );
#968 = ORIENTED_EDGE( '', *, *, #1536, .F. );
#969 = ORIENTED_EDGE( '', *, *, #1502, .F. );
#970 = CARTESIAN_POINT( '', ( -119.000000000000, 0.000000000000000, 24.0000000000000 ) );
#971 = DIRECTION( '', ( -0.000000000000000, -1.00000000000000, -0.000000000000000 ) );
#972 = DIRECTION( '', ( 0.000000000000000, 0.000000000000000, 1.00000000000000 ) );
#973 = SURFACE_STYLE_FILL_AREA( #1537 );
#974 = ORIENTED_EDGE( '', *, *, #1538, .T. );
#975 = ORIENTED_EDGE( '', *, *, #1498, .F. );
#976 = ORIENTED_EDGE( '', *, *, #1539, .F. );
#977 = ORIENTED_EDGE( '', *, *, #1540, .F. );
#978 = ORIENTED_EDGE( '', *, *, #1470, .T. );
#979 = ORIENTED_EDGE( '', *, *, #1541, .T. );
#980 = CARTESIAN_POINT( '', ( 125.000000000000, 0.000000000000000, 0.000000000000000 ) );
#981 = DIRECTION( '', ( 1.00000000000000, 0.000000000000000, 0.000000000000000 ) );
#982 = DIRECTION( '', ( 0.000000000000000, 0.000000000000000, -1.00000000000000 ) );
#983 = SURFACE_STYLE_FILL_AREA( #1542 );
#984 = ORIENTED_EDGE( '', *, *, #1543, .T. );
#985 = ORIENTED_EDGE( '', *, *, #1403, .F. );
#986 = ORIENTED_EDGE( '', *, *, #1544, .F. );
#987 = ORIENTED_EDGE( '', *, *, #1435, .F. );
#988 = CARTESIAN_POINT( '', ( 118.998000000000, 483.000000000000, 6.00000000000000 ) );
#989 = DIRECTION( '', ( 1.00000000000000, -0.000000000000000, -0.000000000000000 ) );
#990 = DIRECTION( '', ( 0.000000000000000, 0.000000000000000, 1.00000000000000 ) );
#991 = SURFACE_STYLE_FILL_AREA( #1545 );
#992 = ORIENTED_EDGE( '', *, *, #1546, .F. );
#993 = ORIENTED_EDGE( '', *, *, #1440, .T. );
#994 = ORIENTED_EDGE( '', *, *, #1547, .T. );
#995 = ORIENTED_EDGE( '', *, *, #1548, .F. );
#996 = ORIENTED_EDGE( '', *, *, #1513, .F. );
#997 = CARTESIAN_POINT( '', ( -125.000000000000, 0.000000000000000, 3.00000000000000 ) );
#998 = DIRECTION( '', ( 0.000000000000000, 0.000000000000000, -1.00000000000000 ) );
#999 = DIRECTION( '', ( -1.00000000000000, 0.000000000000000, 0.000000000000000 ) );
#1000 = SURFACE_STYLE_FILL_AREA( #1549 );
#1001 = ORIENTED_EDGE( '', *, *, #1424, .T. );
#1002 = ORIENTED_EDGE( '', *, *, #1446, .F. );
#1003 = ORIENTED_EDGE( '', *, *, #1550, .F. );
#1004 = ORIENTED_EDGE( '', *, *, #1511, .T. );
#1005 = CARTESIAN_POINT( '', ( -119.000000000000, 0.000000000000000, 24.0000000000000 ) );
#1006 = DIRECTION( '', ( -0.000000000000000, -1.00000000000000, -0.000000000000000 ) );
#1007 = DIRECTION( '', ( 0.000000000000000, 0.000000000000000, 1.00000000000000 ) );
#1008 = SURFACE_STYLE_FILL_AREA( #1551 );
#1009 = ORIENTED_EDGE( '', *, *, #1552, .F. );
#1010 = ORIENTED_EDGE( '', *, *, #1553, .F. );
#1011 = ORIENTED_EDGE( '', *, *, #1554, .T. );
#1012 = ORIENTED_EDGE( '', *, *, #1434, .F. );
#1013 = CARTESIAN_POINT( '', ( -118.998000000000, 486.000000000000, 6.00000000000000 ) );
#1014 = DIRECTION( '', ( 0.000000000000000, 2.89120579329468E-016, -1.00000000000000 ) );
#1015 = DIRECTION( '', ( 0.000000000000000, -1.00000000000000, -2.89120579329468E-016 ) );
#1016 = SURFACE_STYLE_FILL_AREA( #1555 );
#1017 = ORIENTED_EDGE( '', *, *, #1556, .F. );
#1018 = ORIENTED_EDGE( '', *, *, #1557, .F. );
#1019 = ORIENTED_EDGE( '', *, *, #1558, .T. );
#1020 = ORIENTED_EDGE( '', *, *, #1559, .F. );
#1021 = CARTESIAN_POINT( '', ( 121.998000000000, 489.000000000000, 2.86626132804419 ) );
#1022 = DIRECTION( '', ( -1.00000000000000, 0.000000000000000, 0.000000000000000 ) );
#1023 = DIRECTION( '', ( 0.000000000000000, 0.000000000000000, 1.00000000000000 ) );
#1024 = SURFACE_STYLE_FILL_AREA( #1560 );
#1025 = ORIENTED_EDGE( '', *, *, #1561, .T. );
#1026 = ORIENTED_EDGE( '', *, *, #1562, .F. );
#1027 = ORIENTED_EDGE( '', *, *, #1563, .T. );
#1028 = ORIENTED_EDGE( '', *, *, #1552, .T. );
#1029 = ORIENTED_EDGE( '', *, *, #1564, .T. );
#1030 = ORIENTED_EDGE( '', *, *, #1565, .T. );
#1031 = ORIENTED_EDGE( '', *, *, #1556, .T. );
#1032 = ORIENTED_EDGE( '', *, *, #1566, .F. );
#1033 = CARTESIAN_POINT( '', ( -118.998000000000, 486.000000000000, 2.86626132804419 ) );
#1034 = DIRECTION( '', ( 0.000000000000000, 1.00000000000000, 6.12323399573677E-017 ) );
#1035 = DIRECTION( '', ( 0.000000000000000, 6.12323399573677E-017, -1.00000000000000 ) );
#1036 = SURFACE_STYLE_FILL_AREA( #1567 );
#1037 = ORIENTED_EDGE( '', *, *, #1568, .F. );
#1038 = ORIENTED_EDGE( '', *, *, #1533, .T. );
#1039 = ORIENTED_EDGE( '', *, *, #1569, .T. );
#1040 = ORIENTED_EDGE( '', *, *, #1570, .T. );
#1041 = CARTESIAN_POINT( '', ( 118.998000000000, -3.00000000000000, 30.0000000000000 ) );
#1042 = DIRECTION( '', ( 0.000000000000000, -6.12323399573676E-017, -1.00000000000000 ) );
#1043 = DIRECTION( '', ( 0.000000000000000, 1.00000000000000, -6.12323399573676E-017 ) );
#1044 = SURFACE_STYLE_FILL_AREA( #1571 );
#1045 = ORIENTED_EDGE( '', *, *, #1572, .T. );
#1046 = ORIENTED_EDGE( '', *, *, #1448, .F. );
#1047 = ORIENTED_EDGE( '', *, *, #1573, .F. );
#1048 = ORIENTED_EDGE( '', *, *, #1509, .T. );
#1049 = CARTESIAN_POINT( '', ( -96.0000000000000, 0.000000000000000, 30.0000000000000 ) );
#1050 = DIRECTION( '', ( -1.00000000000000, 0.000000000000000, 0.000000000000000 ) );
#1051 = DIRECTION( '', ( 0.000000000000000, 0.000000000000000, 1.00000000000000 ) );
#1052 = SURFACE_STYLE_FILL_AREA( #1574 );
#1053 = ORIENTED_EDGE( '', *, *, #1433, .T. );
#1054 = ORIENTED_EDGE( '', *, *, #1548, .T. );
#1055 = ORIENTED_EDGE( '', *, *, #1405, .T. );
#1056 = ORIENTED_EDGE( '', *, *, #1564, .F. );
#1057 = CARTESIAN_POINT( '', ( 118.998000000000, 483.000000000000, 6.00000000000000 ) );
#1058 = DIRECTION( '', ( 1.00000000000000, -0.000000000000000, -0.000000000000000 ) );
#1059 = DIRECTION( '', ( 0.000000000000000, 0.000000000000000, 1.00000000000000 ) );
#1060 = SURFACE_STYLE_FILL_AREA( #1575 );
#1061 = ORIENTED_EDGE( '', *, *, #1558, .F. );
#1062 = ORIENTED_EDGE( '', *, *, #1576, .F. );
#1063 = ORIENTED_EDGE( '', *, *, #1543, .F. );
#1064 = ORIENTED_EDGE( '', *, *, #1554, .F. );
#1065 = ORIENTED_EDGE( '', *, *, #1577, .F. );
#1066 = ORIENTED_EDGE( '', *, *, #1578, .F. );
#1067 = ORIENTED_EDGE( '', *, *, #1579, .F. );
#1068 = ORIENTED_EDGE( '', *, *, #1580, .F. );
#1069 = CARTESIAN_POINT( '', ( -118.998000000000, 489.000000000000, 2.86626132804419 ) );
#1070 = DIRECTION( '', ( 0.000000000000000, 1.00000000000000, 6.12323399573677E-017 ) );
#1071 = DIRECTION( '', ( 0.000000000000000, 6.12323399573677E-017, -1.00000000000000 ) );
#1072 = SURFACE_STYLE_FILL_AREA( #1581 );
#1073 = ORIENTED_EDGE( '', *, *, #1536, .T. );
#1074 = ORIENTED_EDGE( '', *, *, #1456, .T. );
#1075 = ORIENTED_EDGE( '', *, *, #1484, .F. );
#1076 = ORIENTED_EDGE( '', *, *, #1503, .F. );
#1077 = CARTESIAN_POINT( '', ( -125.000000000000, 0.000000000000000, 27.0000000000000 ) );
#1078 = DIRECTION( '', ( 0.000000000000000, 0.000000000000000, 1.00000000000000 ) );
#1079 = DIRECTION( '', ( 1.00000000000000, 0.000000000000000, 0.000000000000000 ) );
#1080 = SURFACE_STYLE_FILL_AREA( #1582 );
#1081 = ORIENTED_EDGE( '', *, *, #1573, .T. );
#1082 = ORIENTED_EDGE( '', *, *, #1447, .F. );
#1083 = ORIENTED_EDGE( '', *, *, #1422, .F. );
#1084 = ORIENTED_EDGE( '', *, *, #1510, .T. );
#1085 = CARTESIAN_POINT( '', ( -99.0000000000000, 0.000000000000000, 33.0000000000000 ) );
#1086 = DIRECTION( '', ( -0.000000000000000, -1.00000000000000, -0.000000000000000 ) );
#1087 = DIRECTION( '', ( 0.000000000000000, 0.000000000000000, 1.00000000000000 ) );
#1088 = SURFACE_STYLE_FILL_AREA( #1583 );
#1089 = ORIENTED_EDGE( '', *, *, #1580, .T. );
#1090 = ORIENTED_EDGE( '', *, *, #1584, .T. );
#1091 = ORIENTED_EDGE( '', *, *, #1566, .T. );
#1092 = ORIENTED_EDGE( '', *, *, #1559, .T. );
#1093 = CARTESIAN_POINT( '', ( 115.998000000000, 489.000000000000, 24.0000000000000 ) );
#1094 = DIRECTION( '', ( -0.000000000000000, 1.00000000000000, 6.12323399573676E-017 ) );
#1095 = DIRECTION( '', ( 0.000000000000000, -6.12323399573676E-017, 1.00000000000000 ) );
#1096 = SURFACE_STYLE_FILL_AREA( #1585 );
#1097 = ORIENTED_EDGE( '', *, *, #1586, .T. );
#1098 = ORIENTED_EDGE( '', *, *, #1530, .T. );
#1099 = ORIENTED_EDGE( '', *, *, #1568, .T. );
#1100 = ORIENTED_EDGE( '', *, *, #1587, .T. );
#1101 = ORIENTED_EDGE( '', *, *, #1588, .T. );
#1102 = ORIENTED_EDGE( '', *, *, #1589, .T. );
#1103 = ORIENTED_EDGE( '', *, *, #1590, .T. );
#1104 = ORIENTED_EDGE( '', *, *, #1591, .T. );
#1105 = CARTESIAN_POINT( '', ( -118.998000000000, -3.00000000000000, 2.86626132804419 ) );
#1106 = DIRECTION( '', ( 0.000000000000000, -1.00000000000000, 6.12323399573677E-017 ) );
#1107 = DIRECTION( '', ( 0.000000000000000, -6.12323399573677E-017, -1.00000000000000 ) );
#1108 = SURFACE_STYLE_FILL_AREA( #1592 );
#1109 = ORIENTED_EDGE( '', *, *, #1404, .T. );
#1110 = ORIENTED_EDGE( '', *, *, #1576, .T. );
#1111 = ORIENTED_EDGE( '', *, *, #1557, .T. );
#1112 = ORIENTED_EDGE( '', *, *, #1565, .F. );
#1113 = CARTESIAN_POINT( '', ( -118.998000000000, 486.000000000000, 6.00000000000000 ) );
#1114 = DIRECTION( '', ( 0.000000000000000, 2.89120579329468E-016, -1.00000000000000 ) );
#1115 = DIRECTION( '', ( 0.000000000000000, -1.00000000000000, -2.89120579329468E-016 ) );
#1116 = SURFACE_STYLE_FILL_AREA( #1593 );
#1117 = ORIENTED_EDGE( '', *, *, #1578, .T. );
#1118 = ORIENTED_EDGE( '', *, *, #1594, .T. );
#1119 = ORIENTED_EDGE( '', *, *, #1562, .T. );
#1120 = ORIENTED_EDGE( '', *, *, #1595, .T. );
#1121 = CARTESIAN_POINT( '', ( -115.998000000000, 489.000000000000, 24.0000000000000 ) );
#1122 = DIRECTION( '', ( -0.000000000000000, 1.00000000000000, 6.12323399573676E-017 ) );
#1123 = DIRECTION( '', ( 0.000000000000000, -6.12323399573676E-017, 1.00000000000000 ) );
#1124 = SURFACE_STYLE_FILL_AREA( #1596 );
#1125 = ORIENTED_EDGE( '', *, *, #1597, .F. );
#1126 = ORIENTED_EDGE( '', *, *, #1541, .F. );
#1127 = ORIENTED_EDGE( '', *, *, #1469, .T. );
#1128 = ORIENTED_EDGE( '', *, *, #1518, .T. );
#1129 = CARTESIAN_POINT( '', ( 125.000000000000, 243.000000000000, 6.00000000000000 ) );
#1130 = DIRECTION( '', ( 0.000000000000000, 0.000000000000000, -1.00000000000000 ) );
#1131 = DIRECTION( '', ( -1.00000000000000, 0.000000000000000, 0.000000000000000 ) );
#1132 = SURFACE_STYLE_FILL_AREA( #1598 );
#1133 = ORIENTED_EDGE( '', *, *, #1550, .T. );
#1134 = ORIENTED_EDGE( '', *, *, #1445, .F. );
#1135 = ORIENTED_EDGE( '', *, *, #1412, .T. );
#1136 = ORIENTED_EDGE( '', *, *, #1409, .F. );
#1137 = ORIENTED_EDGE( '', *, *, #1427, .F. );
#1138 = ORIENTED_EDGE( '', *, *, #1500, .T. );
#1139 = CARTESIAN_POINT( '', ( -125.000000000000, 0.000000000000000, 30.0000000000000 ) );
#1140 = DIRECTION( '', ( -1.00000000000000, 0.000000000000000, 0.000000000000000 ) );
#1141 = DIRECTION( '', ( 0.000000000000000, 0.000000000000000, 1.00000000000000 ) );
#1142 = SURFACE_STYLE_FILL_AREA( #1599 );
#1143 = ORIENTED_EDGE( '', *, *, #1600, .T. );
#1144 = ORIENTED_EDGE( '', *, *, #1414, .F. );
#1145 = ORIENTED_EDGE( '', *, *, #1458, .T. );
#1146 = ORIENTED_EDGE( '', *, *, #1535, .F. );
#1147 = ORIENTED_EDGE( '', *, *, #1501, .F. );
#1148 = ORIENTED_EDGE( '', *, *, #1429, .T. );
#1149 = CARTESIAN_POINT( '', ( -122.000000000000, 0.000000000000000, 30.0000000000000 ) );
#1150 = DIRECTION( '', ( -1.00000000000000, 0.000000000000000, 0.000000000000000 ) );
#1151 = DIRECTION( '', ( 0.000000000000000, 0.000000000000000, 1.00000000000000 ) );
#1152 = SURFACE_STYLE_FILL_AREA( #1601 );
#1153 = ORIENTED_EDGE( '', *, *, #1602, .T. );
#1154 = ORIENTED_EDGE( '', *, *, #1603, .F. );
#1155 = ORIENTED_EDGE( '', *, *, #1597, .T. );
#1156 = ORIENTED_EDGE( '', *, *, #1604, .T. );
#1157 = CARTESIAN_POINT( '', ( 1119.00000000000, 3.00000000000000, -1000.00000000000 ) );
#1158 = DIRECTION( '', ( 0.000000000000000, -1.00000000000000, 0.000000000000000 ) );
#1159 = DIRECTION( '', ( 0.000000000000000, 0.000000000000000, -1.00000000000000 ) );
#1160 = SURFACE_STYLE_FILL_AREA( #1605 );
#1161 = ORIENTED_EDGE( '', *, *, #1606, .T. );
#1162 = ORIENTED_EDGE( '', *, *, #1607, .F. );
#1163 = ORIENTED_EDGE( '', *, *, #1608, .F. );
#1164 = ORIENTED_EDGE( '', *, *, #1474, .T. );
#1165 = CARTESIAN_POINT( '', ( 148.000000000000, 0.000000000000000, 39.0000000000000 ) );
#1166 = DIRECTION( '', ( -0.000000000000000, -1.00000000000000, -0.000000000000000 ) );
#1167 = DIRECTION( '', ( 0.000000000000000, 0.000000000000000, 1.00000000000000 ) );
#1168 = SURFACE_STYLE_FILL_AREA( #1609 );
#1169 = ORIENTED_EDGE( '', *, *, #1610, .T. );
#1170 = ORIENTED_EDGE( '', *, *, #1611, .F. );
#1171 = ORIENTED_EDGE( '', *, *, #1460, .F. );
#1172 = ORIENTED_EDGE( '', *, *, #1472, .T. );
#1173 = CARTESIAN_POINT( '', ( 125.000000000000, 0.000000000000000, 30.0000000000000 ) );
#1174 = DIRECTION( '', ( 0.000000000000000, 0.000000000000000, -1.00000000000000 ) );
#1175 = DIRECTION( '', ( -1.00000000000000, 0.000000000000000, 0.000000000000000 ) );
#1176 = SURFACE_STYLE_FILL_AREA( #1612 );
#1177 = ORIENTED_EDGE( '', *, *, #1588, .F. );
#1178 = ORIENTED_EDGE( '', *, *, #1613, .T. );
#1179 = ORIENTED_EDGE( '', *, *, #1614, .T. );
#1180 = ORIENTED_EDGE( '', *, *, #1615, .F. );
#1181 = CARTESIAN_POINT( '', ( -121.998000000000, -3.00000000000000, 2.86626132804419 ) );
#1182 = DIRECTION( '', ( 1.00000000000000, 0.000000000000000, 0.000000000000000 ) );
#1183 = DIRECTION( '', ( 0.000000000000000, 0.000000000000000, -1.00000000000000 ) );
#1184 = SURFACE_STYLE_FILL_AREA( #1616 );
#1185 = ORIENTED_EDGE( '', *, *, #1587, .F. );
#1186 = ORIENTED_EDGE( '', *, *, #1570, .F. );
#1187 = ORIENTED_EDGE( '', *, *, #1617, .F. );
#1188 = ORIENTED_EDGE( '', *, *, #1613, .F. );
#1189 = CARTESIAN_POINT( '', ( -115.998000000000, -3.00000000000000, 24.0000000000000 ) );
#1190 = DIRECTION( '', ( -0.000000000000000, -1.00000000000000, 6.12323399573676E-017 ) );
#1191 = DIRECTION( '', ( 0.000000000000000, 6.12323399573676E-017, 1.00000000000000 ) );
#1192 = SURFACE_STYLE_FILL_AREA( #1618 );
#1193 = ORIENTED_EDGE( '', *, *, #1462, .T. );
#1194 = ORIENTED_EDGE( '', *, *, #1619, .F. );
#1195 = ORIENTED_EDGE( '', *, *, #1606, .F. );
#1196 = ORIENTED_EDGE( '', *, *, #1473, .T. );
#1197 = CARTESIAN_POINT( '', ( 154.000000000000, 0.000000000000000, 30.0000000000000 ) );
#1198 = DIRECTION( '', ( 1.00000000000000, 0.000000000000000, 0.000000000000000 ) );
#1199 = DIRECTION( '', ( 0.000000000000000, 0.000000000000000, -1.00000000000000 ) );
#1200 = SURFACE_STYLE_FILL_AREA( #1620 );
#1201 = ORIENTED_EDGE( '', *, *, #1621, .T. );
#1202 = ORIENTED_EDGE( '', *, *, #1531, .T. );
#1203 = ORIENTED_EDGE( '', *, *, #1586, .F. );
#1204 = ORIENTED_EDGE( '', *, *, #1622, .T. );
#1205 = CARTESIAN_POINT( '', ( 121.998000000000, -3.00000000000000, 2.86626132804419 ) );
#1206 = DIRECTION( '', ( -1.00000000000000, 0.000000000000000, 0.000000000000000 ) );
#1207 = DIRECTION( '', ( 0.000000000000000, 0.000000000000000, 1.00000000000000 ) );
#1208 = SURFACE_STYLE_FILL_AREA( #1623 );
#1209 = ORIENTED_EDGE( '', *, *, #1524, .T. );
#1210 = ORIENTED_EDGE( '', *, *, #1453, .T. );
#1211 = ORIENTED_EDGE( '', *, *, #1526, .F. );
#1212 = ORIENTED_EDGE( '', *, *, #1505, .F. );
#1213 = CARTESIAN_POINT( '', ( -99.0000000000000, 0.000000000000000, 43.0000000000000 ) );
#1214 = DIRECTION( '', ( -0.000000000000000, -1.00000000000000, -0.000000000000000 ) );
#1215 = DIRECTION( '', ( 0.000000000000000, 0.000000000000000, 1.00000000000000 ) );
#1216 = SURFACE_STYLE_FILL_AREA( #1624 );
#1217 = ORIENTED_EDGE( '', *, *, #1522, .T. );
#1218 = ORIENTED_EDGE( '', *, *, #1625, .T. );
#1219 = ORIENTED_EDGE( '', *, *, #1488, .F. );
#1220 = ORIENTED_EDGE( '', *, *, #1480, .F. );
#1221 = CARTESIAN_POINT( '', ( 125.000000000000, 0.000000000000000, 33.0000000000000 ) );
#1222 = DIRECTION( '', ( 0.000000000000000, 0.000000000000000, -1.00000000000000 ) );
#1223 = DIRECTION( '', ( -1.00000000000000, 0.000000000000000, 0.000000000000000 ) );
#1224 = SURFACE_STYLE_FILL_AREA( #1626 );
#1225 = ORIENTED_EDGE( '', *, *, #1602, .F. );
#1226 = ORIENTED_EDGE( '', *, *, #1439, .T. );
#1227 = ORIENTED_EDGE( '', *, *, #1627, .T. );
#1228 = ORIENTED_EDGE( '', *, *, #1628, .F. );
#1229 = CARTESIAN_POINT( '', ( 119.000000000000, 1003.00000000000, -1000.00000000000 ) );
#1230 = DIRECTION( '', ( 1.00000000000000, 0.000000000000000, 0.000000000000000 ) );
#1231 = DIRECTION( '', ( 0.000000000000000, 0.000000000000000, -1.00000000000000 ) );
#1232 = SURFACE_STYLE_FILL_AREA( #1629 );
#1233 = ORIENTED_EDGE( '', *, *, #1630, .T. );
#1234 = ORIENTED_EDGE( '', *, *, #1631, .T. );
#1235 = ORIENTED_EDGE( '', *, *, #1589, .F. );
#1236 = ORIENTED_EDGE( '', *, *, #1615, .T. );
#1237 = CARTESIAN_POINT( '', ( -118.998000000000, 8.67361737988404E-016, 6.00000000000000 ) );
#1238 = DIRECTION( '', ( 0.000000000000000, -2.89120579329468E-016, -1.00000000000000 ) );
#1239 = DIRECTION( '', ( 0.000000000000000, 1.00000000000000, -2.89120579329468E-016 ) );
#1240 = SURFACE_STYLE_FILL_AREA( #1632 );
#1241 = ORIENTED_EDGE( '', *, *, #1569, .F. );
#1242 = ORIENTED_EDGE( '', *, *, #1532, .T. );
#1243 = ORIENTED_EDGE( '', *, *, #1621, .F. );
#1244 = ORIENTED_EDGE( '', *, *, #1633, .F. );
#1245 = ORIENTED_EDGE( '', *, *, #1438, .F. );
#1246 = ORIENTED_EDGE( '', *, *, #1630, .F. );
#1247 = ORIENTED_EDGE( '', *, *, #1614, .F. );
#1248 = ORIENTED_EDGE( '', *, *, #1617, .T. );
#1249 = CARTESIAN_POINT( '', ( -118.998000000000, 2.60277269128476E-016, 2.86626132804419 ) );
#1250 = DIRECTION( '', ( 0.000000000000000, -1.00000000000000, 6.12323399573677E-017 ) );
#1251 = DIRECTION( '', ( 0.000000000000000, -6.12323399573677E-017, -1.00000000000000 ) );
#1252 = SURFACE_STYLE_FILL_AREA( #1634 );
#1253 = ORIENTED_EDGE( '', *, *, #1608, .T. );
#1254 = ORIENTED_EDGE( '', *, *, #1635, .F. );
#1255 = ORIENTED_EDGE( '', *, *, #1636, .F. );
#1256 = ORIENTED_EDGE( '', *, *, #1475, .T. );
#1257 = CARTESIAN_POINT( '', ( 154.000000000000, 0.000000000000000, 45.0000000000000 ) );
#1258 = DIRECTION( '', ( 0.000000000000000, 0.000000000000000, 1.00000000000000 ) );
#1259 = DIRECTION( '', ( 1.00000000000000, 0.000000000000000, 0.000000000000000 ) );
#1260 = SURFACE_STYLE_FILL_AREA( #1637 );
#1261 = ORIENTED_EDGE( '', *, *, #1419, .T. );
#1262 = ORIENTED_EDGE( '', *, *, #1638, .T. );
#1263 = ORIENTED_EDGE( '', *, *, #1520, .F. );
#1264 = ORIENTED_EDGE( '', *, *, #1478, .F. );
#1265 = CARTESIAN_POINT( '', ( 151.000000000000, 0.000000000000000, 30.0000000000000 ) );
#1266 = DIRECTION( '', ( 1.00000000000000, 0.000000000000000, 0.000000000000000 ) );
#1267 = DIRECTION( '', ( 0.000000000000000, 0.000000000000000, -1.00000000000000 ) );
#1268 = SURFACE_STYLE_FILL_AREA( #1639 );
#1269 = ORIENTED_EDGE( '', *, *, #1466, .T. );
#1270 = ORIENTED_EDGE( '', *, *, #1450, .F. );
#1271 = ORIENTED_EDGE( '', *, *, #1640, .F. );
#1272 = ORIENTED_EDGE( '', *, *, #1507, .T. );
#1273 = CARTESIAN_POINT( '', ( -96.0000000000000, 0.000000000000000, 46.0000000000000 ) );
#1274 = DIRECTION( '', ( 0.000000000000000, 0.000000000000000, -1.00000000000000 ) );
#1275 = DIRECTION( '', ( -1.00000000000000, 0.000000000000000, 0.000000000000000 ) );
#1276 = SURFACE_STYLE_FILL_AREA( #1641 );
#1277 = ORIENTED_EDGE( '', *, *, #1402, .F. );
#1278 = ORIENTED_EDGE( '', *, *, #1642, .F. );
#1279 = ORIENTED_EDGE( '', *, *, #1495, .F. );
#1280 = ORIENTED_EDGE( '', *, *, #1643, .T. );
#1281 = CARTESIAN_POINT( '', ( 1119.00000000000, 483.000000000000, -1000.00000000000 ) );
#1282 = DIRECTION( '', ( 0.000000000000000, 1.00000000000000, 0.000000000000000 ) );
#1283 = DIRECTION( '', ( 0.000000000000000, 0.000000000000000, -1.00000000000000 ) );
#1284 = SURFACE_STYLE_FILL_AREA( #1644 );
#1285 = ORIENTED_EDGE( '', *, *, #1497, .T. );
#1286 = ORIENTED_EDGE( '', *, *, #1516, .F. );
#1287 = ORIENTED_EDGE( '', *, *, #1489, .F. );
#1288 = ORIENTED_EDGE( '', *, *, #1625, .F. );
#1289 = ORIENTED_EDGE( '', *, *, #1521, .F. );
#1290 = ORIENTED_EDGE( '', *, *, #1638, .F. );
#1291 = ORIENTED_EDGE( '', *, *, #1418, .F. );
#1292 = ORIENTED_EDGE( '', *, *, #1493, .F. );
#1293 = ORIENTED_EDGE( '', *, *, #1645, .F. );
#1294 = ORIENTED_EDGE( '', *, *, #1635, .T. );
#1295 = ORIENTED_EDGE( '', *, *, #1607, .T. );
#1296 = ORIENTED_EDGE( '', *, *, #1619, .T. );
#1297 = ORIENTED_EDGE( '', *, *, #1461, .T. );
#1298 = ORIENTED_EDGE( '', *, *, #1611, .T. );
#1299 = ORIENTED_EDGE( '', *, *, #1646, .T. );
#1300 = ORIENTED_EDGE( '', *, *, #1539, .T. );
#1301 = CARTESIAN_POINT( '', ( 154.000000000000, 485.998000000000, 45.0000000000000 ) );
#1302 = DIRECTION( '', ( -0.000000000000000, 1.00000000000000, 0.000000000000000 ) );
#1303 = DIRECTION( '', ( 1.00000000000000, 0.000000000000000, 0.000000000000000 ) );
#1304 = SURFACE_STYLE_FILL_AREA( #1647 );
#1305 = ORIENTED_EDGE( '', *, *, #1443, .F. );
#1306 = ORIENTED_EDGE( '', *, *, #1546, .T. );
#1307 = ORIENTED_EDGE( '', *, *, #1528, .T. );
#1308 = ORIENTED_EDGE( '', *, *, #1600, .F. );
#1309 = CARTESIAN_POINT( '', ( -119.000000000000, 0.000000000000000, 6.00000000000000 ) );
#1310 = DIRECTION( '', ( -0.000000000000000, -1.00000000000000, -0.000000000000000 ) );
#1311 = DIRECTION( '', ( 0.000000000000000, 0.000000000000000, 1.00000000000000 ) );
#1312 = SURFACE_STYLE_FILL_AREA( #1648 );
#1313 = ORIENTED_EDGE( '', *, *, #1590, .F. );
#1314 = ORIENTED_EDGE( '', *, *, #1649, .T. );
#1315 = ORIENTED_EDGE( '', *, *, #1650, .T. );
#1316 = ORIENTED_EDGE( '', *, *, #1628, .T. );
#1317 = CARTESIAN_POINT( '', ( 118.998000000000, 3.00000000000000, 6.00000000000000 ) );
#1318 = DIRECTION( '', ( 1.00000000000000, -0.000000000000000, -0.000000000000000 ) );
#1319 = DIRECTION( '', ( 0.000000000000000, 0.000000000000000, 1.00000000000000 ) );
#1320 = SURFACE_STYLE_FILL_AREA( #1651 );
#1321 = ORIENTED_EDGE( '', *, *, #1540, .T. );
#1322 = ORIENTED_EDGE( '', *, *, #1646, .F. );
#1323 = ORIENTED_EDGE( '', *, *, #1610, .F. );
#1324 = ORIENTED_EDGE( '', *, *, #1471, .T. );
#1325 = CARTESIAN_POINT( '', ( 128.000000000000, 0.000000000000000, 27.0000000000000 ) );
#1326 = DIRECTION( '', ( -0.000000000000000, -1.00000000000000, -0.000000000000000 ) );
#1327 = DIRECTION( '', ( 0.000000000000000, 0.000000000000000, 1.00000000000000 ) );
#1328 = SURFACE_STYLE_FILL_AREA( #1652 );
#1329 = ORIENTED_EDGE( '', *, *, #1579, .T. );
#1330 = ORIENTED_EDGE( '', *, *, #1595, .F. );
#1331 = ORIENTED_EDGE( '', *, *, #1561, .F. );
#1332 = ORIENTED_EDGE( '', *, *, #1584, .F. );
#1333 = CARTESIAN_POINT( '', ( 118.998000000000, 489.000000000000, 30.0000000000000 ) );
#1334 = DIRECTION( '', ( 0.000000000000000, 6.12323399573676E-017, -1.00000000000000 ) );
#1335 = DIRECTION( '', ( 0.000000000000000, -1.00000000000000, -6.12323399573676E-017 ) );
#1336 = SURFACE_STYLE_FILL_AREA( #1653 );
#1337 = ORIENTED_EDGE( '', *, *, #1650, .F. );
#1338 = ORIENTED_EDGE( '', *, *, #1407, .T. );
#1339 = ORIENTED_EDGE( '', *, *, #1544, .T. );
#1340 = ORIENTED_EDGE( '', *, *, #1654, .F. );
#1341 = ORIENTED_EDGE( '', *, *, #1514, .T. );
#1342 = CARTESIAN_POINT( '', ( -125.000000000000, 0.000000000000000, 0.000000000000000 ) );
#1343 = DIRECTION( '', ( 0.000000000000000, 0.000000000000000, -1.00000000000000 ) );
#1344 = DIRECTION( '', ( -1.00000000000000, 0.000000000000000, 0.000000000000000 ) );
#1345 = SURFACE_STYLE_FILL_AREA( #1655 );
#1346 = ORIENTED_EDGE( '', *, *, #1627, .F. );
#1347 = ORIENTED_EDGE( '', *, *, #1633, .T. );
#1348 = ORIENTED_EDGE( '', *, *, #1622, .F. );
#1349 = ORIENTED_EDGE( '', *, *, #1591, .F. );
#1350 = CARTESIAN_POINT( '', ( -118.998000000000, 8.67361737988404E-016, 6.00000000000000 ) );
#1351 = DIRECTION( '', ( 0.000000000000000, -2.89120579329468E-016, -1.00000000000000 ) );
#1352 = DIRECTION( '', ( 0.000000000000000, 1.00000000000000, -2.89120579329468E-016 ) );
#1353 = SURFACE_STYLE_FILL_AREA( #1656 );
#1354 = ORIENTED_EDGE( '', *, *, #1442, .T. );
#1355 = ORIENTED_EDGE( '', *, *, #1649, .F. );
#1356 = ORIENTED_EDGE( '', *, *, #1631, .F. );
#1357 = ORIENTED_EDGE( '', *, *, #1437, .T. );
#1358 = CARTESIAN_POINT( '', ( -119.000000000000, -997.000000000000, -1000.00000000000 ) );
#1359 = DIRECTION( '', ( -1.00000000000000, 0.000000000000000, 0.000000000000000 ) );
#1360 = DIRECTION( '', ( 0.000000000000000, 0.000000000000000, 1.00000000000000 ) );
#1361 = SURFACE_STYLE_FILL_AREA( #1657 );
#1362 = ORIENTED_EDGE( '', *, *, #1604, .F. );
#1363 = ORIENTED_EDGE( '', *, *, #1517, .T. );
#1364 = ORIENTED_EDGE( '', *, *, #1642, .T. );
#1365 = ORIENTED_EDGE( '', *, *, #1547, .F. );
#1366 = CARTESIAN_POINT( '', ( 119.000000000000, 0.000000000000000, 6.00000000000000 ) );
#1367 = DIRECTION( '', ( -0.000000000000000, -1.00000000000000, -0.000000000000000 ) );
#1368 = DIRECTION( '', ( 0.000000000000000, 0.000000000000000, 1.00000000000000 ) );
#1369 = SURFACE_STYLE_FILL_AREA( #1658 );
#1370 = ORIENTED_EDGE( '', *, *, #1538, .F. );
#1371 = ORIENTED_EDGE( '', *, *, #1603, .T. );
#1372 = ORIENTED_EDGE( '', *, *, #1654, .T. );
#1373 = ORIENTED_EDGE( '', *, *, #1643, .F. );
#1374 = CARTESIAN_POINT( '', ( 119.000000000000, 0.000000000000000, 6.00000000000000 ) );
#1375 = DIRECTION( '', ( -0.000000000000000, -1.00000000000000, -0.000000000000000 ) );
#1376 = DIRECTION( '', ( 0.000000000000000, 0.000000000000000, 1.00000000000000 ) );
#1377 = SURFACE_STYLE_FILL_AREA( #1659 );
#1378 = ORIENTED_EDGE( '', *, *, #1476, .F. );
#1379 = ORIENTED_EDGE( '', *, *, #1636, .T. );
#1380 = ORIENTED_EDGE( '', *, *, #1645, .T. );
#1381 = ORIENTED_EDGE( '', *, *, #1492, .F. );
#1382 = CARTESIAN_POINT( '', ( 143.000000000000, 0.000000000000000, 45.0000000000000 ) );
#1383 = DIRECTION( '', ( 1.00000000000000, 0.000000000000000, 0.000000000000000 ) );
#1384 = DIRECTION( '', ( 0.000000000000000, 1.00000000000000, 0.000000000000000 ) );
#1385 = SURFACE_STYLE_FILL_AREA( #1660 );
#1386 = ORIENTED_EDGE( '', *, *, #1640, .T. );
#1387 = ORIENTED_EDGE( '', *, *, #1449, .F. );
#1388 = ORIENTED_EDGE( '', *, *, #1572, .F. );
#1389 = ORIENTED_EDGE( '', *, *, #1508, .T. );
#1390 = CARTESIAN_POINT( '', ( -99.0000000000000, 0.000000000000000, 43.0000000000000 ) );
#1391 = DIRECTION( '', ( -0.000000000000000, -1.00000000000000, -0.000000000000000 ) );
#1392 = DIRECTION( '', ( 0.000000000000000, 0.000000000000000, 1.00000000000000 ) );
#1393 = SURFACE_STYLE_FILL_AREA( #1661 );
#1394 = ORIENTED_EDGE( '', *, *, #1577, .T. );
#1395 = ORIENTED_EDGE( '', *, *, #1553, .T. );
#1396 = ORIENTED_EDGE( '', *, *, #1563, .F. );
#1397 = ORIENTED_EDGE( '', *, *, #1594, .F. );
#1398 = CARTESIAN_POINT( '', ( -121.998000000000, 489.000000000000, 2.86626132804419 ) );
#1399 = DIRECTION( '', ( 1.00000000000000, 0.000000000000000, 0.000000000000000 ) );
#1400 = DIRECTION( '', ( 0.000000000000000, 0.000000000000000, -1.00000000000000 ) );
#1401 = FILL_AREA_STYLE( '', ( #1662 ) );
#1402 = EDGE_CURVE( '', #1663, #1664, #1665, .T. );
#1403 = EDGE_CURVE( '', #1664, #1666, #1667, .F. );
#1404 = EDGE_CURVE( '', #1668, #1666, #1669, .T. );
#1405 = EDGE_CURVE( '', #1663, #1668, #1670, .F. );
#1406 = FILL_AREA_STYLE( '', ( #1671 ) );
#1407 = EDGE_CURVE( '', #1672, #1673, #1674, .T. );
#1408 = EDGE_CURVE( '', #1672, #1675, #1676, .F. );
#1409 = EDGE_CURVE( '', #1675, #1677, #1678, .T. );
#1410 = EDGE_CURVE( '', #1673, #1677, #1679, .F. );
#1411 = FILL_AREA_STYLE( '', ( #1680 ) );
#1412 = EDGE_CURVE( '', #1681, #1677, #1682, .T. );
#1413 = EDGE_CURVE( '', #1681, #1683, #1684, .T. );
#1414 = EDGE_CURVE( '', #1683, #1685, #1686, .T. );
#1415 = EDGE_CURVE( '', #1677, #1685, #1687, .T. );
#1416 = FILL_AREA_STYLE( '', ( #1688 ) );
#1417 = EDGE_CURVE( '', #1689, #1690, #1691, .T. );
#1418 = EDGE_CURVE( '', #1690, #1692, #1693, .T. );
#1419 = EDGE_CURVE( '', #1694, #1692, #1695, .T. );
#1420 = EDGE_CURVE( '', #1689, #1694, #1696, .T. );
#1421 = FILL_AREA_STYLE( '', ( #1697 ) );
#1422 = EDGE_CURVE( '', #1698, #1699, #1700, .T. );
#1423 = EDGE_CURVE( '', #1701, #1699, #1702, .T. );
#1424 = EDGE_CURVE( '', #1703, #1701, #1704, .T. );
#1425 = EDGE_CURVE( '', #1703, #1698, #1705, .T. );
#1426 = FILL_AREA_STYLE( '', ( #1706 ) );
#1427 = EDGE_CURVE( '', #1707, #1675, #1708, .T. );
#1428 = EDGE_CURVE( '', #1675, #1709, #1710, .T. );
#1429 = EDGE_CURVE( '', #1711, #1709, #1712, .T. );
#1430 = EDGE_CURVE( '', #1707, #1711, #1713, .T. );
#1431 = FILL_AREA_STYLE( '', ( #1714 ) );
#1432 = EDGE_CURVE( '', #1715, #1673, #1716, .T. );
#1433 = EDGE_CURVE( '', #1717, #1715, #1718, .F. );
#1434 = EDGE_CURVE( '', #1717, #1719, #1720, .T. );
#1435 = EDGE_CURVE( '', #1719, #1673, #1721, .F. );
#1436 = FILL_AREA_STYLE( '', ( #1722 ) );
#1437 = EDGE_CURVE( '', #1723, #1724, #1725, .F. );
#1438 = EDGE_CURVE( '', #1723, #1726, #1727, .T. );
#1439 = EDGE_CURVE( '', #1728, #1726, #1729, .F. );
#1440 = EDGE_CURVE( '', #1724, #1728, #1730, .F. );
#1441 = FILL_AREA_STYLE( '', ( #1731 ) );
#1442 = EDGE_CURVE( '', #1724, #1672, #1732, .T. );
#1443 = EDGE_CURVE( '', #1724, #1709, #1733, .F. );
#1444 = FILL_AREA_STYLE( '', ( #1734 ) );
#1445 = EDGE_CURVE( '', #1681, #1735, #1736, .T. );
#1446 = EDGE_CURVE( '', #1735, #1701, #1737, .F. );
#1447 = EDGE_CURVE( '', #1699, #1738, #1739, .F. );
#1448 = EDGE_CURVE( '', #1738, #1740, #1741, .T. );
#1449 = EDGE_CURVE( '', #1740, #1742, #1743, .F. );
#1450 = EDGE_CURVE( '', #1742, #1744, #1745, .T. );
#1451 = EDGE_CURVE( '', #1744, #1746, #1747, .T. );
#1452 = EDGE_CURVE( '', #1748, #1746, #1749, .T. );
#1453 = EDGE_CURVE( '', #1750, #1748, #1751, .F. );
#1454 = EDGE_CURVE( '', #1752, #1750, #1753, .T. );
#1455 = EDGE_CURVE( '', #1754, #1752, #1755, .F. );
#1456 = EDGE_CURVE( '', #1756, #1754, #1757, .T. );
#1457 = EDGE_CURVE( '', #1758, #1756, #1759, .T. );
#1458 = EDGE_CURVE( '', #1683, #1758, #1760, .T. );
#1459 = FILL_AREA_STYLE( '', ( #1761 ) );
#1460 = EDGE_CURVE( '', #1762, #1763, #1764, .T. );
#1461 = EDGE_CURVE( '', #1765, #1763, #1766, .F. );
#1462 = EDGE_CURVE( '', #1767, #1765, #1768, .T. );
#1463 = EDGE_CURVE( '', #1767, #1762, #1769, .F. );
#1464 = FILL_AREA_STYLE( '', ( #1770 ) );
#1465 = EDGE_CURVE( '', #1771, #1746, #1772, .T. );
#1466 = EDGE_CURVE( '', #1773, #1744, #1774, .T. );
#1467 = EDGE_CURVE( '', #1773, #1771, #1775, .T. );
#1468 = FILL_AREA_STYLE( '', ( #1776 ) );
#1469 = EDGE_CURVE( '', #1777, #1778, #1779, .T. );
#1470 = EDGE_CURVE( '', #1780, #1777, #1781, .T. );
#1471 = EDGE_CURVE( '', #1782, #1780, #1783, .F. );
#1472 = EDGE_CURVE( '', #1762, #1782, #1784, .T. );
#1473 = EDGE_CURVE( '', #1785, #1767, #1786, .T. );
#1474 = EDGE_CURVE( '', #1787, #1785, #1788, .F. );
#1475 = EDGE_CURVE( '', #1789, #1787, #1790, .T. );
#1476 = EDGE_CURVE( '', #1789, #1791, #1792, .T. );
#1477 = EDGE_CURVE( '', #1791, #1689, #1793, .T. );
#1478 = EDGE_CURVE( '', #1694, #1794, #1795, .T. );
#1479 = EDGE_CURVE( '', #1794, #1796, #1797, .T. );
#1480 = EDGE_CURVE( '', #1796, #1798, #1799, .T. );
#1481 = EDGE_CURVE( '', #1798, #1800, #1801, .F. );
#1482 = EDGE_CURVE( '', #1800, #1778, #1802, .T. );
#1483 = FILL_AREA_STYLE( '', ( #1803 ) );
#1484 = EDGE_CURVE( '', #1804, #1754, #1805, .T. );
#1485 = EDGE_CURVE( '', #1806, #1752, #1807, .T. );
#1486 = EDGE_CURVE( '', #1804, #1806, #1808, .F. );
#1487 = FILL_AREA_STYLE( '', ( #1809 ) );
#1488 = EDGE_CURVE( '', #1798, #1810, #1811, .T. );
#1489 = EDGE_CURVE( '', #1810, #1812, #1813, .F. );
#1490 = EDGE_CURVE( '', #1800, #1812, #1814, .T. );
#1491 = FILL_AREA_STYLE( '', ( #1815 ) );
#1492 = EDGE_CURVE( '', #1791, #1816, #1817, .T. );
#1493 = EDGE_CURVE( '', #1816, #1690, #1818, .T. );
#1494 = FILL_AREA_STYLE( '', ( #1819 ) );
#1495 = EDGE_CURVE( '', #1820, #1821, #1822, .T. );
#1496 = EDGE_CURVE( '', #1823, #1821, #1824, .T. );
#1497 = EDGE_CURVE( '', #1825, #1823, #1826, .T. );
#1498 = EDGE_CURVE( '', #1825, #1820, #1827, .T. );
#1499 = FILL_AREA_STYLE( '', ( #1828 ) );
#1500 = EDGE_CURVE( '', #1707, #1829, #1830, .T. );
#1501 = EDGE_CURVE( '', #1711, #1831, #1832, .T. );
#1502 = EDGE_CURVE( '', #1831, #1833, #1834, .T. );
#1503 = EDGE_CURVE( '', #1833, #1804, #1835, .T. );
#1504 = EDGE_CURVE( '', #1806, #1836, #1837, .T. );
#1505 = EDGE_CURVE( '', #1836, #1838, #1839, .F. );
#1506 = EDGE_CURVE( '', #1838, #1771, #1840, .T. );
#1507 = EDGE_CURVE( '', #1841, #1773, #1842, .T. );
#1508 = EDGE_CURVE( '', #1843, #1841, #1844, .F. );
#1509 = EDGE_CURVE( '', #1845, #1843, #1846, .T. );
#1510 = EDGE_CURVE( '', #1698, #1845, #1847, .F. );
#1511 = EDGE_CURVE( '', #1829, #1703, #1848, .F. );
#1512 = FILL_AREA_STYLE( '', ( #1849 ) );
#1513 = EDGE_CURVE( '', #1850, #1850, #1851, .F. );
#1514 = EDGE_CURVE( '', #1852, #1852, #1853, .T. );
#1515 = FILL_AREA_STYLE( '', ( #1854 ) );
#1516 = EDGE_CURVE( '', #1812, #1823, #1855, .T. );
#1517 = EDGE_CURVE( '', #1856, #1821, #1857, .T. );
#1518 = EDGE_CURVE( '', #1778, #1856, #1858, .T. );
#1519 = FILL_AREA_STYLE( '', ( #1859 ) );
#1520 = EDGE_CURVE( '', #1794, #1860, #1861, .T. );
#1521 = EDGE_CURVE( '', #1860, #1862, #1863, .T. );
#1522 = EDGE_CURVE( '', #1796, #1862, #1864, .T. );
#1523 = FILL_AREA_STYLE( '', ( #1865 ) );
#1524 = EDGE_CURVE( '', #1836, #1750, #1866, .T. );
#1525 = FILL_AREA_STYLE( '', ( #1867 ) );
#1526 = EDGE_CURVE( '', #1838, #1748, #1868, .T. );
#1527 = FILL_AREA_STYLE( '', ( #1869 ) );
#1528 = EDGE_CURVE( '', #1715, #1685, #1870, .F. );
#1529 = FILL_AREA_STYLE( '', ( #1871 ) );
#1530 = EDGE_CURVE( '', #1872, #1873, #1874, .T. );
#1531 = EDGE_CURVE( '', #1875, #1872, #1876, .F. );
#1532 = EDGE_CURVE( '', #1877, #1875, #1878, .F. );
#1533 = EDGE_CURVE( '', #1873, #1877, #1879, .T. );
#1534 = FILL_AREA_STYLE( '', ( #1880 ) );
#1535 = EDGE_CURVE( '', #1831, #1758, #1881, .T. );
#1536 = EDGE_CURVE( '', #1833, #1756, #1882, .T. );
#1537 = FILL_AREA_STYLE( '', ( #1883 ) );
#1538 = EDGE_CURVE( '', #1884, #1820, #1885, .T. );
#1539 = EDGE_CURVE( '', #1886, #1825, #1887, .T. );
#1540 = EDGE_CURVE( '', #1780, #1886, #1888, .T. );
#1541 = EDGE_CURVE( '', #1777, #1884, #1889, .T. );
#1542 = FILL_AREA_STYLE( '', ( #1890 ) );
#1543 = EDGE_CURVE( '', #1719, #1666, #1891, .T. );
#1544 = EDGE_CURVE( '', #1673, #1664, #1892, .T. );
#1545 = FILL_AREA_STYLE( '', ( #1893 ) );
#1546 = EDGE_CURVE( '', #1724, #1715, #1894, .T. );
#1547 = EDGE_CURVE( '', #1728, #1663, #1895, .T. );
#1548 = EDGE_CURVE( '', #1715, #1663, #1896, .F. );
#1549 = FILL_AREA_STYLE( '', ( #1897 ) );
#1550 = EDGE_CURVE( '', #1829, #1735, #1898, .T. );
#1551 = FILL_AREA_STYLE( '', ( #1899 ) );
#1552 = EDGE_CURVE( '', #1900, #1717, #1901, .T. );
#1553 = EDGE_CURVE( '', #1902, #1900, #1903, .T. );
#1554 = EDGE_CURVE( '', #1902, #1719, #1904, .T. );
#1555 = FILL_AREA_STYLE( '', ( #1905 ) );
#1556 = EDGE_CURVE( '', #1906, #1907, #1908, .T. );
#1557 = EDGE_CURVE( '', #1909, #1906, #1910, .T. );
#1558 = EDGE_CURVE( '', #1909, #1911, #1912, .T. );
#1559 = EDGE_CURVE( '', #1907, #1911, #1913, .F. );
#1560 = FILL_AREA_STYLE( '', ( #1914 ) );
#1561 = EDGE_CURVE( '', #1915, #1916, #1917, .T. );
#1562 = EDGE_CURVE( '', #1918, #1916, #1919, .F. );
#1563 = EDGE_CURVE( '', #1918, #1900, #1920, .T. );
#1564 = EDGE_CURVE( '', #1717, #1668, #1921, .T. );
#1565 = EDGE_CURVE( '', #1668, #1906, #1922, .T. );
#1566 = EDGE_CURVE( '', #1915, #1907, #1923, .F. );
#1567 = FILL_AREA_STYLE( '', ( #1924 ) );
#1568 = EDGE_CURVE( '', #1873, #1925, #1926, .T. );
#1569 = EDGE_CURVE( '', #1877, #1927, #1928, .T. );
#1570 = EDGE_CURVE( '', #1927, #1925, #1929, .F. );
#1571 = FILL_AREA_STYLE( '', ( #1930 ) );
#1572 = EDGE_CURVE( '', #1843, #1740, #1931, .T. );
#1573 = EDGE_CURVE( '', #1845, #1738, #1932, .T. );
#1574 = FILL_AREA_STYLE( '', ( #1933 ) );
#1575 = FILL_AREA_STYLE( '', ( #1934 ) );
#1576 = EDGE_CURVE( '', #1666, #1909, #1935, .T. );
#1577 = EDGE_CURVE( '', #1936, #1902, #1937, .T. );
#1578 = EDGE_CURVE( '', #1938, #1936, #1939, .T. );
#1579 = EDGE_CURVE( '', #1940, #1938, #1941, .T. );
#1580 = EDGE_CURVE( '', #1911, #1940, #1942, .T. );
#1581 = FILL_AREA_STYLE( '', ( #1943 ) );
#1582 = FILL_AREA_STYLE( '', ( #1944 ) );
#1583 = FILL_AREA_STYLE( '', ( #1945 ) );
#1584 = EDGE_CURVE( '', #1940, #1915, #1946, .T. );
#1585 = FILL_AREA_STYLE( '', ( #1947 ) );
#1586 = EDGE_CURVE( '', #1948, #1872, #1949, .T. );
#1587 = EDGE_CURVE( '', #1925, #1950, #1951, .T. );
#1588 = EDGE_CURVE( '', #1950, #1952, #1953, .T. );
#1589 = EDGE_CURVE( '', #1952, #1954, #1955, .T. );
#1590 = EDGE_CURVE( '', #1954, #1956, #1957, .T. );
#1591 = EDGE_CURVE( '', #1956, #1948, #1958, .T. );
#1592 = FILL_AREA_STYLE( '', ( #1959 ) );
#1593 = FILL_AREA_STYLE( '', ( #1960 ) );
#1594 = EDGE_CURVE( '', #1936, #1918, #1961, .T. );
#1595 = EDGE_CURVE( '', #1916, #1938, #1962, .F. );
#1596 = FILL_AREA_STYLE( '', ( #1963 ) );
#1597 = EDGE_CURVE( '', #1884, #1856, #1964, .T. );
#1598 = FILL_AREA_STYLE( '', ( #1965 ) );
#1599 = FILL_AREA_STYLE( '', ( #1966 ) );
#1600 = EDGE_CURVE( '', #1709, #1685, #1967, .T. );
#1601 = FILL_AREA_STYLE( '', ( #1968 ) );
#1602 = EDGE_CURVE( '', #1728, #1969, #1970, .T. );
#1603 = EDGE_CURVE( '', #1884, #1969, #1971, .F. );
#1604 = EDGE_CURVE( '', #1856, #1728, #1972, .F. );
#1605 = FILL_AREA_STYLE( '', ( #1973 ) );
#1606 = EDGE_CURVE( '', #1785, #1974, #1975, .T. );
#1607 = EDGE_CURVE( '', #1976, #1974, #1977, .F. );
#1608 = EDGE_CURVE( '', #1787, #1976, #1978, .T. );
#1609 = FILL_AREA_STYLE( '', ( #1979 ) );
#1610 = EDGE_CURVE( '', #1782, #1980, #1981, .T. );
#1611 = EDGE_CURVE( '', #1763, #1980, #1982, .T. );
#1612 = FILL_AREA_STYLE( '', ( #1983 ) );
#1613 = EDGE_CURVE( '', #1950, #1984, #1985, .T. );
#1614 = EDGE_CURVE( '', #1984, #1986, #1987, .T. );
#1615 = EDGE_CURVE( '', #1952, #1986, #1988, .T. );
#1616 = FILL_AREA_STYLE( '', ( #1989 ) );
#1617 = EDGE_CURVE( '', #1984, #1927, #1990, .F. );
#1618 = FILL_AREA_STYLE( '', ( #1991 ) );
#1619 = EDGE_CURVE( '', #1974, #1765, #1992, .T. );
#1620 = FILL_AREA_STYLE( '', ( #1993 ) );
#1621 = EDGE_CURVE( '', #1994, #1875, #1995, .T. );
#1622 = EDGE_CURVE( '', #1948, #1994, #1996, .T. );
#1623 = FILL_AREA_STYLE( '', ( #1997 ) );
#1624 = FILL_AREA_STYLE( '', ( #1998 ) );
#1625 = EDGE_CURVE( '', #1862, #1810, #1999, .T. );
#1626 = FILL_AREA_STYLE( '', ( #2000 ) );
#1627 = EDGE_CURVE( '', #1726, #1956, #2001, .T. );
#1628 = EDGE_CURVE( '', #1969, #1956, #2002, .F. );
#1629 = FILL_AREA_STYLE( '', ( #2003 ) );
#1630 = EDGE_CURVE( '', #1986, #1723, #2004, .T. );
#1631 = EDGE_CURVE( '', #1723, #1954, #2005, .T. );
#1632 = FILL_AREA_STYLE( '', ( #2006 ) );
#1633 = EDGE_CURVE( '', #1726, #1994, #2007, .T. );
#1634 = FILL_AREA_STYLE( '', ( #2008 ) );
#1635 = EDGE_CURVE( '', #2009, #1976, #2010, .T. );
#1636 = EDGE_CURVE( '', #1789, #2009, #2011, .T. );
#1637 = FILL_AREA_STYLE( '', ( #2012 ) );
#1638 = EDGE_CURVE( '', #1692, #1860, #2013, .T. );
#1639 = FILL_AREA_STYLE( '', ( #2014 ) );
#1640 = EDGE_CURVE( '', #1841, #1742, #2015, .T. );
#1641 = FILL_AREA_STYLE( '', ( #2016 ) );
#1642 = EDGE_CURVE( '', #1821, #1663, #2017, .F. );
#1643 = EDGE_CURVE( '', #1820, #1664, #2018, .F. );
#1644 = FILL_AREA_STYLE( '', ( #2019 ) );
#1645 = EDGE_CURVE( '', #2009, #1816, #2020, .T. );
#1646 = EDGE_CURVE( '', #1980, #1886, #2021, .F. );
#1647 = FILL_AREA_STYLE( '', ( #2022 ) );
#1648 = FILL_AREA_STYLE( '', ( #2023 ) );
#1649 = EDGE_CURVE( '', #1954, #1672, #2024, .F. );
#1650 = EDGE_CURVE( '', #1672, #1969, #2025, .T. );
#1651 = FILL_AREA_STYLE( '', ( #2026 ) );
#1652 = FILL_AREA_STYLE( '', ( #2027 ) );
#1653 = FILL_AREA_STYLE( '', ( #2028 ) );
#1654 = EDGE_CURVE( '', #1969, #1664, #2029, .T. );
#1655 = FILL_AREA_STYLE( '', ( #2030 ) );
#1656 = FILL_AREA_STYLE( '', ( #2031 ) );
#1657 = FILL_AREA_STYLE( '', ( #2032 ) );
#1658 = FILL_AREA_STYLE( '', ( #2033 ) );
#1659 = FILL_AREA_STYLE( '', ( #2034 ) );
#1660 = FILL_AREA_STYLE( '', ( #2035 ) );
#1661 = FILL_AREA_STYLE( '', ( #2036 ) );
#1662 = FILL_AREA_STYLE_COLOUR( '', #2037 );
#1663 = VERTEX_POINT( '', #2038 );
#1664 = VERTEX_POINT( '', #2039 );
#1665 = LINE( '', #2040, #2041 );
#1666 = VERTEX_POINT( '', #2042 );
#1667 = CIRCLE( '', #2043, 6.00000000000000 );
#1668 = VERTEX_POINT( '', #2044 );
#1669 = LINE( '', #2045, #2046 );
#1670 = CIRCLE( '', #2047, 3.00000000000000 );
#1671 = FILL_AREA_STYLE_COLOUR( '', #2048 );
#1672 = VERTEX_POINT( '', #2049 );
#1673 = VERTEX_POINT( '', #2050 );
#1674 = LINE( '', #2051, #2052 );
#1675 = VERTEX_POINT( '', #2053 );
#1676 = CIRCLE( '', #2054, 6.00000000000000 );
#1677 = VERTEX_POINT( '', #2055 );
#1678 = LINE( '', #2056, #2057 );
#1679 = CIRCLE( '', #2058, 6.00000000000000 );
#1680 = FILL_AREA_STYLE_COLOUR( '', #2059 );
#1681 = VERTEX_POINT( '', #2060 );
#1682 = LINE( '', #2061, #2062 );
#1683 = VERTEX_POINT( '', #2063 );
#1684 = LINE( '', #2064, #2065 );
#1685 = VERTEX_POINT( '', #2066 );
#1686 = LINE( '', #2067, #2068 );
#1687 = LINE( '', #2069, #2070 );
#1688 = FILL_AREA_STYLE_COLOUR( '', #2071 );
#1689 = VERTEX_POINT( '', #2072 );
#1690 = VERTEX_POINT( '', #2073 );
#1691 = LINE( '', #2074, #2075 );
#1692 = VERTEX_POINT( '', #2076 );
#1693 = CIRCLE( '', #2077, 3.00000000000000 );
#1694 = VERTEX_POINT( '', #2078 );
#1695 = LINE( '', #2079, #2080 );
#1696 = CIRCLE( '', #2081, 3.00000000000000 );
#1697 = FILL_AREA_STYLE_COLOUR( '', #2082 );
#1698 = VERTEX_POINT( '', #2083 );
#1699 = VERTEX_POINT( '', #2084 );
#1700 = LINE( '', #2085, #2086 );
#1701 = VERTEX_POINT( '', #2087 );
#1702 = LINE( '', #2088, #2089 );
#1703 = VERTEX_POINT( '', #2090 );
#1704 = LINE( '', #2091, #2092 );
#1705 = LINE( '', #2093, #2094 );
#1706 = FILL_AREA_STYLE_COLOUR( '', #2095 );
#1707 = VERTEX_POINT( '', #2096 );
#1708 = LINE( '', #2097, #2098 );
#1709 = VERTEX_POINT( '', #2099 );
#1710 = LINE( '', #2100, #2101 );
#1711 = VERTEX_POINT( '', #2102 );
#1712 = LINE( '', #2103, #2104 );
#1713 = LINE( '', #2105, #2106 );
#1714 = FILL_AREA_STYLE_COLOUR( '', #2107 );
#1715 = VERTEX_POINT( '', #2108 );
#1716 = LINE( '', #2109, #2110 );
#1717 = VERTEX_POINT( '', #2111 );
#1718 = CIRCLE( '', #2112, 3.00000000000000 );
#1719 = VERTEX_POINT( '', #2113 );
#1720 = LINE( '', #2114, #2115 );
#1721 = CIRCLE( '', #2116, 6.00000000000000 );
#1722 = FILL_AREA_STYLE_COLOUR( '', #2117 );
#1723 = VERTEX_POINT( '', #2118 );
#1724 = VERTEX_POINT( '', #2119 );
#1725 = CIRCLE( '', #2120, 3.00000000000000 );
#1726 = VERTEX_POINT( '', #2121 );
#1727 = LINE( '', #2122, #2123 );
#1728 = VERTEX_POINT( '', #2124 );
#1729 = CIRCLE( '', #2125, 3.00000000000000 );
#1730 = LINE( '', #2126, #2127 );
#1731 = FILL_AREA_STYLE_COLOUR( '', #2128 );
#1732 = LINE( '', #2129, #2130 );
#1733 = CIRCLE( '', #2131, 3.00000000000000 );
#1734 = FILL_AREA_STYLE_COLOUR( '', #2132 );
#1735 = VERTEX_POINT( '', #2133 );
#1736 = LINE( '', #2134, #2135 );
#1737 = CIRCLE( '', #2136, 6.00000000000000 );
#1738 = VERTEX_POINT( '', #2137 );
#1739 = CIRCLE( '', #2138, 3.00000000000000 );
#1740 = VERTEX_POINT( '', #2139 );
#1741 = LINE( '', #2140, #2141 );
#1742 = VERTEX_POINT( '', #2142 );
#1743 = CIRCLE( '', #2143, 3.00000000000000 );
#1744 = VERTEX_POINT( '', #2144 );
#1745 = LINE( '', #2145, #2146 );
#1746 = VERTEX_POINT( '', #2147 );
#1747 = LINE( '', #2148, #2149 );
#1748 = VERTEX_POINT( '', #2150 );
#1749 = LINE( '', #2151, #2152 );
#1750 = VERTEX_POINT( '', #2153 );
#1751 = CIRCLE( '', #2154, 6.00000000000000 );
#1752 = VERTEX_POINT( '', #2155 );
#1753 = LINE( '', #2156, #2157 );
#1754 = VERTEX_POINT( '', #2158 );
#1755 = CIRCLE( '', #2159, 6.00000000000000 );
#1756 = VERTEX_POINT( '', #2160 );
#1757 = LINE( '', #2161, #2162 );
#1758 = VERTEX_POINT( '', #2163 );
#1759 = CIRCLE( '', #2164, 3.00000000000000 );
#1760 = LINE( '', #2165, #2166 );
#1761 = FILL_AREA_STYLE_COLOUR( '', #2167 );
#1762 = VERTEX_POINT( '', #2168 );
#1763 = VERTEX_POINT( '', #2169 );
#1764 = LINE( '', #2170, #2171 );
#1765 = VERTEX_POINT( '', #2172 );
#1766 = CIRCLE( '', #2173, 6.00000000000000 );
#1767 = VERTEX_POINT( '', #2174 );
#1768 = LINE( '', #2175, #2176 );
#1769 = CIRCLE( '', #2177, 6.00000000000000 );
#1770 = FILL_AREA_STYLE_COLOUR( '', #2178 );
#1771 = VERTEX_POINT( '', #2179 );
#1772 = LINE( '', #2180, #2181 );
#1773 = VERTEX_POINT( '', #2182 );
#1774 = LINE( '', #2183, #2184 );
#1775 = LINE( '', #2185, #2186 );
#1776 = FILL_AREA_STYLE_COLOUR( '', #2187 );
#1777 = VERTEX_POINT( '', #2188 );
#1778 = VERTEX_POINT( '', #2189 );
#1779 = LINE( '', #2190, #2191 );
#1780 = VERTEX_POINT( '', #2192 );
#1781 = LINE( '', #2193, #2194 );
#1782 = VERTEX_POINT( '', #2195 );
#1783 = CIRCLE( '', #2196, 3.00000000000000 );
#1784 = LINE( '', #2197, #2198 );
#1785 = VERTEX_POINT( '', #2199 );
#1786 = LINE( '', #2200, #2201 );
#1787 = VERTEX_POINT( '', #2202 );
#1788 = CIRCLE( '', #2203, 6.00000000000000 );
#1789 = VERTEX_POINT( '', #2204 );
#1790 = LINE( '', #2205, #2206 );
#1791 = VERTEX_POINT( '', #2207 );
#1792 = LINE( '', #2208, #2209 );
#1793 = LINE( '', #2210, #2211 );
#1794 = VERTEX_POINT( '', #2212 );
#1795 = LINE( '', #2213, #2214 );
#1796 = VERTEX_POINT( '', #2215 );
#1797 = CIRCLE( '', #2216, 3.00000000000000 );
#1798 = VERTEX_POINT( '', #2217 );
#1799 = LINE( '', #2218, #2219 );
#1800 = VERTEX_POINT( '', #2220 );
#1801 = CIRCLE( '', #2221, 6.00000000000000 );
#1802 = LINE( '', #2222, #2223 );
#1803 = FILL_AREA_STYLE_COLOUR( '', #2224 );
#1804 = VERTEX_POINT( '', #2225 );
#1805 = LINE( '', #2226, #2227 );
#1806 = VERTEX_POINT( '', #2228 );
#1807 = LINE( '', #2229, #2230 );
#1808 = CIRCLE( '', #2231, 6.00000000000000 );
#1809 = FILL_AREA_STYLE_COLOUR( '', #2232 );
#1810 = VERTEX_POINT( '', #2233 );
#1811 = LINE( '', #2234, #2235 );
#1812 = VERTEX_POINT( '', #2236 );
#1813 = CIRCLE( '', #2237, 6.00000000000000 );
#1814 = LINE( '', #2238, #2239 );
#1815 = FILL_AREA_STYLE_COLOUR( '', #2240 );
#1816 = VERTEX_POINT( '', #2241 );
#1817 = LINE( '', #2242, #2243 );
#1818 = LINE( '', #2244, #2245 );
#1819 = FILL_AREA_STYLE_COLOUR( '', #2246 );
#1820 = VERTEX_POINT( '', #2247 );
#1821 = VERTEX_POINT( '', #2248 );
#1822 = LINE( '', #2249, #2250 );
#1823 = VERTEX_POINT( '', #2251 );
#1824 = LINE( '', #2252, #2253 );
#1825 = VERTEX_POINT( '', #2254 );
#1826 = LINE( '', #2255, #2256 );
#1827 = LINE( '', #2257, #2258 );
#1828 = FILL_AREA_STYLE_COLOUR( '', #2259 );
#1829 = VERTEX_POINT( '', #2260 );
#1830 = LINE( '', #2261, #2262 );
#1831 = VERTEX_POINT( '', #2263 );
#1832 = LINE( '', #2264, #2265 );
#1833 = VERTEX_POINT( '', #2266 );
#1834 = CIRCLE( '', #2267, 3.00000000000000 );
#1835 = LINE( '', #2268, #2269 );
#1836 = VERTEX_POINT( '', #2270 );
#1837 = LINE( '', #2271, #2272 );
#1838 = VERTEX_POINT( '', #2273 );
#1839 = CIRCLE( '', #2274, 6.00000000000000 );
#1840 = LINE( '', #2275, #2276 );
#1841 = VERTEX_POINT( '', #2277 );
#1842 = LINE( '', #2278, #2279 );
#1843 = VERTEX_POINT( '', #2280 );
#1844 = CIRCLE( '', #2281, 3.00000000000000 );
#1845 = VERTEX_POINT( '', #2282 );
#1846 = LINE( '', #2283, #2284 );
#1847 = CIRCLE( '', #2285, 3.00000000000000 );
#1848 = CIRCLE( '', #2286, 6.00000000000000 );
#1849 = FILL_AREA_STYLE_COLOUR( '', #2287 );
#1850 = VERTEX_POINT( '', #2288 );
#1851 = CIRCLE( '', #2289, 50.0000000000000 );
#1852 = VERTEX_POINT( '', #2290 );
#1853 = CIRCLE( '', #2291, 50.0000000000000 );
#1854 = FILL_AREA_STYLE_COLOUR( '', #2292 );
#1855 = LINE( '', #2293, #2294 );
#1856 = VERTEX_POINT( '', #2295 );
#1857 = LINE( '', #2296, #2297 );
#1858 = LINE( '', #2298, #2299 );
#1859 = FILL_AREA_STYLE_COLOUR( '', #2300 );
#1860 = VERTEX_POINT( '', #2301 );
#1861 = LINE( '', #2302, #2303 );
#1862 = VERTEX_POINT( '', #2304 );
#1863 = CIRCLE( '', #2305, 3.00000000000000 );
#1864 = LINE( '', #2306, #2307 );
#1865 = FILL_AREA_STYLE_COLOUR( '', #2308 );
#1866 = LINE( '', #2309, #2310 );
#1867 = FILL_AREA_STYLE_COLOUR( '', #2311 );
#1868 = LINE( '', #2312, #2313 );
#1869 = FILL_AREA_STYLE_COLOUR( '', #2314 );
#1870 = CIRCLE( '', #2315, 3.00000000000000 );
#1871 = FILL_AREA_STYLE_COLOUR( '', #2316 );
#1872 = VERTEX_POINT( '', #2317 );
#1873 = VERTEX_POINT( '', #2318 );
#1874 = CIRCLE( '', #2319, 6.00000000000000 );
#1875 = VERTEX_POINT( '', #2320 );
#1876 = LINE( '', #2321, #2322 );
#1877 = VERTEX_POINT( '', #2323 );
#1878 = CIRCLE( '', #2324, 6.00000000000000 );
#1879 = LINE( '', #2325, #2326 );
#1880 = FILL_AREA_STYLE_COLOUR( '', #2327 );
#1881 = LINE( '', #2328, #2329 );
#1882 = LINE( '', #2330, #2331 );
#1883 = FILL_AREA_STYLE_COLOUR( '', #2332 );
#1884 = VERTEX_POINT( '', #2333 );
#1885 = LINE( '', #2334, #2335 );
#1886 = VERTEX_POINT( '', #2336 );
#1887 = LINE( '', #2337, #2338 );
#1888 = LINE( '', #2339, #2340 );
#1889 = LINE( '', #2341, #2342 );
#1890 = FILL_AREA_STYLE_COLOUR( '', #2343 );
#1891 = LINE( '', #2344, #2345 );
#1892 = LINE( '', #2346, #2347 );
#1893 = FILL_AREA_STYLE_COLOUR( '', #2348 );
#1894 = LINE( '', #2349, #2350 );
#1895 = LINE( '', #2351, #2352 );
#1896 = LINE( '', #2353, #2354 );
#1897 = FILL_AREA_STYLE_COLOUR( '', #2355 );
#1898 = LINE( '', #2356, #2357 );
#1899 = FILL_AREA_STYLE_COLOUR( '', #2358 );
#1900 = VERTEX_POINT( '', #2359 );
#1901 = LINE( '', #2360, #2361 );
#1902 = VERTEX_POINT( '', #2362 );
#1903 = LINE( '', #2363, #2364 );
#1904 = LINE( '', #2365, #2366 );
#1905 = FILL_AREA_STYLE_COLOUR( '', #2367 );
#1906 = VERTEX_POINT( '', #2368 );
#1907 = VERTEX_POINT( '', #2369 );
#1908 = LINE( '', #2370, #2371 );
#1909 = VERTEX_POINT( '', #2372 );
#1910 = LINE( '', #2373, #2374 );
#1911 = VERTEX_POINT( '', #2375 );
#1912 = LINE( '', #2376, #2377 );
#1913 = LINE( '', #2378, #2379 );
#1914 = FILL_AREA_STYLE_COLOUR( '', #2380 );
#1915 = VERTEX_POINT( '', #2381 );
#1916 = VERTEX_POINT( '', #2382 );
#1917 = LINE( '', #2383, #2384 );
#1918 = VERTEX_POINT( '', #2385 );
#1919 = CIRCLE( '', #2386, 6.00000000000000 );
#1920 = LINE( '', #2387, #2388 );
#1921 = LINE( '', #2389, #2390 );
#1922 = LINE( '', #2391, #2392 );
#1923 = CIRCLE( '', #2393, 6.00000000000000 );
#1924 = FILL_AREA_STYLE_COLOUR( '', #2394 );
#1925 = VERTEX_POINT( '', #2395 );
#1926 = LINE( '', #2396, #2397 );
#1927 = VERTEX_POINT( '', #2398 );
#1928 = LINE( '', #2399, #2400 );
#1929 = LINE( '', #2401, #2402 );
#1930 = FILL_AREA_STYLE_COLOUR( '', #2403 );
#1931 = LINE( '', #2404, #2405 );
#1932 = LINE( '', #2406, #2407 );
#1933 = FILL_AREA_STYLE_COLOUR( '', #2408 );
#1934 = FILL_AREA_STYLE_COLOUR( '', #2409 );
#1935 = LINE( '', #2410, #2411 );
#1936 = VERTEX_POINT( '', #2412 );
#1937 = LINE( '', #2413, #2414 );
#1938 = VERTEX_POINT( '', #2415 );
#1939 = CIRCLE( '', #2416, 6.00000000000000 );
#1940 = VERTEX_POINT( '', #2417 );
#1941 = LINE( '', #2418, #2419 );
#1942 = CIRCLE( '', #2420, 6.00000000000000 );
#1943 = FILL_AREA_STYLE_COLOUR( '', #2421 );
#1944 = FILL_AREA_STYLE_COLOUR( '', #2422 );
#1945 = FILL_AREA_STYLE_COLOUR( '', #2423 );
#1946 = LINE( '', #2424, #2425 );
#1947 = FILL_AREA_STYLE_COLOUR( '', #2426 );
#1948 = VERTEX_POINT( '', #2427 );
#1949 = LINE( '', #2428, #2429 );
#1950 = VERTEX_POINT( '', #2430 );
#1951 = CIRCLE( '', #2431, 6.00000000000000 );
#1952 = VERTEX_POINT( '', #2432 );
#1953 = LINE( '', #2433, #2434 );
#1954 = VERTEX_POINT( '', #2435 );
#1955 = LINE( '', #2436, #2437 );
#1956 = VERTEX_POINT( '', #2438 );
#1957 = LINE( '', #2439, #2440 );
#1958 = LINE( '', #2441, #2442 );
#1959 = FILL_AREA_STYLE_COLOUR( '', #2443 );
#1960 = FILL_AREA_STYLE_COLOUR( '', #2444 );
#1961 = LINE( '', #2445, #2446 );
#1962 = LINE( '', #2447, #2448 );
#1963 = FILL_AREA_STYLE_COLOUR( '', #2449 );
#1964 = LINE( '', #2450, #2451 );
#1965 = FILL_AREA_STYLE_COLOUR( '', #2452 );
#1966 = FILL_AREA_STYLE_COLOUR( '', #2453 );
#1967 = LINE( '', #2454, #2455 );
#1968 = FILL_AREA_STYLE_COLOUR( '', #2456 );
#1969 = VERTEX_POINT( '', #2457 );
#1970 = LINE( '', #2458, #2459 );
#1971 = CIRCLE( '', #2460, 6.00000000000000 );
#1972 = CIRCLE( '', #2461, 3.00000000000000 );
#1973 = FILL_AREA_STYLE_COLOUR( '', #2462 );
#1974 = VERTEX_POINT( '', #2463 );
#1975 = LINE( '', #2464, #2465 );
#1976 = VERTEX_POINT( '', #2466 );
#1977 = CIRCLE( '', #2467, 6.00000000000000 );
#1978 = LINE( '', #2468, #2469 );
#1979 = FILL_AREA_STYLE_COLOUR( '', #2470 );
#1980 = VERTEX_POINT( '', #2471 );
#1981 = LINE( '', #2472, #2473 );
#1982 = LINE( '', #2474, #2475 );
#1983 = FILL_AREA_STYLE_COLOUR( '', #2476 );
#1984 = VERTEX_POINT( '', #2477 );
#1985 = LINE( '', #2478, #2479 );
#1986 = VERTEX_POINT( '', #2480 );
#1987 = LINE( '', #2481, #2482 );
#1988 = LINE( '', #2483, #2484 );
#1989 = FILL_AREA_STYLE_COLOUR( '', #2485 );
#1990 = CIRCLE( '', #2486, 6.00000000000000 );
#1991 = FILL_AREA_STYLE_COLOUR( '', #2487 );
#1992 = LINE( '', #2488, #2489 );
#1993 = FILL_AREA_STYLE_COLOUR( '', #2490 );
#1994 = VERTEX_POINT( '', #2491 );
#1995 = LINE( '', #2492, #2493 );
#1996 = LINE( '', #2494, #2495 );
#1997 = FILL_AREA_STYLE_COLOUR( '', #2496 );
#1998 = FILL_AREA_STYLE_COLOUR( '', #2497 );
#1999 = LINE( '', #2498, #2499 );
#2000 = FILL_AREA_STYLE_COLOUR( '', #2500 );
#2001 = LINE( '', #2501, #2502 );
#2002 = CIRCLE( '', #2503, 6.00000000000000 );
#2003 = FILL_AREA_STYLE_COLOUR( '', #2504 );
#2004 = LINE( '', #2505, #2506 );
#2005 = LINE( '', #2507, #2508 );
#2006 = FILL_AREA_STYLE_COLOUR( '', #2509 );
#2007 = LINE( '', #2510, #2511 );
#2008 = FILL_AREA_STYLE_COLOUR( '', #2512 );
#2009 = VERTEX_POINT( '', #2513 );
#2010 = LINE( '', #2514, #2515 );
#2011 = LINE( '', #2516, #2517 );
#2012 = FILL_AREA_STYLE_COLOUR( '', #2518 );
#2013 = LINE( '', #2519, #2520 );
#2014 = FILL_AREA_STYLE_COLOUR( '', #2521 );
#2015 = LINE( '', #2522, #2523 );
#2016 = FILL_AREA_STYLE_COLOUR( '', #2524 );
#2017 = CIRCLE( '', #2525, 3.00000000000000 );
#2018 = CIRCLE( '', #2526, 6.00000000000000 );
#2019 = FILL_AREA_STYLE_COLOUR( '', #2527 );
#2020 = LINE( '', #2528, #2529 );
#2021 = CIRCLE( '', #2530, 3.00000000000000 );
#2022 = FILL_AREA_STYLE_COLOUR( '', #2531 );
#2023 = FILL_AREA_STYLE_COLOUR( '', #2532 );
#2024 = CIRCLE( '', #2533, 6.00000000000000 );
#2025 = LINE( '', #2534, #2535 );
#2026 = FILL_AREA_STYLE_COLOUR( '', #2536 );
#2027 = FILL_AREA_STYLE_COLOUR( '', #2537 );
#2028 = FILL_AREA_STYLE_COLOUR( '', #2538 );
#2029 = LINE( '', #2539, #2540 );
#2030 = FILL_AREA_STYLE_COLOUR( '', #2541 );
#2031 = FILL_AREA_STYLE_COLOUR( '', #2542 );
#2032 = FILL_AREA_STYLE_COLOUR( '', #2543 );
#2033 = FILL_AREA_STYLE_COLOUR( '', #2544 );
#2034 = FILL_AREA_STYLE_COLOUR( '', #2545 );
#2035 = FILL_AREA_STYLE_COLOUR( '', #2546 );
#2036 = FILL_AREA_STYLE_COLOUR( '', #2547 );
#2037 = COLOUR_RGB( '', 0.686274528503418, 0.768627464771271, 0.866666674613953 );
#2038 = CARTESIAN_POINT( '', ( 119.000000000000, 483.000000000000, 3.00000000000000 ) );
#2039 = CARTESIAN_POINT( '', ( 119.000000000000, 483.000000000000, 0.000000000000000 ) );
#2040 = CARTESIAN_POINT( '', ( 119.000000000000, 483.000000000000, 0.000000000000000 ) );
#2041 = VECTOR( '', #2548, 1000.00000000000 );
#2042 = CARTESIAN_POINT( '', ( 119.000000000000, 489.000000000000, 6.00000000000000 ) );
#2043 = AXIS2_PLACEMENT_3D( '', #2549, #2550, #2551 );
#2044 = CARTESIAN_POINT( '', ( 119.000000000000, 486.000000000000, 6.00000000000000 ) );
#2045 = CARTESIAN_POINT( '', ( 119.000000000000, 489.000000000000, 6.00000000000000 ) );
#2046 = VECTOR( '', #2552, 1000.00000000000 );
#2047 = AXIS2_PLACEMENT_3D( '', #2553, #2554, #2555 );
#2048 = COLOUR_RGB( '', 0.686274528503418, 0.768627464771271, 0.866666674613953 );
#2049 = CARTESIAN_POINT( '', ( -119.000000000000, 3.00000000000000, 0.000000000000000 ) );
#2050 = CARTESIAN_POINT( '', ( -119.000000000000, 483.000000000000, 0.000000000000000 ) );
#2051 = CARTESIAN_POINT( '', ( -119.000000000000, 0.000000000000000, 0.000000000000000 ) );
#2052 = VECTOR( '', #2556, 1000.00000000000 );
#2053 = CARTESIAN_POINT( '', ( -125.000000000000, 3.00000000000000, 6.00000000000000 ) );
#2054 = AXIS2_PLACEMENT_3D( '', #2557, #2558, #2559 );
#2055 = CARTESIAN_POINT( '', ( -125.000000000000, 483.000000000000, 6.00000000000000 ) );
#2056 = CARTESIAN_POINT( '', ( -125.000000000000, 0.000000000000000, 6.00000000000000 ) );
#2057 = VECTOR( '', #2560, 1000.00000000000 );
#2058 = AXIS2_PLACEMENT_3D( '', #2561, #2562, #2563 );
#2059 = COLOUR_RGB( '', 0.686274528503418, 0.768627464771271, 0.866666674613953 );
#2060 = CARTESIAN_POINT( '', ( -125.000000000000, 485.998000000000, 6.00000000000000 ) );
#2061 = CARTESIAN_POINT( '', ( -125.000000000000, 486.000000000000, 6.00000000000000 ) );
#2062 = VECTOR( '', #2564, 1000.00000000000 );
#2063 = CARTESIAN_POINT( '', ( -122.000000000000, 485.998000000000, 6.00000000000000 ) );
#2064 = CARTESIAN_POINT( '', ( -125.000000000000, 485.998000000000, 6.00000000000000 ) );
#2065 = VECTOR( '', #2565, 1000.00000000000 );
#2066 = CARTESIAN_POINT( '', ( -122.000000000000, 483.000000000000, 6.00000000000000 ) );
#2067 = CARTESIAN_POINT( '', ( -122.000000000000, 486.000000000000, 6.00000000000000 ) );
#2068 = VECTOR( '', #2566, 1000.00000000000 );
#2069 = CARTESIAN_POINT( '', ( -125.000000000000, 483.000000000000, 6.00000000000000 ) );
#2070 = VECTOR( '', #2567, 1000.00000000000 );
#2071 = COLOUR_RGB( '', 0.686274528503418, 0.768627464771271, 0.866666674613953 );
#2072 = CARTESIAN_POINT( '', ( 148.000000000000, 0.00200000000000174, 42.0000000000000 ) );
#2073 = CARTESIAN_POINT( '', ( 148.000000000000, 485.998000000000, 42.0000000000000 ) );
#2074 = CARTESIAN_POINT( '', ( 148.000000000000, 0.000000000000000, 42.0000000000000 ) );
#2075 = VECTOR( '', #2568, 1000.00000000000 );
#2076 = CARTESIAN_POINT( '', ( 151.000000000000, 485.998000000000, 39.0000000000000 ) );
#2077 = AXIS2_PLACEMENT_3D( '', #2569, #2570, #2571 );
#2078 = CARTESIAN_POINT( '', ( 151.000000000000, 0.00200000000000174, 39.0000000000000 ) );
#2079 = CARTESIAN_POINT( '', ( 151.000000000000, 0.000000000000000, 39.0000000000000 ) );
#2080 = VECTOR( '', #2572, 1000.00000000000 );
#2081 = AXIS2_PLACEMENT_3D( '', #2573, #2574, #2575 );
#2082 = COLOUR_RGB( '', 0.686274528503418, 0.768627464771271, 0.866666674613953 );
#2083 = CARTESIAN_POINT( '', ( -99.0000000000000, 0.00200000000000045, 30.0000000000000 ) );
#2084 = CARTESIAN_POINT( '', ( -99.0000000000000, 485.998000000000, 30.0000000000000 ) );
#2085 = CARTESIAN_POINT( '', ( -99.0000000000000, 0.000000000000000, 30.0000000000000 ) );
#2086 = VECTOR( '', #2576, 1000.00000000000 );
#2087 = CARTESIAN_POINT( '', ( -119.000000000000, 485.998000000000, 30.0000000000000 ) );
#2088 = CARTESIAN_POINT( '', ( -125.000000000000, 485.998000000000, 30.0000000000000 ) );
#2089 = VECTOR( '', #2577, 1000.00000000000 );
#2090 = CARTESIAN_POINT( '', ( -119.000000000000, 0.00200000000000045, 30.0000000000000 ) );
#2091 = CARTESIAN_POINT( '', ( -119.000000000000, 0.000000000000000, 30.0000000000000 ) );
#2092 = VECTOR( '', #2578, 1000.00000000000 );
#2093 = CARTESIAN_POINT( '', ( -125.000000000000, 0.00200000000000045, 30.0000000000000 ) );
#2094 = VECTOR( '', #2579, 1000.00000000000 );
#2095 = COLOUR_RGB( '', 0.686274528503418, 0.768627464771271, 0.866666674613953 );
#2096 = CARTESIAN_POINT( '', ( -125.000000000000, 0.00200000000000045, 6.00000000000000 ) );
#2097 = CARTESIAN_POINT( '', ( -125.000000000000, 0.000000000000000, 6.00000000000000 ) );
#2098 = VECTOR( '', #2580, 1000.00000000000 );
#2099 = CARTESIAN_POINT( '', ( -122.000000000000, 3.00000000000000, 6.00000000000000 ) );
#2100 = CARTESIAN_POINT( '', ( -125.000000000000, 3.00000000000000, 6.00000000000000 ) );
#2101 = VECTOR( '', #2581, 1000.00000000000 );
#2102 = CARTESIAN_POINT( '', ( -122.000000000000, 0.00200000000000045, 6.00000000000000 ) );
#2103 = CARTESIAN_POINT( '', ( -122.000000000000, 0.000000000000000, 6.00000000000000 ) );
#2104 = VECTOR( '', #2582, 1000.00000000000 );
#2105 = CARTESIAN_POINT( '', ( -125.000000000000, 0.00200000000000045, 6.00000000000000 ) );
#2106 = VECTOR( '', #2583, 1000.00000000000 );
#2107 = COLOUR_RGB( '', 0.686274528503418, 0.768627464771271, 0.866666674613953 );
#2108 = CARTESIAN_POINT( '', ( -119.000000000000, 483.000000000000, 3.00000000000000 ) );
#2109 = CARTESIAN_POINT( '', ( -119.000000000000, 483.000000000000, 0.000000000000000 ) );
#2110 = VECTOR( '', #2584, 1000.00000000000 );
#2111 = CARTESIAN_POINT( '', ( -119.000000000000, 486.000000000000, 6.00000000000000 ) );
#2112 = AXIS2_PLACEMENT_3D( '', #2585, #2586, #2587 );
#2113 = CARTESIAN_POINT( '', ( -119.000000000000, 489.000000000000, 6.00000000000000 ) );
#2114 = CARTESIAN_POINT( '', ( -119.000000000000, 486.000000000000, 6.00000000000000 ) );
#2115 = VECTOR( '', #2588, 1000.00000000000 );
#2116 = AXIS2_PLACEMENT_3D( '', #2589, #2590, #2591 );
#2117 = COLOUR_RGB( '', 0.686274528503418, 0.768627464771271, 0.866666674613953 );
#2118 = CARTESIAN_POINT( '', ( -119.000000000000, 8.67361737988404E-016, 6.00000000000000 ) );
#2119 = CARTESIAN_POINT( '', ( -119.000000000000, 3.00000000000000, 3.00000000000000 ) );
#2120 = AXIS2_PLACEMENT_3D( '', #2592, #2593, #2594 );
#2121 = CARTESIAN_POINT( '', ( 119.000000000000, 8.67361737988404E-016, 6.00000000000000 ) );
#2122 = CARTESIAN_POINT( '', ( -118.998000000000, 8.67361737988404E-016, 6.00000000000000 ) );
#2123 = VECTOR( '', #2595, 1000.00000000000 );
#2124 = CARTESIAN_POINT( '', ( 119.000000000000, 3.00000000000000, 3.00000000000000 ) );
#2125 = AXIS2_PLACEMENT_3D( '', #2596, #2597, #2598 );
#2126 = CARTESIAN_POINT( '', ( 118.998000000000, 3.00000000000000, 3.00000000000000 ) );
#2127 = VECTOR( '', #2599, 1000.00000000000 );
#2128 = COLOUR_RGB( '', 0.686274528503418, 0.768627464771271, 0.866666674613953 );
#2129 = CARTESIAN_POINT( '', ( -119.000000000000, 3.00000000000000, 0.000000000000000 ) );
#2130 = VECTOR( '', #2600, 1000.00000000000 );
#2131 = AXIS2_PLACEMENT_3D( '', #2601, #2602, #2603 );
#2132 = COLOUR_RGB( '', 0.686274528503418, 0.768627464771271, 0.866666674613953 );
#2133 = CARTESIAN_POINT( '', ( -125.000000000000, 485.998000000000, 24.0000000000000 ) );
#2134 = CARTESIAN_POINT( '', ( -125.000000000000, 485.998000000000, 30.0000000000000 ) );
#2135 = VECTOR( '', #2604, 1000.00000000000 );
#2136 = AXIS2_PLACEMENT_3D( '', #2605, #2606, #2607 );
#2137 = CARTESIAN_POINT( '', ( -96.0000000000000, 485.998000000000, 33.0000000000000 ) );
#2138 = AXIS2_PLACEMENT_3D( '', #2608, #2609, #2610 );
#2139 = CARTESIAN_POINT( '', ( -96.0000000000000, 485.998000000000, 43.0000000000000 ) );
#2140 = CARTESIAN_POINT( '', ( -96.0000000000000, 485.998000000000, 30.0000000000000 ) );
#2141 = VECTOR( '', #2611, 1000.00000000000 );
#2142 = CARTESIAN_POINT( '', ( -99.0000000000000, 485.998000000000, 46.0000000000000 ) );
#2143 = AXIS2_PLACEMENT_3D( '', #2612, #2613, #2614 );
#2144 = CARTESIAN_POINT( '', ( -106.000000000000, 485.998000000000, 46.0000000000000 ) );
#2145 = CARTESIAN_POINT( '', ( -96.0000000000000, 485.998000000000, 46.0000000000000 ) );
#2146 = VECTOR( '', #2615, 1000.00000000000 );
#2147 = CARTESIAN_POINT( '', ( -106.000000000000, 485.998000000000, 49.0000000000000 ) );
#2148 = CARTESIAN_POINT( '', ( -106.000000000000, 485.998000000000, 46.0000000000000 ) );
#2149 = VECTOR( '', #2616, 1000.00000000000 );
#2150 = CARTESIAN_POINT( '', ( -99.0000000000000, 485.998000000000, 49.0000000000000 ) );
#2151 = CARTESIAN_POINT( '', ( -96.0000000000000, 485.998000000000, 49.0000000000000 ) );
#2152 = VECTOR( '', #2617, 1000.00000000000 );
#2153 = CARTESIAN_POINT( '', ( -93.0000000000000, 485.998000000000, 43.0000000000000 ) );
#2154 = AXIS2_PLACEMENT_3D( '', #2618, #2619, #2620 );
#2155 = CARTESIAN_POINT( '', ( -93.0000000000000, 485.998000000000, 33.0000000000000 ) );
#2156 = CARTESIAN_POINT( '', ( -93.0000000000000, 485.998000000000, 30.0000000000000 ) );
#2157 = VECTOR( '', #2621, 1000.00000000000 );
#2158 = CARTESIAN_POINT( '', ( -99.0000000000000, 485.998000000000, 27.0000000000000 ) );
#2159 = AXIS2_PLACEMENT_3D( '', #2622, #2623, #2624 );
#2160 = CARTESIAN_POINT( '', ( -119.000000000000, 485.998000000000, 27.0000000000000 ) );
#2161 = CARTESIAN_POINT( '', ( -125.000000000000, 485.998000000000, 27.0000000000000 ) );
#2162 = VECTOR( '', #2625, 1000.00000000000 );
#2163 = CARTESIAN_POINT( '', ( -122.000000000000, 485.998000000000, 24.0000000000000 ) );
#2164 = AXIS2_PLACEMENT_3D( '', #2626, #2627, #2628 );
#2165 = CARTESIAN_POINT( '', ( -122.000000000000, 485.998000000000, 30.0000000000000 ) );
#2166 = VECTOR( '', #2629, 1000.00000000000 );
#2167 = COLOUR_RGB( '', 0.686274528503418, 0.768627464771271, 0.866666674613953 );
#2168 = CARTESIAN_POINT( '', ( 148.000000000000, 0.00200000000000174, 30.0000000000000 ) );
#2169 = CARTESIAN_POINT( '', ( 148.000000000000, 485.998000000000, 30.0000000000000 ) );
#2170 = CARTESIAN_POINT( '', ( 148.000000000000, 0.000000000000000, 30.0000000000000 ) );
#2171 = VECTOR( '', #2630, 1000.00000000000 );
#2172 = CARTESIAN_POINT( '', ( 154.000000000000, 485.998000000000, 36.0000000000000 ) );
#2173 = AXIS2_PLACEMENT_3D( '', #2631, #2632, #2633 );
#2174 = CARTESIAN_POINT( '', ( 154.000000000000, 0.00200000000000174, 36.0000000000000 ) );
#2175 = CARTESIAN_POINT( '', ( 154.000000000000, 0.000000000000000, 36.0000000000000 ) );
#2176 = VECTOR( '', #2634, 1000.00000000000 );
#2177 = AXIS2_PLACEMENT_3D( '', #2635, #2636, #2637 );
#2178 = COLOUR_RGB( '', 0.686274528503418, 0.768627464771271, 0.866666674613953 );
#2179 = CARTESIAN_POINT( '', ( -106.000000000000, 0.00200000000000045, 49.0000000000000 ) );
#2180 = CARTESIAN_POINT( '', ( -106.000000000000, 0.000000000000000, 49.0000000000000 ) );
#2181 = VECTOR( '', #2638, 1000.00000000000 );
#2182 = CARTESIAN_POINT( '', ( -106.000000000000, 0.00200000000000045, 46.0000000000000 ) );
#2183 = CARTESIAN_POINT( '', ( -106.000000000000, 0.000000000000000, 46.0000000000000 ) );
#2184 = VECTOR( '', #2639, 1000.00000000000 );
#2185 = CARTESIAN_POINT( '', ( -106.000000000000, 0.00200000000000045, 46.0000000000000 ) );
#2186 = VECTOR( '', #2640, 1000.00000000000 );
#2187 = COLOUR_RGB( '', 0.686274528503418, 0.768627464771271, 0.866666674613953 );
#2188 = CARTESIAN_POINT( '', ( 125.000000000000, 0.00200000000000174, 6.00000000000000 ) );
#2189 = CARTESIAN_POINT( '', ( 122.000000000000, 0.00200000000000174, 6.00000000000000 ) );
#2190 = CARTESIAN_POINT( '', ( 125.000000000000, 0.00200000000000174, 6.00000000000000 ) );
#2191 = VECTOR( '', #2641, 1000.00000000000 );
#2192 = CARTESIAN_POINT( '', ( 125.000000000000, 0.00200000000000174, 27.0000000000000 ) );
#2193 = CARTESIAN_POINT( '', ( 125.000000000000, 0.00200000000000174, 0.000000000000000 ) );
#2194 = VECTOR( '', #2642, 1000.00000000000 );
#2195 = CARTESIAN_POINT( '', ( 128.000000000000, 0.00200000000000174, 30.0000000000000 ) );
#2196 = AXIS2_PLACEMENT_3D( '', #2643, #2644, #2645 );
#2197 = CARTESIAN_POINT( '', ( 125.000000000000, 0.00200000000000174, 30.0000000000000 ) );
#2198 = VECTOR( '', #2646, 1000.00000000000 );
#2199 = CARTESIAN_POINT( '', ( 154.000000000000, 0.00200000000000174, 39.0000000000000 ) );
#2200 = CARTESIAN_POINT( '', ( 154.000000000000, 0.00200000000000174, 30.0000000000000 ) );
#2201 = VECTOR( '', #2647, 1000.00000000000 );
#2202 = CARTESIAN_POINT( '', ( 148.000000000000, 0.00200000000000174, 45.0000000000000 ) );
#2203 = AXIS2_PLACEMENT_3D( '', #2648, #2649, #2650 );
#2204 = CARTESIAN_POINT( '', ( 143.000000000000, 0.00200000000000174, 45.0000000000000 ) );
#2205 = CARTESIAN_POINT( '', ( 154.000000000000, 0.00200000000000174, 45.0000000000000 ) );
#2206 = VECTOR( '', #2651, 1000.00000000000 );
#2207 = CARTESIAN_POINT( '', ( 143.000000000000, 0.00200000000000174, 42.0000000000000 ) );
#2208 = CARTESIAN_POINT( '', ( 143.000000000000, 0.00200000000000174, 45.0000000000000 ) );
#2209 = VECTOR( '', #2652, 1000.00000000000 );
#2210 = CARTESIAN_POINT( '', ( 154.000000000000, 0.00200000000000174, 42.0000000000000 ) );
#2211 = VECTOR( '', #2653, 1000.00000000000 );
#2212 = CARTESIAN_POINT( '', ( 151.000000000000, 0.00200000000000174, 36.0000000000000 ) );
#2213 = CARTESIAN_POINT( '', ( 151.000000000000, 0.00200000000000174, 30.0000000000000 ) );
#2214 = VECTOR( '', #2654, 1000.00000000000 );
#2215 = CARTESIAN_POINT( '', ( 148.000000000000, 0.00200000000000174, 33.0000000000000 ) );
#2216 = AXIS2_PLACEMENT_3D( '', #2655, #2656, #2657 );
#2217 = CARTESIAN_POINT( '', ( 128.000000000000, 0.00200000000000174, 33.0000000000000 ) );
#2218 = CARTESIAN_POINT( '', ( 125.000000000000, 0.00200000000000174, 33.0000000000000 ) );
#2219 = VECTOR( '', #2658, 1000.00000000000 );
#2220 = CARTESIAN_POINT( '', ( 122.000000000000, 0.00200000000000174, 27.0000000000000 ) );
#2221 = AXIS2_PLACEMENT_3D( '', #2659, #2660, #2661 );
#2222 = CARTESIAN_POINT( '', ( 122.000000000000, 0.00200000000000174, 0.000000000000000 ) );
#2223 = VECTOR( '', #2662, 1000.00000000000 );
#2224 = COLOUR_RGB( '', 0.686274528503418, 0.768627464771271, 0.866666674613953 );
#2225 = CARTESIAN_POINT( '', ( -99.0000000000000, 0.00200000000000045, 27.0000000000000 ) );
#2226 = CARTESIAN_POINT( '', ( -99.0000000000000, 0.000000000000000, 27.0000000000000 ) );
#2227 = VECTOR( '', #2663, 1000.00000000000 );
#2228 = CARTESIAN_POINT( '', ( -93.0000000000000, 0.00200000000000045, 33.0000000000000 ) );
#2229 = CARTESIAN_POINT( '', ( -93.0000000000000, 0.000000000000000, 33.0000000000000 ) );
#2230 = VECTOR( '', #2664, 1000.00000000000 );
#2231 = AXIS2_PLACEMENT_3D( '', #2665, #2666, #2667 );
#2232 = COLOUR_RGB( '', 0.686274528503418, 0.768627464771271, 0.866666674613953 );
#2233 = CARTESIAN_POINT( '', ( 128.000000000000, 485.998000000000, 33.0000000000000 ) );
#2234 = CARTESIAN_POINT( '', ( 128.000000000000, 0.000000000000000, 33.0000000000000 ) );
#2235 = VECTOR( '', #2668, 1000.00000000000 );
#2236 = CARTESIAN_POINT( '', ( 122.000000000000, 485.998000000000, 27.0000000000000 ) );
#2237 = AXIS2_PLACEMENT_3D( '', #2669, #2670, #2671 );
#2238 = CARTESIAN_POINT( '', ( 122.000000000000, 0.000000000000000, 27.0000000000000 ) );
#2239 = VECTOR( '', #2672, 1000.00000000000 );
#2240 = COLOUR_RGB( '', 0.686274528503418, 0.768627464771271, 0.866666674613953 );
#2241 = CARTESIAN_POINT( '', ( 143.000000000000, 485.998000000000, 42.0000000000000 ) );
#2242 = CARTESIAN_POINT( '', ( 143.000000000000, 0.000000000000000, 42.0000000000000 ) );
#2243 = VECTOR( '', #2673, 1000.00000000000 );
#2244 = CARTESIAN_POINT( '', ( 154.000000000000, 485.998000000000, 42.0000000000000 ) );
#2245 = VECTOR( '', #2674, 1000.00000000000 );
#2246 = COLOUR_RGB( '', 0.686274528503418, 0.768627464771271, 0.866666674613953 );
#2247 = CARTESIAN_POINT( '', ( 125.000000000000, 483.000000000000, 6.00000000000000 ) );
#2248 = CARTESIAN_POINT( '', ( 122.000000000000, 483.000000000000, 6.00000000000000 ) );
#2249 = CARTESIAN_POINT( '', ( 122.000000000000, 483.000000000000, 6.00000000000000 ) );
#2250 = VECTOR( '', #2675, 1000.00000000000 );
#2251 = CARTESIAN_POINT( '', ( 122.000000000000, 485.998000000000, 6.00000000000000 ) );
#2252 = CARTESIAN_POINT( '', ( 122.000000000000, 486.000000000000, 6.00000000000000 ) );
#2253 = VECTOR( '', #2676, 1000.00000000000 );
#2254 = CARTESIAN_POINT( '', ( 125.000000000000, 485.998000000000, 6.00000000000000 ) );
#2255 = CARTESIAN_POINT( '', ( 125.000000000000, 485.998000000000, 6.00000000000000 ) );
#2256 = VECTOR( '', #2677, 1000.00000000000 );
#2257 = CARTESIAN_POINT( '', ( 125.000000000000, 486.000000000000, 6.00000000000000 ) );
#2258 = VECTOR( '', #2678, 1000.00000000000 );
#2259 = COLOUR_RGB( '', 0.686274528503418, 0.768627464771271, 0.866666674613953 );
#2260 = CARTESIAN_POINT( '', ( -125.000000000000, 0.00200000000000045, 24.0000000000000 ) );
#2261 = CARTESIAN_POINT( '', ( -125.000000000000, 0.00200000000000045, 30.0000000000000 ) );
#2262 = VECTOR( '', #2679, 1000.00000000000 );
#2263 = CARTESIAN_POINT( '', ( -122.000000000000, 0.00200000000000045, 24.0000000000000 ) );
#2264 = CARTESIAN_POINT( '', ( -122.000000000000, 0.00200000000000045, 30.0000000000000 ) );
#2265 = VECTOR( '', #2680, 1000.00000000000 );
#2266 = CARTESIAN_POINT( '', ( -119.000000000000, 0.00200000000000045, 27.0000000000000 ) );
#2267 = AXIS2_PLACEMENT_3D( '', #2681, #2682, #2683 );
#2268 = CARTESIAN_POINT( '', ( -125.000000000000, 0.00200000000000045, 27.0000000000000 ) );
#2269 = VECTOR( '', #2684, 1000.00000000000 );
#2270 = CARTESIAN_POINT( '', ( -93.0000000000000, 0.00200000000000045, 43.0000000000000 ) );
#2271 = CARTESIAN_POINT( '', ( -93.0000000000000, 0.00200000000000045, 30.0000000000000 ) );
#2272 = VECTOR( '', #2685, 1000.00000000000 );
#2273 = CARTESIAN_POINT( '', ( -99.0000000000000, 0.00200000000000045, 49.0000000000000 ) );
#2274 = AXIS2_PLACEMENT_3D( '', #2686, #2687, #2688 );
#2275 = CARTESIAN_POINT( '', ( -96.0000000000000, 0.00200000000000045, 49.0000000000000 ) );
#2276 = VECTOR( '', #2689, 1000.00000000000 );
#2277 = CARTESIAN_POINT( '', ( -99.0000000000000, 0.00200000000000045, 46.0000000000000 ) );
#2278 = CARTESIAN_POINT( '', ( -96.0000000000000, 0.00200000000000045, 46.0000000000000 ) );
#2279 = VECTOR( '', #2690, 1000.00000000000 );
#2280 = CARTESIAN_POINT( '', ( -96.0000000000000, 0.00200000000000045, 43.0000000000000 ) );
#2281 = AXIS2_PLACEMENT_3D( '', #2691, #2692, #2693 );
#2282 = CARTESIAN_POINT( '', ( -96.0000000000000, 0.00200000000000045, 33.0000000000000 ) );
#2283 = CARTESIAN_POINT( '', ( -96.0000000000000, 0.00200000000000045, 30.0000000000000 ) );
#2284 = VECTOR( '', #2694, 1000.00000000000 );
#2285 = AXIS2_PLACEMENT_3D( '', #2695, #2696, #2697 );
#2286 = AXIS2_PLACEMENT_3D( '', #2698, #2699, #2700 );
#2287 = COLOUR_RGB( '', 0.686274528503418, 0.768627464771271, 0.866666674613953 );
#2288 = CARTESIAN_POINT( '', ( -50.0000000000000, 243.000000000000, 3.00000000000000 ) );
#2289 = AXIS2_PLACEMENT_3D( '', #2701, #2702, #2703 );
#2290 = CARTESIAN_POINT( '', ( 50.0000000000000, 243.000000000000, 0.000000000000000 ) );
#2291 = AXIS2_PLACEMENT_3D( '', #2704, #2705, #2706 );
#2292 = COLOUR_RGB( '', 0.686274528503418, 0.768627464771271, 0.866666674613953 );
#2293 = CARTESIAN_POINT( '', ( 122.000000000000, 485.998000000000, 0.000000000000000 ) );
#2294 = VECTOR( '', #2707, 1000.00000000000 );
#2295 = CARTESIAN_POINT( '', ( 122.000000000000, 3.00000000000000, 6.00000000000000 ) );
#2296 = CARTESIAN_POINT( '', ( 122.000000000000, 0.000000000000000, 6.00000000000000 ) );
#2297 = VECTOR( '', #2708, 1000.00000000000 );
#2298 = CARTESIAN_POINT( '', ( 122.000000000000, 0.000000000000000, 6.00000000000000 ) );
#2299 = VECTOR( '', #2709, 1000.00000000000 );
#2300 = COLOUR_RGB( '', 0.686274528503418, 0.768627464771271, 0.866666674613953 );
#2301 = CARTESIAN_POINT( '', ( 151.000000000000, 485.998000000000, 36.0000000000000 ) );
#2302 = CARTESIAN_POINT( '', ( 151.000000000000, 0.000000000000000, 36.0000000000000 ) );
#2303 = VECTOR( '', #2710, 1000.00000000000 );
#2304 = CARTESIAN_POINT( '', ( 148.000000000000, 485.998000000000, 33.0000000000000 ) );
#2305 = AXIS2_PLACEMENT_3D( '', #2711, #2712, #2713 );
#2306 = CARTESIAN_POINT( '', ( 148.000000000000, 0.000000000000000, 33.0000000000000 ) );
#2307 = VECTOR( '', #2714, 1000.00000000000 );
#2308 = COLOUR_RGB( '', 0.686274528503418, 0.768627464771271, 0.866666674613953 );
#2309 = CARTESIAN_POINT( '', ( -93.0000000000000, 0.000000000000000, 43.0000000000000 ) );
#2310 = VECTOR( '', #2715, 1000.00000000000 );
#2311 = COLOUR_RGB( '', 0.686274528503418, 0.768627464771271, 0.866666674613953 );
#2312 = CARTESIAN_POINT( '', ( -99.0000000000000, 0.000000000000000, 49.0000000000000 ) );
#2313 = VECTOR( '', #2716, 1000.00000000000 );
#2314 = COLOUR_RGB( '', 0.686274528503418, 0.768627464771271, 0.866666674613953 );
#2315 = AXIS2_PLACEMENT_3D( '', #2717, #2718, #2719 );
#2316 = COLOUR_RGB( '', 0.686274528503418, 0.768627464771271, 0.866666674613953 );
#2317 = CARTESIAN_POINT( '', ( 121.998000000000, -3.00000000000000, 24.0000000000000 ) );
#2318 = CARTESIAN_POINT( '', ( 115.998000000000, -3.00000000000000, 30.0000000000000 ) );
#2319 = AXIS2_PLACEMENT_3D( '', #2720, #2721, #2722 );
#2320 = CARTESIAN_POINT( '', ( 121.998000000000, 1.55434554005984E-015, 24.0000000000000 ) );
#2321 = CARTESIAN_POINT( '', ( 121.998000000000, -3.00000000000000, 24.0000000000000 ) );
#2322 = VECTOR( '', #2723, 1000.00000000000 );
#2323 = CARTESIAN_POINT( '', ( 115.998000000000, 1.92173957980405E-015, 30.0000000000000 ) );
#2324 = AXIS2_PLACEMENT_3D( '', #2724, #2725, #2726 );
#2325 = CARTESIAN_POINT( '', ( 115.998000000000, -3.00000000000000, 30.0000000000000 ) );
#2326 = VECTOR( '', #2727, 1000.00000000000 );
#2327 = COLOUR_RGB( '', 0.686274528503418, 0.768627464771271, 0.866666674613953 );
#2328 = CARTESIAN_POINT( '', ( -122.000000000000, 0.000000000000000, 24.0000000000000 ) );
#2329 = VECTOR( '', #2728, 1000.00000000000 );
#2330 = CARTESIAN_POINT( '', ( -119.000000000000, 0.000000000000000, 27.0000000000000 ) );
#2331 = VECTOR( '', #2729, 1000.00000000000 );
#2332 = COLOUR_RGB( '', 0.686274528503418, 0.768627464771271, 0.866666674613953 );
#2333 = CARTESIAN_POINT( '', ( 125.000000000000, 3.00000000000000, 6.00000000000000 ) );
#2334 = CARTESIAN_POINT( '', ( 125.000000000000, 0.000000000000000, 6.00000000000000 ) );
#2335 = VECTOR( '', #2730, 1000.00000000000 );
#2336 = CARTESIAN_POINT( '', ( 125.000000000000, 485.998000000000, 27.0000000000000 ) );
#2337 = CARTESIAN_POINT( '', ( 125.000000000000, 485.998000000000, 0.000000000000000 ) );
#2338 = VECTOR( '', #2731, 1000.00000000000 );
#2339 = CARTESIAN_POINT( '', ( 125.000000000000, 0.000000000000000, 27.0000000000000 ) );
#2340 = VECTOR( '', #2732, 1000.00000000000 );
#2341 = CARTESIAN_POINT( '', ( 125.000000000000, 0.000000000000000, 6.00000000000000 ) );
#2342 = VECTOR( '', #2733, 1000.00000000000 );
#2343 = COLOUR_RGB( '', 0.686274528503418, 0.768627464771271, 0.866666674613953 );
#2344 = CARTESIAN_POINT( '', ( -118.998000000000, 489.000000000000, 6.00000000000000 ) );
#2345 = VECTOR( '', #2734, 1000.00000000000 );
#2346 = CARTESIAN_POINT( '', ( 119.000000000000, 483.000000000000, 0.000000000000000 ) );
#2347 = VECTOR( '', #2735, 1000.00000000000 );
#2348 = COLOUR_RGB( '', 0.686274528503418, 0.768627464771271, 0.866666674613953 );
#2349 = CARTESIAN_POINT( '', ( -119.000000000000, 0.000000000000000, 3.00000000000000 ) );
#2350 = VECTOR( '', #2736, 1000.00000000000 );
#2351 = CARTESIAN_POINT( '', ( 119.000000000000, 0.000000000000000, 3.00000000000000 ) );
#2352 = VECTOR( '', #2737, 1000.00000000000 );
#2353 = CARTESIAN_POINT( '', ( 118.998000000000, 483.000000000000, 3.00000000000000 ) );
#2354 = VECTOR( '', #2738, 1000.00000000000 );
#2355 = COLOUR_RGB( '', 0.686274528503418, 0.768627464771271, 0.866666674613953 );
#2356 = CARTESIAN_POINT( '', ( -125.000000000000, 0.000000000000000, 24.0000000000000 ) );
#2357 = VECTOR( '', #2739, 1000.00000000000 );
#2358 = COLOUR_RGB( '', 0.686274528503418, 0.768627464771271, 0.866666674613953 );
#2359 = CARTESIAN_POINT( '', ( -121.998000000000, 486.000000000000, 6.00000000000000 ) );
#2360 = CARTESIAN_POINT( '', ( -118.998000000000, 486.000000000000, 6.00000000000000 ) );
#2361 = VECTOR( '', #2740, 1000.00000000000 );
#2362 = CARTESIAN_POINT( '', ( -121.998000000000, 489.000000000000, 6.00000000000000 ) );
#2363 = CARTESIAN_POINT( '', ( -121.998000000000, 489.000000000000, 6.00000000000000 ) );
#2364 = VECTOR( '', #2741, 1000.00000000000 );
#2365 = CARTESIAN_POINT( '', ( -118.998000000000, 489.000000000000, 6.00000000000000 ) );
#2366 = VECTOR( '', #2742, 1000.00000000000 );
#2367 = COLOUR_RGB( '', 0.686274528503418, 0.768627464771271, 0.866666674613953 );
#2368 = CARTESIAN_POINT( '', ( 121.998000000000, 486.000000000000, 6.00000000000000 ) );
#2369 = CARTESIAN_POINT( '', ( 121.998000000000, 486.000000000000, 24.0000000000000 ) );
#2370 = CARTESIAN_POINT( '', ( 121.998000000000, 486.000000000000, 2.86626132804419 ) );
#2371 = VECTOR( '', #2743, 1000.00000000000 );
#2372 = CARTESIAN_POINT( '', ( 121.998000000000, 489.000000000000, 6.00000000000000 ) );
#2373 = CARTESIAN_POINT( '', ( 121.998000000000, 489.000000000000, 6.00000000000000 ) );
#2374 = VECTOR( '', #2744, 1000.00000000000 );
#2375 = CARTESIAN_POINT( '', ( 121.998000000000, 489.000000000000, 24.0000000000000 ) );
#2376 = CARTESIAN_POINT( '', ( 121.998000000000, 489.000000000000, 2.86626132804419 ) );
#2377 = VECTOR( '', #2745, 1000.00000000000 );
#2378 = CARTESIAN_POINT( '', ( 121.998000000000, 489.000000000000, 24.0000000000000 ) );
#2379 = VECTOR( '', #2746, 1000.00000000000 );
#2380 = COLOUR_RGB( '', 0.686274528503418, 0.768627464771271, 0.866666674613953 );
#2381 = CARTESIAN_POINT( '', ( 115.998000000000, 486.000000000000, 30.0000000000000 ) );
#2382 = CARTESIAN_POINT( '', ( -115.998000000000, 486.000000000000, 30.0000000000000 ) );
#2383 = CARTESIAN_POINT( '', ( 118.998000000000, 486.000000000000, 30.0000000000000 ) );
#2384 = VECTOR( '', #2747, 1000.00000000000 );
#2385 = CARTESIAN_POINT( '', ( -121.998000000000, 486.000000000000, 24.0000000000000 ) );
#2386 = AXIS2_PLACEMENT_3D( '', #2748, #2749, #2750 );
#2387 = CARTESIAN_POINT( '', ( -121.998000000000, 486.000000000000, 2.86626132804419 ) );
#2388 = VECTOR( '', #2751, 1000.00000000000 );
#2389 = CARTESIAN_POINT( '', ( -118.998000000000, 486.000000000000, 6.00000000000000 ) );
#2390 = VECTOR( '', #2752, 1000.00000000000 );
#2391 = CARTESIAN_POINT( '', ( -118.998000000000, 486.000000000000, 6.00000000000000 ) );
#2392 = VECTOR( '', #2753, 1000.00000000000 );
#2393 = AXIS2_PLACEMENT_3D( '', #2754, #2755, #2756 );
#2394 = COLOUR_RGB( '', 0.686274528503418, 0.768627464771271, 0.866666674613953 );
#2395 = CARTESIAN_POINT( '', ( -115.998000000000, -3.00000000000000, 30.0000000000000 ) );
#2396 = CARTESIAN_POINT( '', ( 118.998000000000, -3.00000000000000, 30.0000000000000 ) );
#2397 = VECTOR( '', #2757, 1000.00000000000 );
#2398 = CARTESIAN_POINT( '', ( -115.998000000000, 1.92173957980405E-015, 30.0000000000000 ) );
#2399 = CARTESIAN_POINT( '', ( 118.998000000000, 1.92173957980405E-015, 30.0000000000000 ) );
#2400 = VECTOR( '', #2758, 1000.00000000000 );
#2401 = CARTESIAN_POINT( '', ( -115.998000000000, -3.00000000000000, 30.0000000000000 ) );
#2402 = VECTOR( '', #2759, 1000.00000000000 );
#2403 = COLOUR_RGB( '', 0.686274528503418, 0.768627464771271, 0.866666674613953 );
#2404 = CARTESIAN_POINT( '', ( -96.0000000000000, 0.000000000000000, 43.0000000000000 ) );
#2405 = VECTOR( '', #2760, 1000.00000000000 );
#2406 = CARTESIAN_POINT( '', ( -96.0000000000000, 0.000000000000000, 33.0000000000000 ) );
#2407 = VECTOR( '', #2761, 1000.00000000000 );
#2408 = COLOUR_RGB( '', 0.686274528503418, 0.768627464771271, 0.866666674613953 );
#2409 = COLOUR_RGB( '', 0.686274528503418, 0.768627464771271, 0.866666674613953 );
#2410 = CARTESIAN_POINT( '', ( -118.998000000000, 489.000000000000, 6.00000000000000 ) );
#2411 = VECTOR( '', #2762, 1000.00000000000 );
#2412 = CARTESIAN_POINT( '', ( -121.998000000000, 489.000000000000, 24.0000000000000 ) );
#2413 = CARTESIAN_POINT( '', ( -121.998000000000, 489.000000000000, 2.86626132804419 ) );
#2414 = VECTOR( '', #2763, 1000.00000000000 );
#2415 = CARTESIAN_POINT( '', ( -115.998000000000, 489.000000000000, 30.0000000000000 ) );
#2416 = AXIS2_PLACEMENT_3D( '', #2764, #2765, #2766 );
#2417 = CARTESIAN_POINT( '', ( 115.998000000000, 489.000000000000, 30.0000000000000 ) );
#2418 = CARTESIAN_POINT( '', ( 118.998000000000, 489.000000000000, 30.0000000000000 ) );
#2419 = VECTOR( '', #2767, 1000.00000000000 );
#2420 = AXIS2_PLACEMENT_3D( '', #2768, #2769, #2770 );
#2421 = COLOUR_RGB( '', 0.686274528503418, 0.768627464771271, 0.866666674613953 );
#2422 = COLOUR_RGB( '', 0.686274528503418, 0.768627464771271, 0.866666674613953 );
#2423 = COLOUR_RGB( '', 0.686274528503418, 0.768627464771271, 0.866666674613953 );
#2424 = CARTESIAN_POINT( '', ( 115.998000000000, 489.000000000000, 30.0000000000000 ) );
#2425 = VECTOR( '', #2771, 1000.00000000000 );
#2426 = COLOUR_RGB( '', 0.686274528503418, 0.768627464771271, 0.866666674613953 );
#2427 = CARTESIAN_POINT( '', ( 121.998000000000, -3.00000000000000, 6.00000000000000 ) );
#2428 = CARTESIAN_POINT( '', ( 121.998000000000, -3.00000000000000, 2.86626132804419 ) );
#2429 = VECTOR( '', #2772, 1000.00000000000 );
#2430 = CARTESIAN_POINT( '', ( -121.998000000000, -3.00000000000000, 24.0000000000000 ) );
#2431 = AXIS2_PLACEMENT_3D( '', #2773, #2774, #2775 );
#2432 = CARTESIAN_POINT( '', ( -121.998000000000, -3.00000000000000, 6.00000000000000 ) );
#2433 = CARTESIAN_POINT( '', ( -121.998000000000, -3.00000000000000, 2.86626132804419 ) );
#2434 = VECTOR( '', #2776, 1000.00000000000 );
#2435 = CARTESIAN_POINT( '', ( -119.000000000000, -3.00000000000000, 6.00000000000000 ) );
#2436 = CARTESIAN_POINT( '', ( -118.998000000000, -3.00000000000000, 6.00000000000000 ) );
#2437 = VECTOR( '', #2777, 1000.00000000000 );
#2438 = CARTESIAN_POINT( '', ( 119.000000000000, -3.00000000000000, 6.00000000000000 ) );
#2439 = CARTESIAN_POINT( '', ( -118.998000000000, -3.00000000000000, 6.00000000000000 ) );
#2440 = VECTOR( '', #2778, 1000.00000000000 );
#2441 = CARTESIAN_POINT( '', ( -118.998000000000, -3.00000000000000, 6.00000000000000 ) );
#2442 = VECTOR( '', #2779, 1000.00000000000 );
#2443 = COLOUR_RGB( '', 0.686274528503418, 0.768627464771271, 0.866666674613953 );
#2444 = COLOUR_RGB( '', 0.686274528503418, 0.768627464771271, 0.866666674613953 );
#2445 = CARTESIAN_POINT( '', ( -121.998000000000, 489.000000000000, 24.0000000000000 ) );
#2446 = VECTOR( '', #2780, 1000.00000000000 );
#2447 = CARTESIAN_POINT( '', ( -115.998000000000, 489.000000000000, 30.0000000000000 ) );
#2448 = VECTOR( '', #2781, 1000.00000000000 );
#2449 = COLOUR_RGB( '', 0.686274528503418, 0.768627464771271, 0.866666674613953 );
#2450 = CARTESIAN_POINT( '', ( 122.000000000000, 3.00000000000000, 6.00000000000000 ) );
#2451 = VECTOR( '', #2782, 1000.00000000000 );
#2452 = COLOUR_RGB( '', 0.686274528503418, 0.768627464771271, 0.866666674613953 );
#2453 = COLOUR_RGB( '', 0.686274528503418, 0.768627464771271, 0.866666674613953 );
#2454 = CARTESIAN_POINT( '', ( -122.000000000000, 0.000000000000000, 6.00000000000000 ) );
#2455 = VECTOR( '', #2783, 1000.00000000000 );
#2456 = COLOUR_RGB( '', 0.686274528503418, 0.768627464771271, 0.866666674613953 );
#2457 = CARTESIAN_POINT( '', ( 119.000000000000, 3.00000000000000, 0.000000000000000 ) );
#2458 = CARTESIAN_POINT( '', ( 119.000000000000, 3.00000000000000, 0.000000000000000 ) );
#2459 = VECTOR( '', #2784, 1000.00000000000 );
#2460 = AXIS2_PLACEMENT_3D( '', #2785, #2786, #2787 );
#2461 = AXIS2_PLACEMENT_3D( '', #2788, #2789, #2790 );
#2462 = COLOUR_RGB( '', 0.686274528503418, 0.768627464771271, 0.866666674613953 );
#2463 = CARTESIAN_POINT( '', ( 154.000000000000, 485.998000000000, 39.0000000000000 ) );
#2464 = CARTESIAN_POINT( '', ( 154.000000000000, 0.000000000000000, 39.0000000000000 ) );
#2465 = VECTOR( '', #2791, 1000.00000000000 );
#2466 = CARTESIAN_POINT( '', ( 148.000000000000, 485.998000000000, 45.0000000000000 ) );
#2467 = AXIS2_PLACEMENT_3D( '', #2792, #2793, #2794 );
#2468 = CARTESIAN_POINT( '', ( 148.000000000000, 0.000000000000000, 45.0000000000000 ) );
#2469 = VECTOR( '', #2795, 1000.00000000000 );
#2470 = COLOUR_RGB( '', 0.686274528503418, 0.768627464771271, 0.866666674613953 );
#2471 = CARTESIAN_POINT( '', ( 128.000000000000, 485.998000000000, 30.0000000000000 ) );
#2472 = CARTESIAN_POINT( '', ( 128.000000000000, 0.000000000000000, 30.0000000000000 ) );
#2473 = VECTOR( '', #2796, 1000.00000000000 );
#2474 = CARTESIAN_POINT( '', ( 125.000000000000, 485.998000000000, 30.0000000000000 ) );
#2475 = VECTOR( '', #2797, 1000.00000000000 );
#2476 = COLOUR_RGB( '', 0.686274528503418, 0.768627464771271, 0.866666674613953 );
#2477 = CARTESIAN_POINT( '', ( -121.998000000000, 1.55434554005984E-015, 24.0000000000000 ) );
#2478 = CARTESIAN_POINT( '', ( -121.998000000000, -3.00000000000000, 24.0000000000000 ) );
#2479 = VECTOR( '', #2798, 1000.00000000000 );
#2480 = CARTESIAN_POINT( '', ( -121.998000000000, 4.52163420827224E-016, 6.00000000000000 ) );
#2481 = CARTESIAN_POINT( '', ( -121.998000000000, 2.60277269128476E-016, 2.86626132804419 ) );
#2482 = VECTOR( '', #2799, 1000.00000000000 );
#2483 = CARTESIAN_POINT( '', ( -121.998000000000, -3.00000000000000, 6.00000000000000 ) );
#2484 = VECTOR( '', #2800, 1000.00000000000 );
#2485 = COLOUR_RGB( '', 0.686274528503418, 0.768627464771271, 0.866666674613953 );
#2486 = AXIS2_PLACEMENT_3D( '', #2801, #2802, #2803 );
#2487 = COLOUR_RGB( '', 0.686274528503418, 0.768627464771271, 0.866666674613953 );
#2488 = CARTESIAN_POINT( '', ( 154.000000000000, 485.998000000000, 30.0000000000000 ) );
#2489 = VECTOR( '', #2804, 1000.00000000000 );
#2490 = COLOUR_RGB( '', 0.686274528503418, 0.768627464771271, 0.866666674613953 );
#2491 = CARTESIAN_POINT( '', ( 121.998000000000, 8.67361737988404E-016, 6.00000000000000 ) );
#2492 = CARTESIAN_POINT( '', ( 121.998000000000, 2.60277269128476E-016, 2.86626132804419 ) );
#2493 = VECTOR( '', #2805, 1000.00000000000 );
#2494 = CARTESIAN_POINT( '', ( 121.998000000000, -3.00000000000000, 6.00000000000000 ) );
#2495 = VECTOR( '', #2806, 1000.00000000000 );
#2496 = COLOUR_RGB( '', 0.686274528503418, 0.768627464771271, 0.866666674613953 );
#2497 = COLOUR_RGB( '', 0.686274528503418, 0.768627464771271, 0.866666674613953 );
#2498 = CARTESIAN_POINT( '', ( 125.000000000000, 485.998000000000, 33.0000000000000 ) );
#2499 = VECTOR( '', #2807, 1000.00000000000 );
#2500 = COLOUR_RGB( '', 0.686274528503418, 0.768627464771271, 0.866666674613953 );
#2501 = CARTESIAN_POINT( '', ( 119.000000000000, -3.00000000000000, 6.00000000000000 ) );
#2502 = VECTOR( '', #2808, 1000.00000000000 );
#2503 = AXIS2_PLACEMENT_3D( '', #2809, #2810, #2811 );
#2504 = COLOUR_RGB( '', 0.686274528503418, 0.768627464771271, 0.866666674613953 );
#2505 = CARTESIAN_POINT( '', ( -118.998000000000, 8.67361737988404E-016, 6.00000000000000 ) );
#2506 = VECTOR( '', #2812, 1000.00000000000 );
#2507 = CARTESIAN_POINT( '', ( -119.000000000000, 8.67361737988404E-016, 6.00000000000000 ) );
#2508 = VECTOR( '', #2813, 1000.00000000000 );
#2509 = COLOUR_RGB( '', 0.686274528503418, 0.768627464771271, 0.866666674613953 );
#2510 = CARTESIAN_POINT( '', ( -118.998000000000, 8.67361737988404E-016, 6.00000000000000 ) );
#2511 = VECTOR( '', #2814, 1000.00000000000 );
#2512 = COLOUR_RGB( '', 0.686274528503418, 0.768627464771271, 0.866666674613953 );
#2513 = CARTESIAN_POINT( '', ( 143.000000000000, 485.998000000000, 45.0000000000000 ) );
#2514 = CARTESIAN_POINT( '', ( 154.000000000000, 485.998000000000, 45.0000000000000 ) );
#2515 = VECTOR( '', #2815, 1000.00000000000 );
#2516 = CARTESIAN_POINT( '', ( 143.000000000000, 0.000000000000000, 45.0000000000000 ) );
#2517 = VECTOR( '', #2816, 1000.00000000000 );
#2518 = COLOUR_RGB( '', 0.686274528503418, 0.768627464771271, 0.866666674613953 );
#2519 = CARTESIAN_POINT( '', ( 151.000000000000, 485.998000000000, 30.0000000000000 ) );
#2520 = VECTOR( '', #2817, 1000.00000000000 );
#2521 = COLOUR_RGB( '', 0.686274528503418, 0.768627464771271, 0.866666674613953 );
#2522 = CARTESIAN_POINT( '', ( -99.0000000000000, 0.000000000000000, 46.0000000000000 ) );
#2523 = VECTOR( '', #2818, 1000.00000000000 );
#2524 = COLOUR_RGB( '', 0.686274528503418, 0.768627464771271, 0.866666674613953 );
#2525 = AXIS2_PLACEMENT_3D( '', #2819, #2820, #2821 );
#2526 = AXIS2_PLACEMENT_3D( '', #2822, #2823, #2824 );
#2527 = COLOUR_RGB( '', 0.686274528503418, 0.768627464771271, 0.866666674613953 );
#2528 = CARTESIAN_POINT( '', ( 143.000000000000, 485.998000000000, 45.0000000000000 ) );
#2529 = VECTOR( '', #2825, 1000.00000000000 );
#2530 = AXIS2_PLACEMENT_3D( '', #2826, #2827, #2828 );
#2531 = COLOUR_RGB( '', 0.686274528503418, 0.768627464771271, 0.866666674613953 );
#2532 = COLOUR_RGB( '', 0.686274528503418, 0.768627464771271, 0.866666674613953 );
#2533 = AXIS2_PLACEMENT_3D( '', #2829, #2830, #2831 );
#2534 = CARTESIAN_POINT( '', ( 119.000000000000, 3.00000000000000, 0.000000000000000 ) );
#2535 = VECTOR( '', #2832, 1000.00000000000 );
#2536 = COLOUR_RGB( '', 0.686274528503418, 0.768627464771271, 0.866666674613953 );
#2537 = COLOUR_RGB( '', 0.686274528503418, 0.768627464771271, 0.866666674613953 );
#2538 = COLOUR_RGB( '', 0.686274528503418, 0.768627464771271, 0.866666674613953 );
#2539 = CARTESIAN_POINT( '', ( 119.000000000000, 0.000000000000000, 0.000000000000000 ) );
#2540 = VECTOR( '', #2833, 1000.00000000000 );
#2541 = COLOUR_RGB( '', 0.686274528503418, 0.768627464771271, 0.866666674613953 );
#2542 = COLOUR_RGB( '', 0.686274528503418, 0.768627464771271, 0.866666674613953 );
#2543 = COLOUR_RGB( '', 0.686274528503418, 0.768627464771271, 0.866666674613953 );
#2544 = COLOUR_RGB( '', 0.686274528503418, 0.768627464771271, 0.866666674613953 );
#2545 = COLOUR_RGB( '', 0.686274528503418, 0.768627464771271, 0.866666674613953 );
#2546 = COLOUR_RGB( '', 0.686274528503418, 0.768627464771271, 0.866666674613953 );
#2547 = COLOUR_RGB( '', 0.686274528503418, 0.768627464771271, 0.866666674613953 );
#2548 = DIRECTION( '', ( 0.000000000000000, 0.000000000000000, -1.00000000000000 ) );
#2549 = CARTESIAN_POINT( '', ( 119.000000000000, 483.000000000000, 6.00000000000000 ) );
#2550 = DIRECTION( '', ( -1.00000000000000, 0.000000000000000, 0.000000000000000 ) );
#2551 = DIRECTION( '', ( 0.000000000000000, 0.000000000000000, -1.00000000000000 ) );
#2552 = DIRECTION( '', ( 0.000000000000000, 1.00000000000000, 2.89120579329468E-016 ) );
#2553 = CARTESIAN_POINT( '', ( 119.000000000000, 483.000000000000, 6.00000000000000 ) );
#2554 = DIRECTION( '', ( -1.00000000000000, 0.000000000000000, 0.000000000000000 ) );
#2555 = DIRECTION( '', ( 0.000000000000000, 0.000000000000000, -1.00000000000000 ) );
#2556 = DIRECTION( '', ( 0.000000000000000, 1.00000000000000, 0.000000000000000 ) );
#2557 = CARTESIAN_POINT( '', ( -119.000000000000, 3.00000000000000, 6.00000000000000 ) );
#2558 = DIRECTION( '', ( 0.000000000000000, -1.00000000000000, 0.000000000000000 ) );
#2559 = DIRECTION( '', ( 0.000000000000000, 0.000000000000000, -1.00000000000000 ) );
#2560 = DIRECTION( '', ( 0.000000000000000, 1.00000000000000, 0.000000000000000 ) );
#2561 = CARTESIAN_POINT( '', ( -119.000000000000, 483.000000000000, 6.00000000000000 ) );
#2562 = DIRECTION( '', ( 0.000000000000000, -1.00000000000000, 0.000000000000000 ) );
#2563 = DIRECTION( '', ( 0.000000000000000, 0.000000000000000, -1.00000000000000 ) );
#2564 = DIRECTION( '', ( 0.000000000000000, -1.00000000000000, 0.000000000000000 ) );
#2565 = DIRECTION( '', ( 1.00000000000000, 0.000000000000000, 0.000000000000000 ) );
#2566 = DIRECTION( '', ( 0.000000000000000, -1.00000000000000, 0.000000000000000 ) );
#2567 = DIRECTION( '', ( 1.00000000000000, 0.000000000000000, 0.000000000000000 ) );
#2568 = DIRECTION( '', ( 0.000000000000000, 1.00000000000000, 0.000000000000000 ) );
#2569 = CARTESIAN_POINT( '', ( 148.000000000000, 485.998000000000, 39.0000000000000 ) );
#2570 = DIRECTION( '', ( 0.000000000000000, 1.00000000000000, 0.000000000000000 ) );
#2571 = DIRECTION( '', ( 0.000000000000000, 0.000000000000000, 1.00000000000000 ) );
#2572 = DIRECTION( '', ( 0.000000000000000, 1.00000000000000, 0.000000000000000 ) );
#2573 = CARTESIAN_POINT( '', ( 148.000000000000, 0.00200000000000174, 39.0000000000000 ) );
#2574 = DIRECTION( '', ( 0.000000000000000, 1.00000000000000, 0.000000000000000 ) );
#2575 = DIRECTION( '', ( 0.000000000000000, 0.000000000000000, 1.00000000000000 ) );
#2576 = DIRECTION( '', ( 0.000000000000000, 1.00000000000000, 0.000000000000000 ) );
#2577 = DIRECTION( '', ( 1.00000000000000, 0.000000000000000, 0.000000000000000 ) );
#2578 = DIRECTION( '', ( 0.000000000000000, 1.00000000000000, 0.000000000000000 ) );
#2579 = DIRECTION( '', ( 1.00000000000000, 0.000000000000000, 0.000000000000000 ) );
#2580 = DIRECTION( '', ( 0.000000000000000, 1.00000000000000, 0.000000000000000 ) );
#2581 = DIRECTION( '', ( 1.00000000000000, 0.000000000000000, 0.000000000000000 ) );
#2582 = DIRECTION( '', ( 0.000000000000000, 1.00000000000000, 0.000000000000000 ) );
#2583 = DIRECTION( '', ( 1.00000000000000, 0.000000000000000, 0.000000000000000 ) );
#2584 = DIRECTION( '', ( 0.000000000000000, 0.000000000000000, -1.00000000000000 ) );
#2585 = CARTESIAN_POINT( '', ( -119.000000000000, 483.000000000000, 6.00000000000000 ) );
#2586 = DIRECTION( '', ( 1.00000000000000, 0.000000000000000, -0.000000000000000 ) );
#2587 = DIRECTION( '', ( 0.000000000000000, 0.000000000000000, 1.00000000000000 ) );
#2588 = DIRECTION( '', ( 0.000000000000000, 1.00000000000000, 2.89120579329468E-016 ) );
#2589 = CARTESIAN_POINT( '', ( -119.000000000000, 483.000000000000, 6.00000000000000 ) );
#2590 = DIRECTION( '', ( 1.00000000000000, 0.000000000000000, -0.000000000000000 ) );
#2591 = DIRECTION( '', ( 0.000000000000000, 0.000000000000000, 1.00000000000000 ) );
#2592 = CARTESIAN_POINT( '', ( -119.000000000000, 3.00000000000000, 6.00000000000000 ) );
#2593 = DIRECTION( '', ( -1.00000000000000, 0.000000000000000, 0.000000000000000 ) );
#2594 = DIRECTION( '', ( 0.000000000000000, 0.000000000000000, 1.00000000000000 ) );
#2595 = DIRECTION( '', ( 1.00000000000000, 0.000000000000000, 0.000000000000000 ) );
#2596 = CARTESIAN_POINT( '', ( 119.000000000000, 3.00000000000000, 6.00000000000000 ) );
#2597 = DIRECTION( '', ( 1.00000000000000, 0.000000000000000, 0.000000000000000 ) );
#2598 = DIRECTION( '', ( 0.000000000000000, 0.000000000000000, -1.00000000000000 ) );
#2599 = DIRECTION( '', ( -1.00000000000000, 0.000000000000000, 0.000000000000000 ) );
#2600 = DIRECTION( '', ( 0.000000000000000, 0.000000000000000, -1.00000000000000 ) );
#2601 = CARTESIAN_POINT( '', ( -119.000000000000, 3.00000000000000, 6.00000000000000 ) );
#2602 = DIRECTION( '', ( 0.000000000000000, -1.00000000000000, 0.000000000000000 ) );
#2603 = DIRECTION( '', ( 0.000000000000000, 0.000000000000000, -1.00000000000000 ) );
#2604 = DIRECTION( '', ( 0.000000000000000, 0.000000000000000, 1.00000000000000 ) );
#2605 = CARTESIAN_POINT( '', ( -119.000000000000, 485.998000000000, 24.0000000000000 ) );
#2606 = DIRECTION( '', ( 0.000000000000000, -1.00000000000000, 0.000000000000000 ) );
#2607 = DIRECTION( '', ( 0.000000000000000, 0.000000000000000, -1.00000000000000 ) );
#2608 = CARTESIAN_POINT( '', ( -99.0000000000000, 485.998000000000, 33.0000000000000 ) );
#2609 = DIRECTION( '', ( 0.000000000000000, 1.00000000000000, 0.000000000000000 ) );
#2610 = DIRECTION( '', ( 0.000000000000000, 0.000000000000000, 1.00000000000000 ) );
#2611 = DIRECTION( '', ( 0.000000000000000, 0.000000000000000, 1.00000000000000 ) );
#2612 = CARTESIAN_POINT( '', ( -99.0000000000000, 485.998000000000, 43.0000000000000 ) );
#2613 = DIRECTION( '', ( 0.000000000000000, 1.00000000000000, 0.000000000000000 ) );
#2614 = DIRECTION( '', ( 0.000000000000000, 0.000000000000000, 1.00000000000000 ) );
#2615 = DIRECTION( '', ( -1.00000000000000, 0.000000000000000, 0.000000000000000 ) );
#2616 = DIRECTION( '', ( 0.000000000000000, 0.000000000000000, 1.00000000000000 ) );
#2617 = DIRECTION( '', ( -1.00000000000000, 0.000000000000000, 0.000000000000000 ) );
#2618 = CARTESIAN_POINT( '', ( -99.0000000000000, 485.998000000000, 43.0000000000000 ) );
#2619 = DIRECTION( '', ( 0.000000000000000, 1.00000000000000, 0.000000000000000 ) );
#2620 = DIRECTION( '', ( 0.000000000000000, 0.000000000000000, 1.00000000000000 ) );
#2621 = DIRECTION( '', ( 0.000000000000000, 0.000000000000000, 1.00000000000000 ) );
#2622 = CARTESIAN_POINT( '', ( -99.0000000000000, 485.998000000000, 33.0000000000000 ) );
#2623 = DIRECTION( '', ( 0.000000000000000, 1.00000000000000, 0.000000000000000 ) );
#2624 = DIRECTION( '', ( 0.000000000000000, 0.000000000000000, 1.00000000000000 ) );
#2625 = DIRECTION( '', ( 1.00000000000000, 0.000000000000000, 0.000000000000000 ) );
#2626 = CARTESIAN_POINT( '', ( -119.000000000000, 485.998000000000, 24.0000000000000 ) );
#2627 = DIRECTION( '', ( 0.000000000000000, 1.00000000000000, 0.000000000000000 ) );
#2628 = DIRECTION( '', ( 0.000000000000000, 0.000000000000000, 1.00000000000000 ) );
#2629 = DIRECTION( '', ( 0.000000000000000, 0.000000000000000, 1.00000000000000 ) );
#2630 = DIRECTION( '', ( 0.000000000000000, 1.00000000000000, 0.000000000000000 ) );
#2631 = CARTESIAN_POINT( '', ( 148.000000000000, 485.998000000000, 36.0000000000000 ) );
#2632 = DIRECTION( '', ( 0.000000000000000, -1.00000000000000, 0.000000000000000 ) );
#2633 = DIRECTION( '', ( 0.000000000000000, 0.000000000000000, -1.00000000000000 ) );
#2634 = DIRECTION( '', ( 0.000000000000000, 1.00000000000000, 0.000000000000000 ) );
#2635 = CARTESIAN_POINT( '', ( 148.000000000000, 0.00200000000000174, 36.0000000000000 ) );
#2636 = DIRECTION( '', ( 0.000000000000000, -1.00000000000000, 0.000000000000000 ) );
#2637 = DIRECTION( '', ( 0.000000000000000, 0.000000000000000, -1.00000000000000 ) );
#2638 = DIRECTION( '', ( 0.000000000000000, 1.00000000000000, 0.000000000000000 ) );
#2639 = DIRECTION( '', ( 0.000000000000000, 1.00000000000000, 0.000000000000000 ) );
#2640 = DIRECTION( '', ( 0.000000000000000, 0.000000000000000, 1.00000000000000 ) );
#2641 = DIRECTION( '', ( -1.00000000000000, 0.000000000000000, 0.000000000000000 ) );
#2642 = DIRECTION( '', ( 0.000000000000000, 0.000000000000000, -1.00000000000000 ) );
#2643 = CARTESIAN_POINT( '', ( 128.000000000000, 0.00200000000000174, 27.0000000000000 ) );
#2644 = DIRECTION( '', ( 0.000000000000000, 1.00000000000000, 0.000000000000000 ) );
#2645 = DIRECTION( '', ( 0.000000000000000, 0.000000000000000, 1.00000000000000 ) );
#2646 = DIRECTION( '', ( -1.00000000000000, 0.000000000000000, 0.000000000000000 ) );
#2647 = DIRECTION( '', ( 0.000000000000000, 0.000000000000000, -1.00000000000000 ) );
#2648 = CARTESIAN_POINT( '', ( 148.000000000000, 0.00200000000000174, 39.0000000000000 ) );
#2649 = DIRECTION( '', ( 0.000000000000000, -1.00000000000000, 0.000000000000000 ) );
#2650 = DIRECTION( '', ( 0.000000000000000, 0.000000000000000, -1.00000000000000 ) );
#2651 = DIRECTION( '', ( 1.00000000000000, 0.000000000000000, 0.000000000000000 ) );
#2652 = DIRECTION( '', ( 0.000000000000000, 0.000000000000000, -1.00000000000000 ) );
#2653 = DIRECTION( '', ( 1.00000000000000, 0.000000000000000, 0.000000000000000 ) );
#2654 = DIRECTION( '', ( 0.000000000000000, 0.000000000000000, -1.00000000000000 ) );
#2655 = CARTESIAN_POINT( '', ( 148.000000000000, 0.00200000000000174, 36.0000000000000 ) );
#2656 = DIRECTION( '', ( 0.000000000000000, 1.00000000000000, 0.000000000000000 ) );
#2657 = DIRECTION( '', ( 0.000000000000000, 0.000000000000000, 1.00000000000000 ) );
#2658 = DIRECTION( '', ( -1.00000000000000, 0.000000000000000, 0.000000000000000 ) );
#2659 = CARTESIAN_POINT( '', ( 128.000000000000, 0.00200000000000174, 27.0000000000000 ) );
#2660 = DIRECTION( '', ( 0.000000000000000, 1.00000000000000, 0.000000000000000 ) );
#2661 = DIRECTION( '', ( 0.000000000000000, 0.000000000000000, 1.00000000000000 ) );
#2662 = DIRECTION( '', ( 0.000000000000000, 0.000000000000000, -1.00000000000000 ) );
#2663 = DIRECTION( '', ( 0.000000000000000, 1.00000000000000, 0.000000000000000 ) );
#2664 = DIRECTION( '', ( 0.000000000000000, 1.00000000000000, 0.000000000000000 ) );
#2665 = CARTESIAN_POINT( '', ( -99.0000000000000, 0.00200000000000045, 33.0000000000000 ) );
#2666 = DIRECTION( '', ( 0.000000000000000, 1.00000000000000, 0.000000000000000 ) );
#2667 = DIRECTION( '', ( 0.000000000000000, 0.000000000000000, 1.00000000000000 ) );
#2668 = DIRECTION( '', ( 0.000000000000000, 1.00000000000000, 0.000000000000000 ) );
#2669 = CARTESIAN_POINT( '', ( 128.000000000000, 485.998000000000, 27.0000000000000 ) );
#2670 = DIRECTION( '', ( 0.000000000000000, 1.00000000000000, 0.000000000000000 ) );
#2671 = DIRECTION( '', ( 0.000000000000000, 0.000000000000000, 1.00000000000000 ) );
#2672 = DIRECTION( '', ( 0.000000000000000, 1.00000000000000, 0.000000000000000 ) );
#2673 = DIRECTION( '', ( 0.000000000000000, 1.00000000000000, 0.000000000000000 ) );
#2674 = DIRECTION( '', ( 1.00000000000000, 0.000000000000000, 0.000000000000000 ) );
#2675 = DIRECTION( '', ( -1.00000000000000, 0.000000000000000, 0.000000000000000 ) );
#2676 = DIRECTION( '', ( 0.000000000000000, -1.00000000000000, 0.000000000000000 ) );
#2677 = DIRECTION( '', ( -1.00000000000000, 0.000000000000000, 0.000000000000000 ) );
#2678 = DIRECTION( '', ( 0.000000000000000, -1.00000000000000, 0.000000000000000 ) );
#2679 = DIRECTION( '', ( 0.000000000000000, 0.000000000000000, 1.00000000000000 ) );
#2680 = DIRECTION( '', ( 0.000000000000000, 0.000000000000000, 1.00000000000000 ) );
#2681 = CARTESIAN_POINT( '', ( -119.000000000000, 0.00200000000000045, 24.0000000000000 ) );
#2682 = DIRECTION( '', ( 0.000000000000000, 1.00000000000000, 0.000000000000000 ) );
#2683 = DIRECTION( '', ( 0.000000000000000, 0.000000000000000, 1.00000000000000 ) );
#2684 = DIRECTION( '', ( 1.00000000000000, 0.000000000000000, 0.000000000000000 ) );
#2685 = DIRECTION( '', ( 0.000000000000000, 0.000000000000000, 1.00000000000000 ) );
#2686 = CARTESIAN_POINT( '', ( -99.0000000000000, 0.00200000000000045, 43.0000000000000 ) );
#2687 = DIRECTION( '', ( 0.000000000000000, 1.00000000000000, 0.000000000000000 ) );
#2688 = DIRECTION( '', ( 0.000000000000000, 0.000000000000000, 1.00000000000000 ) );
#2689 = DIRECTION( '', ( -1.00000000000000, 0.000000000000000, 0.000000000000000 ) );
#2690 = DIRECTION( '', ( -1.00000000000000, 0.000000000000000, 0.000000000000000 ) );
#2691 = CARTESIAN_POINT( '', ( -99.0000000000000, 0.00200000000000045, 43.0000000000000 ) );
#2692 = DIRECTION( '', ( 0.000000000000000, 1.00000000000000, 0.000000000000000 ) );
#2693 = DIRECTION( '', ( 0.000000000000000, 0.000000000000000, 1.00000000000000 ) );
#2694 = DIRECTION( '', ( 0.000000000000000, 0.000000000000000, 1.00000000000000 ) );
#2695 = CARTESIAN_POINT( '', ( -99.0000000000000, 0.00200000000000045, 33.0000000000000 ) );
#2696 = DIRECTION( '', ( 0.000000000000000, 1.00000000000000, 0.000000000000000 ) );
#2697 = DIRECTION( '', ( 0.000000000000000, 0.000000000000000, 1.00000000000000 ) );
#2698 = CARTESIAN_POINT( '', ( -119.000000000000, 0.00200000000000045, 24.0000000000000 ) );
#2699 = DIRECTION( '', ( 0.000000000000000, -1.00000000000000, 0.000000000000000 ) );
#2700 = DIRECTION( '', ( 0.000000000000000, 0.000000000000000, -1.00000000000000 ) );
#2701 = CARTESIAN_POINT( '', ( 3.63720099346764E-014, 243.000000000000, 3.00000000000000 ) );
#2702 = DIRECTION( '', ( 0.000000000000000, 0.000000000000000, -1.00000000000000 ) );
#2703 = DIRECTION( '', ( -1.00000000000000, 0.000000000000000, 0.000000000000000 ) );
#2704 = CARTESIAN_POINT( '', ( 3.63720099346764E-014, 243.000000000000, 0.000000000000000 ) );
#2705 = DIRECTION( '', ( 0.000000000000000, 0.000000000000000, 1.00000000000000 ) );
#2706 = DIRECTION( '', ( 1.00000000000000, 0.000000000000000, 0.000000000000000 ) );
#2707 = DIRECTION( '', ( 0.000000000000000, 0.000000000000000, -1.00000000000000 ) );
#2708 = DIRECTION( '', ( 0.000000000000000, 1.00000000000000, 0.000000000000000 ) );
#2709 = DIRECTION( '', ( 0.000000000000000, 1.00000000000000, 0.000000000000000 ) );
#2710 = DIRECTION( '', ( 0.000000000000000, 1.00000000000000, 0.000000000000000 ) );
#2711 = CARTESIAN_POINT( '', ( 148.000000000000, 485.998000000000, 36.0000000000000 ) );
#2712 = DIRECTION( '', ( 0.000000000000000, 1.00000000000000, 0.000000000000000 ) );
#2713 = DIRECTION( '', ( 0.000000000000000, 0.000000000000000, 1.00000000000000 ) );
#2714 = DIRECTION( '', ( 0.000000000000000, 1.00000000000000, 0.000000000000000 ) );
#2715 = DIRECTION( '', ( 0.000000000000000, 1.00000000000000, 0.000000000000000 ) );
#2716 = DIRECTION( '', ( 0.000000000000000, 1.00000000000000, 0.000000000000000 ) );
#2717 = CARTESIAN_POINT( '', ( -119.000000000000, 483.000000000000, 6.00000000000000 ) );
#2718 = DIRECTION( '', ( 0.000000000000000, -1.00000000000000, 0.000000000000000 ) );
#2719 = DIRECTION( '', ( 0.000000000000000, 0.000000000000000, -1.00000000000000 ) );
#2720 = CARTESIAN_POINT( '', ( 115.998000000000, -3.00000000000000, 24.0000000000000 ) );
#2721 = DIRECTION( '', ( 0.000000000000000, -1.00000000000000, 6.12323399573677E-017 ) );
#2722 = DIRECTION( '', ( 0.000000000000000, -6.12323399573677E-017, -1.00000000000000 ) );
#2723 = DIRECTION( '', ( 0.000000000000000, 1.00000000000000, -6.12323399573676E-017 ) );
#2724 = CARTESIAN_POINT( '', ( 115.998000000000, 1.73472347597680E-015, 24.0000000000000 ) );
#2725 = DIRECTION( '', ( 0.000000000000000, -1.00000000000000, 6.12323399573677E-017 ) );
#2726 = DIRECTION( '', ( 0.000000000000000, -6.12323399573677E-017, -1.00000000000000 ) );
#2727 = DIRECTION( '', ( 0.000000000000000, 1.00000000000000, -6.12323399573676E-017 ) );
#2728 = DIRECTION( '', ( 0.000000000000000, 1.00000000000000, 0.000000000000000 ) );
#2729 = DIRECTION( '', ( 0.000000000000000, 1.00000000000000, 0.000000000000000 ) );
#2730 = DIRECTION( '', ( 0.000000000000000, 1.00000000000000, 0.000000000000000 ) );
#2731 = DIRECTION( '', ( 0.000000000000000, 0.000000000000000, -1.00000000000000 ) );
#2732 = DIRECTION( '', ( 0.000000000000000, 1.00000000000000, 0.000000000000000 ) );
#2733 = DIRECTION( '', ( 0.000000000000000, 1.00000000000000, 0.000000000000000 ) );
#2734 = DIRECTION( '', ( 1.00000000000000, 0.000000000000000, 0.000000000000000 ) );
#2735 = DIRECTION( '', ( 1.00000000000000, 0.000000000000000, 0.000000000000000 ) );
#2736 = DIRECTION( '', ( 0.000000000000000, 1.00000000000000, 0.000000000000000 ) );
#2737 = DIRECTION( '', ( 0.000000000000000, 1.00000000000000, 0.000000000000000 ) );
#2738 = DIRECTION( '', ( -1.00000000000000, 0.000000000000000, 0.000000000000000 ) );
#2739 = DIRECTION( '', ( 0.000000000000000, 1.00000000000000, 0.000000000000000 ) );
#2740 = DIRECTION( '', ( 1.00000000000000, 0.000000000000000, 0.000000000000000 ) );
#2741 = DIRECTION( '', ( 0.000000000000000, -1.00000000000000, -2.89120579329468E-016 ) );
#2742 = DIRECTION( '', ( 1.00000000000000, 0.000000000000000, 0.000000000000000 ) );
#2743 = DIRECTION( '', ( 0.000000000000000, -6.12323399573677E-017, 1.00000000000000 ) );
#2744 = DIRECTION( '', ( 0.000000000000000, -1.00000000000000, 2.89120579329468E-016 ) );
#2745 = DIRECTION( '', ( 0.000000000000000, -6.12323399573677E-017, 1.00000000000000 ) );
#2746 = DIRECTION( '', ( 0.000000000000000, -1.00000000000000, -6.12323399573676E-017 ) );
#2747 = DIRECTION( '', ( -1.00000000000000, 0.000000000000000, 0.000000000000000 ) );
#2748 = CARTESIAN_POINT( '', ( -115.998000000000, 486.000000000000, 24.0000000000000 ) );
#2749 = DIRECTION( '', ( 0.000000000000000, -1.00000000000000, -6.12323399573677E-017 ) );
#2750 = DIRECTION( '', ( 0.000000000000000, 6.12323399573677E-017, -1.00000000000000 ) );
#2751 = DIRECTION( '', ( 0.000000000000000, 6.12323399573677E-017, -1.00000000000000 ) );
#2752 = DIRECTION( '', ( 1.00000000000000, 0.000000000000000, 0.000000000000000 ) );
#2753 = DIRECTION( '', ( 1.00000000000000, 0.000000000000000, 0.000000000000000 ) );
#2754 = CARTESIAN_POINT( '', ( 115.998000000000, 486.000000000000, 24.0000000000000 ) );
#2755 = DIRECTION( '', ( 0.000000000000000, -1.00000000000000, -6.12323399573677E-017 ) );
#2756 = DIRECTION( '', ( 0.000000000000000, 6.12323399573677E-017, -1.00000000000000 ) );
#2757 = DIRECTION( '', ( -1.00000000000000, 0.000000000000000, 0.000000000000000 ) );
#2758 = DIRECTION( '', ( -1.00000000000000, 0.000000000000000, 0.000000000000000 ) );
#2759 = DIRECTION( '', ( 0.000000000000000, 1.00000000000000, -6.12323399573676E-017 ) );
#2760 = DIRECTION( '', ( 0.000000000000000, 1.00000000000000, 0.000000000000000 ) );
#2761 = DIRECTION( '', ( 0.000000000000000, 1.00000000000000, 0.000000000000000 ) );
#2762 = DIRECTION( '', ( 1.00000000000000, 0.000000000000000, 0.000000000000000 ) );
#2763 = DIRECTION( '', ( 0.000000000000000, 6.12323399573677E-017, -1.00000000000000 ) );
#2764 = CARTESIAN_POINT( '', ( -115.998000000000, 489.000000000000, 24.0000000000000 ) );
#2765 = DIRECTION( '', ( 0.000000000000000, -1.00000000000000, -6.12323399573677E-017 ) );
#2766 = DIRECTION( '', ( 0.000000000000000, 6.12323399573677E-017, -1.00000000000000 ) );
#2767 = DIRECTION( '', ( -1.00000000000000, 0.000000000000000, 0.000000000000000 ) );
#2768 = CARTESIAN_POINT( '', ( 115.998000000000, 489.000000000000, 24.0000000000000 ) );
#2769 = DIRECTION( '', ( 0.000000000000000, -1.00000000000000, -6.12323399573677E-017 ) );
#2770 = DIRECTION( '', ( 0.000000000000000, 6.12323399573677E-017, -1.00000000000000 ) );
#2771 = DIRECTION( '', ( 0.000000000000000, -1.00000000000000, -6.12323399573676E-017 ) );
#2772 = DIRECTION( '', ( 0.000000000000000, 6.12323399573677E-017, 1.00000000000000 ) );
#2773 = CARTESIAN_POINT( '', ( -115.998000000000, -3.00000000000000, 24.0000000000000 ) );
#2774 = DIRECTION( '', ( 0.000000000000000, -1.00000000000000, 6.12323399573677E-017 ) );
#2775 = DIRECTION( '', ( 0.000000000000000, -6.12323399573677E-017, -1.00000000000000 ) );
#2776 = DIRECTION( '', ( 0.000000000000000, -6.12323399573677E-017, -1.00000000000000 ) );
#2777 = DIRECTION( '', ( 1.00000000000000, 0.000000000000000, 0.000000000000000 ) );
#2778 = DIRECTION( '', ( 1.00000000000000, 0.000000000000000, 0.000000000000000 ) );
#2779 = DIRECTION( '', ( 1.00000000000000, 0.000000000000000, 0.000000000000000 ) );
#2780 = DIRECTION( '', ( 0.000000000000000, -1.00000000000000, -6.12323399573676E-017 ) );
#2781 = DIRECTION( '', ( 0.000000000000000, -1.00000000000000, -6.12323399573676E-017 ) );
#2782 = DIRECTION( '', ( -1.00000000000000, 0.000000000000000, 0.000000000000000 ) );
#2783 = DIRECTION( '', ( 0.000000000000000, 1.00000000000000, 0.000000000000000 ) );
#2784 = DIRECTION( '', ( 0.000000000000000, 0.000000000000000, -1.00000000000000 ) );
#2785 = CARTESIAN_POINT( '', ( 119.000000000000, 3.00000000000000, 6.00000000000000 ) );
#2786 = DIRECTION( '', ( 0.000000000000000, -1.00000000000000, 0.000000000000000 ) );
#2787 = DIRECTION( '', ( 0.000000000000000, 0.000000000000000, -1.00000000000000 ) );
#2788 = CARTESIAN_POINT( '', ( 119.000000000000, 3.00000000000000, 6.00000000000000 ) );
#2789 = DIRECTION( '', ( 0.000000000000000, -1.00000000000000, 0.000000000000000 ) );
#2790 = DIRECTION( '', ( 0.000000000000000, 0.000000000000000, -1.00000000000000 ) );
#2791 = DIRECTION( '', ( 0.000000000000000, 1.00000000000000, 0.000000000000000 ) );
#2792 = CARTESIAN_POINT( '', ( 148.000000000000, 485.998000000000, 39.0000000000000 ) );
#2793 = DIRECTION( '', ( 0.000000000000000, -1.00000000000000, 0.000000000000000 ) );
#2794 = DIRECTION( '', ( 0.000000000000000, 0.000000000000000, -1.00000000000000 ) );
#2795 = DIRECTION( '', ( 0.000000000000000, 1.00000000000000, 0.000000000000000 ) );
#2796 = DIRECTION( '', ( 0.000000000000000, 1.00000000000000, 0.000000000000000 ) );
#2797 = DIRECTION( '', ( -1.00000000000000, 0.000000000000000, 0.000000000000000 ) );
#2798 = DIRECTION( '', ( 0.000000000000000, 1.00000000000000, -6.12323399573676E-017 ) );
#2799 = DIRECTION( '', ( 0.000000000000000, -6.12323399573677E-017, -1.00000000000000 ) );
#2800 = DIRECTION( '', ( 0.000000000000000, 1.00000000000000, -2.89120579329468E-016 ) );
#2801 = CARTESIAN_POINT( '', ( -115.998000000000, 1.73472347597680E-015, 24.0000000000000 ) );
#2802 = DIRECTION( '', ( 0.000000000000000, -1.00000000000000, 6.12323399573677E-017 ) );
#2803 = DIRECTION( '', ( 0.000000000000000, -6.12323399573677E-017, -1.00000000000000 ) );
#2804 = DIRECTION( '', ( 0.000000000000000, 0.000000000000000, -1.00000000000000 ) );
#2805 = DIRECTION( '', ( 0.000000000000000, 6.12323399573677E-017, 1.00000000000000 ) );
#2806 = DIRECTION( '', ( 0.000000000000000, 1.00000000000000, 2.89120579329468E-016 ) );
#2807 = DIRECTION( '', ( -1.00000000000000, 0.000000000000000, 0.000000000000000 ) );
#2808 = DIRECTION( '', ( 0.000000000000000, -1.00000000000000, 2.89120579329468E-016 ) );
#2809 = CARTESIAN_POINT( '', ( 119.000000000000, 3.00000000000000, 6.00000000000000 ) );
#2810 = DIRECTION( '', ( 1.00000000000000, 0.000000000000000, 0.000000000000000 ) );
#2811 = DIRECTION( '', ( 0.000000000000000, 0.000000000000000, -1.00000000000000 ) );
#2812 = DIRECTION( '', ( 1.00000000000000, 0.000000000000000, 0.000000000000000 ) );
#2813 = DIRECTION( '', ( 0.000000000000000, -1.00000000000000, 2.89120579329468E-016 ) );
#2814 = DIRECTION( '', ( 1.00000000000000, 0.000000000000000, 0.000000000000000 ) );
#2815 = DIRECTION( '', ( 1.00000000000000, 0.000000000000000, 0.000000000000000 ) );
#2816 = DIRECTION( '', ( 0.000000000000000, 1.00000000000000, 0.000000000000000 ) );
#2817 = DIRECTION( '', ( 0.000000000000000, 0.000000000000000, -1.00000000000000 ) );
#2818 = DIRECTION( '', ( 0.000000000000000, 1.00000000000000, 0.000000000000000 ) );
#2819 = CARTESIAN_POINT( '', ( 119.000000000000, 483.000000000000, 6.00000000000000 ) );
#2820 = DIRECTION( '', ( 0.000000000000000, -1.00000000000000, 0.000000000000000 ) );
#2821 = DIRECTION( '', ( 0.000000000000000, 0.000000000000000, -1.00000000000000 ) );
#2822 = CARTESIAN_POINT( '', ( 119.000000000000, 483.000000000000, 6.00000000000000 ) );
#2823 = DIRECTION( '', ( 0.000000000000000, -1.00000000000000, 0.000000000000000 ) );
#2824 = DIRECTION( '', ( 0.000000000000000, 0.000000000000000, -1.00000000000000 ) );
#2825 = DIRECTION( '', ( 0.000000000000000, 0.000000000000000, -1.00000000000000 ) );
#2826 = CARTESIAN_POINT( '', ( 128.000000000000, 485.998000000000, 27.0000000000000 ) );
#2827 = DIRECTION( '', ( 0.000000000000000, 1.00000000000000, 0.000000000000000 ) );
#2828 = DIRECTION( '', ( 0.000000000000000, 0.000000000000000, 1.00000000000000 ) );
#2829 = CARTESIAN_POINT( '', ( -119.000000000000, 3.00000000000000, 6.00000000000000 ) );
#2830 = DIRECTION( '', ( -1.00000000000000, 0.000000000000000, 0.000000000000000 ) );
#2831 = DIRECTION( '', ( 0.000000000000000, 0.000000000000000, 1.00000000000000 ) );
#2832 = DIRECTION( '', ( 1.00000000000000, 0.000000000000000, 0.000000000000000 ) );
#2833 = DIRECTION( '', ( 0.000000000000000, 1.00000000000000, 0.000000000000000 ) );
ENDSEC;
END-ISO-10303-21;
